,restaurant_id,original_name,original_address,matched_name,google_id,matched_address,latitude,longitude,day,hour,busyness_score,typical_time_spent,rating,reviews,weekday,demand_month,taxi_zone_id,taxi_zone_name,estimated_area_sqft,capacity,turnover_rate,takeaway_ratio,eat_in_ratio,dropoff_count
0,40364347,METROPOLITAN CLUB,"1 EAST   60 STREET, MANHATTAN, NY 10022",Metropolitan Club,0x89c258f023b8b8d9:0x3c50d37e5c56f446,,40.7646941,-73.9718947,7,4,24,,4.7,362,6,6,237,Upper East Side South,2508.15,150.489,1.2,0.2,0.8,96
1,40364389,OLD TOWN BAR,"45 EAST   18 STREET, MANHATTAN, NY 10003",Old Town Bar,0x89c259a22241efc3:0x47fed87e18b07624,,40.7376111,-73.9891583,7,6,0,People typically spend 1-2.5 hours here,4.4,1815,6,6,234,Union Sq,2216.0,132.96,1.2,0.2,0.8,50
2,40364439,SEVILLA,"62 CHARLES STREET, MANHATTAN, NY 10014",Sevilla,0x89c259945b9f1da7:0x244dab1374bbef81,,40.7348417,-74.00300829999999,7,6,0,People typically spend 1.5-3 hours here,4.3,1331,6,6,249,West Village,1317.6,72.46799999999999,0.9,0.1,0.9,30
3,40364715,OLD HOMESTEAD,"56 9 AVENUE, MANHATTAN, NY 10011",Old Homestead Steakhouse,0x89c259bf0ca5edef:0xba792d711f483abf,,40.7412007,-74.0047629,7,6,0,People typically spend 1.5-3 hours here,4.2,2464,6,6,68,East Chelsea,853.25,51.195,1.2,0.2,0.8,303
4,40365387,ARTURO'S,"106 WEST HOUSTON STREET, MANHATTAN, NY 10012",Arturo's Coal Oven Pizza,0x89c259c275d06efd:0x4a9d30fca24c8fd4,,40.7274031,-74.0004209,7,6,0,People typically spend 1.5-4 hours here,4.5,654,6,6,114,Greenwich Village South,328.0,18.04,1.0,0.1,0.9,15
5,40365789,PATSY'S ITALIAN RESTAURANT,"236 WEST   56 STREET, MANHATTAN, NY 10019",Patsy's Italian Restaurant,0x89c258f7fcad6cdb:0xa98fe24a9c1cfe15,,40.7656391,-73.9827408,7,6,0,People typically spend 1.5-4 hours here,4.3,2164,6,6,163,Midtown North,700.0,38.5,1.0,0.1,0.9,74
6,40365882,NEW YORK PIZZA SUPREMA,"413 8 AVENUE, MANHATTAN, NY 10001",NY Pizza Suprema,0x89c25941e2fda08d:0xfecb69a95e026dfb,,40.7501778,-73.99527379999999,7,6,0,People typically spend 30 min here,4.6,8656,6,6,68,East Chelsea,2085.0,139.695,1.8,0.5,0.5,303
7,40365968,NANCY WHISKEY PUB,"1 LISPENARD STREET, MANHATTAN, NY 10013",Nancy Whiskey Pub,0x89c2598ae7094e4f:0x392d6010201927f1,,40.7206329,-74.0049666,7,6,0,People typically spend 45 min to 2.5 hr here,4.5,1067,6,6,231,TriBeCa/Civic Center,560.0,33.6,1.2,0.2,0.8,50
8,40368313,RED FLAME DINER,"67 WEST   44 STREET, MANHATTAN, NY 10036",The Red Flame,0x89c258fff41099b3:0x1e89923de66beed3,,40.756077,-73.982699,7,5,0,People typically spend 45 min to 1.5 hr here,4.2,3409,6,6,161,Midtown Center,1800.0,108.0,1.2,0.2,0.8,60
9,40368374,JIMMY'S CORNER,"140 WEST   44 STREET, MANHATTAN, NY 10036",Jimmy's Corner,0x89c2585515b73fab:0x7833c29064fdfca3,,40.7567299,-73.9847643,7,6,0,People typically spend 45 min to 2.5 hr here,4.6,2269,6,6,230,Times Sq/Theatre District,3000.0,180.0,1.2,0.2,0.8,118
10,40369165,REIF'S TAVERN,"302 EAST   92 STREET, MANHATTAN, NY 10128",Reif's Bar,0x89c258a56f146e01:0xfff0ff5e83ed46b1,,40.7813724,-73.9486257,7,6,0,People typically spend 1-4 hours here,4.5,183,6,6,263,Yorkville West,680.0,40.8,1.2,0.2,0.8,73
11,40372971,RACQUET & TENNIS CLUB,"370 PARK AVENUE, MANHATTAN, NY 10022",Racquet & Tennis Club,0x89c258fb6232223d:0x48f5b9068b1b4f8e,,40.7588506,-73.9730612,7,6,0,,4.5,54,6,6,161,Midtown Center,7293.525,437.6115,1.2,0.2,0.8,88
12,40374834,CASA BELLA,"127 MULBERRY STREET, MANHATTAN, NY 10013",Casa Bella,0x89c25989d3da0bd1:0x71872bc29bd8566e,,40.7180825,-73.9981243,7,6,0,People typically spend 1-4 hours here,4.3,3138,6,6,144,Little Italy/NoLiTa,398.1333333333334,21.89733333333334,1.0,0.1,0.9,16
13,40377325,JACKSON HOLE,"521 THIRD AVENUE, MANHATTAN, NY 10016",Jackson Hole Burgers,0x89c2590671732dc7:0x301a3d43bfd4e39a,,40.7461701,-73.97750959999999,7,6,0,People typically spend 45 min to 1.5 hr here,4.4,2396,6,6,170,Murray Hill,617.6,51.2608,2.5,0.6,0.4,92
14,40378212,CUCHIFRITOS,"168 EAST  116 STREET, MANHATTAN, NY 10029",Cuchifritos,0x89c2f6061b60694f:0x90991fb1d6bb5c43,,40.7980513,-73.9409898,7,6,0,People typically spend 25 min to 4 hr here,4.2,1691,6,6,74,East Harlem North,5070.0,278.85,0.9,0.1,0.9,101
15,40378874,TERRA BLUES,"149 BLEEKER STREET, MANHATTAN, NY 10012",Terra Blues,0x89c25991e7aca8e5:0x3e57604094fdc6ef,,40.728425,-73.99925,7,6,0,People typically spend 1.5-3.5 hours here,4.7,1462,6,6,114,Greenwich Village South,1329.0,79.74,1.2,0.2,0.8,15
16,40379580,COOPER TOWN DINER,"339 1 AVENUE, MANHATTAN, NY 10003",Cooper Town,0x89c259752b37070f:0x88bd11eddb475cf1,,40.7348938,-73.980274,7,6,0,People typically spend 30 min to 1.5 hr here,4.3,363,6,6,107,Gramercy,496.8,29.808,1.2,0.2,0.8,46
17,40379662,MEZZALUNA,"1295 THIRD AVENUE, MANHATTAN, NY 10021",Mezzaluna,0x89c258c003c4c12d:0x4d18fbf12b3512cd,,40.7711518,-73.9592566,7,6,0,,4.4,360,6,6,141,Lenox Hill West,4478.31,246.30705,1.0,0.1,0.9,83
18,40379890,O'HARA'S,"120 CEDAR STREET, MANHATTAN, NY 10006",O'Hara's Restaurant and Pub,0x89c25a10ac02e5b9:0xfad36691304b0f8b,,40.7095008,-74.0126642,7,6,0,People typically spend 45 min to 1.5 hr here,4.6,5757,6,6,261,World Trade Center,480.0,28.8,1.2,0.2,0.8,23
19,40384340,FRIEND OF A FARMER,"77 IRVING PLACE, MANHATTAN, NY 10003",Friend Of A Farmer,0x89c259a1c86bce6f:0x6dd0c44e0b6a2268,,40.7368776,-73.9868623,7,6,0,People typically spend 1-2 hours here,4.4,1875,6,6,107,Gramercy,695.8333333333334,41.75,1.2,0.2,0.8,46
20,40384671,CHEZ JOSEPHINE,"414 WEST   42 STREET, MANHATTAN, NY 10036",Chez Josephine,0x89c258528cef1dd7:0x5062203dfc6cc097,,40.7586405,-73.9934984,7,6,0,People typically spend 1.5-2.5 hours here,4.3,1488,6,6,48,Clinton East,536.875,26.84375,0.8,0.05,0.95,130
21,40386001,PRIMOLA,"1226 SECOND AVENUE, MANHATTAN, NY 10065",Primola,0x89c258e84f91bda7:0xea974b489bb6a87c,,40.7638761,-73.9616894,7,6,0,People typically spend 1.5-4 hours here,4.4,277,6,6,141,Lenox Hill West,870.0,47.85,1.0,0.1,0.9,83
22,40388935,SAKE BAR DECIBEL,"240 EAST    9 STREET, MANHATTAN, NY 10003",Sake Bar Decibel,0x89c2599c6f5276fb:0xb5c170a3408fbd0d,,40.7293006,-73.9877458,2,6,0,People typically spend 45 min to 2 hr here,4.4,1234,1,6,79,East Village,3780.0,207.9,1.0,0.15,0.85,38
23,40389455,TOWNHOUSE OF NY,"236 EAST   58 STREET, MANHATTAN, NY 10022",The Townhouse of New York,0x89c258e5d43d6eab:0x8664e1dda0aa2224,,40.7602472,-73.9656479,7,6,0,People typically spend 1-2.5 hours here,4.2,243,6,6,229,Sutton Place/Turtle Bay North,8000.0,480.0,1.2,0.2,0.8,48
24,40390409,THE FAMOUS JIMBO'S HAMBURGER PALACE,"1345 AMSTERDAM AVENUE, MANHATTAN, NY 10027",Jimbo’s Hamburger Palace,0x89c2f66bb0717651:0xfba03efe1be376b8,,40.813575,-73.9557858,7,5,0,,4.1,302,6,6,166,Morningside Heights,1750.0,145.25,2.5,0.6,0.4,52
25,40391060,LUKE'S BAR & GRILL,"1394 THIRD AVENUE, MANHATTAN, NY 10075",Luke's Bar & Grill,0x89c258be4346c6f1:0xaf87ff6e48352812,,40.7746459,-73.957354,7,6,0,People typically spend 30 min to 2 hr here,4.3,491,6,6,236,Upper East Side North,742.4000000000001,44.544,1.2,0.2,0.8,115
26,40391979,SUTTON CAFE,"1026 FIRST AVENUE, MANHATTAN, NY 10022",Sutton Cafe,0x89c258e6d03c507b:0x18d2ca18341c3d21,,40.7577394,-73.9631077,7,6,0,,4.0,99,6,6,229,Sutton Place/Turtle Bay North,5000.0,300.0,1.2,0.2,0.8,48
27,40392496,TARTINE,"253 WEST   11 STREET, MANHATTAN, NY 10014",Tartine,0x89c25995a88b3295:0x18dab5a9dad2641f,,40.7363901,-74.0034518,7,6,0,People typically spend 1-2 hours here,4.4,975,6,6,249,West Village,614.4000000000001,30.72000000000001,0.8,0.05,0.95,30
28,40393154,AMSTERDAM BILLIARDS,"85 4 AVENUE, MANHATTAN, NY 10003",Amsterdam Billiards,0x89c2599950bdd7ed:0xc02c2b5762a102f1,,40.7317088,-73.98994239999999,7,6,0,,4.3,1533,6,6,79,East Village,1862.25,111.735,1.2,0.2,0.8,63
29,40393378,E.J'S LUNCHEONETTE,"1271 THIRD AVENUE, MANHATTAN, NY 10021",EJ's Luncheonette,0x89c258eaa1a5c19b:0xdc5f7d5b1e170429,,40.770444,-73.9597299,7,6,0,People typically spend 45 min to 2 hr here,4.2,1390,6,6,141,Lenox Hill West,1004.25,60.255,1.2,0.2,0.8,83
30,40393558,FITZGERALD'S PUB,"336 THIRD AVENUE, MANHATTAN, NY 10010",Fitzgerald's Pub,0x89c2590a0303e4dd:0x619d08ace39df7e8,,40.7400857,-73.9825183,7,6,0,People typically spend 45 min to 4 hr here,4.3,368,6,6,107,Gramercy,420.0,25.2,1.2,0.2,0.8,46
31,40395055,BECCO,"355 WEST   46 STREET, MANHATTAN, NY 10036",Becco,0x89c25853e489d19d:0x5bb7f414be0927ae,,40.760804,-73.9898324,7,6,0,People typically spend 1-2.5 hours here,4.3,4620,6,6,48,Clinton East,351.0,19.305,1.0,0.1,0.9,130
32,40395872,CARIDAD RESTAURANT,"3533 BROADWAY, MANHATTAN, NY 10031",Caridad Restaurant,0x89c2f663a772a7cf:0xb4723c37ca5a0789,,40.8262205,-73.9509336,7,6,0,People typically spend 25 min to 2.5 hr here,4.5,2045,6,6,116,Hamilton Heights,3155.1,189.306,1.2,0.2,0.8,42
33,40396183,LUCINDAS,"169 AVENUE A, MANHATTAN, NY 10009",Lucinda's,0x89c25945c40e498d:0x21ce7a10e7fab6e2,,40.7283407,-73.9821982,7,6,0,People typically spend 1-3 hours here,4.2,84,6,6,79,East Village,266.6666666666667,16.0,1.2,0.2,0.8,63
34,40396464,ESS-A-BAGEL,"831 THIRD AVENUE, MANHATTAN, NY 10022",Ess-a-Bagel,0x89c258e324502567:0x526c7b526bf4ab10,,40.7561836,-73.9701973,7,5,0,People typically spend 15 min to 1 hr here,4.1,4836,6,6,229,Sutton Place/Turtle Bay North,1117.0,92.711,3.0,0.8,0.1999999999999999,78
35,40396532,METRO DINER,"2641 BROADWAY, MANHATTAN, NY 10025",Metro Diner,0x89c2f6260bfa97d5:0x6e402eeb0d3ad72f,,40.7974621,-73.9701451,7,6,0,People typically spend 45 min to 2 hr here,4.3,2325,6,6,151,Manhattan Valley,713.6,42.816,1.2,0.2,0.8,38
36,40397359,MCCOY'S PUB,"768 9 AVENUE, MANHATTAN, NY 10019",McCoys,0x89c25857381f112f:0x12a7c531fae4ff0b,,40.764333,-73.9881241,7,6,0,People typically spend 1-4 hours here,4.2,567,6,6,48,Clinton East,400.0,22.0,1.0,0.1,0.9,130
37,40398989,FRESCO,"34 EAST   52 STREET, MANHATTAN, NY 10022",Fresco by Scotto,0x89c258fb808a4233:0x6a145ee9b459f86d,,40.7588164,-73.9745136,1,6,0,People typically spend 1.5-4 hours here,4.4,1031,0,6,161,Midtown Center,4077.800000000001,224.279,1.0,0.1,0.9,793
38,40399569,JUDGE ROY BEAN,"38 WEST   56 STREET, MANHATTAN, NY 10019",Judge Roy Bean Public House,0x89c258fa178793ad:0xf46ccb18daa49ebf,,40.7629456,-73.97642069999999,7,6,0,People typically spend 25 min to 2 hr here,4.4,926,6,6,161,Midtown Center,1000.0,60.0,1.2,0.2,0.8,88
39,40400754,RYAN MAGUIRE'S,"28 CLIFF STREET, MANHATTAN, NY 10038",Ryan Maguire's Bar & Restaurant,0x89c25a3d4797f6cd:0x8a454861c99878af,,40.7082005,-74.00515879999999,7,6,0,People typically spend 1-3 hours here,4.4,972,6,6,87,Financial District North,1520.0,83.6,1.0,0.1,0.9,29
40,40401025,ALTESI DOWNTOWN,"200 SPRING STREET, MANHATTAN, NY 10012",Altesi Downtown,0x89c2598c58e22941:0xb6fd1354201d80c8,,40.7250273,-74.0034142,7,6,0,,4.3,427,6,6,211,SoHo,2216.0,121.88,1.0,0.1,0.9,26
41,40401093,FRENCH ROAST,"2340 BROADWAY, MANHATTAN, NY 10024",French Roast,0x89c258841f875ed9:0x90b4b0dad3d8436f,,40.7876417,-73.97659019999999,7,6,0,People typically spend 30 min to 2 hr here,4.7,4194,6,6,239,Upper West Side South,1406.77,70.3385,0.8,0.05,0.95,75
42,40401422,BROADWAY DIVE,"2662 BROADWAY, MANHATTAN, NY 10025",Broadway Dive,0x89c2f625da0d3ff5:0xc3f24f127cb9b310,,40.7979406,-73.9690754,7,6,0,People typically spend 45 min to 2.5 hr here,4.5,568,6,6,151,Manhattan Valley,450.0,27.0,1.2,0.2,0.8,38
43,40402023,LE MARAIS,"150 WEST   46 STREET, MANHATTAN, NY 10036",Le Marais,0x89c258559970e091:0x832e9f5017a0d478,,40.7581079,-73.9842178,7,6,0,People typically spend 1.5-4 hours here,4.4,2703,6,6,230,Times Sq/Theatre District,625.0,37.5,1.1,0.15,0.85,118
44,40402172,LOMBARDI'S,"32 SPRING STREET, MANHATTAN, NY 10012",Lombardi's,0x89c2598a1316e7a7:0xd8f10512fc3c4299,,40.72157,-73.9956368,7,6,0,People typically spend 45 min to 1.5 hr here,4.2,8994,6,6,144,Little Italy/NoLiTa,839.2,56.22640000000001,1.8,0.5,0.5,16
45,40402393,HARVARD CLUB,"27 WEST   44 STREET, MANHATTAN, NY 10036",Harvard Club of New York City,0x89c258ffdadf0edb:0x18b35190c6b4a741,,40.7555321,-73.9814629,7,6,0,,4.7,946,6,6,161,Midtown Center,1394.76,83.6856,1.2,0.2,0.8,88
46,40402785,HARMONIE CLUB,"4 EAST   60 STREET, MANHATTAN, NY 10022",Harmonie Club,0x89c258f017a04397:0x8b2566ff5a9888e2,,40.7644444,-73.9719444,7,6,0,,4.6,137,6,6,237,Upper East Side South,2508.15,150.489,1.2,0.2,0.8,131
47,40424337,BAGEL WORKS,"1229 FIRST AVENUE, MANHATTAN, NY 10065",Bagelworks,0x89c258c27b66fc9f:0x9f783635a24cbb9f,,40.76435,-73.958831,7,5,0,People typically spend 10-45 min here,4.4,943,6,6,141,Lenox Hill West,2307.2,191.4976,3.0,0.8,0.1999999999999999,79
48,40483696,LENA HORNE THEATRE,"256 WEST   47 STREET, MANHATTAN, NY 10036",Lena Horne Theatre,0x89c258542519fa25:0x726301b635a24a46,,40.7599367,-73.98689999999999,7,6,0,,4.7,3097,6,6,230,Times Sq/Theatre District,831.25,49.875,1.2,0.2,0.8,118
49,40510439,LA ISLA,"1883 THIRD AVENUE, MANHATTAN, NY 10029",LA ISLA RESTAURANT,0x89c2f6028c14694b:0x1d473a18a742934,,40.7902984,-73.9453936,7,6,0,People typically spend 15 min to 1 hr here,3.8,398,6,6,75,East Harlem South,1140.0,68.39999999999999,1.2,0.2,0.8,186
50,40512204,STARBUCKS,"38 PARK ROW, MANHATTAN, NY 10038",Starbucks Coffee Company,0x89c25a1892ae8f91:0x987df2bb3461ec84,,40.71164,-74.00666,7,4,0,People typically spend 15-45 min here,3.7,1318,6,6,209,Seaport,713.4,59.2122,3.0,0.7,0.3,62
51,40523865,POPEYES,"2730 FREDRICK DOUGLAS BOULEVARD, MANHATTAN, NY 10039",Popeyes Louisiana Kitchen,0x89c2f679514b2ac5:0x2adb5312768464e0,,40.8229081,-73.9415018,7,6,0,People typically spend 20 min to 1.5 hr here,3.7,926,6,6,42,Central Harlem North,1759.5,117.8865,2.0,0.5,0.5,70
52,40532870,STARBUCKS,"124 8 AVENUE, MANHATTAN, NY 10011",Starbucks,0x89c2590034d414b5:0x635b7accb9b05ff4,,40.7411182,-74.0013082,7,4,0,,2.6,25,6,6,90,Flatiron,3062.25,254.16675,3.0,0.7,0.3,253
53,40537494,810 DELI & CAFE,"810 7 AVENUE, MANHATTAN, NY 10019",810 Deli & Cafe,0x89c258f865cbbc83:0xff849f4b15f19655,,40.7627351,-73.982401,7,5,0,People typically spend 45 min here,3.7,843,6,6,230,Times Sq/Theatre District,977.6571428571428,58.65942857142857,1.2,0.2,0.8,112
54,40545375,POST BILLIARDS CAFE,"154 POST AVENUE, MANHATTAN, NY 10034",Post Billiards Cafe,0x89c2f3f60f39f435:0xf5e9690a74a8790b,,40.8652328,-73.9188206,7,6,0,,4.4,453,6,6,127,Inwood,468.5,28.11,1.2,0.2,0.8,16
55,40551234,THE GIN MILL,"442 AMSTERDAM AVENUE, MANHATTAN, NY 10024",The Gin Mill,0x89c2588608da2747:0x446b5f8db0155877,,40.784754,-73.977537,7,6,0,People typically spend 1-3 hours here,4.3,1166,6,6,239,Upper West Side South,800.0,48.0,1.2,0.2,0.8,75
56,40560112,MALECON,"764 AMSTERDAM AVENUE, MANHATTAN, NY 10025",Malecon Restaurant (97th Street),0x89c2f627ca5c7359:0xcf40ff41c6f620e2,,40.7950409,-73.9698746,7,6,0,People typically spend 10 min to 1.5 hr here,4.2,1909,6,6,238,Upper West Side North,562.8000000000001,33.768,1.2,0.2,0.8,84
57,40564858,MURPHY'S LAW,"417 EAST   70 STREET, MANHATTAN, NY 10021",Murphy's Law,0x89c258c162bd364b:0x3888699b28393714,,40.7661707,-73.9556642,7,6,0,People typically spend 45 min to 3 hr here,4.3,488,6,6,140,Lenox Hill East,4249.8,233.739,1.0,0.1,0.9,218
58,40568591,FACES & NAMES,"161 WEST   54 STREET, MANHATTAN, NY 10019",Faces & Names Bar and Lounge,0x89c258f8473082f5:0x6adeb7a161e469fd,,40.7635888,-73.9809248,7,6,0,People typically spend 45 min to 2.5 hr here,4.3,1327,6,6,163,Midtown North,960.8,48.04,0.8,0.05,0.95,74
59,40575863,FAMOUS JOE'S PIZZA,"7 CARMINE STREET, MANHATTAN, NY 10014",Joe's Pizza,0x89c259924a960df1:0x43b20488619b3f43,,40.7306597,-74.0021707,7,6,0,People typically spend 20 min here,4.4,10396,6,6,249,West Village,1075.0,72.025,1.8,0.5,0.5,30
60,40576150,FELICE 64,"1166 1 AVENUE, MANHATTAN, NY 10065",Felice 64,0x89c258c2a758576b:0xf1c64c2f2942635f,,40.7625672,-73.95956389999999,7,6,0,People typically spend 45 min to 2.5 hr here,4.5,669,6,6,140,Lenox Hill East,1600.0,88.0,1.0,0.1,0.9,218
61,40576403,MAYA,"1191 1 AVENUE, MANHATTAN, NY 10065",Maya by Chef Richard Sandoval - NYC,0x89c258c29e2abee3:0x72e59bf3ca4cb69e,,40.7631741,-73.95972359999999,7,6,0,People typically spend 15 min to 3 hr here,4.3,1602,6,6,141,Lenox Hill West,3278.6,219.6662,1.8,0.4,0.6,83
62,40578252,OSTERIA LAGUNA,"209 EAST   42 STREET, MANHATTAN, NY 10017",Osteria Laguna,0x89c259030ec55ddd:0xe820fefa0a1cf3db,,40.7506553,-73.9735662,7,6,0,People typically spend 1-4 hours here,4.5,1122,6,6,233,UN/Turtle Bay South,628.0,34.54,1.0,0.1,0.9,73
63,40578773,JOHN'S PIZZA,"260 WEST   44 STREET, MANHATTAN, NY 10036",John's Pizzeria of Times Square,0x89c2585487122105:0x6a25bbb19e1577c8,,40.7582117,-73.98839579999999,7,6,0,People typically spend 1-4 hours here,4.3,8463,6,6,230,Times Sq/Theatre District,8000.0,536.0,1.8,0.5,0.5,118
64,40581363,BALLATO,"55 EAST HOUSTON STREET, MANHATTAN, NY 10012",Emilio's Ballato,0x89c2598581890a45:0xf8d461ccea75907c,,40.7245528,-73.99450379999999,7,6,0,People typically spend 1.5-4 hours here,4.1,1676,6,6,144,Little Italy/NoLiTa,662.1666666666666,36.41916666666666,1.0,0.1,0.9,16
65,40586000,ZARO'S BREAD BASKET,"89 EAST   42 STREET, MANHATTAN, NY 10017",Zaro’s Family Bakery,0x89c25901805ed947:0x83d347a2518bea2,,40.7527297,-73.9772334,7,5,0,,3.0,545,6,6,162,Midtown East,239.0625,19.8421875,3.0,0.7,0.3,75
66,40597409,STROMBOLI PIZZA,"83 ST MARKS PLACE, MANHATTAN, NY 10003",Stromboli Pizza,0x89c2599d04e476f1:0x712482e3494f38a0,,40.7277856,-73.9854429,7,6,0,,4.3,562,6,6,79,East Village,1080.0,72.36,1.8,0.5,0.5,63
67,40619544,CAFETERIA,"119 7 AVENUE, MANHATTAN, NY 10011",Cafeteria,0x89c259bc576e6fdf:0xa6b40e37709dce7c,,40.7405304,-73.9979937,7,6,0,People typically spend 1-3 hours here,4.3,3973,6,6,90,Flatiron,4000.0,240.0,1.2,0.2,0.8,31
68,40624607,FRANK,"88 2 AVENUE, MANHATTAN, NY 10003",Frank,0x89c2599ca896632b:0x8ddeaf2ddf9120a0,,40.7268777,-73.9886954,7,6,0,People typically spend 45 min to 2 hr here,4.3,1049,6,6,79,East Village,600.0,33.0,1.0,0.1,0.9,63
69,40635366,THE LIBRARY,"7 AVENUE A, MANHATTAN, NY 10009",The Library,0x89c25983b3ed0043:0x7de84b096a906fd4,,40.7226196,-73.986389,7,6,0,People typically spend 1-3.5 hours here,4.3,707,6,6,79,East Village,331.2,19.872,1.2,0.2,0.8,63
70,40641437,MARUZZELLA,"1483 FIRST AVENUE, MANHATTAN, NY 10075",Maruzzella,0x89c258bf4d7f386d:0xd562585ed0ed0149,,40.7713,-73.95369099999999,7,6,0,,4.4,153,6,6,141,Lenox Hill West,640.0,35.2,1.0,0.1,0.9,83
71,40643163,SHADE,"241 SULLIVAN STREET, MANHATTAN, NY 10012",SHADE BAR Crepes,0x89c259919edad2b5:0xe2bad6f58db45cdf,,40.7298997,-73.9993408,7,4,0,People typically spend 1-2 hours here,4.5,363,6,6,114,Greenwich Village South,480.0,28.8,1.2,0.2,0.8,110
72,40643682,TILE BAR,"115 1 AVENUE, MANHATTAN, NY 10003",Tile Bar,0x89c2599d1fea2a3d:0x4c588f17a6e63a76,,40.727151,-73.9858603,7,6,0,People typically spend 1-2 hours here,4.2,269,6,6,79,East Village,812.8000000000001,48.768,1.2,0.2,0.8,63
73,40654823,BLONDIES,"212 WEST   79 STREET, MANHATTAN, NY 10024",Blondies Sports,0x89c2588891110e83:0x337d6a4ad691184,,40.7832617,-73.9791073,7,6,0,People typically spend 1-3 hours here,4.3,832,6,6,239,Upper West Side South,640.0,38.4,1.2,0.2,0.8,75
74,40669697,LE MONDE,"2883 BROADWAY, MANHATTAN, NY 10025",Le Monde,0x89c2f63b8b5312a9:0xe562a9ee17c50fc2,,40.8058863,-73.9658847,7,6,0,People typically spend 1.5-3.5 hours here,4.7,3342,6,6,166,Morningside Heights,4079.0,203.95,0.8,0.05,0.95,61
75,40674475,JOHN'S PIZZERIA,"278 BLEECKER STREET, MANHATTAN, NY 10014",John's of Bleecker Street,0x89c25993a1376eb9:0x41ca6e3a2f6d4e74,,40.7316187,-74.00344679999999,7,6,0,People typically spend 20 min to 1 hr here,4.6,8395,6,6,249,West Village,868.75,58.20625,1.8,0.5,0.5,30
76,40679269,DOLLY VARDEN,"302 WEST   51 STREET, MANHATTAN, NY 10019",Dolly's,0x89c25856fe1c181b:0x4ad1bcad892d4c65,,40.7629417,-73.9863029,7,6,0,People typically spend 1-2 hours here,4.5,1095,6,6,48,Clinton East,945.0,56.7,1.2,0.2,0.8,130
77,40691569,PERSHING SQUARE CAFE,"90 EAST   42 STREET, MANHATTAN, NY 10017",Pershing Square,0x89c2590183121a05:0xa027ebe4d0772851,,40.7520244,-73.97782579999999,7,6,0,People typically spend 1-2.5 hours here,4.2,4819,6,6,170,Murray Hill,239.0625,14.34375,1.2,0.2,0.8,92
78,40715360,STARBUCKS,"100 WILLIAM STREET, MANHATTAN, NY 10038",Starbucks Coffee Company,0x89c25a161f18bead:0xf088d01ad487d7fb,,40.708413,-74.007387,7,4,0,,3.3,212,6,6,87,Financial District North,8000.0,664.0,3.0,0.7,0.3,274
79,40716479,LIFFY II BAR,"5009 BROADWAY, MANHATTAN, NY 10034",Liffy II Bar,0x89c2f3f3f3f7a8df:0x7d1d602b7784185e,,40.8692514,-73.91734629999999,7,6,0,People typically spend 1.5-3.5 hours here,4.6,177,6,6,127,Inwood,1250.0,68.75,1.0,0.1,0.9,16
80,40719059,PARK BAR,"15 EAST   15 STREET, MANHATTAN, NY 10003",Park Bar,0x89c2599877e795e7:0xf891637488483d9,,40.7364378,-73.9921394,7,6,0,People typically spend 45 min to 2.5 hr here,4.3,416,6,6,234,Union Sq,746.5,44.79,1.2,0.2,0.8,50
81,40736137,STARBUCKS,"2929 BROADWAY, MANHATTAN, NY 10025",Starbucks Coffee Company,0x89c2f63ea9381223:0xdf2236f7cf2f54,,40.807103,-73.964922,7,4,0,People typically spend 10 min to 2 hr here,3.4,378,6,6,166,Morningside Heights,1500.0,124.5,3.0,0.7,0.3,98
82,40736836,SILVER STAR,"1236 2 AVENUE, MANHATTAN, NY 10065",Silver Star,0x89c258e84c3dd8db:0x3f5e89a9bc3478ef,,40.7641033,-73.9614819,7,5,0,People typically spend 45 min to 1.5 hr here,4.0,583,6,6,141,Lenox Hill West,2048.0,122.88,1.2,0.2,0.8,79
83,40739412,APPLEBEE'S,"234 WEST   42 STREET, MANHATTAN, NY 10036",Applebee's Grill + Bar,0x89c25854a632f7bf:0x89afe090bc07afd0,,40.7566081,-73.9887995,7,6,0,People typically spend 1-2.5 hours here,4.0,8323,6,6,100,Garment District,2294.541666666667,137.6725,1.2,0.2,0.8,73
84,40747820,HURLEY'S SALOON,"232 WEST   48 STREET, MANHATTAN, NY 10036",Hurley's Restaurant & Bar,0x89c258542a6c5817:0x5e95c639d88268ab,,40.7605401,-73.9861159,7,6,0,,4.3,1467,6,6,230,Times Sq/Theatre District,720.0,39.6,1.0,0.1,0.9,118
85,40750279,VIEW RESTAURANT,"1535 BROADWAY, MANHATTAN, NY 10036",The View,0x89c258544dc06e39:0x6e36d9806d5b4c57,,40.7587252,-73.98622,7,6,0,,4.4,505,6,6,230,Times Sq/Theatre District,403.5,24.21,1.2,0.2,0.8,118
86,40755172,PETER MCMANUS CAFE,"152 7 AVENUE, MANHATTAN, NY 10011",Peter McManus Cafe,0x89c259bc87d6b659:0x91474f386f7ed964,,40.741844,-73.997613,7,6,0,People typically spend 45 min to 2 hr here,4.5,1054,6,6,90,Flatiron,736.0,40.48,1.0,0.1,0.9,31
87,40756287,BARBARESCO,"843 LEXINGTON AVENUE, MANHATTAN, NY 10065",Barbaresco,0x89c258eed22d0c31:0xaf723851b4540510,,40.765392,-73.965559,7,6,0,,4.3,169,6,6,237,Upper East Side South,1600.0,88.0,1.0,0.1,0.9,131
88,40798329,HUDSON HOUND,"575 HUDSON STREET, MANHATTAN, NY 10014",Hudson Hound,0x89c25994d6010861:0xa097c41320f94685,,40.7361111,-74.0061111,7,0,55,People typically spend 1-3 hours here,4.4,591,6,6,249,West Village,880.0,52.8,1.2,0.2,0.8,55
89,40806208,PAUL WEISS RIFKIN WHARTON,"1285 6 AVENUE, MANHATTAN, NY 10019","Paul, Weiss, Rifkind, Wharton & Garrison",0x89c258f91f8ab791:0x3bda4bddfe5ee60f,,40.7611965,-73.9805722,7,4,3,People typically spend 4 hours here,4.5,66,6,6,230,Times Sq/Theatre District,6724.3625,403.46175,1.2,0.2,0.8,244
90,40812973,LUNELLA RISTORANTE,"173 MULBERRY STREET, MANHATTAN, NY 10013",Lunella,0x89c2598857d7c009:0xfae3fd489de27984,,40.7200992,-73.9971899,7,6,0,,4.5,2227,6,6,144,Little Italy/NoLiTa,565.3333333333334,31.09333333333334,1.0,0.1,0.9,16
91,40815605,CHOP'T,"24 EAST   17 STREET, MANHATTAN, NY 10003",Chopt Creative Salad Co.,0x89c259a26c21bff7:0x4a4e3f73d3a5b1e7,,40.7373158,-73.9910737,7,6,0,,4.8,1211,6,6,234,Union Sq,3726.05,309.26215,2.5,0.6,0.4,50
92,40818115,STARBUCKS,"803 WEST  181 STREET, MANHATTAN, NY 10033",Starbucks Coffee Company,0x89c2f6a0e76e5e0d:0xf3bd164e7d046df5,,40.851087,-73.938442,7,4,0,People typically spend 10-45 min here,4.0,720,6,6,243,Washington Heights North,625.0,51.875,3.0,0.7,0.3,101
93,40829514,CLINTON STREET BAKING COMPANY,"4 CLINTON STREET, MANHATTAN, NY 10002",Clinton St. Baking Company,0x89c259821bab0de1:0xc97c4df9856335f1,,40.721264,-73.9838497,7,6,0,People typically spend 45 min to 2 hr here,4.4,6589,6,6,232,Two Bridges/Seward Park,2000.0,120.0,1.2,0.2,0.8,29
94,40836801,CONNOLLY'S,"121 WEST   45 STREET, MANHATTAN, NY 10036",Connolly's,0x89c2585579862e01:0xe21f27dec63cf83d,,40.7573681,-73.9835798,7,6,0,People typically spend 45 min to 2 hr here,4.4,5237,6,6,230,Times Sq/Theatre District,3996.075,219.784125,1.0,0.1,0.9,118
95,40837666,VERLAINE,"110 RIVINGTON STREET, MANHATTAN, NY 10002",Verlaine,0x89c25981473a3703:0x84ce5e53b27c7e32,,40.720079,-73.987785,7,6,0,People typically spend 1-4 hours here,4.4,1157,6,6,148,Lower East Side,600.0,36.0,1.1,0.2,0.8,43
96,40838460,STARBUCKS COFFEE,"400 EAST   90 STREET, MANHATTAN, NY 10128",Starbucks Coffee Company,0x89c258b0063dd4a1:0xba6f9de233c38aba,,40.77911,-73.94747,7,4,0,People typically spend 15 min to 1 hr here,3.9,279,6,6,262,Yorkville East,560.0,46.48,3.0,0.7,0.3,129
97,40842393,PETER DILLON'S PUB,"130 EAST   40 STREET, MANHATTAN, NY 10016",Peter Dillon's Pub,0x89c25903e243f33f:0xca835ef056952166,,40.7499687,-73.97681229999999,7,6,0,People typically spend 45 min to 3 hr here,4.4,1079,6,6,170,Murray Hill,8000.0,440.0,1.0,0.1,0.9,92
98,40848604,JO JO,"160 EAST   64 STREET, MANHATTAN, NY 10065",JoJo by Jean-Georges,0x89c258eed435d923:0x840af7ca6f4a7625,,40.7650895,-73.9657019,7,6,0,People typically spend 1-3 hours here,4.2,723,6,6,237,Upper East Side South,1629.12,81.456,0.8,0.05,0.95,131
99,40850087,MADAME TUSSAUD'S,"234 WEST   42 STREET, MANHATTAN, NY 10036",Madame Tussauds New York,0x89c25854af9f53f1:0xe72a0c97fe7d2986,,40.7564752,-73.9883888,7,6,0,People typically spend 1-2 hours here,4.5,29816,6,6,100,Garment District,2294.541666666667,137.6725,1.2,0.2,0.8,73
100,40854979,HYO DONG GAK,"51 WEST   35 STREET, MANHATTAN, NY 10001",Hyo Dong Gak,0x89c259a979a67def:0x96d6a5b68e23f6a1,,40.750147,-73.98621589999999,7,6,0,,3.9,718,6,6,164,Midtown South,600.0,33.0,1.0,0.15,0.85,49
101,40874688,BOWERY PALACE,"327 BOWERY, MANHATTAN, NY 10003",Bowery Palace,0x89c2598520a9ff15:0xa5a2ba405da5eb3d,,40.7257471,-73.9917966,7,6,0,People typically spend 1.5-4 hours here,4.3,1167,6,6,79,East Village,1985.5,119.13,1.2,0.2,0.8,63
102,40888787,POPEYES,"53 WEST  116 STREET, MANHATTAN, NY 10026",Popeyes Louisiana Kitchen,0x89c2f61033d1c53f:0xdabc1b6f402c9f72,,40.8018712,-73.948645,7,6,0,,3.7,789,6,6,41,Central Harlem,4402.5,294.9675,2.0,0.5,0.5,44
103,40893866,DOMINO'S,"227 WEST   40 STREET, MANHATTAN, NY 10018",Domino's Pizza,0x89c259aca7b5f3eb:0x153b72c37dad717e,,40.7552952,-73.9888242,7,6,0,,3.6,1211,6,6,100,Garment District,8000.0,536.0,1.8,0.5,0.5,73
104,40910784,JIMBO'S HAMBURGER PALACE,"117 DYCKMAN STREET, MANHATTAN, NY 10040",Jimbos Hamburger Palace,0x89c2f4062e6a495d:0xb29b3296279911a6,,40.8623589,-73.9248878,7,5,0,,4.2,246,6,6,127,Inwood,960.0,79.68,2.5,0.6,0.4,12
105,40914459,VILLAGE UNDERGROUND,"130 WEST    3 STREET, MANHATTAN, NY 10012",Village Underground,0x89c25993d6803453:0x6dd14ad780d5a47f,,40.7307306,-74.00090279999999,7,6,0,,4.6,1652,6,6,114,Greenwich Village South,437.5,26.25,1.2,0.2,0.8,15
106,40935269,TULCINGO DEL VALLE,"665 10 AVENUE, MANHATTAN, NY 10036",Tulcingo Del Valle,0x89c25851ea8109e7:0x7c8dbefac8926e14,,40.762724,-73.993462,7,6,0,People typically spend 1-4 hours here,4.3,951,6,6,50,Clinton West,960.0,64.32000000000001,1.8,0.4,0.6,72
107,40942069,CASSIDY'S PUB,"65 WEST   55 STREET, MANHATTAN, NY 10019",Cassidys Pub,0x89c258f98b9607b9:0x72cc58e6c7564b07,,40.7627908,-73.9771957,7,6,0,People typically spend 1-4 hours here,4.4,1025,6,6,161,Midtown Center,1600.0,88.0,1.0,0.1,0.9,88
108,40965997,BONSIGNOUR,"35 JANE STREET, MANHATTAN, NY 10014",Bonsignour,0x89c2599562d4755d:0x3cfcc926a8aebb71,,40.7382592,-74.0043705,7,6,0,People typically spend 20 min to 4 hr here,4.7,223,6,6,249,West Village,560.0,33.6,1.2,0.2,0.8,30
109,40976304,ART BAR,"52 8 AVENUE, MANHATTAN, NY 10014",Art Bar,0x89c259be2b4a4b71:0x873e90b80c527de2,,40.7384694,-74.0034972,7,6,0,People typically spend 45 min to 2.5 hr here,4.4,1629,6,6,249,West Village,970.4,58.224,1.2,0.2,0.8,30
110,40976804,CHIPOTLE MEXICAN GRILL,"150 EAST   44 STREET, MANHATTAN, NY 10017",Chipotle Mexican Grill,0x89c258e34e26f1f9:0xebc9129c64ea32cf,,40.7521702,-73.9740662,7,6,0,People typically spend 10 min to 1 hr here,3.7,910,6,6,162,Midtown East,1928.7375,129.2254125,1.8,0.4,0.6,108
111,40977209,WAVERLY DINER,"385 6 AVENUE, MANHATTAN, NY 10014",Waverly Diner,0x89c25996abffffb9:0x284f8147c121d7e4,,40.7330972,-74.0001583,7,6,0,People typically spend 45 min to 2 hr here,4.1,2174,6,6,249,West Village,1372.0,82.32,1.2,0.2,0.8,30
112,40998515,HEARTH,"403 EAST   12 STREET, MANHATTAN, NY 10009",Hearth,0x89c2599df9743641:0x40179556d46f5f86,,40.7300263,-73.9831883,7,6,0,People typically spend 1-4 hours here,4.5,1023,6,6,79,East Village,1523.2,91.392,1.2,0.2,0.8,63
113,40998983,CASA MONO / BAR JAMON,"52 IRVING PLACE, MANHATTAN, NY 10003",Casa Mono,0x89c2599f606cdd51:0x8ed7490789a74a46,,40.7358936,-73.9871361,7,6,0,People typically spend 1.5-2.5 hours here,4.3,1965,6,6,107,Gramercy,1188.8,65.384,0.9,0.1,0.9,46
114,41004674,FLORIDITA RESTAURANT UPTOWN,"4162 BROADWAY, MANHATTAN, NY 10033",Floridita,0x89c2f69f89159125:0x1ffc53d292e3fb82,,40.847239,-73.9379211,7,4,23,People typically spend 20 min to 1.5 hr here,4.1,1325,6,6,244,Washington Heights South,960.0,57.6,1.2,0.2,0.8,174
115,41005529,ELSA RESTAURANT LA REINA DEL CHICHARRON,"1249 ST NICHOLAS AVENUE, MANHATTAN, NY 10032",Elsa La Reina Del Chicharron,0x89c2f69e4220f303:0x675114a25f30982,,40.8438516,-73.9379519,7,6,0,People typically spend 10-45 min here,4.4,987,6,6,244,Washington Heights South,875.0,52.5,1.2,0.2,0.8,149
116,41011581,WOGIES,"39 GREENWICH AVENUE, MANHATTAN, NY 10014","Wogies Bar & Grill , West Village",0x89c259942aac2473:0x4e57efeb2eaf5bf7,,40.7353827,-74.0005877,7,6,0,People typically spend 1.5-4 hours here,4.3,571,6,6,249,West Village,620.0,37.2,1.2,0.2,0.8,30
117,41013755,RUMOURS,"933 8 AVENUE, MANHATTAN, NY 10019",Rumours Bar & Grille,0x89c258581a70232b:0xee64f4f3b6f33453,,40.7657149,-73.9839901,7,6,0,People typically spend 1-2 hours here,4.3,819,6,6,48,Clinton East,374.4,22.464,1.2,0.2,0.8,130
118,41017390,EUROPAN CAFE,"672 8 AVENUE, MANHATTAN, NY 10036",Europan Cafe,0x89c258829d2f199b:0x804c22f4dd8bf653,,40.7576269,-73.9891847,7,4,31,People typically spend 10 min to 2 hr here,3.8,1226,6,6,230,Times Sq/Theatre District,7935.15,476.109,1.2,0.2,0.8,244
119,41020284,LITTLE ITALY PIZZA,"55 WEST   45 STREET, MANHATTAN, NY 10036",Little Italy Pizza,0x89c258ffbd9564e3:0x3eaa183278647e0f,,40.7564807,-73.9814849,7,6,0,,4.4,1758,6,6,161,Midtown Center,2723.225,182.456075,1.8,0.5,0.5,88
120,41026182,SUBWAY,"214 WEST   50 STREET, MANHATTAN, NY 10019",Subway,0x89c2585640ce17fb:0x6dca34ff2a986538,,40.7615635,-73.9847503,7,6,0,,3.6,271,6,6,230,Times Sq/Theatre District,3452.0,286.516,2.5,0.6,0.4,118
121,41031137,STARBUCKS,"1500 BROADWAY, MANHATTAN, NY 10036",Starbucks Coffee Company,0x89c258552071bcb3:0x5cc7129cc313de1a,,40.75664,-73.9859,7,4,0,People typically spend 10-45 min here,4.0,2225,6,6,230,Times Sq/Theatre District,6163.837500000001,511.5985125000001,3.0,0.7,0.3,244
122,41033313,KETTLE OF FISH,"59 CHRISTOPHER STREET, MANHATTAN, NY 10014",Kettle of Fish,0x89c259946d86b793:0x79c5044a1314a5c7,,40.7337968,-74.002394,7,6,0,People typically spend 45 min to 3 hr here,4.4,528,6,6,249,West Village,975.0,58.5,1.2,0.2,0.8,30
123,41034539,HOLLYWOOD DINER,"574 6 AVENUE, MANHATTAN, NY 10011",Hollywood Diner,0x89c259bd3a3155c9:0x669d102177ccdad8,,40.7387038,-73.9955493,7,4,11,People typically spend 45 min to 2 hr here,3.9,1492,6,6,234,Union Sq,1924.0,115.44,1.2,0.2,0.8,139
124,41047105,LIBRETTO'S PIZZERIA,"546 3 AVENUE, MANHATTAN, NY 10016",Libretto's Pizza,0x89c259068214096b:0x5b182b7357ff1c20,,40.7473317,-73.977338,7,6,0,,4.3,506,6,6,170,Murray Hill,896.0,60.032,1.8,0.5,0.5,92
125,41047349,JENNIFER'S CAFE,"67 1 AVENUE, MANHATTAN, NY 10003",Jennifer's Cafe,0x89c2598339bb61a9:0x7dc5956e958c7b35,,40.7254184,-73.9872948,7,5,0,,4.7,63,6,6,79,East Village,1515.2,90.912,1.2,0.2,0.8,104
126,41051587,DUNKIN,"1391 MADISON AVENUE, MANHATTAN, NY 10029",Dunkin',0x89c258a4862c0e6d:0x90be1592c0b0a3ae,,40.7877132,-73.9535207,7,4,0,People typically spend 10 min here,4.4,588,6,6,75,East Harlem South,4336.5,359.9295,3.0,0.8,0.1999999999999999,181
127,41065858,LURE FISHBAR,"142 MERCER STREET, MANHATTAN, NY 10012",Lure Fishbar,0x89c2598efa832d81:0x32a7225f9e642e81,,40.724703,-73.9983278,7,6,0,People typically spend 1-4 hours here,4.4,2210,6,6,211,SoHo,4980.0,249.0,0.8,0.05,0.95,26
128,41071980,CELLINI,"65 EAST   54 STREET, MANHATTAN, NY 10022",Cellini Italian Restaurant in Midtown Manhattan,0x89c258fb15de507f:0x1fa1a303bdf4970b,,40.7601524,-73.97267219999999,7,6,0,People typically spend 2-4 hours here,4.4,495,6,6,161,Midtown Center,8000.0,440.0,1.0,0.1,0.9,88
129,41073979,CLOCKWORK,"21 ESSEX STREET, MANHATTAN, NY 10002",Clockwork Bar,0x89c25a29eb39129b:0x3b3694642b4e0b3e,,40.7154003,-73.9900687,7,6,0,People typically spend 45 min to 2.5 hr here,4.4,516,6,6,148,Lower East Side,1240.0,74.39999999999999,1.2,0.2,0.8,43
130,41083927,CAFE DU SOLEIL,"245 WEST  104 STREET, MANHATTAN, NY 10025",Cafe du Soleil,0x89c2f624ffc52875:0xfc6423b981bd8818,,40.8000562,-73.9684479,7,6,0,People typically spend 1-3 hours here,4.2,1103,6,6,151,Manhattan Valley,4257.0,212.85,0.8,0.05,0.95,38
131,41084188,UVA,"1486 2 AVENUE, MANHATTAN, NY 10075",Uva,0x89c258bf6cc885c5:0x608059d0f31e0fec,,40.7721816,-73.95561289999999,7,6,0,People typically spend 1.5-4 hours here,4.3,2097,6,6,141,Lenox Hill West,1160.0,63.8,1.0,0.1,0.9,83
132,41086895,CHIPOTLE MEXICAN GRILL,"9 WEST   42 STREET, MANHATTAN, NY 10036",Chipotle Mexican Grill,0x89c259004754e345:0xd577e23aec25628f,,40.7539818,-73.98157359999999,7,6,0,,3.7,1332,6,6,161,Midtown Center,4708.014285714286,315.4369571428571,1.8,0.4,0.6,88
133,41089876,SARABETH'S,"40 CENTRAL PARK SOUTH, MANHATTAN, NY 10019",Sarabeth's Central Park South,0x89c258f0eb5d3503:0x58ac4291922c136a,,40.7651409,-73.9756768,7,6,0,People typically spend 1-4 hours here,4.1,4478,6,6,163,Midtown North,500.0,30.0,1.2,0.2,0.8,74
134,41092609,10TH AVENUE COOKSHOP,"156 10 AVENUE, MANHATTAN, NY 10011",Cookshop,0x89c259943dc1ef67:0xa4ce9e8072dd9f06,,40.7456552,-74.005422,7,6,0,People typically spend 1.5-4 hours here,4.5,3326,6,6,68,East Chelsea,5000.0,300.0,1.2,0.2,0.8,303
135,41098952,CHIPOTLE MEXICAN GRILL,"200 VARICK STREET, MANHATTAN, NY 10014",Chipotle Mexican Grill,0x89c2598d4356a2ab:0x5ae0adfc80ac202,,40.7282504,-74.00512259999999,7,6,0,People typically spend 30 min to 3 hr here,3.7,581,6,6,125,Hudson Sq,4880.825,327.015275,1.8,0.4,0.6,9
136,41098956,CHIPOTLE MEXICAN GRILL,"55 EAST    8 STREET, MANHATTAN, NY 10003",Chipotle Mexican Grill,0x89c2599a3de024f5:0x5f00c60541f3dc13,,40.7311619,-73.9934368,7,6,0,,3.4,490,6,6,113,Greenwich Village North,381.5,25.5605,1.8,0.4,0.6,25
137,41100958,CREPERIE NYC,"135 LUDLOW STREET, MANHATTAN, NY 10002",Creperie,0x89c259814ed67f45:0xe00b7f2656a6f941,,40.7203348,-73.9883615,7,6,0,,4.4,565,6,6,148,Lower East Side,200.0,16.6,3.0,0.7,0.3,43
138,41106644,STARBUCKS,"593 9 AVENUE, MANHATTAN, NY 10036",Starbucks Coffee Company,0x89c2585257fc966f:0xb2edcab81b267cce,,40.75893,-73.99251,7,4,0,People typically spend 10 min to 1.5 hr here,3.9,828,6,6,48,Clinton East,373.3333333333333,30.98666666666667,3.0,0.7,0.3,435
139,41117086,SABOR A MEXICO II,"233 EAST   77 STREET, MANHATTAN, NY 10075",Sabor A Mexico II,0x89c258bfa2fff347:0xd6a78d65527470d9,,40.77256,-73.9570193,7,6,0,,4.0,281,6,6,141,Lenox Hill West,1747.2,117.0624,1.8,0.4,0.6,83
140,41122841,LANDMARK TAVERN,"626 11 AVENUE, MANHATTAN, NY 10036",The Landmark Tavern,0x89c2584e40020187:0xf401eb3010bd6519,,40.7631984,-73.9963363,7,6,0,People typically spend 45 min to 2 hr here,4.6,1807,6,6,50,Clinton West,2008.0,110.44,1.0,0.1,0.9,72
141,41128211,HARD ROCK CAFE,"1501 BROADWAY, MANHATTAN, NY 10036",Hard Rock Cafe,0x89c25854e6657b87:0xed0e40a6b9508db5,,40.7570352,-73.9866112,7,6,0,People typically spend 25 min to 3 hr here,4.4,24877,6,6,230,Times Sq/Theatre District,3814.461111111111,228.8676666666667,1.2,0.2,0.8,118
142,41128554,LA NONNA,"134 MULBERRY STREET, MANHATTAN, NY 10013",La Nonna,0x89c2598833469223:0x702f73ff63aac7a6,,40.7185437,-73.99758299999999,7,6,0,,4.1,1512,6,6,144,Little Italy/NoLiTa,204.0,11.22,1.0,0.1,0.9,16
143,41132351,BARCELONA BAR,"923 8 AVENUE, MANHATTAN, NY 10019",Barcelona Bar,0x89c258581c52eeb5:0x838dac7398159d57,,40.7653306,-73.9841508,7,6,0,People typically spend 30 min to 2.5 hr here,4.5,843,6,6,48,Clinton East,1770.0,106.2,1.2,0.2,0.8,130
144,41142962,STARBUCKS,"80 DELANCEY STREET, MANHATTAN, NY 10002",Starbucks Coffee Company,0x89c25986d95651bd:0x66a6c716fe8fae71,,40.71932,-73.98993999999999,7,4,0,People typically spend 10 min to 1 hr here,3.8,1195,6,6,148,Lower East Side,696.5,57.8095,3.0,0.7,0.3,232
145,41145911,WA LUNG KITCHEN,"557 GRAND STREET, MANHATTAN, NY 10002",Wa Lung Kitchen,0x89c25bd50ad1f741:0xa0e058bb32376ff4,,40.7139086,-73.9802259,7,6,0,People typically spend 10-45 min here,3.8,287,6,6,232,Two Bridges/Seward Park,4166.4,249.984,1.2,0.3,0.7,29
146,41146015,STARBUCKS,"1380 6 AVENUE, MANHATTAN, NY 10019",Starbucks Coffee Company,0x89c258f9f8b2ae81:0xc96123552fd23ac1,,40.7637,-73.9773,7,4,0,,3.8,709,6,6,163,Midtown North,3541.8,293.9694,3.0,0.7,0.3,122
147,41147913,SUBWAY,"1885 3 AVENUE, MANHATTAN, NY 10029",Subway,0x89c2f6028c7a548f:0x22b898fef6846b75,,40.7902976,-73.9452355,7,6,0,,3.5,83,6,6,75,East Harlem South,373.3333333333333,30.98666666666667,2.5,0.6,0.4,186
148,41148214,P.J. CLARKE'S ON THE HUDSON,"4 WORLD FINANCIAL CENTER, MANHATTAN, NY 10281",P.J. Clarke's On The Hudson,0x89c25a1b0cd3c8cb:0xe29a00ff230959b8,,40.7137112,-74.0162387,7,6,0,People typically spend 20 min to 2.5 hr here,4.2,3335,6,6,13,Battery Park City,6946.930000000001,416.8158000000001,1.2,0.2,0.8,20
149,41155290,CHIPOTLE MEXICAN GRILL,"620 9 AVENUE, MANHATTAN, NY 10036",Chipotle Mexican Grill,0x89c25853b3650447:0x667fb40788decfd8,,40.759531,-73.991542,7,6,0,People typically spend 15-45 min here,3.4,1120,6,6,48,Clinton East,3084.0,206.628,1.8,0.4,0.6,130
150,41159246,DUBLIN HOUSE,"225 WEST   79 STREET, MANHATTAN, NY 10024",Dublin House,0x89c2588885578033:0xeecf2af2e82b67f1,,40.783842,-73.9792219,7,6,0,,4.3,365,6,6,239,Upper West Side South,880.0,48.4,1.0,0.1,0.9,75
151,41160885,HOP LEE RESTAURANT,"16 MOTT STREET, MANHATTAN, NY 10013",Hop Lee,0x89c25a26ec4619e3:0xcd95097373f57908,,40.714271,-73.9986282,1,6,0,People typically spend 45 min to 2 hr here,4.3,694,0,6,45,Chinatown,200.0,12.0,1.2,0.3,0.7,27
152,41164472,RESTAURANTE ECUATORIANO GENESIS,"538 WEST  207 STREET, MANHATTAN, NY 10034",Restaurante Ecuatoriano Genesis,0x89c2f3f63fb9c345:0x8af81ccfc3165ded,,40.8655556,-73.92,7,6,0,People typically spend 25 min to 1.5 hr here,4.4,830,6,6,127,Inwood,3750.0,225.0,1.2,0.2,0.8,16
153,41166881,5 ESTRELLA BAKERY,"3861 BROADWAY, MANHATTAN, NY 10032",5 Estrellas Bakery Corporation,0x89c2f68493604dad:0xef0f30e368780ae0,,40.83683,-73.943225,7,5,0,People typically spend 20 min here,4.3,436,6,6,244,Washington Heights South,3067.5,254.6025,3.0,0.7,0.3,95
154,41171815,G'S CANDY STORE COFFEE SHOP,"634 WEST  207 STREET, MANHATTAN, NY 10034",G's Coffee Shop,0x89c2f3f71f2cf50b:0x37b8bc032e81a3fc,,40.8683421,-73.9218655,7,6,0,People typically spend 25 min here,4.8,252,6,6,127,Inwood,2000.0,120.0,1.2,0.2,0.8,16
155,41172507,CARVE UNIQUE SANDWICHES,"760 8 AVENUE, MANHATTAN, NY 10036",Carve: Unique Sandwiches & Pizza,0x89c2585422e78cd3:0x590828f432d029ca,,40.7602729,-73.9873322,7,5,0,People typically spend 20 min to 1 hr here,4.4,1510,6,6,230,Times Sq/Theatre District,255.2083333333333,21.18229166666667,2.5,0.6,0.4,112
156,41172734,JUNIOR'S,"1515 BROADWAY, MANHATTAN, NY 10036",Junior's Restaurant & Bakery,0x89c258545813c6bf:0x8ee1343834123591,,40.7583331,-73.98663669999999,7,6,0,People typically spend 45 min to 2.5 hr here,4.4,15636,6,6,230,Times Sq/Theatre District,1190.0,71.39999999999999,1.2,0.2,0.8,118
157,41176172,GENNARO,"665 AMSTERDAM AVENUE, MANHATTAN, NY 10025",Gennaro Restaurant,0x89c25882b7f99781:0xf6c223f5dc883013,,40.7918526,-73.9717536,4,6,0,People typically spend 1.5-4 hours here,4.4,514,3,6,238,Upper West Side North,1074.975,59.123625,1.0,0.1,0.9,81
158,41180283,STARBUCKS,"655 LEXINGTON AVENUE, MANHATTAN, NY 10022",Starbucks Coffee Company,0x89c258e4c086c181:0x4984588fde9f50f5,,40.75944,-73.96997,7,4,0,People typically spend 20 min to 1 hr here,4.0,554,6,6,162,Midtown East,2109.6,175.0968,3.0,0.7,0.3,141
159,41183237,809 GRILL & BAR RESTAURANT,"112 DYCKMAN STREET, MANHATTAN, NY 10040",809,0x89c2f4063bb74f63:0xc7172a09d4715208,,40.8620411,-73.9252154,7,6,0,People typically spend 20 min to 2.5 hr here,4.3,795,6,6,243,Washington Heights North,1536.0,92.16,1.2,0.2,0.8,24
160,41193019,CERTE CATERING,"20 WEST   55 STREET, MANHATTAN, NY 10019",Certé,0x89c258e4de9fef33:0xb2ceb42f0e02a7e8,,40.7619634,-73.97616839999999,1,5,0,,4.5,439,0,6,161,Midtown Center,1594.75,95.685,1.2,0.2,0.8,273
161,41199571,BAR BELLY,"14B ORCHARD STREET, MANHATTAN, NY 10002",Bar Belly,0x89c25a29b5a73de5:0x13a3b71184089c66,,40.7151381,-73.9916374,7,6,0,,4.5,784,6,6,148,Lower East Side,265.6,13.28,0.8,0.05,0.95,43
162,41200490,THE GAF WEST,"401 WEST   48 STREET, MANHATTAN, NY 10036",The Gaf West,0x89c258513fb3e961:0xb4ba725188dc5d61,,40.7625306,-73.9902192,7,6,0,People typically spend 1-3.5 hours here,4.6,340,6,6,48,Clinton East,640.0,35.2,1.0,0.1,0.9,130
163,41204508,CAFE CLUNY,"284 WEST   12 STREET, MANHATTAN, NY 10014",Cafe Cluny,0x89c2599576dc63fd:0x9a0ddffeb488f4ea,,40.7374114,-74.0039633,7,6,0,People typically spend 1-4 hours here,4.4,1405,6,6,249,West Village,504.4,25.22,0.8,0.05,0.95,30
164,41211622,MCDONALD'S,"2726 BROADWAY, MANHATTAN, NY 10025",McDonald's,0x89c2f6286b142f4f:0x84907467360a2195,,40.8000122,-73.9678344,7,4,12,People typically spend 10-45 min here,3.4,1567,6,6,151,Manhattan Valley,2029.5,168.4485,2.5,0.6,0.4,102
165,41214353,STANDINGS,"43 EAST    7 STREET, MANHATTAN, NY 10003",Standings,0x89c2599c84e9732d:0x94129b2c80a75935,,40.7283142,-73.988579,7,6,0,,4.6,157,6,6,79,East Village,770.0,46.2,1.2,0.2,0.8,63
166,41215734,GYU-KAKU,"805 3 AVENUE, MANHATTAN, NY 10022",Gyu-Kaku Japanese BBQ,0x89c258e2d38d39b3:0xf65fbab30dc2e593,,40.7555178,-73.9704168,7,6,0,People typically spend 1-2.5 hours here,4.5,3666,6,6,229,Sutton Place/Turtle Bay North,8000.0,440.0,1.0,0.15,0.85,48
167,41217083,11 STREET CAFE,"327 WEST   11 STREET, MANHATTAN, NY 10014",11th Street Cafe,0x89c259eb3b157253:0x784e9012ae96a8c7,,40.7357544,-74.0075135,7,6,0,People typically spend 30 min to 4 hr here,4.5,382,6,6,158,Meatpacking/West Village West,440.0,36.52,3.0,0.7,0.3,21
168,41217775,S. WAN CAFE,"85 ELDRIDGE STREET, MANHATTAN, NY 10002",S Wan Cafe,0x89c2598788ad50bd:0xaf697ef97ce2290b,,40.7173167,-73.9926444,1,6,0,People typically spend 30 min here,4.5,371,0,6,148,Lower East Side,1600.0,96.0,1.2,0.3,0.7,27
169,41218950,GREENWICH TREEHOUSE,"46 GREENWICH AVENUE, MANHATTAN, NY 10011",Greenwich Treehouse,0x89c259967eb7ffc1:0xc4334f9de66f37da,,40.7355824,-74.0003598,7,6,0,People typically spend 45 min to 3.5 hr here,4.1,480,6,6,249,West Village,613.3333333333334,36.8,1.2,0.2,0.8,30
170,41219092,5TH & MAD,"7 EAST   36 STREET, MANHATTAN, NY 10016",5th&Mad,0x89c259a9e2ba4319:0x9da63684fee39ff7,,40.7496003,-73.98288889999999,1,6,0,People typically spend 2-4 hours here,4.0,853,0,6,170,Murray Hill,6134.3,337.3865,1.0,0.1,0.9,238
171,41221138,DOUBLE DOWN SALOON,"14 AVENUE A, MANHATTAN, NY 10009",Double Down Saloon,0x89c259824c609845:0x5cb63771a05594e5,,40.722516,-73.98574099999999,7,6,0,People typically spend 1-3 hours here,4.3,624,6,6,79,East Village,3052.8,183.168,1.2,0.2,0.8,63
172,41223492,THE PERFECT PINT,"123 WEST   45 STREET, MANHATTAN, NY 10036",The Perfect Pint,0x89c258556e2a2f21:0x550eba4ee9c3c415,,40.7574092,-73.9837409,7,6,0,,4.4,2024,6,6,230,Times Sq/Theatre District,1600.0,88.0,1.0,0.1,0.9,118
173,41233476,BOQUERIA,"53 WEST   19 STREET, MANHATTAN, NY 10011",Boqueria Flatiron,0x89c259a3394f9953:0x8c12ea62ff858b72,,40.7402389,-73.9937667,7,6,0,People typically spend 1-2.5 hours here,4.6,2940,6,6,234,Union Sq,1029.2,56.606,0.9,0.1,0.9,50
174,41235305,DA GENNARO,"129 MULBERRY STREET, MANHATTAN, NY 10013",Da Gennaro,0x89c25989d20b2069:0x45bf2010778942f,,40.7183616,-73.99795189999999,7,6,0,People typically spend 1-4 hours here,4.5,6810,6,6,144,Little Italy/NoLiTa,1340.0,73.7,1.0,0.1,0.9,16
175,41235443,NIZZA,"628 9 AVENUE, MANHATTAN, NY 10036",Nizza,0x89c2590b94a3ef6f:0xf2489a3df4df9c62,,40.759987,-73.9912338,7,6,0,People typically spend 1-2 hours here,4.7,2139,6,6,48,Clinton East,800.0,44.0,1.0,0.1,0.9,130
176,41243023,SHUKA,"38 MACDOUGAL STREET, MANHATTAN, NY 10012",Shuka,0x89c2598d97dcd6dd:0xb97a39d45e2be2a2,,40.7270639,-74.0027877,7,6,0,People typically spend 1-4 hours here,4.7,4458,6,6,211,SoHo,1000.0,60.0,1.2,0.2,0.8,26
177,41243427,DUNKIN',"240 WEST   40 STREET, MANHATTAN, NY 10018",Dunkin',0x89c259aca56cba89:0x1af6b7ba946c123c,,40.75534,-73.98954499999999,7,5,0,People typically spend 20 min to 1.5 hr here,4.1,453,6,6,100,Garment District,768.15,63.75645,3.0,0.8,0.1999999999999999,63
178,41246951,P.J. CLARKE'S,"44 WEST   63 STREET, MANHATTAN, NY 10023",P.J. Clarke's Lincoln Square,0x89c258f5922d74b9:0xee57658d4a61b935,,40.7715018,-73.98286329999999,7,6,0,People typically spend 1-4 hours here,4.2,2184,6,6,142,Lincoln Square East,740.6999999999999,44.44199999999999,1.2,0.2,0.8,99
179,41249648,TOMI JAZZ,"239 EAST   53 STREET, MANHATTAN, NY 10022",Tomi Jazz,0x89c258e39ba7c455:0x54f3dcc370af689c,,40.7571749,-73.9678057,7,6,0,People typically spend 1.5-3 hours here,4.5,2232,6,6,229,Sutton Place/Turtle Bay North,262.4,14.432,1.0,0.15,0.85,48
180,41254923,AYZA CAFE & WINE BAR,"11 WEST   31 STREET, MANHATTAN, NY 10001",Ayza Wine & Chocolate Bar,0x89c259a892cb0e37:0x3bf110f98c31d3c0,,40.7470962,-73.9869045,7,6,0,People typically spend 25 min to 2.5 hr here,4.5,2227,6,6,164,Midtown South,8000.0,480.0,1.2,0.2,0.8,49
181,41259632,CHIPOTLE MEXICAN GRILL,"100 MAIDEN LANE, MANHATTAN, NY 10038",Chipotle Mexican Grill,0x89c25a17d3c31af7:0x2d24bba15f095160,,40.7067254,-74.00693509999999,7,6,0,People typically spend 20 min to 4 hr here,3.9,882,6,6,87,Financial District North,1353.84,90.70728,1.8,0.4,0.6,29
182,41273144,LA COLOMBE TORREFACTION,"319 CHURCH STREET, MANHATTAN, NY 10013",La Colombe Coffee Workshop,0x89c2598af46f6a3d:0xba8536e0a8d3efc8,,40.7198829,-74.0038136,7,6,0,People typically spend 30 min to 4 hr here,4.4,618,6,6,231,TriBeCa/Civic Center,1463.2,121.4456,3.0,0.7,0.3,50
183,41277471,STARBUCKS COFFEE,"315 7 AVENUE, MANHATTAN, NY 10001",Starbucks Coffee Company,0x89c259aff4a8d7f5:0x83e60a825c785605,,40.74697,-73.99332,7,4,0,People typically spend 25 min to 4 hr here,3.9,703,6,6,186,Penn Station/Madison Sq West,863.8333333333334,71.69816666666668,3.0,0.7,0.3,216
184,41280221,WOORIJIP,"12 WEST   32 STREET, MANHATTAN, NY 10001",Woorijip,0x89c259a8f1bef1cd:0x7205b1a9e0c152e4,,40.7474051,-73.98656869999999,1,6,0,People typically spend 15-45 min here,4.5,3055,0,6,164,Midtown South,1632.15,89.76825000000001,1.0,0.15,0.85,114
185,41282506,MAGNOLIA BAKERY,"200 COLUMBUS AVENUE, MANHATTAN, NY 10023",Magnolia Bakery - Upper West Side,0x89c2588adfda72fd:0xc58fe7653c5da782,,40.7756833,-73.9803361,7,6,0,People typically spend 10-45 min here,4.3,3340,6,6,142,Lincoln Square East,880.0,73.04,3.0,0.7,0.3,99
186,41289258,PATRON MEXICAN GRILL,"608 9 AVENUE, MANHATTAN, NY 10036",Patron Mexican Grill,0x89c25853ad2af86f:0xe5b40908006cd911,,40.7592483,-73.991784,7,6,0,People typically spend 1-4 hours here,4.4,1604,6,6,48,Clinton East,378.1333333333334,25.33493333333334,1.8,0.4,0.6,130
187,41291910,FIVE GUYS FAMOUS BURGERS AND FRIES,"43 WEST   55 STREET, MANHATTAN, NY 10019",Five Guys,0x89c258fa26aabefd:0x47196a17525231ed,,40.762546,-73.976704,7,6,0,People typically spend 20 min to 1 hr here,4.2,3395,6,6,161,Midtown Center,200.0,16.6,2.5,0.6,0.4,88
188,41293936,MOMOFUKU NOODLE BAR,"171 1 AVENUE, MANHATTAN, NY 10003",Momofuku Noodle Bar,0x89c25983fc377491:0x37263a6ebc19be13,,40.7292083,-73.984415,7,6,0,People typically spend 45 min to 2 hr here,4.5,5343,6,6,79,East Village,460.8,27.648,1.1,0.2,0.8,63
189,41298603,THE SMITH,"55 3 AVENUE, MANHATTAN, NY 10003",The Smith,0x89c2599c01bd7a71:0x4866a7e166969e67,,40.7310104,-73.98858129999999,7,6,0,People typically spend 1-3 hours here,4.4,2904,6,6,79,East Village,639.66,38.3796,1.2,0.2,0.8,63
190,41299922,SEDUTTO,"1498 1 AVENUE, MANHATTAN, NY 10075",Sedutto,0x89c258b8b635087f:0xabf8d182e114b691,,40.7717282,-73.95293079999999,7,6,0,,4.5,304,6,6,140,Lenox Hill East,777.5,64.5325,3.0,0.8,0.1999999999999999,218
191,41304636,NIALL'S ON 52ND,"218 EAST   52 STREET, MANHATTAN, NY 10022",Niall's on 52nd,0x89c258e30d9a82b7:0xeb61c3ed0186d421,,40.7566028,-73.96907689999999,7,6,0,People typically spend 1-3.5 hours here,4.3,553,6,6,229,Sutton Place/Turtle Bay North,1008.0,55.44,1.0,0.1,0.9,48
192,41312044,IGGY'S,"132 LUDLOW STREET, MANHATTAN, NY 10002",Iggy's Keltic Lounge,0x89c2598149c50d45:0xb93e077857c030d8,,40.7202778,-73.9880556,7,6,0,,4.3,459,6,6,148,Lower East Side,792.0,47.52,1.2,0.2,0.8,43
193,41312223,FRESH & CO,"200 WEST   57 STREET, MANHATTAN, NY 10019",fresh&co,0x89c258f777ae06e9:0x980ee8cea7582104,,40.7654918,-73.98041239999999,7,6,0,,4.2,517,6,6,163,Midtown North,2079.7,124.782,1.2,0.2,0.8,74
194,41314548,THINK COFFEE,"1 BLEECKER STREET, MANHATTAN, NY 10012",Think Coffee,0x89c25985202ef3e9:0x69c533933d889312,,40.7254162,-73.9924344,7,6,0,People typically spend 25 min to 1.5 hr here,4.0,602,6,6,114,Greenwich Village South,1715.5,142.3865,3.0,0.7,0.3,15
195,41315226,CHOP'T,"145 WEST   51 STREET, MANHATTAN, NY 10019",Chopt Creative Salad Co.,0x89c258f8ea2bc587:0xf39c33e6170915fa,,40.7611616,-73.98109769999999,1,6,0,,4.8,1607,0,6,230,Times Sq/Theatre District,8000.0,664.0,2.5,0.6,0.4,523
196,41319437,IL CORSO RISTORANTE ITALIANO,"54 WEST   55 STREET, MANHATTAN, NY 10019",Il Corso,0x89c258fa485cadb1:0x26b5c3c991b3cdda,,40.7624381,-73.9772014,7,6,0,People typically spend 30 min to 3 hr here,4.6,1096,6,6,161,Midtown Center,887.75,48.82625,1.0,0.1,0.9,88
197,41322735,THE TEN BELLS,"247 BROOME STREET, MANHATTAN, NY 10002",The Ten Bells,0x89c25987389ae03d:0xf9cfb6586afabd5e,,40.7178285,-73.9898524,7,6,0,People typically spend 45 min to 2.5 hr here,4.4,865,6,6,148,Lower East Side,400.4,20.02,0.8,0.05,0.95,43
198,41325319,CHIPOTLE MEXICAN GRILL,"269 AMSTERDAM AVENUE, MANHATTAN, NY 10023",Chipotle Mexican Grill,0x89c2588a3cba8415:0x4b63225623c27d9e,,40.7788341,-73.9812233,7,6,0,People typically spend 25 min to 4 hr here,3.6,1110,6,6,142,Lincoln Square East,4500.0,301.5,1.8,0.4,0.6,99
199,41331777,STARBUCKS COFFEE,"2195 FREDERICK DOUGLAS BOULEVARD, MANHATTAN, NY 10026",Starbucks Coffee Company,0x89c2f6141a8dea25:0x5fdc92d7527fe74a,,40.80591,-73.95448999999999,7,4,0,People typically spend 10 min to 1 hr here,4.0,483,6,6,41,Central Harlem,2104.65,174.68595,3.0,0.7,0.3,138
200,41333188,VIVI BUBBLE TEA,"49 BAYARD STREET, MANHATTAN, NY 10013",ViVi Bubble Tea,0x89c25a265523b18f:0xec1905717398c82b,,40.715193,-73.9974917,7,6,0,,4.1,443,6,6,45,Chinatown,666.9333333333334,55.35546666666667,3.0,0.7,0.3,14
201,41345732,JOE COFFEE,"405 WEST   23 STREET, MANHATTAN, NY 10011",Joe Coffee Company: Chelsea,0x89c259b9ec8df3b3:0xbabc9e1a561aa098,,40.746821,-74.0014743,7,6,0,,4.3,307,6,6,68,East Chelsea,1176.0,97.608,3.0,0.7,0.3,303
202,41350747,CHIPOTLE MEXICAN GRILL,"320 PARK AVENUE, MANHATTAN, NY 10022",Chipotle Mexican Grill,0x89c258fc5f35332d:0xa929f87fbe861d45,,40.7575126,-73.97450719999999,7,6,0,People typically spend 25 min to 1.5 hr here,4.0,704,6,6,161,Midtown Center,6564.360000000001,439.8121200000001,1.8,0.4,0.6,88
203,41351011,CABRINI 181,"854 WEST  181 STREET, MANHATTAN, NY 10033",181 Cabrini,0x89c2f6a1145b0291:0x857b31b51e716e82,,40.8511718,-73.9401541,7,6,0,People typically spend 1-3 hours here,4.3,504,6,6,244,Washington Heights South,1200.0,72.0,1.2,0.2,0.8,149
204,41353386,BAR VELOCE,"146 WEST HOUSTON STREET, MANHATTAN, NY 10012",Bar Veloce,0x89c25970dad43721:0x6d4eacfa4d30ddbf,,40.7281815,-74.0018494,7,6,0,People typically spend 30 min to 1.5 hr here,4.4,79,6,6,114,Greenwich Village South,500.0,27.5,1.0,0.1,0.9,15
205,41353418,DUNKIN,"666 5 AVENUE, MANHATTAN, NY 10103",Dunkin',0x89c258fe150742bd:0x35e3002538b16d5a,,40.7605248,-73.9769049,7,6,0,,3.7,97,6,6,161,Midtown Center,8000.0,664.0,3.0,0.8,0.1999999999999999,88
206,41363485,LEO'S BAGELS,"3 HANOVER SQUARE, MANHATTAN, NY 10004",Leo's Bagels,0x89c25a16811c3d49:0x9d94f27d104bc465,,40.7049369,-74.0097345,7,6,0,People typically spend 10 min to 2 hr here,4.3,2764,6,6,87,Financial District North,825.0,68.47500000000001,3.0,0.8,0.1999999999999999,29
207,41372877,ZINC,"82 WEST    3 STREET, MANHATTAN, NY 10012",Zinc Bar,0x89c25991a249ba2d:0xbbc4c6c1741aa22e,,40.7296714,-73.9989913,7,6,0,People typically spend 1.5-4 hours here,4.4,886,6,6,114,Greenwich Village South,1481.25,88.875,1.2,0.2,0.8,15
208,41378724,SCHNIPPER'S QUALITY KITCHEN,"620 8 AVENUE, MANHATTAN, NY 10018",Schnipper's,0x89c258534ad1dec7:0xf33ff41722fc7351,,40.7563207,-73.989926,7,6,0,People typically spend 45 min here,4.2,4115,6,6,100,Garment District,200.0,16.6,2.5,0.6,0.4,73
209,41379121,EDISON BALLROOM,"240 WEST   47 STREET, MANHATTAN, NY 10036",The Edison Ballroom,0x89c25855cdad08c7:0xf742c6930ebf70d1,,40.7598114,-73.9863573,7,6,0,,4.5,258,6,6,230,Times Sq/Theatre District,5989.875,359.3925,1.1,0.2,0.8,118
210,41381168,SPUNTO,"65 CARMINE STREET, MANHATTAN, NY 10014",Spunto NYC Thin Crust Pizza,0x89c25992eca1c539:0xf19b9ca572183715,,40.7233016,-73.9926892,7,6,0,,4.5,548,6,6,249,West Village,449.28,30.10176,1.8,0.5,0.5,30
211,41382830,THE PERFECT PINT,"203 EAST   45 STREET, MANHATTAN, NY 10017",The Perfect Pint,0x89c25902bdda2937:0x54d44e9e3b579569,,40.7526989,-73.9725036,7,6,0,People typically spend 45 min to 2.5 hr here,4.3,1584,6,6,233,UN/Turtle Bay South,1080.0,59.4,1.0,0.1,0.9,73
212,41383548,BOQUERIA,"171 SPRING STREET, MANHATTAN, NY 10012",Boqueria Soho,0x89c2598c4778dd03:0xde2dd716a986f7cd,,40.7249228,-74.00215539999999,7,6,0,People typically spend 1-2.5 hours here,4.6,3992,6,6,211,SoHo,2009.0,110.495,0.9,0.1,0.9,26
213,41387356,DUNKIN,"3936 10 AVENUE, MANHATTAN, NY 10034",Dunkin',0x89c2f3f5d74be6e5:0x5094c367faaeca73,,40.8661389,-73.91825349999999,7,4,38,People typically spend 10 min here,4.0,250,6,6,127,Inwood,288.0,23.904,3.0,0.8,0.1999999999999999,49
214,41388576,MAMA'S PIZZA,"705 8 AVENUE, MANHATTAN, NY 10036",Mamas pizza,0x89c2585478e06c9f:0x37ab6a95b31c4750,,40.7589911,-73.9888232,7,6,0,,4.3,520,6,6,48,Clinton East,6075.0,407.025,1.8,0.5,0.5,130
215,41391103,DUNKIN,"30 ROCKEFELLER PLAZA, MANHATTAN, NY 10112",Dunkin',0x89c258561ee4416b:0x29834ec6c1329a9a,,40.7593755,-73.9799726,7,4,53,,3.9,542,6,6,161,Midtown Center,425.9953125,35.35761093750001,3.0,0.8,0.1999999999999999,89
216,41394943,STARBUCKS,"110 CHURCH STREET, MANHATTAN, NY 10007",Starbucks Coffee Company,0x89c25a18d747e017:0x1e86ac81e74b12fb,,40.71378,-74.00912,7,4,0,People typically spend 20 min to 1 hr here,3.7,597,6,6,231,TriBeCa/Civic Center,3825.0,317.475,3.0,0.7,0.3,191
217,41401638,MADISON RESTAURANT,"965 1 AVENUE, MANHATTAN, NY 10022",Madison,0x89c258e166b3c65d:0xa19c7c3ccb2fffc4,,40.7559472,-73.9649889,7,5,0,People typically spend 45 min to 4 hr here,4.1,680,6,6,229,Sutton Place/Turtle Bay North,571.8333333333334,34.31,1.2,0.2,0.8,78
218,41401730,MERCATO,"352 WEST   39 STREET, MANHATTAN, NY 10018",Mercato,0x89c259ad4c001f69:0xec40e50f45180ff3,,40.7562838,-73.9936539,7,6,0,People typically spend 1.5-3 hours here,4.3,1846,6,6,48,Clinton East,4683.05,257.56775,1.0,0.1,0.9,130
219,41405007,THE CAPITAL GRILLE,"120 WEST   51 STREET, MANHATTAN, NY 10019",The Capital Grille,0x89c258f8c2250491:0xec7dea5e83e86ad4,,40.760861,-73.98105699999999,7,6,0,People typically spend 1-4 hours here,4.6,1681,6,6,230,Times Sq/Theatre District,8000.0,480.0,1.2,0.2,0.8,118
220,41414572,REFRIED BEANS,"591 FORT WASHINGTON AVENUE, MANHATTAN, NY 10033",Refried Beans,0x89c2f6a7996f955d:0x78be3e48c69fc569,,40.8550325,-73.93727679999999,7,6,0,People typically spend 1-4 hours here,4.6,927,6,6,243,Washington Heights North,2094.75,140.34825,1.8,0.4,0.6,24
221,41416092,GUADALUPE BAR AND GRILL,"597 WEST  207 STREET, MANHATTAN, NY 10034",Guadalupe Restaurant,0x89c2f3f6f8e1e6bf:0xb65c91d2837f04f8,,40.8673791,-73.9206974,7,6,0,People typically spend 1.5-3.5 hours here,4.4,1621,6,6,127,Inwood,2400.0,160.8,1.8,0.4,0.6,16
222,41418978,BAGEL EXPRESS III,"340 3 AVENUE, MANHATTAN, NY 10010",Bagel Express 3,0x89c25909f853004f:0x8be455ac37f3c291,,40.7403718,-73.9822989,7,5,0,,4.0,278,6,6,107,Gramercy,960.0,79.68,3.0,0.8,0.1999999999999999,64
223,41422201,SLATE,"54 WEST   21 STREET, MANHATTAN, NY 10010",Slate,0x89c259a366f69a49:0x241a96d48160cf37,,40.7412155,-73.9931854,7,6,0,People typically spend 1.5-4 hours here,4.0,3654,6,6,234,Union Sq,8000.0,480.0,1.2,0.2,0.8,50
224,41429791,RASPBERRY DELI & GROCERY,"2127 2 AVENUE, MANHATTAN, NY 10029",Raspberry Deli Grocery,0x89c2f6014516b9b3:0xc980350fa69ee06d,,40.7928713,-73.94101979999999,7,5,0,,4.6,99,6,6,74,East Harlem North,720.0,59.76000000000001,2.5,0.6,0.4,103
225,41431868,SHANGHAI CHINESE RESTAURANT,"1388 2 AVENUE, MANHATTAN, NY 10021",Shanghai,0x89c258c1cf7cd12f:0x96bd82bbcde88b12,,40.7683119,-73.9584041,7,6,0,People typically spend 10 min to 2 hr here,4.0,248,6,6,141,Lenox Hill West,760.0,45.6,1.2,0.3,0.7,83
226,41446057,ROBERT,"2 COLUMBUS CIRCLE, MANHATTAN, NY 10019",ROBERT,0x89c258f6339d1b6f:0x311bbfaf5cf09635,,40.767438,-73.9819871,7,6,0,People typically spend 1-3.5 hours here,4.5,1981,6,6,142,Lincoln Square East,480.5833333333333,24.02916666666667,0.8,0.05,0.95,99
227,41448576,PYRAMID COFFEE COMPANY,"535 EAST   70 STREET, MANHATTAN, NY 10021",The Coffee Inn,0x89c258c17790eed9:0x66c6334e9848f607,,40.7667216,-73.9564252,7,5,0,People typically spend 25 min to 1.5 hr here,4.2,278,6,6,140,Lenox Hill East,8000.0,664.0,3.0,0.7,0.3,76
228,41448651,AMITY HALL,"80 WEST    3 STREET, MANHATTAN, NY 10012",Amity Hall Downtown,0x89c25991a3a190d5:0x27aab23b462c91ff,,40.7297225,-73.998874,7,6,0,People typically spend 1.5-3.5 hours here,4.2,719,6,6,114,Greenwich Village South,1481.25,88.875,1.2,0.2,0.8,15
229,41448719,GOLDMAN SACHS,"200 WEST STREET, MANHATTAN, NY 10282",Goldman Sachs Headquarters,0x89c25982721efacf:0x36fb55be4e16cac4,,40.714901,-74.01426,1,6,0,People typically spend 4 hours here,3.4,227,0,6,13,Battery Park City,3552.83125,213.169875,1.2,0.2,0.8,121
230,41452375,OFRENDA,"113 7 AVENUE SOUTH, MANHATTAN, NY 10014",Ofrenda,0x89c259946db4eaff:0x2a7dda9d042e09aa,,40.7339364,-74.0023856,7,6,0,People typically spend 1-4 hours here,4.5,1272,6,6,249,West Village,754.0,50.518,1.8,0.4,0.6,30
231,41453205,THE GREY DOG,"242 WEST   16 STREET, MANHATTAN, NY 10011",The Grey Dog - Chelsea,0x89c259be81f8a8f9:0x8dc0415a726fcddf,,40.740568,-74.0006971,7,6,0,People typically spend 45 min to 2 hr here,4.5,2405,6,6,90,Flatiron,2347.2,140.832,1.2,0.2,0.8,31
232,41459743,EVERYDAY GOURMET DELI,"369 LEXINGTON AVENUE, MANHATTAN, NY 10017",Everyday Gourmet Deli,0x89c25903dc8f0e99:0x683ddb8364ad394f,,40.7506317,-73.9764462,7,4,12,People typically spend 15 min to 4 hr here,3.9,659,6,6,170,Murray Hill,658.8166666666667,39.529,1.2,0.2,0.8,299
233,41462643,OBAO,"222 EAST   53 STREET, MANHATTAN, NY 10022",OBAO | Midtown Thai & Vietnamese Restaurant,0x89c258e376941193:0xd56b7b64f6ed5dac,,40.7571491,-73.96854809999999,7,6,0,People typically spend 45 min to 4 hr here,4.8,5404,6,6,229,Sutton Place/Turtle Bay North,573.3333333333334,31.53333333333333,1.0,0.15,0.85,48
234,41466316,OLIO E PIU,"3 GREENWICH AVENUE, MANHATTAN, NY 10014",OLIO E PIÙ,0x89c25996bd0915fd:0x294a27aedc2f4135,,40.7338208,-73.99979309999999,7,6,0,People typically spend 1-2.5 hours here,4.7,11567,6,6,249,West Village,2784.6,153.153,1.0,0.1,0.9,30
235,41475632,NOCHE MEXICANA II,"842 AMSTERDAM AVENUE, MANHATTAN, NY 10025",Noche Mexicana,0x89c2f6242954b48f:0xcb05e9fdbfaa7647,,40.7974295,-73.9681429,7,6,0,People typically spend 45 min to 1.5 hr here,4.1,450,6,6,151,Manhattan Valley,800.0,53.6,1.8,0.4,0.6,38
236,41479303,GOTHAM PIZZA,"1667 1 AVENUE, MANHATTAN, NY 10028",Gotham Pizza,0x89c258ba8a955c7d:0xd0e8bc757aa2ab39,,40.7775504,-73.94914299999999,7,6,0,,3.9,212,6,6,263,Yorkville West,1280.0,85.76,1.8,0.5,0.5,73
237,41481494,JACK STUDIOS,"601 WEST   26 STREET, MANHATTAN, NY 10001",JACK Studios,0x89c259c9d43b956b:0xd304ec2dbcd5d027,,40.751664,-74.00648249999999,7,4,64,,4.7,381,6,6,246,West Chelsea/Hudson Yards,802.0875,66.5732625,3.0,0.8,0.1999999999999999,156
238,41484499,FIAT CAFE,"203 MOTT STREET, MANHATTAN, NY 10012",Fiat Cafe,0x89c25988bb792f17:0x74a7014ab152dc96,,40.7214311,-73.9956551,7,6,0,People typically spend 30 min to 4 hr here,4.4,1258,6,6,144,Little Italy/NoLiTa,532.0,29.26,1.0,0.1,0.9,16
239,41486672,CHIPOTLE MEXICAN GRILL,"101 FULTON STREET, MANHATTAN, NY 10038",Chipotle Mexican Grill,0x89c25a22a7fa4017:0x5fc3f9ab2d9d9aee,,40.7097535,-74.0064426,7,6,0,People typically spend 20 min to 3.5 hr here,3.8,1325,6,6,209,Seaport,440.0,29.48,1.8,0.4,0.6,14
240,41489751,HUDSON CLEARWATER,"447 HUDSON STREET, MANHATTAN, NY 10014",Hudson Clearwater,0x89c259ed295c631d:0x254123e7b30e18cc,,40.7311111,-74.0069444,7,6,0,People typically spend 30 min to 2.5 hr here,4.4,1222,6,6,158,Meatpacking/West Village West,440.0,22.0,0.8,0.05,0.95,21
241,41489806,MASALA TIMES,"194 BLEECKER STREET, MANHATTAN, NY 10012",Masala Times,0x89c2599216239655:0x623c66fcbc615618,,40.7292625,-74.0015657,7,6,0,People typically spend 30 min to 1.5 hr here,4.6,1801,6,6,114,Greenwich Village South,600.0,33.0,1.0,0.15,0.85,15
242,41497832,INWOOD LOCAL WINE BAR & BEER GARDEN,"4957 BROADWAY, MANHATTAN, NY 10034",Inwood Local Wine Bar & Beer Garden,0x89c2f3f6f025574f:0xc643217d689593bd,,40.8681414,-73.9206706,7,6,0,People typically spend 1.5-3 hours here,4.5,248,6,6,127,Inwood,680.0,40.8,1.2,0.2,0.8,16
243,41503575,YUMMY THAI,"4959 BROADWAY, MANHATTAN, NY 10034",Yummy Thai,0x89c2f3f6e60df017:0x66d854bb1798cf6d,,40.8680872,-73.92059549999999,7,6,0,People typically spend 45 min to 2 hr here,4.3,766,6,6,127,Inwood,680.0,37.4,1.0,0.15,0.85,16
244,41509061,THE JUNCTION,"329 LEXINGTON AVENUE, MANHATTAN, NY 10016",The Junction,0x89c25906ab200fbb:0xc82b3e8ca111899,,40.749271,-73.977374,7,6,0,People typically spend 30 min to 2.5 hr here,4.5,813,6,6,170,Murray Hill,662.4000000000001,39.74400000000001,1.2,0.2,0.8,92
245,41509130,3 SHEETS SALOON,"134 WEST    3 STREET, MANHATTAN, NY 10012",3 Sheets,0x89c25993d4053ebf:0x96c6b0a857f4ef37,,40.7306537,-74.00101579999999,7,6,0,People typically spend 1-3 hours here,4.3,1367,6,6,114,Greenwich Village South,1952.0,117.12,1.2,0.2,0.8,15
246,41511427,CULTURE ESPRESSO,"72 WEST   38 STREET, MANHATTAN, NY 10018",Culture Espresso,0x89c259aa4c38ca75:0x88ca3d6ff537d876,,40.7520746,-73.9857387,7,6,0,People typically spend 15 min to 2 hr here,4.6,2422,6,6,164,Midtown South,6000.0,498.0,3.0,0.7,0.3,49
247,41513849,GRAND GREAT WALL RESTAURANT INC,"1588 AMSTERDAM AVENUE, MANHATTAN, NY 10031",Grand Great Wall,0x89c2f665a7418d07:0x93c59eb53f325169,,40.8212584,-73.9507996,7,6,0,,3.8,133,6,6,116,Hamilton Heights,535.0,32.1,1.2,0.3,0.7,42
248,41520417,INDUSTRY,"355 WEST   52 STREET, MANHATTAN, NY 10019",Industry Bar,0x89c2585712a899b3:0xf01578b4e72ee951,,40.7644059,-73.9869612,7,6,0,People typically spend 45 min to 2.5 hr here,3.5,564,6,6,48,Clinton East,1600.0,96.0,1.2,0.2,0.8,130
249,41525379,BAR ITALIA,"768 MADISON AVENUE, MANHATTAN, NY 10065",Bar Italia,0x89c258edd564af09:0xcf3b571d0cf15e21,,40.7679667,-73.9686296,7,6,0,People typically spend 1.5-4 hours here,4.3,518,6,6,237,Upper East Side South,2080.0,114.4,1.0,0.1,0.9,131
250,41530103,BANGKOK 2 THAI,"349 1 AVENUE, MANHATTAN, NY 10010",Bangkok 2 Thai,0x89c259b77cc5de47:0x17f61560d9a89b6c,,40.7353108,-73.97994,7,6,0,People typically spend 25 min to 1.5 hr here,4.8,1056,6,6,107,Gramercy,600.0,33.0,1.0,0.15,0.85,46
251,41530258,OSTERIA AL DOGE,"142 WEST   44 STREET, MANHATTAN, NY 10036",Osteria al Doge,0x89c25855161be37b:0x362b7861ffa4f620,,40.7566272,-73.98491369999999,7,6,0,People typically spend 1.5-4 hours here,4.4,1026,6,6,230,Times Sq/Theatre District,925.0,50.875,1.0,0.1,0.9,118
252,41532069,RUBIROSA,"235 MULBERRY STREET, MANHATTAN, NY 10012",Rubirosa,0x89c2598f361dc3b3:0xea0bcb0a8807f54c,,40.7227383,-73.9961347,7,6,0,People typically spend 45 min to 2 hr here,4.6,7352,6,6,144,Little Italy/NoLiTa,960.0,64.32000000000001,1.8,0.5,0.5,16
253,41540996,MEDI WINEBAR,"811 9 AVENUE, MANHATTAN, NY 10019",Medi Wine Bar & Restaurant,0x89c25859e0a76abf:0xcc56da9feb6dde51,,40.7658333,-73.9875,7,6,0,People typically spend 1-4 hours here,4.3,712,6,6,48,Clinton East,888.0,53.28,1.2,0.2,0.8,130
254,41541889,BUVETTE,"42 GROVE STREET, MANHATTAN, NY 10014",Buvette,0x89c2599371d90113:0x93a1212483085df3,,40.7326259,-74.00432839999999,7,6,0,People typically spend 45 min to 2 hr here,4.4,4351,6,6,249,West Village,2100.0,105.0,0.8,0.05,0.95,30
255,41542801,SPICE,"1479 1 AVENUE, MANHATTAN, NY 10075",Spice Thai,0x89c258c041a30dc5:0x4103f5eef69fbdb4,,40.7712286,-73.95378749999999,7,6,0,People typically spend 45 min to 3 hr here,4.2,332,6,6,141,Lenox Hill West,640.0,35.2,1.0,0.15,0.85,83
256,41543887,BEAUTY & ESSEX,"146 ESSEX STREET, MANHATTAN, NY 10002",Beauty & Essex,0x89c259816f936025:0x521cae9480c7ee2d,,40.7204282,-73.9868606,1,6,0,People typically spend 2-4 hours here,4.5,4738,0,6,148,Lower East Side,1440.0,72.0,0.8,0.05,0.95,27
257,41546054,PARK AVENUE TAVERN,"99 PARK AVENUE, MANHATTAN, NY 10016",Park Avenue Tavern,0x89c259013f6bb181:0xeb5052ae4de72589,,40.7502158,-73.97868989999999,7,6,0,People typically spend 45 min to 2.5 hr here,4.6,3690,6,6,170,Murray Hill,8000.0,480.0,1.2,0.2,0.8,92
258,41547298,FRAUNCES TAVERN,"54 PEARL STREET, MANHATTAN, NY 10004",Fraunces Tavern,0x89c25a146ccfe39f:0xfc075ae041658ede,,40.7034181,-74.01136489999999,7,6,0,People typically spend 1-3 hours here,4.5,6711,6,6,88,Financial District South,1353.166666666667,81.19,1.2,0.2,0.8,24
259,41549763,CHIPOTLE MEXICAN GRILL,"1379 6 AVENUE, MANHATTAN, NY 10019",Chipotle Mexican Grill,0x89c258f9f00502a5:0xd78d81e884659ed4,,40.7637041,-73.9779683,7,6,0,,3.8,1350,6,6,163,Midtown North,8000.0,536.0,1.8,0.4,0.6,74
260,41556791,JOE COFFEE,"550 WEST  120 STREET, MANHATTAN, NY 10027",Joe Coffee Company: Northwest Corner,0x89c2f78e246ddc2d:0x7002372f5157e3ea,,40.8100424,-73.9620202,7,6,0,,4.1,323,6,6,166,Morningside Heights,8000.0,664.0,3.0,0.7,0.3,61
261,41569330,CHIPOTLE MEXICAN GRILL,"1497 3 AVENUE, MANHATTAN, NY 10028",Chipotle Mexican Grill,0x89c258bc6595aa0b:0x986f6ffa6d2937e9,,40.7777062,-73.9544638,7,6,0,People typically spend 15 min here,3.5,1424,6,6,263,Yorkville West,1975.0,132.325,1.8,0.4,0.6,73
262,41569380,TAQUERIA GUADALUPE,"1743 LEXINGTON AVENUE, MANHATTAN, NY 10029",Taqueria Guadalupe,0x89c2f60378edd945:0xbd2cf34f420b0652,,40.7937248,-73.9449459,7,6,0,People typically spend 1-4 hours here,3.6,134,6,6,75,East Harlem South,800.0,53.6,1.8,0.4,0.6,186
263,41569904,SWAGAT,"411A AMSTERDAM AVENUE, MANHATTAN, NY 10024",Swagat NY,0x89c25888a57e2d0d:0x7ffadbab7e4709cb,,40.7835351,-73.9777849,7,6,0,,4.3,530,6,6,239,Upper West Side South,749.0625,41.1984375,1.0,0.15,0.85,75
264,41572581,MOLE CANTINA MEXICANA,"1735 2 AVENUE, MANHATTAN, NY 10128",Móle Cantina Mexicana- Upper East Side,0x89c258a52ce49559:0x75796333b4a48180,,40.7802869,-73.95020819999999,7,6,0,People typically spend 45 min to 2 hr here,4.2,599,6,6,263,Yorkville West,1200.0,80.4,1.8,0.4,0.6,73
265,41573408,LAUT,"15 EAST   17 STREET, MANHATTAN, NY 10003",Laut,0x89c259a267c2fbbf:0x5db2096cef4869ff,,40.7375843,-73.9910991,7,6,0,People typically spend 1-4 hours here,4.4,2321,6,6,234,Union Sq,1360.0,74.8,1.0,0.15,0.85,50
266,41573716,ANTON'S,"570 HUDSON STREET, MANHATTAN, NY 10014",Anton's,0x89c259e5de23d8bd:0x75e32060644d550c,,40.7356767,-74.0057727,7,6,0,People typically spend 4 hours here,4.5,648,6,6,249,West Village,395.6,23.736,1.2,0.2,0.8,30
267,41573739,CREPERIE NYC,"112 MACDOUGAL STREET, MANHATTAN, NY 10012",Creperie NYC,0x89c2598c00000000:0x228310bae2ca2e50,,40.7296527,-74.00069359999999,7,6,0,People typically spend 25 min to 4 hr here,4.4,937,6,6,114,Greenwich Village South,200.0,16.6,3.0,0.7,0.3,15
268,41575449,MIDNIGHT EXPRESS DINER,"1715 2 AVENUE, MANHATTAN, NY 10128",Midnight Express Diner,0x89c258bb29ffdf21:0x38521f2351fa1937,,40.7797888,-73.9505899,7,4,24,People typically spend 45 min to 1.5 hr here,4.2,1675,6,6,263,Yorkville West,389.3333333333333,23.36,1.2,0.2,0.8,245
269,41577295,LECHONERA TROPICAL & GRILL,"172 EAST  103 STREET, MANHATTAN, NY 10029",Lechonera Tropical & Grill,0x89c2f602a3e89a77:0xcd1bdc9bde73cffd,,40.7897568,-73.94661599999999,7,6,0,People typically spend 20 min to 1.5 hr here,3.9,456,6,6,75,East Harlem South,5851.71,351.1026,1.2,0.2,0.8,186
270,41577558,SUBWAY,"36 WEST   46 STREET, MANHATTAN, NY 10036",Subway,0x89c258fed6d19b35:0x48940bdbab750e21,,40.7566784,-73.9808247,7,6,0,,3.0,233,6,6,161,Midtown Center,932.8,77.4224,2.5,0.6,0.4,88
271,41578677,SARAVANA BHAVAN,"81 LEXINGTON AVENUE, MANHATTAN, NY 10016",SARAVANAA BHAVAN,0x89c25909c372a2e9:0x67d618b66f6774f3,,40.741421,-73.98307989999999,7,6,0,People typically spend 30 min to 1 hr here,4.2,5201,6,6,107,Gramercy,1069.6,58.828,1.0,0.15,0.85,46
272,41583557,MILLE-FEUILLE BAKERY CAFE,"552 LAGUARDIA PLACE, MANHATTAN, NY 10012",Mille-Feuille Bakery Cafe,0x89c25991b6a3384f:0x683e898a1887e798,,40.7291554,-73.9982843,7,6,0,,4.8,1557,6,6,114,Greenwich Village South,208.0,17.264,3.0,0.7,0.3,15
273,41585586,NIKKO,"1280 AMSTERDAM AVENUE, MANHATTAN, NY 10027",Nikko Hibachi Asian Fusion,0x89c2f66ac89778bb:0xc49fdfa20216dcdb,,40.8114605,-73.9578775,7,6,0,People typically spend 45 min to 2 hr here,4.3,1512,6,6,166,Morningside Heights,320.0,19.2,1.1,0.2,0.8,61
274,41593541,HARLEM TAVERN,"2153 8 AVENUE, MANHATTAN, NY 10026",Harlem Tavern,0x89c2f61696ebe067:0xc765b2ec6178e512,,40.8047593,-73.9554794,7,6,0,People typically spend 1.5-3 hours here,4.1,4451,6,6,41,Central Harlem,875.0,52.5,1.2,0.2,0.8,44
275,41595314,PITA GRILL,"1083 2 AVENUE, MANHATTAN, NY 10022",The Original Pita Grill,0x89c258e42827c107:0x3f9e6d85618dfa99,,40.759558,-73.965436,7,6,0,People typically spend 15 min to 1.5 hr here,4.0,774,6,6,229,Sutton Place/Turtle Bay North,1920.0,115.2,1.1,0.15,0.85,48
276,41596546,MARGON RESTAURANT,"136 WEST   46 STREET, MANHATTAN, NY 10036",Margon,0x89c2585584d5cfdb:0x47e8c88352a4028a,,40.7579064,-73.9839619,1,6,0,People typically spend 25 min to 3.5 hr here,4.7,1474,0,6,230,Times Sq/Theatre District,1366.225,81.97349999999999,1.2,0.2,0.8,523
277,41613806,PIZZA GAGA,"171 WEST   23 STREET, MANHATTAN, NY 10011",Pizza Gaga,0x89c259bb2ed48d89:0xc4afbc1f1fc00dc2,,40.744139,-73.9952179,1,6,0,,4.1,88,0,6,90,Flatiron,2286.0,153.162,1.8,0.5,0.5,72
278,41618158,BATHTUB GIN,"132 9 AVENUE, MANHATTAN, NY 10011",Bathtub Gin,0x89c259b928d13971:0xc72bdd5b757c64f,,40.7435711,-74.0031575,7,6,0,People typically spend 1-2.5 hours here,4.3,2284,6,6,68,East Chelsea,960.0,57.6,1.2,0.2,0.8,303
279,41620128,THINK COFFEE,"73 8 AVENUE, MANHATTAN, NY 10014",Think Coffee,0x89c259900d24e84b:0xd186a287933b4e4d,,40.7395006,-74.0029454,7,6,0,People typically spend 30 min to 3 hr here,4.1,979,6,6,249,West Village,2080.0,172.64,3.0,0.7,0.3,30
280,41620680,THE SMITH,"956 2 AVENUE, MANHATTAN, NY 10022",The Smith,0x89c2590246d9dfcd:0x4aa615566bd3359f,,40.755202,-73.967987,7,6,0,People typically spend 1-3.5 hours here,4.4,5748,6,6,229,Sutton Place/Turtle Bay North,320.0,19.2,1.2,0.2,0.8,48
281,41624715,TOLOACHE,"166 EAST   82 STREET, MANHATTAN, NY 10028",Toloache,0x89c258bdd222c83d:0xe17045ccd1008ba9,,40.7763912,-73.9567618,7,6,0,People typically spend 45 min to 3 hr here,4.4,914,6,6,236,Upper East Side North,820.8000000000001,54.99360000000001,1.8,0.4,0.6,115
282,41627217,ANJAPPAR,"116 LEXINGTON AVENUE, MANHATTAN, NY 10016",Anjappar Indian Cuisine,0x89c25909d4fd1d69:0x2982f827d4c7bdda,,40.7426101,-73.9827687,7,6,0,People typically spend 1-2.5 hours here,4.6,6328,6,6,107,Gramercy,394.4,21.692,1.0,0.15,0.85,46
283,41629167,HAIR OF THE DOG,"168 ORCHARD STREET, MANHATTAN, NY 10002",Hair of the Dog,0x89c25983fdf74673:0xcb4e5b474e83b81a,,40.721296,-73.98836849999999,7,6,0,People typically spend 1-3 hours here,4.0,1599,6,6,148,Lower East Side,1903.25,114.195,1.2,0.2,0.8,43
284,41629335,CHIPOTLE MEXICAN GRILL,"405 6 AVENUE, MANHATTAN, NY 10014",Chipotle Mexican Grill,0x89c25997d1e35e13:0xab943dff7f9b6663,,40.7336055,-73.99992569999999,7,6,0,,3.9,505,6,6,249,West Village,3240.0,217.08,1.8,0.4,0.6,30
285,41635072,PUGLIA,"189 HESTER STREET, MANHATTAN, NY 10013",Puglia | Italian,0x89c259882cdce97d:0xbe53453a85793558,,40.7181584,-73.9976506,7,6,0,People typically spend 45 min to 4 hr here,4.3,1511,6,6,144,Little Italy/NoLiTa,588.0,32.34,1.0,0.1,0.9,16
286,41637054,ORION DINER & GRILL,"395 2 AVENUE, MANHATTAN, NY 10010",Orion Diner & Grill,0x89c2590a5e8550a7:0xe345186518cb925f,,40.7377933,-73.98122649999999,7,4,7,People typically spend 20 min to 1 hr here,4.1,1454,6,6,107,Gramercy,534.4,32.064,1.2,0.2,0.8,228
287,41638553,BRICIOLA,"370 WEST   51 STREET, MANHATTAN, NY 10019",Briciola,0x89c2585730b0bb97:0xd51c0895e9a1ceea,,40.7639222,-73.98825289999999,7,6,0,People typically spend 1-2.5 hours here,4.5,1531,6,6,48,Clinton East,1164.75,64.06125,1.0,0.1,0.9,130
288,41638655,"DUNKIN',' BASKIN ROBBINS","4942 BROADWAY, MANHATTAN, NY 10034",Baskin-Robbins,0x89c2f3f6fcc0db9f:0xc2472d7a8eac03ea,,40.8676556,-73.9208225,7,4,0,,2.3,15,6,6,127,Inwood,993.225,59.5935,1.2,0.2,0.8,49
289,41639470,SERAFINA,"7 9 AVENUE, MANHATTAN, NY 10014",Serafina Meatpacking,0x89c259c0099e6e47:0xf411458d82f39bb5,,40.739633,-74.00665699999999,7,6,0,People typically spend 4 hours here,4.2,1563,6,6,158,Meatpacking/West Village West,1830.0,100.65,1.0,0.1,0.9,21
290,41640282,GYU-KAKU,"321 WEST   44 STREET, MANHATTAN, NY 10036",Gyu-Kaku Japanese BBQ,0x89c258539a726137:0x95c365dca83f7b5d,,40.7591328,-73.9898984,7,6,0,People typically spend 1.5-3 hours here,4.6,3573,6,6,48,Clinton East,765.3333333333334,42.09333333333333,1.0,0.15,0.85,130
291,41641276,TABOONETTE,"30 EAST   13 STREET, MANHATTAN, NY 10003",Taboonette,0x89c259984ee59937:0x54e3f5250c3a10ed,,40.7346073,-73.9928231,7,6,0,People typically spend 25 min to 2.5 hr here,4.4,1195,6,6,113,Greenwich Village North,406.8,24.408,1.2,0.2,0.8,25
292,41643753,THE WAYLAND,"700 EAST    9 STREET, MANHATTAN, NY 10009",The Wayland,0x89c259775a94e465:0x739c78805b5b0cc3,,40.7251329,-73.9778508,7,6,0,People typically spend 30 min to 2.5 hr here,4.6,889,6,6,4,Alphabet City,800.0,48.0,1.2,0.2,0.8,15
293,41644027,THE KATI ROLL COMPANY,"229 EAST   53 STREET, MANHATTAN, NY 10022",The Kati Roll Company,0x89c258e39d4de1e3:0x3cd70b512787dd3d,,40.7573478,-73.9681212,7,6,0,,4.3,987,6,6,229,Sutton Place/Turtle Bay North,450.0,24.75,1.0,0.15,0.85,48
294,41644048,AMELIE,"22 WEST    8 STREET, MANHATTAN, NY 10011","Amélie West Village Restaurant, Bistro & Wine Bar",0x89c259972a3ead8d:0x110782775ad2e1b8,,40.732629,-73.99766799999999,7,6,0,People typically spend 1-2.5 hours here,4.5,1460,6,6,113,Greenwich Village North,4629.5,231.475,0.8,0.05,0.95,25
295,41647682,MICKEY SPILLANE'S HELL'S KITCHEN NYC,"350 WEST   49 STREET, MANHATTAN, NY 10019",Mickey Spillane's,0x89c2585132b63ebb:0x21dfae3ad408173f,,40.7626953,-73.9893208,7,6,0,People typically spend 45 min to 2 hr here,4.2,1604,6,6,48,Clinton East,1760.0,105.6,1.2,0.2,0.8,130
296,41651838,BEER AUTHORITY,"300 WEST   40 STREET, MANHATTAN, NY 10018",Beer Authority,0x89c259accc0df757:0x58dd98582fbd2905,,40.7559369,-73.99115309999999,7,6,0,People typically spend 1-3 hours here,4.3,4537,6,6,48,Clinton East,3555.0,195.525,1.0,0.1,0.9,130
297,41654442,DUNKIN,"1248 LEXINGTON AVENUE, MANHATTAN, NY 10028",Dunkin',0x89c258bcff0a9b87:0x2c2576fcbd3cef12,,40.7785734,-73.9564874,7,4,33,People typically spend 5 min to 1 hr here,3.4,214,6,6,236,Upper East Side North,666.6666666666666,55.33333333333334,3.0,0.8,0.1999999999999999,137
298,41655398,LULO RESTAURANT,"1626 ST NICHOLAS AVENUE, MANHATTAN, NY 10040",Lulo Restaurant,0x89c2f41b4b86134b:0xbf78289ab0ea0674,,40.8557041,-73.928811,7,6,0,People typically spend 45 min to 4 hr here,4.3,143,6,6,243,Washington Heights North,2400.0,132.0,0.9,0.1,0.9,24
299,41662075,AZIZA'S CAFE & LOUNGE,"45 1 AVENUE, MANHATTAN, NY 10003",Aziza Cafe and Lounge,0x89c259836e1f6351:0x176cfee4960b229d,,40.724462,-73.987929,7,6,0,,3.9,222,6,6,79,East Village,875.0,72.625,3.0,0.7,0.3,63
300,41663207,FIVE GUYS FAMOUS BURGERS AND FRIES,"253 WEST   42 STREET, MANHATTAN, NY 10036",Five Guys,0x89c25854a455ae87:0xfe858f6fb775e8ac,,40.7572074,-73.98914979999999,7,5,0,People typically spend 20-45 min here,4.3,5779,6,6,230,Times Sq/Theatre District,2500.0,207.5,2.5,0.6,0.4,112
301,41664978,GRAMERCY TAVERN,"42 EAST   20 STREET, MANHATTAN, NY 10003",Gramercy Tavern,0x89c259a1820824bd:0x2b79dcdc251b8415,,40.7384555,-73.98850639999999,7,6,0,People typically spend 1.5-3.5 hours here,4.6,4921,6,6,234,Union Sq,981.3333333333334,49.06666666666667,0.8,0.05,0.95,50
302,41665255,MCHALE'S BAR & GRILL,"251 WEST   51 STREET, MANHATTAN, NY 10019",McHale's Bar & Grill,0x89c25857b31bbeab:0xe2c8829e50000a0e,,40.7628137,-73.9850819,7,6,0,People typically spend 2-4 hours here,4.3,1522,6,6,230,Times Sq/Theatre District,1419.0,78.045,1.0,0.1,0.9,118
303,41667036,UNCLE PAULS PIZZA NY,"70 VANDERBILT AVENUE, MANHATTAN, NY 10017",Uncle Paul's Pizza,0x89c258fdfcdd133f:0x851202204ae1327f,,40.7546824,-73.9768744,7,6,0,People typically spend 15 min here,4.5,2524,6,6,161,Midtown Center,6303.3,422.3211000000001,1.8,0.5,0.5,88
304,41671103,ALFIE'S,"800 9 AVENUE, MANHATTAN, NY 10019",Alfie's Kitchen & Craft Beer Bar,0x89c259acdec357a3:0x5c7089dbdcac96b4,,40.7653757,-73.98725309999999,7,6,0,People typically spend 45 min to 2 hr here,4.5,1525,6,6,48,Clinton East,896.0,49.28,1.0,0.1,0.9,130
305,41671540,DUNKIN',"1369 BROADWAY, MANHATTAN, NY 10018",Dunkin',0x89c25965ed8e6283:0xd51e06a140805660,,40.7521481,-73.9877334,7,5,0,,3.2,36,6,6,100,Garment District,878.5714285714286,72.92142857142858,3.0,0.8,0.1999999999999999,63
306,41672122,STARBUCKS COFFEE,"805 COLUMBUS AVENUE, MANHATTAN, NY 10025",Starbucks Coffee Company,0x89c2f626cc584191:0xfb40833c517b7da9,,40.79523,-73.96552,7,4,0,,3.7,595,6,6,151,Manhattan Valley,6222.3,516.4509,3.0,0.7,0.3,102
307,41685823,ATOMIC WINGS,"311 BROADWAY, MANHATTAN, NY 10007",Atomic Wings,0x89c25a21c67b4093:0xf766836d5162ca9,,40.7156384,-74.0054591,7,6,0,,3.8,422,6,6,231,TriBeCa/Civic Center,3215.0,215.405,2.0,0.5,0.5,50
308,41687902,STARBUCKS,"1301 AVENUE OF THE AMERICAS, MANHATTAN, NY 10019",Starbucks Coffee Company,0x89c258f88d1b3681:0xa841b48e436b1a4b,,40.76179,-73.97954,7,4,0,,3.3,419,6,6,230,Times Sq/Theatre District,8000.0,664.0,3.0,0.7,0.3,244
309,41688349,DUNKIN,"111 WEST  110 STREET, MANHATTAN, NY 10026",Dunkin',0x89c2f61a3b2063ef:0x45a6c85d80b0a332,,40.7986084,-73.9527871,7,4,0,,3.7,232,6,6,41,Central Harlem,1958.0,162.514,3.0,0.8,0.1999999999999999,138
310,41689402,KARE THAI,"752 10 AVENUE, MANHATTAN, NY 10019",Kare Thai,0x89c25850901087c7:0x3f54aa20faa9086c,,40.7653868,-73.9910843,7,6,0,People typically spend 30 min to 1.5 hr here,4.5,382,6,6,48,Clinton East,2000.0,110.0,1.0,0.15,0.85,130
311,41690457,TAVOLA,"488 9 AVENUE, MANHATTAN, NY 10018",Tavola Hells Kitchen,0x89c259079b39d441:0x4e85d61c4dce7041,,40.7554185,-73.9945485,7,6,0,,4.3,696,6,6,68,East Chelsea,1600.0,88.0,1.0,0.1,0.9,303
312,41690473,ABC BEER CO.,"96 AVENUE C, MANHATTAN, NY 10009",Alphabet City Beer Co.,0x89c25979c09ba559:0x31e37cf092075c8f,,40.7236833,-73.9789528,7,6,0,People typically spend 30 min to 2 hr here,4.6,598,6,6,4,Alphabet City,400.0,33.2,2.5,0.6,0.4,15
313,41690737,TAIM,"45 SPRING STREET, MANHATTAN, NY 10012",taïm mediterranean kitchen,0x89c25988b7354be1:0x317ab3e98e54c01a,,40.7219809,-73.9961422,7,6,0,,4.3,982,6,6,144,Little Italy/NoLiTa,533.3333333333334,32.0,1.2,0.2,0.8,16
314,41691166,CANTINA ROOFTOP,"605 WEST   48 STREET, MANHATTAN, NY 10036",Cantina Rooftop,0x89c2584fc7cbfca5:0x2cfcf2f2bed42819,,40.7650689,-73.9960138,7,6,0,People typically spend 30 min to 3.5 hr here,4.4,8683,6,6,50,Clinton West,6901.335,462.389445,1.8,0.4,0.6,72
315,41692932,GOURMET 45,"721 3 AVENUE, MANHATTAN, NY 10017",Gourmet 45,0x89c2590295fbdecd:0x21e13865bc6a28d,,40.752693,-73.9728154,7,4,0,,3.9,106,6,6,233,UN/Turtle Bay South,1080.0,89.64,2.5,0.6,0.4,214
316,41696796,SUBWAY,"513 MAIN STREET, MANHATTAN, NY 10044",Subway,0x89c258c4d84a12bd:0x4c4ee41f78ef875d,,40.7611297,-73.950909,7,6,0,,3.0,156,6,6,202,Roosevelt Island,897.9,74.5257,2.5,0.6,0.4,2
317,41697373,HARDWARE BAR,"697 10 AVENUE, MANHATTAN, NY 10036",Hardware,0x89c25851b83f1169:0x399cdf10613c024a,,40.7632757,-73.9932027,7,6,0,People typically spend 1-2.5 hours here,3.7,174,6,6,50,Clinton West,400.0,24.0,1.2,0.2,0.8,72
318,41699397,JUICY CUBE,"674 LEXINGTON AVENUE, MANHATTAN, NY 10022",Juicy Cube,0x89c258e4e7765c07:0x5abe562cabf8f9fc,,40.760182,-73.969887,7,6,0,,4.7,529,6,6,162,Midtown East,4372.95,362.95485,3.0,0.8,0.1999999999999999,108
319,41704249,FAMOUS FAMIGLIA PIZZERIA,"1398 MADISON AVENUE, MANHATTAN, NY 10029",Famous Famiglia Pizzeria,0x89c258a12a253a1b:0xe34fb73fd5085765,,40.7878813,-73.95388129999999,7,6,0,People typically spend 25 min here,4.4,844,6,6,75,East Harlem South,600.0,40.2,1.8,0.5,0.5,186
320,41706329,A SAFFRON THREAD,"98 CHAMBERS STREET, MANHATTAN, NY 10007",A Saffron Thread,0x89c25a1f48b18fb1:0x52c0576ed4ea96c9,,40.714627,-74.007725,1,6,0,,4.2,318,0,6,231,TriBeCa/Civic Center,2812.5,154.6875,1.0,0.15,0.85,193
321,41708279,EL PATIO MEXICANO RESTAURANT,"3764 BROADWAY, MANHATTAN, NY 10032",El Patio Mexicano,0x89c2f6867fa4b8db:0xa553523049f5166f,,40.8335032,-73.9449412,7,6,0,People typically spend 25 min to 3.5 hr here,3.9,127,6,6,244,Washington Heights South,3345.0,224.115,1.8,0.4,0.6,149
322,41710310,JUST SALAD,"663 LEXINGTON AVENUE, MANHATTAN, NY 10022",Just Salad,0x89c258e4e9d25ae7:0xbc183dc88e1a0312,,40.7598021,-73.96974829999999,7,6,0,,4.3,502,6,6,162,Midtown East,1550.0,128.65,2.5,0.6,0.4,108
323,41717852,THE DEAD RABBIT,"30 WATER STREET, MANHATTAN, NY 10004",The Dead Rabbit,0x89c25a1469891821:0xea6b2acef790acd8,,40.7032685,-74.0110218,7,6,0,People typically spend 45 min to 2.5 hr here,4.7,8474,6,6,88,Financial District South,2052.0,112.86,1.0,0.1,0.9,24
324,41718421,VINATERIA,"2211 FREDERICK DOUGLAS BOULEVARD, MANHATTAN, NY 10026",Vinatería,0x89c2f6140cb52825:0x6543a70e38837018,,40.8066497,-73.9540621,7,6,0,People typically spend 1.5-4 hours here,4.5,991,6,6,41,Central Harlem,1440.0,86.39999999999999,1.2,0.2,0.8,44
325,41722813,PONCHE TAQUERIA,"420 WEST   49 STREET, MANHATTAN, NY 10019",Ponche Taqueria,0x89c2585118be9ee3:0x82637d75513d7d2d,,40.763158,-73.990471,7,6,0,People typically spend 30 min to 1 hr here,4.7,899,6,6,48,Clinton East,2370.0,158.79,1.8,0.4,0.6,130
326,50000011,BIRCH COFFEE,"750 COLUMBUS AVENUE, MANHATTAN, NY 10025",Birch Coffee,0x89c2f6276e790655:0xbe7ca9df16a0e274,,40.793337,-73.967587,7,6,0,People typically spend 20 min to 1 hr here,4.3,768,6,6,238,Upper West Side North,1164.2,96.6286,3.0,0.7,0.3,84
327,50000346,SILVANA,"300 WEST  116 STREET, MANHATTAN, NY 10026",Silvana,0x89c2f61692e9755d:0x8ecb140bf758bf78,,40.8044337,-73.9559234,7,6,0,People typically spend 1-2.5 hours here,4.4,1538,6,6,41,Central Harlem,1964.0,117.84,1.2,0.2,0.8,44
328,50000522,JUST SALAD,"1471 THIRD AVENUE, MANHATTAN, NY 10028",Just Salad,0x89c258bc3ffe046f:0x83ec4140e4b2971e,,40.7769261,-73.955133,7,6,0,People typically spend 20 min here,4.2,527,6,6,263,Yorkville West,1875.0,155.625,2.5,0.6,0.4,73
329,50000582,DREAM BABY,"162 AVENUE B, MANHATTAN, NY 10009",Dream Baby Bar and Cocktail Parlour,0x89c2597706cb3b0d:0x783bfb42431af1a2,,40.72714,-73.97987499999999,7,6,0,,4.2,291,6,6,79,East Village,600.0,36.0,1.2,0.2,0.8,63
330,50000587,CHIPOTLE MEXICAN GRILL,"2298 BROADWAY, MANHATTAN, NY 10024",Chipotle Mexican Grill,0x89c2588663477117:0x3e7ca924cead5def,,40.7862055,-73.9778816,7,6,0,People typically spend 10-45 min here,3.7,851,6,6,239,Upper West Side South,2100.0,140.7,1.8,0.4,0.6,75
331,50000719,THE IMMIGRANT TAP ROOM,"341 EAST    9 STREET, MANHATTAN, NY 10003",The Immigrant,0x89c2599daf3c1707:0x814abfb111541258,,40.728543,-73.985416,7,6,0,People typically spend 45 min to 2.5 hr here,4.5,512,6,6,79,East Village,360.8,21.648,1.2,0.2,0.8,63
332,50000880,PARKER & QUINN,"63 WEST   38 STREET, MANHATTAN, NY 10018",Parker & Quinn,0x89c259aa5a27970f:0x1de24deba8b21df2,,40.7525862,-73.9850713,7,6,0,People typically spend 45 min to 2 hr here,4.6,3196,6,6,164,Midtown South,4435.2,266.112,1.2,0.2,0.8,49
333,50000976,MADE IN MEXICO,"3950 10 AVENUE, MANHATTAN, NY 10034",Made In Mexico,0x89c2f3f439d13081:0x724cc82ad64d9f57,,40.8673144,-73.9171157,7,6,0,People typically spend 2-4 hours here,3.9,975,6,6,127,Inwood,1532.55,102.68085,1.8,0.4,0.6,16
334,50001496,MORGAN STANLEY CONFERENCE CENTER,"1585 BROADWAY, MANHATTAN, NY 10036",Morgan Stanley Global Headquarters,0x89c25855dbc3a0cd:0x256d3eac50f56d93,,40.7598452,-73.9854739,7,6,0,People typically spend 4 hours here,4.0,116,6,6,230,Times Sq/Theatre District,8000.0,480.0,1.2,0.2,0.8,118
335,50001719,RINTINTIN,"14 SPRING STREET, MANHATTAN, NY 10012",Rintintin,0x89c25988a0fa5859:0x51bc5f857973df8,,40.7212842,-73.9948204,7,6,0,People typically spend 45 min to 3 hr here,4.0,846,6,6,144,Little Italy/NoLiTa,400.0,24.0,1.2,0.2,0.8,16
336,50001861,"DUNKIN', 'BASKIN ROBBINS","201 MADISON STREET, MANHATTAN, NY 10002",Baskin-Robbins,0x89c25a29416099d7:0x17ef7a7be4b421ec,,40.7128311,-73.9897838,7,4,22,,3.3,24,6,6,232,Two Bridges/Seward Park,980.0,81.34,3.0,0.8,0.1999999999999999,127
337,50001895,JAMBA JUICE,"30 ROCKEFELLER PLAZA, MANHATTAN, NY 10112",Jamba,0x89c25900307de965:0xa68479d95d83a1a2,,40.7595082,-73.9806394,7,6,0,,4.0,166,6,6,161,Midtown Center,425.9953125,25.55971875,1.2,0.2,0.8,88
338,50001916,WINNIE'S JAZZ BAR,"63 WEST   38 STREET, MANHATTAN, NY 10018",Winnie's Jazz Club,0x89c259aa4efdaa97:0xe99d96091ab0e961,,40.7521833,-73.9853073,1,6,0,People typically spend 15 min to 2 hr here,4.8,739,0,6,164,Midtown South,4435.2,266.112,1.2,0.2,0.8,114
339,50001977,IL FORNO / IRON BAR & GRILL,"713 8 AVENUE, MANHATTAN, NY 10036",IL FORNO NYC - HELL'S KITCHEN,0x89c258547707e4b1:0xa76331fd24765fc8,,40.75901,-73.98871919999999,7,6,0,,4.1,972,6,6,48,Clinton East,4390.2,241.461,1.0,0.1,0.9,130
340,50002051,BEER CULTURE,"328 WEST   45 STREET, MANHATTAN, NY 10036",Beer Culture,0x89c2585392fce827:0x29367a3853f1ea49,,40.7595551,-73.9897459,7,6,0,People typically spend 45 min to 2 hr here,4.6,1281,6,6,48,Clinton East,1438.5,86.31,1.2,0.2,0.8,130
341,50002138,IL GATTOPARDO,"13 WEST   54 STREET, MANHATTAN, NY 10019",Il Gattopardo,0x89c258fa2d57bb95:0x12eeed220456e3ee,,40.761674,-73.97637069999999,7,6,0,People typically spend 2-4 hours here,4.5,834,6,6,161,Midtown Center,4742.5,260.8375,1.0,0.1,0.9,88
342,50002464,SUBWAY,"334 GRAND STREET, MANHATTAN, NY 10002",Subway,0x89c259875caa9eb5:0x7f95f0c23d0ec4b1,,40.7172104,-73.98999959999999,7,6,0,,3.4,163,6,6,148,Lower East Side,2197.5,182.3925,2.5,0.6,0.4,43
343,50002534,DRUNKEN MUNKEY,"338 EAST   92 STREET, MANHATTAN, NY 10128",The Drunken Munkey - UES,0x89c258aff522c68b:0x49091221c96f8e72,,40.7808398,-73.9476322,7,6,0,People typically spend 1-2.5 hours here,4.4,1062,6,6,263,Yorkville West,1568.175,86.249625,1.0,0.15,0.85,73
344,50002691,THE JEFFREY,"311 EAST   60 STREET, MANHATTAN, NY 10022",The Jeffrey Craft Beer & Bites,0x89c258e6371ddacb:0xfcc20cfd44e9794,,40.7611102,-73.9629877,7,6,0,People typically spend 1-3.5 hours here,4.6,1690,6,6,141,Lenox Hill West,1180.0,70.8,1.2,0.2,0.8,83
345,50002692,TAO DOWNTOWN,"92 9 AVENUE, MANHATTAN, NY 10011",TAO Downtown Restaurant,0x89c259bf2395a229:0xc20cee070a2c537,,40.7425376,-74.0038464,7,6,0,People typically spend 2-4 hours here,4.3,5552,6,6,68,East Chelsea,8000.0,480.0,1.1,0.2,0.8,303
346,50002841,DUNKIN,"33 BEAVER STREET, MANHATTAN, NY 10004",Dunkin',0x89c25a16a95f1cc7:0x541416affca42bdd,,40.7051018,-74.0120718,7,5,0,People typically spend 10 min to 1.5 hr here,3.8,296,6,6,88,Financial District South,4565.4,378.9282,3.0,0.8,0.1999999999999999,20
347,50003035,JUICE GENERATION,"109 EAST   23 STREET, MANHATTAN, NY 10010",Juice Generation,0x89c259a0d99d6ce9:0x53f1cec87a916902,,40.7402237,-73.9857564,7,6,0,,4.3,146,6,6,107,Gramercy,4942.2,410.2026,3.0,0.8,0.1999999999999999,46
348,50003553,RANCHO TEQUILERIA,"741 9 AVENUE, MANHATTAN, NY 10019",Rancho Tequileria,0x89c25850d3f10ed9:0x1217e36f88b98e52,,40.7636857,-73.9890321,7,6,0,People typically spend 1-2.5 hours here,4.5,1541,6,6,48,Clinton East,400.0,26.8,1.8,0.4,0.6,130
349,50004299,EMMETT'S,"50 MACDOUGAL STREET, MANHATTAN, NY 10012",Emmett's,0x89c2598d915410ab:0x51cb210c4b2de633,,40.7273322,-74.0024485,7,6,0,People typically spend 1.5 hours here,4.5,1316,6,6,211,SoHo,1200.0,80.4,1.8,0.5,0.5,26
350,50004862,UP THAI,"1411 2 AVENUE, MANHATTAN, NY 10021",Up Thai,0x89c258c040410e7d:0x3c168563c16b2cec,,40.769951,-73.9578638,7,6,0,People typically spend 45 min to 1.5 hr here,4.8,8298,6,6,141,Lenox Hill West,200.64,11.0352,1.0,0.15,0.85,83
351,50004933,MEE NOODLE SHOP,"223 1 AVENUE, MANHATTAN, NY 10003",Mee Noodle Shop & Grill,0x89c2599e02eca47f:0xd245eff52ea469f1,,40.7309768,-73.9832131,7,6,0,,4.0,191,6,6,79,East Village,656.8000000000001,39.408,1.2,0.3,0.7,63
352,50005405,ARIA,"365 WEST   51 STREET, MANHATTAN, NY 10019",Aria Hell's Kitchen,0x89c258573add6221:0x1a602123c7b5d239,,40.7641211,-73.9881841,7,6,0,,4.5,1160,6,6,48,Clinton East,3727.2,204.996,1.0,0.1,0.9,130
353,50005544,DUNKIN,"42 WEST   39 STREET, MANHATTAN, NY 10018",Dunkin',0x89c259aa68183ff9:0x95d8eaea7cd6c83b,,40.7523763,-73.9844592,1,4,0,People typically spend 20 min to 1 hr here,3.6,218,0,6,164,Midtown South,4106.7,340.8561,3.0,0.8,0.1999999999999999,42
354,50005564,WOGIES BAR & GRILL,"44 TRINITY PLACE, MANHATTAN, NY 10006","Wogies Bar & Grill, FIDI",0x89c25a11279428f7:0x20c5b39009d56a5b,,40.7075479,-74.01329179999999,7,6,0,,4.4,781,6,6,261,World Trade Center,2025.0,121.5,1.2,0.2,0.8,23
355,50005590,FAMOUS SICHUAN,"10 PELL STREET, MANHATTAN, NY 10013",Famous Sichuan 川外川,0x89c25a2655dbfe31:0x8f63218178e10afc,,40.7148544,-73.9976092,7,6,0,,3.9,670,6,6,45,Chinatown,1017.833333333333,61.07,1.2,0.3,0.7,14
356,50005954,ALTESI RISTORANTE,"26 EAST   64 STREET, MANHATTAN, NY 10065",Altesi,0x89c258ee404d5551:0x969b387931e4ccf8,,40.766661,-73.969596,7,6,0,,4.2,287,6,6,237,Upper East Side South,4285.0,235.675,1.0,0.1,0.9,131
357,50006114,MALECON RESTAURANT,"4141 BROADWAY, MANHATTAN, NY 10033",Malecon Restaurant (175th Street),0x89c2f69f9f2f261f:0x64cd779e388f232b,,40.8464014,-73.9386195,7,6,0,People typically spend 15 min to 1.5 hr here,4.4,4130,6,6,244,Washington Heights South,3000.0,165.0,0.9,0.1,0.9,149
358,50006211,DISTRICT TAP HOUSE,"246 WEST   38 STREET, MANHATTAN, NY 10018",District Tap House,0x89c259acf499802d:0xbf03b43d7a75f5cc,,40.7540393,-73.99050129999999,7,6,0,People typically spend 1-3.5 hours here,4.3,1794,6,6,100,Garment District,7149.15,428.949,1.2,0.2,0.8,73
359,50006252,DIG INN SEASONAL MARKET,"2884 BROADWAY, MANHATTAN, NY 10025",Dig Inn,0x89c2f63b8ae7a0df:0xc7b20f62366e922e,,40.8055612,-73.9653484,7,6,0,,4.4,783,6,6,166,Morningside Heights,2213.175,132.7905,1.2,0.2,0.8,61
360,50006574,LADUREE SOHO,"398 WEST BROADWAY, MANHATTAN, NY 10012",Ladurée Soho,0x89c2598c6bbbbe33:0x72df042a34bc2a5f,,40.7243143,-74.0025064,7,6,0,People typically spend 25 min to 4 hr here,4.3,3835,6,6,211,SoHo,2125.0,106.25,0.8,0.05,0.95,26
361,50007880,MO LOUNGE / THE BAR AT MANDARIN ORIENTAL / LOBBY LOUNGE,"80 COLUMBUS CIRCLE AT 60TH STREET, MANHATTAN, NY 10023",MO Lounge,0x89c259c7f3df2ec3:0x8306412e3355b514,,40.7689575,-73.98304879999999,7,6,0,,3.9,392,6,6,142,Lincoln Square East,1247.5,74.85,1.1,0.2,0.8,99
362,50007965,KUSHI KUSHI YAKI,"2 WEST   32 STREET, MANHATTAN, NY 10001",Kushi Kushi Yaki | Ramen & Yakitori Izakaya,0x89c259f7e09cab87:0xbcf8716a686adaa,,40.7472192,-73.9861911,7,6,0,,4.5,515,6,6,164,Midtown South,1665.366666666667,91.59516666666666,1.0,0.15,0.85,49
363,50008135,STARBUCKS #20679,"1542 3 AVENUE, MANHATTAN, NY 10028",Starbucks Coffee Company,0x89c258bca07195db:0x9bda8df8fc1f1d44,,40.7794496,-73.9537655,7,4,0,,3.9,288,6,6,236,Upper East Side North,8000.0,664.0,3.0,0.7,0.3,137
364,50008347,THE GREY DOG,"49 CARMINE STREET, MANHATTAN, NY 10014",The Grey Dog - West Village,0x89c25992f1520ae3:0x9f1acf9dca8da08c,,40.7300117,-74.0038879,7,6,0,People typically spend 1-2.5 hours here,4.5,1513,6,6,249,West Village,2336.25,140.175,1.2,0.2,0.8,30
365,50008437,BLUE RIBBON BRASSERIE,"97 SULLIVAN STREET, MANHATTAN, NY 10012",Blue Ribbon Brasserie,0x89c2598db0d02841:0x7e74186ef34e5fbb,,40.7254995,-74.0030627,7,6,0,People typically spend 1-2.5 hours here,4.7,1014,6,6,211,SoHo,880.0,52.8,1.2,0.2,0.8,26
366,50008894,IVAN RAMEN,"25 CLINTON STREET, MANHATTAN, NY 10002",Ivan Ramen,0x89c259818b17e1ad:0x397d7608ef2c28ff,,40.7205819,-73.9845212,7,6,0,People typically spend 45 min to 2 hr here,4.7,9659,6,6,148,Lower East Side,360.0,19.8,1.0,0.15,0.85,43
367,50008960,KAILASH PARBAT,"99 LEXINGTON AVENUE, MANHATTAN, NY 10016",Kailash Parbat,0x4065fce8515b924d:0xaed1813516a30bf8,,40.7420856,-73.982697,7,6,0,People typically spend 45 min to 1.5 hr here,4.1,1650,6,6,107,Gramercy,217.1428571428572,13.02857142857143,1.1,0.15,0.85,46
368,50009159,BLACK SEED BAGELS,"170 ELIZABETH STREET, MANHATTAN, NY 10012",Black Seed Bagels - Nolita,0x89c2599d92415057:0xa88a6e4d57af3aa6,,40.7209046,-73.99467779999999,7,6,0,People typically spend 10 min to 2 hr here,4.2,1159,6,6,144,Little Italy/NoLiTa,532.0,44.156,3.0,0.8,0.1999999999999999,16
369,50009366,GO BELIEVE BAKERY,"239 GRAND STREET, MANHATTAN, NY 10002",Go Believe,0x89c25987e1033a27:0x706324b6a63ee5d1,,40.7181769,-73.9945922,7,6,0,,4.4,224,6,6,148,Lower East Side,939.6,56.376,1.2,0.3,0.7,43
370,50009477,ANEJO TRIBECA,"31 WALKER STREET, MANHATTAN, NY 10013",Añejo Tribeca,0x89c2598a8fcf857f:0xb4bf9682dd30568c,,40.7193028,-74.0042704,7,6,0,People typically spend 1-4 hours here,4.4,1595,6,6,231,TriBeCa/Civic Center,1400.0,93.8,1.8,0.4,0.6,50
371,50009923,DEAR IRVING,"55 IRVING PLACE, MANHATTAN, NY 10003",Dear Irving Gramercy,0x89c259a1de1c8d37:0x3f2a6fbd11b6cc5c,,40.7362117,-73.98745439999999,7,6,0,People typically spend 1.5-3.5 hours here,4.6,1069,6,6,107,Gramercy,661.6666666666666,39.7,1.2,0.2,0.8,46
372,50010054,JOHN SULLIVAN'S PUB,"210 WEST   35 STREET, MANHATTAN, NY 10001",John Sullivan's,0x89c259ac238a4831:0xaf24296698244a0c,,40.7516532,-73.9907024,7,6,0,People typically spend 1.5-4 hours here,4.3,1269,6,6,100,Garment District,8000.0,440.0,1.0,0.1,0.9,73
373,50010297,FONDA OF CHELSEA,"189 9 AVENUE, MANHATTAN, NY 10011",Fonda,0x89c259b9a094ce47:0x720d2372daa8ea3b,,40.7455495,-74.0023544,7,6,0,People typically spend 1.5-4 hours here,4.4,992,6,6,68,East Chelsea,560.0,37.52,1.8,0.4,0.6,303
374,50010736,THINK COFFEE,"568 6 AVENUE, MANHATTAN, NY 10011",Think Coffee,0x89c259bd47400a75:0xf4f36452df79e191,,40.738425,-73.9958111,7,6,0,People typically spend 20 min to 1 hr here,4.0,477,6,6,234,Union Sq,1924.0,159.692,3.0,0.7,0.3,50
375,50011006,SERENA'S,"1268 2 AVENUE, MANHATTAN, NY 10065",Serena's Wine Bar,0x89c258e9c0bc4c0b:0xc23320cddc96f2cc,,40.7652536,-73.9606187,7,6,0,People typically spend 2-4 hours here,4.1,163,6,6,141,Lenox Hill West,4133.25,247.995,1.2,0.2,0.8,83
376,50011024,BAAZI NYC,"2588 BROADWAY, MANHATTAN, NY 10025",Baazi Nyc,0x89c2f792d07527f5:0x119abf521fd57bd6,,40.7955872,-73.9707432,7,6,0,People typically spend 1-2.5 hours here,4.1,374,6,6,238,Upper West Side North,600.0,33.0,1.0,0.15,0.85,84
377,50011926,BLACK IRON BURGER,"245 WEST   38 STREET, MANHATTAN, NY 10018",Black Iron Burger,0x89c259acf2c7299d:0x149a07481483ce,,40.754282,-73.990352,7,6,0,People typically spend 30 min to 1.5 hr here,4.5,5859,6,6,100,Garment District,1617.0,134.211,2.5,0.6,0.4,73
378,50012296,GOLDEN WOK CHINESE RESTAURANT,"209 8 AVENUE, MANHATTAN, NY 10011",Chelsea Golden Wok,0x89c259bbc287647f:0x3b33afe4a2cbe8d6,,40.743939,-73.9997173,7,6,0,People typically spend 15 min to 1 hr here,3.4,217,6,6,90,Flatiron,800.0,48.0,1.2,0.3,0.7,31
379,50012601,STUDIO 151,"151 AVENUE C, MANHATTAN, NY 10009",Studio 151,0x89c2597745d445e5:0x381e02587cd2b3f1,,40.7256585,-73.9780286,7,6,0,People typically spend 1.5-3 hours here,4.1,280,6,6,4,Alphabet City,1978.5,108.8175,1.0,0.15,0.85,15
380,50013026,CHIPOTLE MEXICAN GRILL,"1020 3 AVENUE, MANHATTAN, NY 10065",Chipotle Mexican Grill,0x89c258ef58153107:0x8c95d26bc3b1258,,40.7626377,-73.9661291,7,6,0,People typically spend 15-45 min here,3.9,633,6,6,237,Upper East Side South,2000.0,134.0,1.8,0.4,0.6,131
381,50013416,GONG CHA,"75 WEST   38 STREET, MANHATTAN, NY 10018",Gong Cha,0x89c259aa4c4dbe61:0xf6c29156ef7f98fc,,40.7522976,-73.98558849999999,7,6,0,People typically spend 20 min to 2.5 hr here,4.2,626,6,6,164,Midtown South,6840.0,567.72,3.0,0.8,0.1999999999999999,49
382,50013454,DOMINO'S,"16A WEST    8 STREET, MANHATTAN, NY 10011",Domino's Pizza,0x89c259972b99ddcd:0xefd0616e73e351c7,,40.7325363,-73.9974515,7,6,0,,3.5,178,6,6,113,Greenwich Village North,3635.25,243.56175,1.8,0.5,0.5,25
383,50013843,MRS. FISH,"34 PELL STREET, MANHATTAN, NY 10013",Mrs. Fish,0x89c25b604e68452d:0x9b278d5404b85f0b,,40.7150914,-73.99858979999999,7,6,0,,3.6,320,6,6,45,Chinatown,720.0,43.2,1.2,0.3,0.7,14
384,50014784,RAMEN MEIJIN,"1574 2 AVENUE, MANHATTAN, NY 10028",Meijin,0x89c258b952bc5ac7:0xd0a2fe6f3bb3e98c,,40.7750295,-73.9535487,7,6,0,People typically spend 45 min to 4 hr here,4.7,2321,6,6,263,Yorkville West,440.0,24.2,1.0,0.15,0.85,73
385,50015159,AKAMI SUSHI,"1771 1 AVENUE, MANHATTAN, NY 10128",Akami,0x89c258aff21ed441:0x3817492354fd67e3,,40.780519,-73.94702699999999,7,6,0,,3.9,78,6,6,263,Yorkville West,440.0,24.2,1.0,0.15,0.85,73
386,50015858,ETHYL'S ALCOHOL & FOOD,"1629 2 AVENUE, MANHATTAN, NY 10028",Ethyl's Bar & Restaurant,0x89c258bb9171ba99:0xfdf1372067509de5,,40.7770736,-73.9526601,7,6,0,People typically spend 1-3 hours here,4.1,749,6,6,263,Yorkville West,600.0,36.0,1.2,0.2,0.8,73
387,50016050,SOPHIE'S CUBAN CUISINE,"401 EAST   68 STREET, MANHATTAN, NY 10065",Sophie's Cuban Cuisine - Lenox Hill,0x89c258c239cf2c03:0xc25612157f9f9c7c,,40.7652215,-73.9573573,1,6,0,People typically spend 10 min to 1 hr here,4.3,920,0,6,140,Lenox Hill East,1819.0,109.14,1.2,0.2,0.8,495
388,50016496,EMPANADAS MONUMENTAL,"4093 BROADWAY, MANHATTAN, NY 10032",Empanadas Monumental,0x89c2f69ef80640cb:0xdf6f1e7185accb0e,,40.8445378,-73.9391488,7,6,0,,4.1,317,6,6,244,Washington Heights South,1521.0,83.655,0.9,0.1,0.9,149
389,50016569,SHY SHY,"169 8 AVENUE, MANHATTAN, NY 10011",Shy Shy,0x89c2591371eff471:0xde6646d8281e7543,,40.7427021,-74.0007595,7,6,0,People typically spend 1.5-3.5 hours here,4.5,114,6,6,68,East Chelsea,864.0,43.2,0.8,0.05,0.95,303
390,50016770,THE MILTON,"1754 2 AVENUE, MANHATTAN, NY 10128",The Milton,0x89c258a56a392fc1:0x89e81c0469066886,,40.7812533,-73.9489878,7,6,0,People typically spend 1-3.5 hours here,4.3,704,6,6,263,Yorkville West,400.0,22.0,1.0,0.1,0.9,73
391,50016822,JIMBO'S HAMBURGER,"2027 LEXINGTON AVENUE, MANHATTAN, NY 10035",Jimbo's Hamburger Palace,0x89c2f60a25ee8cf3:0x259d05c693247e77,,40.803493,-73.9378779,7,5,0,,4.1,448,6,6,74,East Harlem North,320.0,26.56,2.5,0.6,0.4,103
392,50016964,BONCHON,"325 5 AVENUE, MANHATTAN, NY 10016",Bonchon 32nd st,0x89c259a845643143:0x8c9a1b823163c2c4,,40.747546,-73.9849735,7,6,0,People typically spend 30 min to 1.5 hr here,4.2,1709,6,6,164,Midtown South,1794.72,98.7096,1.0,0.15,0.85,49
393,50016967,LA FIESTA RESTAURANT,"3789 BROADWAY, MANHATTAN, NY 10032",La Fiesta,0x89c2f685cc815a13:0xcd1ec5bfc1d2633d,,40.834515,-73.9449619,7,6,0,,3.6,149,6,6,244,Washington Heights South,3450.0,231.15,1.8,0.4,0.6,149
394,50017047,JUST SALAD,"2056 BROADWAY, MANHATTAN, NY 10023",Just Salad,0x89c2588a6723e5d3:0x135bbe572c95a527,,40.7775321,-73.9818056,7,6,0,,4.2,302,6,6,142,Lincoln Square East,3735.0,310.005,2.5,0.6,0.4,99
395,50017755,CALEDONIA,"1609 2 AVENUE, MANHATTAN, NY 10028",Caledonia Bar,0x89c258bbf0d7ce7f:0xb86a111901208ee,,40.7763038,-73.9531772,7,6,0,People typically spend 1-3 hours here,4.6,344,6,6,263,Yorkville West,539.6,29.678,1.0,0.1,0.9,73
396,50017853,DHABA INDIAN CUISINE,"108 LEXINGTON AVENUE, MANHATTAN, NY 10016",Dhaba Indian Cuisine,0x89c25909d67ccbeb:0x8c481ae540e54c89,,40.742406,-73.982895,7,6,0,People typically spend 45 min to 2 hr here,4.1,1920,6,6,107,Gramercy,1074.4,59.09200000000001,1.0,0.15,0.85,46
397,50018219,JIN RAMEN UWS,"462 AMSTERDAM AVENUE, MANHATTAN, NY 10024",Jin Ramen Upper West Side,0x89c25885df50bd73:0xb66fad7f5d61101,,40.785359,-73.97697389999999,7,6,0,,4.4,1704,6,6,239,Upper West Side South,500.0,27.5,1.0,0.15,0.85,75
398,50018895,JUNIPER,"237 WEST   35 STREET, MANHATTAN, NY 10001",Juniper Bar,0x89c259ac35b89fe5:0x3354026bc03edf17,,40.752344,-73.9914045,1,0,12,People typically spend 1.5-4 hours here,4.3,1265,0,6,100,Garment District,623.7599999999999,37.42559999999999,1.2,0.2,0.8,132
399,50019120,NEW TOPAZ,"127 WEST   56 STREET, MANHATTAN, NY 10019",Topaz Thai Authentic,0x89c258f761e4c203:0xa7d1b5a3209ff5c8,,40.764421,-73.978911,7,6,0,,4.3,1556,6,6,163,Midtown North,785.2799999999999,43.19039999999999,1.0,0.15,0.85,74
400,50019121,KIN RAMEN,"129 WEST   56 STREET, MANHATTAN, NY 10019",Kin ramen,0x89c259550a748577:0xca22ff3a89d99fe5,,40.7643664,-73.9790366,7,6,0,People typically spend 45 min to 1 hr here,4.8,4633,6,6,163,Midtown North,785.2799999999999,47.11679999999999,1.1,0.2,0.8,74
401,50019203,SOPHIE'S CUBAN CUISINE,"76 FULTON STREET, MANHATTAN, NY 10038",Sophie's Cuban Cuisine - Financial District,0x89e80e7af468dced:0xd53aee4f7191777d,,40.708933,-74.0055381,7,6,0,People typically spend 15-45 min here,4.2,1303,6,6,87,Financial District North,2698.5,161.91,1.2,0.2,0.8,29
402,50032827,THE RIBBON,"20 WEST   72 STREET, MANHATTAN, NY 10023",The Ribbon,0x89c2588b7f567079:0x67fef794398ec792,,40.7766182,-73.9773026,7,6,0,People typically spend 1-2.5 hours here,4.3,1162,6,6,142,Lincoln Square East,1875.0,112.5,1.2,0.2,0.8,99
403,50033289,CARLO'S BAKE SHOP,"625 8 AVENUE, MANHATTAN, NY 10018",Carlo's Bakery,0x4065fd233867a891:0x5e79b3ec2d17834,,40.7571476,-73.9901587,7,6,0,People typically spend 15 min here,4.1,12330,6,6,48,Clinton East,200.0,16.6,3.0,0.7,0.3,130
404,50034098,MERMAID OYSTER BAR,"89 MACDOUGAL STREET, MANHATTAN, NY 10012",Mermaid Oyster Bar,0x89c2599211bc0e53:0xa7a795159544d213,,40.7290436,-74.001539,7,6,0,People typically spend 1-4 hours here,4.7,1400,6,6,114,Greenwich Village South,474.0,23.7,0.8,0.05,0.95,15
405,50034729,PANDA EXPRESS,"1277 1 AVENUE, MANHATTAN, NY 10065",Panda Express,0x89c258c223117caf:0x2dd0cc5e4a84cd74,,40.765817,-73.9577133,7,6,0,People typically spend 15 min to 1 hr here,3.8,619,6,6,141,Lenox Hill West,580.0,34.8,1.2,0.3,0.7,83
406,50035042,CHIPOTLE MEXICAN GRILL,"906 3 AVENUE, MANHATTAN, NY 10022",Chipotle Mexican Grill,0x89c258e48ebc8255:0xcc98a6e40361e079,,40.7589573,-73.9687964,7,6,0,,3.7,602,6,6,162,Midtown East,666.6666666666666,44.66666666666666,1.8,0.4,0.6,108
407,50035265,CHIPOTLE MEXICAN GRILL,"325 SOUTH END AVENUE, MANHATTAN, NY 10280",Chipotle Mexican Grill,0x89c25a1a9b6ded35:0xb8065bba35b6ab75,,40.7107027,-74.01636959999999,7,6,0,People typically spend 25 min to 2.5 hr here,3.7,533,6,6,13,Battery Park City,3003.756,201.251652,1.8,0.4,0.6,20
408,50036043,THE MALT HOUSE,"11 MAIDEN LANE, MANHATTAN, NY 10038",The Malt House,0x89c25a182b69824f:0xada7e9f261b0c126,,40.7096649,-74.0093444,7,6,0,People typically spend 1.5-4 hours here,4.4,2525,6,6,87,Financial District North,3428.0,205.68,1.2,0.2,0.8,29
409,50036218,STARBUCKS,"1700 BROADWAY, MANHATTAN, NY 10019",Starbucks Coffee Company,0x89c258f811db1c6b:0xea86b635110d78b,,40.76368,-73.98235,7,4,0,People typically spend 20 min to 1 hr here,4.2,777,6,6,230,Times Sq/Theatre District,5965.59,495.14397,3.0,0.7,0.3,244
410,50036332,PICCOLO TRATTORIA,"455 MAIN STREET, MANHATTAN, NY 10044",Piccolo Trattoria Ristorante Pizzeria,0x89c259ddc3fc8da7:0x1b379644901c1666,,40.7592235,-73.9526052,7,6,0,People typically spend 30 min to 2.5 hr here,4.3,501,6,6,202,Roosevelt Island,608.125,33.446875,1.0,0.1,0.9,2
411,50036334,JUICE GENERATION,"599 LEXINGTON AVENUE, MANHATTAN, NY 10022",Juice Generation,0x89c258e353766fc5:0x24024c1ae43678f,,40.7579426,-73.9709996,7,6,0,,4.1,151,6,6,162,Midtown East,200.0,16.6,3.0,0.8,0.1999999999999999,108
412,50036461,THE LONG HALL,"58 EAST   34 STREET, MANHATTAN, NY 10016",The Long Hall Pub & Grocery,0x89c2590784cd42a9:0x8bea457c98ae3622,,40.7472222,-73.9822222,7,6,0,People typically spend 1-3 hours here,4.5,807,6,6,164,Midtown South,3388.5,203.31,1.2,0.2,0.8,49
413,50036525,CHOP'T,"345 AMSTERDAM AVENUE, MANHATTAN, NY 10024",Chopt Creative Salad Co.,0x89c2588905255555:0x7b6d12c69a37f721,,40.7813312,-73.979406,7,6,0,,4.6,584,6,6,239,Upper West Side South,796.8000000000001,66.13440000000001,2.5,0.6,0.4,75
414,50037080,LEON'S BAGELS,"169 THOMPSON STREET, MANHATTAN, NY 10012",Leon's Bagels,0x89c25967b0b5a6d1:0x224d8dcf732be8f4,,40.7276854,-74.0004606,7,6,0,People typically spend 15-45 min here,4.3,1456,6,6,114,Greenwich Village South,200.0,16.6,3.0,0.7,0.3,15
415,50037167,SOFRITO,"679 RIVERSIDE DRIVE, MANHATTAN, NY 10031",Sofrito,0x89c2f6610c5be72f:0x8d9671b3b469da6e,,40.8272046,-73.9551541,7,6,0,People typically spend 20 min to 3 hr here,4.1,2576,6,6,116,Hamilton Heights,1626.825,97.6095,1.2,0.2,0.8,42
416,50038038,BAGELS & COMPANY,"172 WEST   79 STREET, MANHATTAN, NY 10024",Bagels & Co,0x89c25888bf6965a1:0x74ea9a65ef9bf591,,40.782844,-73.978213,7,5,0,People typically spend 15-45 min here,4.3,1019,6,6,239,Upper West Side South,6307.2,378.432,1.1,0.15,0.85,61
417,50039077,STOUT,"60 EAST   41 STREET, MANHATTAN, NY 10017",Stout NYC,0x89c259010c5aa34d:0x135e030e64ce0371,,40.7516115,-73.9788202,7,6,0,People typically spend 1-3 hours here,4.4,2362,6,6,170,Murray Hill,1900.0,114.0,1.2,0.2,0.8,92
418,50039988,TATAKI,"3 LISPENARD STREET, MANHATTAN, NY 10013",Tataki Japanese Restaurant,0x89c2596d3056eb27:0xe21b166e55f7c51,,40.7206687,-74.0048742,7,6,0,,4.5,324,6,6,231,TriBeCa/Civic Center,560.0,30.8,1.0,0.15,0.85,50
419,50041322,CRAVE FISH BAR,"428 AMSTERDAM AVENUE, MANHATTAN, NY 10024",Crave Fishbar Upper West Side | Raw Bar & Seafood restaurant,0x89c2588603553bab:0xc9fe7b382fbcb288,,40.784271,-73.9777849,7,6,0,People typically spend 1-3.5 hours here,4.5,839,6,6,239,Upper West Side South,367.6,22.056,1.2,0.2,0.8,75
420,50041641,NARUTO RAMEN,"2634 BROADWAY, MANHATTAN, NY 10025",Naruto Ramen,0x89c2f6260d658d17:0x4b1b4ee080ca77a0,,40.7969585,-73.9696866,7,6,0,People typically spend 20 min to 1.5 hr here,4.3,1239,6,6,151,Manhattan Valley,4500.0,247.5,1.0,0.15,0.85,38
421,50041853,THE LITTLE BEET,"320 PARK AVENUE, MANHATTAN, NY 10022",Little Beet,0x89c258fc602f6357:0x974b1b55c5d40a30,,40.7577902,-73.974237,7,6,0,People typically spend 15 min to 3.5 hr here,4.4,350,6,6,161,Midtown Center,6564.360000000001,393.8616,1.2,0.2,0.8,88
422,50041950,LA COLOMBE,"67 WALL STREET, MANHATTAN, NY 10005",La Colombe Coffee Workshop,0x89c25a1669bb0933:0x87745de24d0b2ff7,,40.7057099,-74.0085244,7,6,0,,4.5,595,6,6,87,Financial District North,1373.85,114.02955,3.0,0.7,0.3,29
423,50042385,CHIPOTLE MEXICAN GRILL,"286 1 AVENUE, MANHATTAN, NY 10009",Chipotle Mexican Grill,0x89c259750fc28f91:0xfda02585adfdd8ea,,40.7329515,-73.9809075,7,6,0,People typically spend 10-45 min here,3.2,555,6,6,224,Stuy Town/Peter Cooper Village,4421.7,296.2539,1.8,0.4,0.6,17
424,50042664,MR. PURPLE,"180 ORCHARD STREET, MANHATTAN, NY 10002",Mr. Purple,0x89c25983e53065b1:0x2c5d3d48cf428dd7,,40.721741,-73.988103,7,6,0,People typically spend 30 min to 3 hr here,4.1,3192,6,6,148,Lower East Side,506.6666666666667,30.4,1.2,0.2,0.8,43
425,50042774,SLATE COFFEE + KITCHEN,"121 MADISON AVENUE, MANHATTAN, NY 10016",Slate Cafe NoMad,0x89c259df2ee13933:0xd04d051d087c9b10,,40.7453125,-73.9846013,7,6,0,People typically spend 20 min to 1 hr here,4.5,1645,6,6,164,Midtown South,1000.0,60.0,1.2,0.2,0.8,49
426,50043179,SABA'S PIZZA,"403 AMSTERDAM AVENUE, MANHATTAN, NY 10024",Saba's Pizza,0x89c25888ba63af81:0x541cb5360cbc3f3d,,40.783256,-73.9779496,7,6,0,,4.1,618,6,6,239,Upper West Side South,2000.0,120.0,1.1,0.15,0.85,75
427,50043183,CHIPOTLE MEXICAN GRILL,"805 COLUMBUS AVENUE, MANHATTAN, NY 10025",Chipotle Mexican Grill,0x89c2f626d2586cdd:0x6d2008bb79019fc9,,40.7949232,-73.9657893,7,6,0,,3.9,533,6,6,151,Manhattan Valley,6222.3,416.8941,1.8,0.4,0.6,38
428,50044020,TEXAS ROTISSERIE,"1315 1 AVENUE, MANHATTAN, NY 10021",Texas Rotisserie & Grill,0x89c258c19cbb85e5:0x2c5fbea9863d220a,,40.766938,-73.956929,7,6,0,People typically spend 25 min to 2.5 hr here,3.9,239,6,6,141,Lenox Hill West,1200.0,72.0,1.2,0.2,0.8,83
429,50044208,CAFE ALTRO PARADISO,"234 SPRING STREET, MANHATTAN, NY 10013",Altro Paradiso,0x89c2598ce5cb7a9b:0x9b8df0f81cc4f5a,,40.7254266,-74.0046926,7,6,0,People typically spend 1.5-4 hours here,4.4,926,6,6,125,Hudson Sq,8000.0,440.0,1.0,0.1,0.9,9
430,50044340,WENDY'S,"4 SOUTH STREET, MANHATTAN, NY 10004",Wendy's,0x89c25a135d18cd4b:0x37eb6e6aa32caf32,,40.7011111,-74.0130556,7,6,0,People typically spend 15 min here,3.3,359,6,6,88,Financial District South,6293.753333333333,377.6252,1.2,0.2,0.8,24
431,50044701,MEME,"607 10 AVENUE, MANHATTAN, NY 10036",Mémé Mediterranean,0x89c2584df633d5d3:0x10e750a04e0586e1,,40.7609328,-73.99482789999999,7,6,0,People typically spend 1-2 hours here,4.4,1027,6,6,50,Clinton West,800.0,48.0,1.2,0.2,0.8,72
432,50044709,SWEETS BAKERY,"135 WALKER STREET, MANHATTAN, NY 10013",Sweets Bakery,0x89c25a275ca511ef:0xf85ce147997b2861,,40.7172328,-73.99976529999999,7,6,0,,4.1,443,6,6,45,Chinatown,4233.3,351.3639000000001,3.0,0.7,0.3,14
433,50044736,GEBHARD'S BEER CULTURE,"228 WEST   72 STREET, MANHATTAN, NY 10023",Gebhard's Beer Culture,0x89c25861e2367c51:0xf8d1def1c0cee224,,40.778946,-73.98321899999999,7,6,0,People typically spend 45 min to 2 hr here,4.4,755,6,6,143,Lincoln Square West,1344.0,80.64,1.2,0.2,0.8,52
434,50044975,LENWICH,"469 COLUMBUS AVE, MANHATTAN, NY 10024",LENWICH,0x89c2588513c1e2ab:0x20cd4fbaa703440c,,40.7841933,-73.9736344,7,6,0,People typically spend 20 min to 1 hr here,4.3,627,6,6,239,Upper West Side South,1600.0,132.8,2.5,0.6,0.4,75
435,50045048,HANAMICHI,"28 WEST   32 STREET, MANHATTAN, NY 10001",Hana Michi,0x89c259a8e8b88a41:0x8211368c63b26bf4,,40.7476578,-73.9870136,7,6,0,,4.1,580,6,6,164,Midtown South,1883.333333333333,113.0,1.1,0.2,0.8,49
436,50045788,CHINELOS II DELI-GROCERY RESTAURANT,"530 WEST  136 STREET, MANHATTAN, NY 10031",Chinelos 2,0x89c2f666012a9a95:0xbbc231e8f9fa41c,,40.8202928,-73.9537757,7,6,0,People typically spend 25 min to 3.5 hr here,3.8,228,6,6,152,Manhattanville,2257.2,151.2324,1.8,0.4,0.6,17
437,50045841,IPPUDO NY,"321 WEST   51 STREET, MANHATTAN, NY 10019",IPPUDO Westside,0x89c2585704dadb07:0x134867276342eb91,,40.76349,-73.98659599999999,7,6,0,People typically spend 45 min to 1.5 hr here,4.5,5229,6,6,48,Clinton East,1825.2,100.386,1.0,0.15,0.85,130
438,50046005,PORCHLIGHT,"271 11 AVENUE, MANHATTAN, NY 10001",Porchlight,0x89c259b638d68f2f:0x5bae2a53bf2a2990,,40.7520383,-74.0049906,7,6,0,People typically spend 1-3 hours here,4.4,1121,6,6,246,West Chelsea/Hudson Yards,8000.0,480.0,1.2,0.2,0.8,114
439,50046215,GREGORYS COFFEE,"520 8 AVENUE, MANHATTAN, NY 10018",Gregorys Coffee,0x89c259adab6c0167:0x6cdc102f2f84ab0a,,40.753615,-73.9920415,7,6,0,,4.1,827,6,6,100,Garment District,1480.11,122.84913,3.0,0.7,0.3,73
440,50046741,STOP809,"537 WEST  207 STREET, MANHATTAN, NY 10034",Stop 809,0x89c2f3f61522358b:0x703a64515a4bf6cd,,40.8656092,-73.91970429999999,7,6,0,,4.2,209,6,6,127,Inwood,1625.0,97.5,1.2,0.2,0.8,16
441,50046844,DOMINO'S,"965 AMSTERDAM AVENUE, MANHATTAN, NY 10025",Domino's Pizza,0x89c2f6235091b051:0x10a2ca0aec9722b8,,40.8012991,-73.96475389999999,7,6,0,,3.3,340,6,6,24,Bloomingdale,600.0,40.2,1.8,0.5,0.5,25
442,50046863,COCINA DEL SUR,"40 WEST   38 STREET, MANHATTAN, NY 10018",Cocina Del Sur,0x89c259aa3f0a6e3d:0xb7644be2641b89e9,,40.7515374,-73.9846589,7,6,0,People typically spend 20 min to 4 hr here,4.3,407,6,6,164,Midtown South,500.0,30.0,1.2,0.2,0.8,49
443,50047217,THE SMITH,"1150 BROADWAY, MANHATTAN, NY 10001",The Smith,0x89c259a67765432b:0xb69ca2cc7e7de7c8,,40.7442419,-73.9886085,7,6,0,People typically spend 1.5-4 hours here,4.4,6339,6,6,234,Union Sq,1018.25,61.095,1.2,0.2,0.8,50
444,50047509,FILLMORE DELICATESSEN,"1668 3 AVENUE, MANHATTAN, NY 10128",Fillmore Deli & Backroom,0x89c258a44b064011:0x6fea7df278958e40,,40.783674,-73.950844,7,6,0,,4.7,309,6,6,236,Upper East Side North,1660.0,137.78,2.5,0.6,0.4,115
445,50047718,GREGORYS COFFEE,"58 WEST   44 STREET, MANHATTAN, NY 10036",Gregorys Coffee,0x89c258ffefd5bec5:0xf78eae228a7408b1,,40.7558258,-73.9826362,7,6,0,People typically spend 20 min to 1.5 hr here,4.2,1009,6,6,161,Midtown Center,2947.65,244.65495,3.0,0.7,0.3,88
446,50048149,MEDITERRANEO PIZZA,"1593 SAINT NICHOLAS AVENUE, MANHATTAN, NY 10040",Mediterraneo Pizza,0x89c2f41b61cc2acd:0xd9c5b0c6932db070,,40.8547222,-73.92999999999999,7,6,0,,4.4,187,6,6,243,Washington Heights North,1247.75,83.59925000000001,1.8,0.5,0.5,24
447,50048378,VIN SUR VINGT,"66 WEST   84 STREET, MANHATTAN, NY 10024",Vin Sur Vingt Wine Bar - Upper West Side,0x89c2588516f4b857:0x8566e52aa374f15e,,40.7848882,-73.9727989,7,0,23,People typically spend 1.5-2.5 hours here,4.6,338,6,6,239,Upper West Side South,3263.85,163.1925,0.8,0.05,0.95,48
448,50048644,GREGORY'S COFFEE,"327 PARK AVENUE SOUTH, MANHATTAN, NY 10010",Gregorys Coffee,0x89c259a72946c6f5:0xf883630efdc8c731,,40.7409453,-73.985497,7,6,0,,4.2,687,6,6,107,Gramercy,2176.0,180.608,3.0,0.7,0.3,46
449,50048671,JACQUES BRASSERIE,"204 EAST   85 STREET, MANHATTAN, NY 10028",Jacques Brasserie,0x89c258bc7c3e61fd:0x1829ad02308190fb,,40.7778319,-73.9541443,7,6,0,People typically spend 2-4 hours here,4.5,707,6,6,263,Yorkville West,641.3333333333334,32.06666666666667,0.8,0.05,0.95,73
450,50048761,STARBUCKS COFFEE,"1077 3 AVENUE, MANHATTAN, NY 10065",Starbucks Coffee Company,0x89c258e8db3f485d:0x6bef44ae5dce3c5e,,40.7642,-73.96427,7,4,0,People typically spend 20 min to 3 hr here,4.1,443,6,6,141,Lenox Hill West,6243.3,518.1939000000001,3.0,0.7,0.3,189
451,50049596,HENRIETTA HUDSON,"438 HUDSON STREET, MANHATTAN, NY 10014",Henrietta Hudson,0x89c259ed2b5b2887:0x470ce7e2cbd6e998,,40.7310687,-74.0064209,7,6,0,People typically spend 1-3.5 hours here,4.1,645,6,6,249,West Village,440.0,26.4,1.2,0.2,0.8,30
452,50050113,LENWICH,"1024 2 AVENUE, MANHATTAN, NY 10022",LENWICH,0x89c258e3f6a7e2bb:0xec2e586e7faf04bd,,40.7573937,-73.96642469999999,7,6,0,People typically spend 20 min to 2.5 hr here,4.0,346,6,6,229,Sutton Place/Turtle Bay North,1468.0,121.844,2.5,0.6,0.4,48
453,50050184,SWEETGREEN,"1500 3 AVENUE, MANHATTAN, NY 10028","sweetgreen - Healthy Salads, Wraps, and Bowls",0x89c258bc60e8a781:0x8e826b7e009bfce8,,40.7780119,-73.95489169999999,7,6,0,People typically spend 15 min to 1 hr here,3.7,651,6,6,236,Upper East Side North,720.0,59.76000000000001,2.5,0.6,0.4,115
454,50051225,TACO BELL,"1351 SAINT NICHOLAS AVENUE, MANHATTAN, NY 10033",Taco Bell,0x89c2f41ff8cc51c1:0x75fc9f1519beeea2,,40.847177,-73.9356073,7,4,13,People typically spend 10 min to 1 hr here,4.1,872,6,6,244,Washington Heights South,1018.8,68.2596,1.8,0.4,0.6,174
455,50051532,GRAND SALON AND BAR,"28 WEST   53 STREET, MANHATTAN, NY 10019",Grand Salon at Baccarat Hotel,0x89c258f963bf5637:0x30ce5c542b0b95a7,,40.7609041,-73.9774755,7,6,0,People typically spend 15 min to 2.5 hr here,4.1,317,6,6,161,Midtown Center,1913.76,114.8256,1.2,0.2,0.8,88
456,50051609,DUNKIN,"52 EAST    8 STREET, MANHATTAN, NY 10003",Dunkin',0x89c2599a13fe96f1:0x331ba808fceb0ce2,,40.7309748,-73.9937849,7,4,0,,3.3,163,6,6,113,Greenwich Village North,381.5,31.6645,3.0,0.8,0.1999999999999999,91
457,50051612,DOS CAMINOS,"1567 BROADWAY, MANHATTAN, NY 10036",Dos Caminos,0x89c25855cbca4495:0x65b04f5b2ecbae12,,40.7593727,-73.98532809999999,7,6,0,People typically spend 1-4 hours here,4.0,2459,6,6,230,Times Sq/Theatre District,859.8333333333334,57.60883333333334,1.8,0.4,0.6,118
458,50051981,FIVESTUY CAFE,"5 STUYVESANT OVAL, MANHATTAN, NY 10009",Five Stuy Cafe,0x89c259745be1e07d:0xaf713e5fbc31888c,,40.7318647,-73.97888329999999,7,6,0,People typically spend 10 min to 1 hr here,4.1,276,6,6,224,Stuy Town/Peter Cooper Village,8000.0,664.0,2.5,0.6,0.4,17
459,50052114,STARBUCKS COFFEE,"141 AMSTERDAM AVE, MANHATTAN, NY 10023",Starbucks Coffee Company,0x89c2585fe251d09f:0x41d47756946767b6,,40.77484,-73.98413,7,4,0,People typically spend 10 min to 1 hr here,3.6,448,6,6,142,Lincoln Square East,3879.0,321.957,3.0,0.7,0.3,159
460,50052171,OSAMIL,"5 WEST   31 STREET, MANHATTAN, NY 10001",Osamil,0x89c259a8f338358f:0xf5584fff2f5d5c47,,40.746961,-73.9864309,7,6,0,People typically spend 1-2 hours here,4.5,1591,6,6,164,Midtown South,5677.5,312.2625,1.0,0.15,0.85,49
461,50052428,SWEETGREEN,"1321 1 AVENUE, MANHATTAN, NY 10021",sweetgreen,0x89c258c19c186405:0x86d67377663459fd,,40.7671283,-73.9568462,7,6,0,People typically spend 15 min to 1.5 hr here,3.9,444,6,6,141,Lenox Hill West,1520.0,126.16,2.5,0.6,0.4,83
462,50052807,11 HOWARD KITCHEN,"138 LAFAYETTE STREET, MANHATTAN, NY 10013",Le Coucou,0x89c25989f3630ecb:0xd048cf49523f429d,,40.7191167,-74.0001861,7,6,0,People typically spend 1.5-3.5 hours here,4.5,2124,6,6,144,Little Italy/NoLiTa,683.6666666666666,41.02,1.2,0.2,0.8,16
463,50053069,CONVENE 237 PARK,"237 PARK AVENUE, MANHATTAN, NY 10017",Convene 237 Park,0x89c2590277f7aba1:0xf6dc6cb72edbf025,,40.753904,-73.9749325,1,6,0,,4.7,54,0,6,162,Midtown East,8000.0,480.0,1.2,0.2,0.8,513
464,50053718,DUNKIN,"353 AMSTERDAM AVENUE, MANHATTAN, NY 10024",Dunkin',0x89c2588903343ef9:0x38ec47bbde3b8833,,40.7815905,-73.9792272,7,4,0,,3.5,232,6,6,239,Upper West Side South,280.0,23.24,3.0,0.8,0.1999999999999999,140
465,50053728,CAVA GRILL,"143 4 AVENUE, MANHATTAN, NY 10003",CAVA,0x89c2599927fc9eb1:0x57a490d70baabf0e,,40.7337898,-73.9896079,7,6,0,People typically spend 10-45 min here,4.5,1697,6,6,79,East Village,1488.042857142857,89.28257142857142,1.2,0.2,0.8,63
466,50053932,HEALTHY CHOICE GOURMET DELI & PIZZA,"341 7 AVENUE, MANHATTAN, NY 10001",Healthy Choice Gourmet Deli & Pizza,0x89c259afbd3fbb57:0x5061769b67edc713,,40.747872,-73.9925961,7,4,50,,3.4,100,6,6,186,Penn Station/Madison Sq West,1850.0,153.55,2.5,0.6,0.4,216
467,50053977,GREGORY'S COFFEE,"874 AVENUE OF THE AMERICAS, MANHATTAN, NY 10001",Gregorys Coffee,0x89c259af336b3341:0xa4969e07ce3108de,,40.7477283,-73.9890454,7,6,0,People typically spend 20 min to 1 hr here,4.1,1497,6,6,164,Midtown South,2520.0,209.1600000000001,3.0,0.7,0.3,49
468,50054044,K-BAP,"62 WEST   56 STREET, MANHATTAN, NY 10019",K-Bap & Wings | Korean,0x89c259357fa2d1fd:0xcbbd75f9d4534bef,,40.7633899,-73.9772179,7,6,0,,4.7,1879,6,6,161,Midtown Center,675.0,37.125,1.0,0.15,0.85,88
469,50054116,ALLORA,"145 EAST   47 STREET, MANHATTAN, NY 10017",Allora,0x89c258fd427babfd:0xefbe4b0342a0fd0b,,40.7544191,-73.9726561,7,6,0,,4.3,688,6,6,162,Midtown East,1002.4,55.132,1.0,0.1,0.9,108
470,50054294,BOUCHERIE,"99 7 AVENUE SOUTH, MANHATTAN, NY 10014",Boucherie West Village,0x89c25993862d9fab:0xc76173738eeacb72,,40.733047,-74.0028772,7,6,0,People typically spend 1.5-3.5 hours here,4.8,9692,6,6,249,West Village,2677.0,133.85,0.8,0.05,0.95,30
471,50054456,ORAMEN,"579 AVENUE OF THE AMERICAS, MANHATTAN, NY 10011",Oramen,0x89c259bd3ca49e89:0x579dd21b4716c184,,40.7390127,-73.9960002,7,6,0,People typically spend 45 min to 1.5 hr here,4.4,944,6,6,90,Flatiron,1040.0,57.2,1.0,0.15,0.85,31
472,50054524,LE CAFE COFFEE,"661 LEXINGTON AVENUE, MANHATTAN, NY 10022",Le Cafe Coffee,0x89c258e4c2066753:0x64f50a662bfb26d7,,40.7597355,-73.9697968,7,6,0,,4.5,258,6,6,162,Midtown East,3540.8,293.8864,3.0,0.7,0.3,108
473,50054637,BURGER KING,"1886 3 AVENUE, MANHATTAN, NY 10029",Burger King,0x89c2f60292dd7965:0x954d172f0d5a9e60,,40.7905251,-73.9457546,7,6,0,People typically spend 20 min here,4.3,1636,6,6,75,East Harlem South,373.3333333333333,30.98666666666667,2.5,0.6,0.4,186
474,50054927,STARBUCKS COFFEE COMPANY,"250 VESEY STREET, MANHATTAN, NY 10281",Starbucks Coffee Company,0x89c25a1b754671c7:0xa8f39f97d0f54989,,40.71418,-74.01550999999999,7,5,0,,4.1,692,6,6,13,Battery Park City,6946.930000000001,576.5951900000001,3.0,0.7,0.3,24
475,50055040,GREGORY'S COFFEE,"551 MADISON AVENUE, MANHATTAN, NY 10022",Gregorys Coffee,0x89c258fb1fb40c7d:0xf6b0447c81507b50,,40.7609895,-73.973019,7,6,0,,4.0,322,6,6,161,Midtown Center,896.3928571428571,74.40060714285714,3.0,0.7,0.3,88
476,50055122,LOS MARISCOS,"409 WEST   15 STREET, MANHATTAN, NY 10011",Los Mariscos,0x89c259bf68f0e5f9:0xfe6d36e788729964,,40.7421853,-74.00578589999999,7,6,0,People typically spend 15-45 min here,4.7,3112,6,6,68,East Chelsea,2049.366666666667,137.3075666666667,1.8,0.4,0.6,303
477,50055362,DUNKIN,"625 8 AVENUE, MANHATTAN, NY 10018",Dunkin',0x89c259711bfabf09:0x5e9af1839792537,,40.7567565,-73.9904366,7,5,0,,2.3,130,6,6,48,Clinton East,200.0,16.6,3.0,0.8,0.1999999999999999,171
478,50055419,KIRKLAND & ELLIS CONFERENCE ROOMS,"601 LEXINGTON AVENUE, MANHATTAN, NY 10022",Kirkland & Ellis LLP,0x89c258e4af9ce109:0xbcaa038a1e1e3c10,,40.7584832,-73.97025599999999,7,4,17,People typically spend 4 hours here,3.3,44,6,6,162,Midtown East,200.0,12.0,1.2,0.2,0.8,141
479,50055420,STARBUCKS,"245 EAST   93 STREET, MANHATTAN, NY 10128",Starbucks Coffee Company,0x89c258a59b1e8e05:0xef5b1c72af1175b5,,40.78277,-73.94837,7,4,0,People typically spend 15 min to 1 hr here,3.9,367,6,6,263,Yorkville West,8000.0,664.0,3.0,0.7,0.3,245
480,50055852,WAGAMAMA,"210 5 AVENUE, MANHATTAN, NY 10010","wagamama nomad, new york",0x89c259a681a86ecb:0x376495ffb473132a,,40.7433574,-73.9887711,7,6,0,People typically spend 1-4 hours here,4.1,2141,6,6,234,Union Sq,1600.0,88.0,1.0,0.15,0.85,50
481,50055882,GARDENIA TERRACE,"826 10 AVENUE, MANHATTAN, NY 10019",Gardenia Terrace,0x89c2585a25d2da33:0xd0a6d501fc21c530,,40.7675894,-73.98936069999999,7,6,0,People typically spend 1.5-3 hours here,4.1,1363,6,6,48,Clinton East,2450.0,147.0,1.2,0.2,0.8,130
482,50056365,KING'S CHEF,"587 LENOX AVENUE, MANHATTAN, NY 10037",King's Chef,0x89c2f67783e0b50d:0x703f037177ec89d2,,40.8174996,-73.938696,7,6,0,,2.8,57,6,6,42,Central Harlem North,2500.0,150.0,1.2,0.3,0.7,70
483,50056507,LA BURDICK CHOCOLATE,"156 PRINCE STREET, MANHATTAN, NY 10012",L.A. Burdick Handmade Chocolates,0x89c2598dd2731ccb:0x2d76566992171f66,,40.7258666,-74.0013032,7,6,0,,4.4,511,6,6,211,SoHo,409.5,33.9885,3.0,0.7,0.3,26
484,50056586,MAISON PICKLE,"2309 BROADWAY, MANHATTAN, NY 10024",Maison Pickle,0x89c25886855aaaad:0x9f6c026a62af2874,,40.7869104,-73.9780313,7,6,0,People typically spend 45 min to 2.5 hr here,4.5,3746,6,6,239,Upper West Side South,4950.0,297.0,1.2,0.2,0.8,75
485,50056918,TIM HO WAN,"85 4 AVENUE, MANHATTAN, NY 10003",Tim Ho Wan East Village,0x89c2599958da6bf1:0xb15210bf4d7154a7,,40.7313048,-73.99015969999999,7,6,0,People typically spend 30 min to 2 hr here,4.1,2491,6,6,79,East Village,1862.25,111.735,1.2,0.3,0.7,63
486,50056930,TUBBY HOOK TAVERN,"4946 BROADWAY, MANHATTAN, NY 10034",Tubby Hook Tavern,0x89c2f3f6ee5ec58b:0xb04aa73ebc740caf,,40.8677156,-73.9206796,7,6,0,People typically spend 1-2.5 hours here,4.4,581,6,6,127,Inwood,2562.5,153.75,1.2,0.2,0.8,16
487,50057386,CHOW HOUSE,"181 BLEECKER STREET, MANHATTAN, NY 10012",Chow House,0x89c259921fed3df3:0x1551582c525853,,40.7291204,-74.00076159999999,7,6,0,People typically spend 30 min to 1.5 hr here,4.6,1103,6,6,114,Greenwich Village South,891.2,53.472,1.2,0.3,0.7,15
488,50057641,NORMA,"438 3 AVENUE, MANHATTAN, NY 10016",Norma,0x89c259088ac8016f:0xdfcd07ee0703d06d,,40.743523,-73.9799614,7,6,0,People typically spend 1.5-4 hours here,4.6,1736,6,6,170,Murray Hill,200.0,11.0,1.0,0.1,0.9,92
489,50057673,YAMA RAMEN,"60 WEST   48 STREET, MANHATTAN, NY 10036",Yama Ramen,0x89c258ff1a6e63eb:0xcc29338f2f8f7eaa,,40.7580976,-73.980796,7,6,0,,4.1,1970,6,6,161,Midtown Center,2953.35,162.43425,1.0,0.15,0.85,88
490,50057778,WHITMANS,"500 WEST   30 STREET, MANHATTAN, NY 10001",Whitmans,0x89c259b6b902d919:0x49ffe81897fd69e9,,40.7517389,-74.0015325,7,6,0,People typically spend 45 min to 2 hr here,4.3,1125,6,6,246,West Chelsea/Hudson Yards,537.5785714285714,32.25471428571429,1.2,0.2,0.8,114
491,50057837,BO'S BAGELS,"235 WEST  116 STREET, MANHATTAN, NY 10026",BO's Bagels,0x89c2f616b65c4465:0xf1d2c7230616ba91,,40.804197,-73.95409099999999,7,6,0,People typically spend 20 min here,4.4,1510,6,6,41,Central Harlem,1636.8,135.8544,3.0,0.8,0.1999999999999999,44
492,50058195,LIAN JIANG,"88 DIVISION STREET, MANHATTAN, NY 10002",Lian Jiang,0x89c25a28896ffd1d:0xe0bf609d1ef574e1,,40.7144171,-73.9937028,7,6,0,,4.2,40,6,6,148,Lower East Side,900.0,54.0,1.2,0.3,0.7,43
493,50058240,ALOAF CAFE,"170 EAST  110 STREET, MANHATTAN, NY 10029",Aloaf Bakery Cafe,0x89c2f60473080529:0xb72b92356c3b127b,,40.7942454,-73.94358369999999,1,6,0,,4.4,88,0,6,75,East Harlem South,600.0,49.8,3.0,0.7,0.3,298
494,50058588,SWEETGREEN,"66 EAST   55 STREET, MANHATTAN, NY 10022","sweetgreen - Healthy Salads, Wraps, and Bowls",0x89c258fb3d6667ef:0xfc6e6fb31f7a7c2,,40.7603276,-73.97268989999999,1,6,0,,4.2,510,0,6,161,Midtown Center,6750.0,560.25,2.5,0.6,0.4,793
495,50058724,SPICE SYMPHONY,"150 EAST   50 STREET, MANHATTAN, NY 10022",Spice Symphony,0x89c2590874185747:0xb6f61520ad3440bd,,40.7559053,-73.9715702,7,6,0,People typically spend 25 min to 2 hr here,4.4,2230,6,6,162,Midtown East,390.0,21.45,1.0,0.15,0.85,108
496,50058921,PIERS PIZZA COMPANY,"61 CHELSEA PIERS PIER, MANHATTAN, NY 10011",Pier 61 Chelsea Piers,0x89c259c7b8121d5f:0xb6aa3dce1e76662d,,40.747355,-74.0083691,7,6,0,People typically spend 45 min to 4 hr here,4.6,627,6,6,246,West Chelsea/Hudson Yards,4440.0,297.48,1.8,0.5,0.5,114
497,50058953,DOMINO'S,"1988 AMSTERDAM AVENUE, MANHATTAN, NY 10032",Domino's Pizza,0x89c2f683f6d73599:0xef179f83c5f2cbd8,,40.833944,-73.9415363,7,6,0,,3.5,447,6,6,244,Washington Heights South,1960.0,131.32,1.8,0.5,0.5,149
498,50059022,CULTURE 307,"307 WEST   38 STREET, MANHATTAN, NY 10018",Culture 307,0x89c259ad2205b58b:0x16c5512da2cb5046,,40.7550658,-73.9921635,7,6,0,,4.6,491,6,6,48,Clinton East,2210.94,183.50802,3.0,0.7,0.3,130
499,50059267,DIG INN,"856 8 AVENUE, MANHATTAN, NY 10019",Dig Inn,0x89c25857b2068d67:0x6507368e697a5c28,,40.7631041,-73.9852026,7,6,0,,4.5,1028,6,6,230,Times Sq/Theatre District,1297.6,77.856,1.2,0.2,0.8,118
500,50059635,STREET TACO,"358 3 AVENUE, MANHATTAN, NY 10016",Street Taco,0x89c25909eeeb4d97:0x382c2295cdd5783f,,40.7409472,-73.9819582,7,6,0,People typically spend 1.5-4 hours here,4.7,1744,6,6,107,Gramercy,248.4,16.6428,1.8,0.4,0.6,46
501,50059980,OSCAR WILDE'S,"45 WEST   27 STREET, MANHATTAN, NY 10001",Oscar Wilde,0x89c259a5e959b781:0x9c2c03e28babd5c6,,40.7451638,-73.99007209999999,7,6,0,People typically spend 1-2.5 hours here,4.3,6015,6,6,234,Union Sq,2670.0,160.2,1.2,0.2,0.8,50
502,50060069,THE HIDEOUT,"42 RIVINGTON STREET, MANHATTAN, NY 10002",The Hideout Chai Bar,0x89c259869a96febf:0x110da027a735ea6e,,40.7210707,-73.99097909999999,7,6,0,,4.8,446,6,6,148,Lower East Side,800.0,66.4,3.0,0.7,0.3,43
503,50060083,BELLHOP BAR & RESTAURANT,"444 10 AVENUE, MANHATTAN, NY 10001",Bellhop,0x89c2594e4ea40caf:0xf4242205f5e565b1,,40.7550158,-73.998475,7,6,0,,4.8,31,6,6,68,East Chelsea,680.0,40.8,1.2,0.2,0.8,303
504,50060165,DUNKIN,"303 CANAL STREET, MANHATTAN, NY 10013",Dunkin',0x89c2598a3f56770d:0x1909ac90c4984f30,,40.719813,-74.002121,7,5,0,People typically spend 10 min to 2.5 hr here,3.8,535,6,6,211,SoHo,2174.4,180.4752,3.0,0.8,0.1999999999999999,30
505,50060223,JOE & THE JUICE,"1758 BROADWAY, MANHATTAN, NY 10019",JOE & THE JUICE,0x89c258f7949c6673:0xebaf2c6150e62cc3,,40.7658054,-73.9815366,7,6,0,,3.8,653,6,6,163,Midtown North,2107.285714285714,174.9047142857143,3.0,0.8,0.1999999999999999,74
506,50060268,STARBUCKS COFFEE,"28 WEST   48 STREET, MANHATTAN, NY 10036",Starbucks Coffee Company,0x89c258fee4ad1d97:0x5a43714f45c6bf57,,40.75777,-73.97961,7,4,0,,3.6,608,6,6,161,Midtown Center,3351.9,278.2077,3.0,0.7,0.3,89
507,50060415,JOE & THE JUICE,"67 SPRING STREET, MANHATTAN, NY 10012",JOE & THE JUICE,0x89c2598f2b68bea5:0xb61ab1874f9eb36,,40.7226266,-73.99739079999999,7,6,0,,4.0,891,6,6,144,Little Italy/NoLiTa,1548.0,128.484,3.0,0.7,0.3,16
508,50060424,THE CRAFTSMAN,"3155 BROADWAY, MANHATTAN, NY 10027",The Craftsman,0x89c2f66a7537f5dd:0x33b5cf6b509c4d76,,40.814691,-73.95941119999999,7,6,0,People typically spend 1-2.5 hours here,4.3,623,6,6,166,Morningside Heights,480.0,28.8,1.2,0.2,0.8,61
509,50060821,FOR FIVE COFFEE ROASTERS,"117 WEST   46 STREET, MANHATTAN, NY 10036",For Five Coffee Times Square,0x89c2585580e483ab:0xe470684141b3d7a8,,40.7579144,-73.9831988,7,6,0,,4.0,552,6,6,230,Times Sq/Theatre District,1366.225,113.396675,3.0,0.7,0.3,118
510,50060883,DYCKMAN DOGS,"105A DYCKMAN STREET, MANHATTAN, NY 10040",Dyckman Dogs,0x89c2f59e46d9d029:0x1ee5e56d4d82dc72,,40.8619889,-73.92471739999999,7,6,0,,4.5,314,6,6,127,Inwood,600.0,36.0,1.2,0.2,0.8,16
511,50061117,CAFE BILBOQUET,"26 EAST   60 STREET, MANHATTAN, NY 10022",Café Bilboquet,0x89c258eff1d9b4fd:0xd0f72390af6f67c1,,40.7637733,-73.9704258,7,6,0,People typically spend 20 min to 1 hr here,4.0,693,6,6,237,Upper East Side South,4115.375,205.76875,0.8,0.05,0.95,131
512,50061236,SWEET MOMENT,"106 MOTT STREET, MANHATTAN, NY 10013",Sweet Moment NYC,0x89c2598829cb59d3:0xad9aabe1199ed6e7,,40.71763,-73.997147,7,6,0,People typically spend 30 min to 1.5 hr here,4.4,1446,6,6,144,Little Italy/NoLiTa,987.5,81.9625,3.0,0.7,0.3,16
513,50061537,TACOS CUAUTLA MORELOS,"438 EAST    9 STREET, MANHATTAN, NY 10009",Tacos Cuautla Morelos,0x89c259671a6a2285:0x615c9722eee199dc,,40.727317,-73.98316179999999,7,6,0,,4.4,304,6,6,79,East Village,336.8,22.5656,1.8,0.4,0.6,63
514,50062377,LITTLE ALLEY,"550 3 AVENUE, MANHATTAN, NY 10016",Little Alley,0x89c2590682c08837:0x6418a374a52a7f43,,40.7474165,-73.9772212,7,6,0,People typically spend 45 min to 4 hr here,4.4,949,6,6,170,Murray Hill,480.0,28.8,1.2,0.3,0.7,92
515,50062487,MUGHLAI,"6 CLINTON STREET, MANHATTAN, NY 10002",Mughlai Grill,0x89c25999a9826151:0x69731c4c31cf8f46,,40.7210336,-73.9838523,7,6,0,People typically spend 1-2 hours here,4.5,663,6,6,232,Two Bridges/Seward Park,480.0,26.4,1.0,0.15,0.85,29
516,50062530,MARKET CRATES,"224 WEST   35 STREET, MANHATTAN, NY 10001",Market Crates,0x89c259ac2fdd136d:0x3e6f2020122d222b,,40.751967,-73.99124069999999,7,5,0,,4.5,347,6,6,100,Garment District,1434.48,86.0688,1.2,0.2,0.8,63
517,50062554,LA CASA DEL POLLO AND JUICE BAR,"4231 BROADWAY, MANHATTAN, NY 10033",La Casa Del Pollo Restaurant,0x89c2f6a0646c03c7:0x478d17233516b419,,40.8493659,-73.93697039999999,7,6,0,People typically spend 25 min to 4 hr here,4.4,328,6,6,244,Washington Heights South,1600.0,88.0,0.9,0.1,0.9,149
518,50062669,AMELIE WINE BAR,"566 AMSTERDAM AVENUE, MANHATTAN, NY 10024",Amélie Upper West Side Bistro & Wine Bar,0x89c2588386bb5d05:0x4b7590bb846242db,,40.788696,-73.97448829999999,7,6,0,People typically spend 1-2 hours here,4.5,602,6,6,238,Upper West Side North,1645.6,82.28,0.8,0.05,0.95,84
519,50062852,LILLY'S CRAFT AND KITCHEN,"675B 9TH AVE, MANHATTAN, NY 10036",Lilly's Craft and Kitchen,0x89c2585166ada87b:0x8bdddf475cf1b749,,40.7615004,-73.99079619999999,7,6,0,People typically spend 1-3 hours here,4.2,1260,6,6,48,Clinton East,200.0,12.0,1.2,0.2,0.8,130
520,50063071,ITAEWON POCHA,"28 WEST   32 STREET, MANHATTAN, NY 10001",Itaewon Pocha,0x89c259a8e5c07b5f:0x535c8636b367d677,,40.7477111,-73.9870834,7,6,0,,4.2,730,6,6,164,Midtown South,1883.333333333333,103.5833333333333,1.0,0.15,0.85,49
521,50063152,TSQ FOOD COURT,"163 WEST   48 STREET, MANHATTAN, NY 10036",T.S.Q. Food Court,0x89c25943601f6e63:0x8f7153379958d54b,,40.7598271,-73.98353709999999,7,4,50,,3.6,55,6,6,230,Times Sq/Theatre District,843.75,70.03125,2.5,0.6,0.4,244
522,50063627,JOE & THE JUICE,"1350 AVENUE OF THE AMERICAS, MANHATTAN, NY 10019",Joe & The Juice,0x89c2599fb08fd477:0x118125a1a2c83dd3,,40.7627317,-73.9780483,7,6,0,,2.6,225,6,6,161,Midtown Center,2059.92,170.97336,3.0,0.8,0.1999999999999999,88
523,50063629,JOE & THE JUICE,"430 PARK AVENUE, MANHATTAN, NY 10022",JOE & THE JUICE,0x89c2595b8b47df6b:0x78f20f732bb96db5,,40.7607551,-73.97178509999999,7,6,0,,3.7,242,6,6,161,Midtown Center,2331.15,193.48545,2.5,0.6,0.4,88
524,50063685,EMILY,"35 DOWNING STREET, MANHATTAN, NY 10014",Emily,0x89c259928bcbe085:0x12f2b3aa186a89de,,40.7295276,-74.0038462,7,6,0,People typically spend 1-2 hours here,4.5,3618,6,6,249,West Village,1136.0,76.11200000000001,1.8,0.5,0.5,30
525,50064045,TOMINO - TABERNA GALLEGA,"192 GRAND STREET, MANHATTAN, NY 10013",Tomiño Taberna Gallega,0x89c259885aacf9b7:0x5ac4f0cc0e235d95,,40.7195091,-73.9968921,7,6,0,People typically spend 1.5-4 hours here,4.6,2334,6,6,144,Little Italy/NoLiTa,1980.0,108.9,0.9,0.1,0.9,16
526,50064099,FOK NOODLES,"5 CATHERINE STREET, MANHATTAN, NY 10038",Fok Noodles,0x89c25b004ea85bf5:0x89457d255180fb89,,40.7138196,-73.9972913,7,6,0,,4.8,181,6,6,45,Chinatown,1358.8,81.52799999999999,1.2,0.3,0.7,14
527,50064289,THE MILL,"140 EAST   52 STREET, MANHATTAN, NY 10022",The Mill,0x89c258fcb34c1a03:0x9a3e65bb4159dbcc,,40.757499,-73.97126899999999,1,5,0,People typically spend 25 min to 4 hr here,4.2,655,0,6,162,Midtown East,529.8571428571429,31.79142857142857,1.2,0.2,0.8,139
528,50064425,LUKE'S LOBSTER,"124 UNIVERSITY PLACE, MANHATTAN, NY 10003",Luke's Lobster Union Square,0x89c259985a6b4e29:0xb9df668ecf91fab3,,40.734805,-73.9922531,7,6,0,,4.5,504,6,6,113,Greenwich Village North,515.8,25.79,0.8,0.05,0.95,25
529,50064572,SOCIETY CAFE,"52 WEST   13 STREET, MANHATTAN, NY 10011",Society Cafe,0x89c25997c6cb2157:0x74168f52ad5975c1,,40.73618,-73.9966,7,6,0,People typically spend 10 min to 1.5 hr here,4.5,699,6,6,113,Greenwich Village North,5000.0,300.0,1.2,0.2,0.8,25
530,50065575,SWEETGREEN,"2460 BROADWAY, MANHATTAN, NY 10025","sweetgreen - Healthy Salads, Wraps, and Bowls",0x89c25882f0e81a5d:0x1c52ebca4b99450b,,40.7914678,-73.97376369999999,7,6,0,People typically spend 15 min to 2 hr here,3.5,419,6,6,238,Upper West Side North,795.7333333333335,66.04586666666668,2.5,0.6,0.4,84
531,50065904,BARROW STREET ALE HOUSE,"15 BARROW STREET, MANHATTAN, NY 10014",Barrow Street Ale House,0x89c2599391fb26b9:0xf06d909282fb52c8,,40.7326444,-74.0025296,7,6,0,People typically spend 30 min to 3 hr here,3.8,198,6,6,249,West Village,1750.5,105.03,1.2,0.2,0.8,30
532,50066240,KO SUSHI,"1329 2 AVENUE, MANHATTAN, NY 10021",Ko Sushi,0x89c259c37a551fc7:0x6aa9dd58d8aef357,,40.7677359,-73.95944329999999,7,6,0,People typically spend 10 min to 1.5 hr here,4.3,209,6,6,141,Lenox Hill West,1835.25,100.93875,1.0,0.15,0.85,83
533,50066417,CHAZZ PALMINTERI ITALIAN RESTAURANT,"30 WEST   46 STREET, MANHATTAN, NY 10036",Chazz Palminteri Italian Restaurant,0x89c258e29e042419:0xb06be7983c2ecb4d,,40.7564645,-73.980563,7,6,0,People typically spend 15 min to 2.5 hr here,4.7,2192,6,6,161,Midtown Center,1280.0,70.4,1.0,0.1,0.9,88
534,50066588,CAP'T LOUI,"3147 BROADWAY, MANHATTAN, NY 10027",Cap't Loui Broadway - Cajun Seafood Boil,0x89c2f641d974d2c3:0x1a06873f0395ce0f,,40.8143152,-73.9597825,7,6,0,People typically spend 1-2.5 hours here,4.3,988,6,6,166,Morningside Heights,1440.0,72.0,0.8,0.05,0.95,61
535,50067394,BURGERS AND GRILL,"2543 AMSTERDAM AVENUE, MANHATTAN, NY 10033",BURGERS & GRILL,0x89c2f41bdc1e0333:0x8338468483d20472,,40.851325,-73.9282712,7,6,0,,4.4,267,6,6,243,Washington Heights North,750.0,45.0,1.1,0.15,0.85,24
536,50067426,MONTAGU'S GUSTO,"645 2 AVENUE, MANHATTAN, NY 10016",Montagu's Gusto,0x89c25905b8d5f005:0x91afc959b05ad48c,,40.745711,-73.975531,1,6,0,People typically spend 15 min to 4 hr here,4.4,421,0,6,170,Murray Hill,386.0,23.16,1.2,0.2,0.8,238
537,50067618,HAAGEN - DAZS,"263 AMSTERDAM AVENUE, MANHATTAN, NY 10023",Häagen-Dazs,0x89c259a93a3a0de7:0x47a4257c87523262,,40.7787562,-73.9812863,7,6,0,,3.8,173,6,6,142,Lincoln Square East,1014.1,84.17030000000001,3.0,0.8,0.1999999999999999,99
538,50068448,KUNG FU LITTLE STEAMED BUNS RAMEN,"146 EAST   55 STREET, MANHATTAN, NY 10022",Kung Fu Little Steamed Buns Ramen,0x89c258e49358c00b:0x43014eae1b518aea,,40.7592053,-73.9695124,7,6,0,,4.2,807,6,6,162,Midtown East,1532.75,91.965,1.2,0.3,0.7,108
539,50068736,IPPUDO,"24 WEST   46 STREET, MANHATTAN, NY 10036",IPPUDO 5th Avenue,0x89c258ffb16451bf:0x410a4f43b0eb6416,,40.7564032,-73.9804594,7,6,0,People typically spend 45 min to 1 hr here,4.3,2215,6,6,161,Midtown Center,8000.0,440.0,1.0,0.15,0.85,88
540,50068912,ROEY'S,"1 PERRY STREET, MANHATTAN, NY 10014",Roey's,0x89c259cf041008bb:0x354d700db9f4d2fe,,40.7359857,-74.00098919999999,7,6,0,People typically spend 45 min to 2 hr here,4.3,769,6,6,249,West Village,480.0,26.4,1.0,0.1,0.9,30
541,50070066,MCDONALD'S,"966 3 AVENUE, MANHATTAN, NY 10022",McDonald's,0x89c258e5b733895d:0x30af0375dd30b160,,40.7608555,-73.9673498,7,3,0,People typically spend 10-45 min here,3.9,2533,6,6,162,Midtown East,3561.5,295.6045,2.5,0.6,0.4,269
542,50070258,MAMA'S FRIED CHICKEN,"2925 8 AVENUE, MANHATTAN, NY 10039",Mama's Fried Chicken,0x89c2f68040cf61a5:0xfecc91e399e0e59d,,40.8291253,-73.9375732,7,6,0,,3.6,48,6,6,42,Central Harlem North,1890.5,126.6635,2.0,0.5,0.5,70
543,50070479,MIRAJ HEALTHY GRILL,"120 EAST   34 STREET, MANHATTAN, NY 10016",Miraj Healthy Grill,0x89c26289ed22595b:0xf2c73eaa64ce31ea,,40.7463656,-73.9803215,7,6,0,People typically spend 30 min to 2.5 hr here,4.4,1641,6,6,170,Murray Hill,2146.5,128.79,1.2,0.2,0.8,92
544,50070560,HO FOODS NYC,"110 EAST    7 STREET, MANHATTAN, NY 10009",Ho Foods,0x89c2599d374d857b:0x64d66138307f4738,,40.7262861,-73.9848252,7,6,0,,4.3,746,6,6,79,East Village,400.0,24.0,1.2,0.3,0.7,63
545,50070575,THE LOBSTER CLUB,"99 EAST   52 STREET, MANHATTAN, NY 10022",The Lobster Club,0x89c258fb5c54793b:0xc6bd0af7603fc51d,,40.7585133,-73.9718852,1,6,0,People typically spend 1.5-4 hours here,4.4,415,0,6,162,Midtown East,8000.0,440.0,1.0,0.15,0.85,513
546,50070927,PAPA JOHN'S PIZZA,"343 GRAND STREET, MANHATTAN, NY 10002",Papa Johns Pizza,0x89c25983ffa61141:0xb771c0d909f042a8,,40.7167849,-73.9898441,7,6,0,People typically spend 10 min to 1 hr here,3.4,368,6,6,148,Lower East Side,1284.8,86.08160000000002,1.8,0.5,0.5,43
547,50070940,PAPA JOHN'S PIZZA,"896 AMSTERDAM AVENUE, MANHATTAN, NY 10025",Papa Johns Pizza,0x89c2f62442adf40d:0xb0939da3867f8442,,40.7991634,-73.96702429999999,7,6,0,People typically spend 15 min to 1.5 hr here,3.9,379,6,6,151,Manhattan Valley,666.6666666666666,44.66666666666666,1.8,0.5,0.5,38
548,50070989,LA PECORA BIANCA,"950 2 AVENUE, MANHATTAN, NY 10022",La Pecora Bianca Midtown,0x89c258e256e69659:0x5b619dd661260a7,,40.7549194,-73.9682485,7,6,0,People typically spend 20 min to 2 hr here,4.8,4150,6,6,229,Sutton Place/Turtle Bay North,4088.5,224.8675,1.0,0.1,0.9,48
549,50071103,FRESH & CO,"444 10 AVENUE, MANHATTAN, NY 10001",fresh&co,0x89c259b306373a6b:0x674125519baa1d4e,,40.7550288,-73.9984704,7,6,0,People typically spend 15 min to 1 hr here,4.2,453,6,6,68,East Chelsea,680.0,56.44,2.5,0.6,0.4,303
550,50071707,KITH RETAIL,"337 LAFAYETTE STREET, MANHATTAN, NY 10012",Kith Manhattan,0x89c2598ff040cb61:0x3dbdf07ffd24d337,,40.7260327,-73.99432019999999,7,6,0,People typically spend 25 min to 1 hr here,4.1,2206,6,6,114,Greenwich Village South,1220.625,101.311875,3.0,0.8,0.1999999999999999,15
551,50071792,PANDA EXPRESS # 2792,"2852 BROADWAY, MANHATTAN, NY 10025",Panda Express,0x89c2f63b82a75603:0xacabc4c5d56c1e5a,,40.8045338,-73.96603879999999,7,6,0,People typically spend 15-45 min here,3.8,617,6,6,166,Morningside Heights,1557.5,93.45,1.2,0.3,0.7,61
552,50072316,BUTTERCUP BAKESHOP,"973 2 AVENUE, MANHATTAN, NY 10022",Buttercup BakeShop,0x89c258e3aecd4169:0x580f6a661d1481c7,,40.755938,-73.968057,7,6,0,People typically spend 10 min here,4.8,1224,6,6,229,Sutton Place/Turtle Bay North,960.0,79.68,3.0,0.7,0.3,48
553,50072352,WOK WOK RESTAURANT,"11 MOTT STREET, MANHATTAN, NY 10013",Wok Wok Malaysian Cuisine,0x89c25a2694c3ffff:0xf440483b09f0bf1d,,40.7140559,-73.9988387,7,6,0,People typically spend 45 min to 2 hr here,4.2,1194,6,6,45,Chinatown,200.0,12.0,1.1,0.2,0.8,14
554,50072570,FRENCHETTE,"241 WEST BROADWAY, MANHATTAN, NY 10013",Frenchette,0x89c2598aba48babb:0x85834f8875278bbc,,40.7196192,-74.0056937,7,6,0,People typically spend 1.5-4 hours here,4.3,1297,6,6,231,TriBeCa/Civic Center,3261.15,163.0575,0.8,0.05,0.95,50
555,50073168,LET'S MEAT,"307 5 AVENUE, MANHATTAN, NY 10016",Let's Meat BBQ,0x89c259a85dbf8c27:0x28ec008c9528ef80,,40.7466912,-73.985548,7,6,0,People typically spend 1-2 hours here,4.3,2866,6,6,164,Midtown South,2227.0,122.485,1.0,0.15,0.85,49
556,50073387,YUMMY CITY,"1557 LEXINGTON AVENUE, MANHATTAN, NY 10029",Yummy City,0x89c258a7c7891595:0xae5cdd35e3a21721,,40.7880204,-73.9492087,7,6,0,People typically spend 10 min to 1.5 hr here,4.4,195,6,6,75,East Harlem South,800.0,48.0,1.2,0.3,0.7,186
557,50073537,MAMAN,"22 WEST   25 STREET, MANHATTAN, NY 10010",maman,0x89c259a437bc1f3d:0xcca9dd4dfaebfa3a,,40.7432672,-73.9901338,7,6,0,People typically spend 30 min to 4 hr here,4.3,1325,6,6,234,Union Sq,800.0,40.0,0.8,0.05,0.95,50
558,50073613,LE REVEIL COFFEE SHOP,"1322 2 AVENUE, MANHATTAN, NY 10021",Le Reveil Coffee,0x89c258c1e3340001:0xf3621dd20582a64d,,40.767191,-73.9592985,7,6,0,People typically spend 30 min to 3 hr here,4.4,327,6,6,141,Lenox Hill West,450.0,37.35,3.0,0.7,0.3,83
559,50073822,ALIMAMA TEA CAFE,"89 BAYARD STREET, MANHATTAN, NY 10013",Alimama Tea,0x89c25a2718a91d8b:0xfafa2922aaafa05f,,40.7158089,-73.9991885,7,6,0,,4.6,1800,6,6,45,Chinatown,500.0,41.5,3.0,0.7,0.3,14
560,50074148,JUICE GENERATION,"4 ASTOR PLACE, MANHATTAN, NY 10003",Juice Generation,0x89c2599a50231f39:0x5c3c04516693a682,,40.7298469,-73.9924724,7,6,0,,4.1,83,6,6,113,Greenwich Village North,1445.1,119.9433,3.0,0.8,0.1999999999999999,25
561,50074248,BAKE CULTURE,"48 BOWERY, MANHATTAN, NY 10013",Bake Culture,0x89c25a27ba36d40d:0xfcb2aecc716cbef,,40.7157751,-73.9966627,7,6,0,,4.4,374,6,6,45,Chinatown,300.0,24.9,3.0,0.7,0.3,14
562,50074795,MANHATTANVILLE COFFEE,"142 EDGECOMBE AVENUE, MANHATTAN, NY 10030",Manhattanville Coffee,0x89c2f67bab660b43:0x788501c1e5f1e834,,40.8212995,-73.9444725,7,6,0,People typically spend 10 min to 1 hr here,4.6,788,6,6,42,Central Harlem North,1242.24,103.10592,3.0,0.7,0.3,70
563,50074801,OUTRO,"816 BROADWAY, MANHATTAN, NY 10003",outro nyc,0x89c2599912d20195:0xf05f25545c3910be,,40.7327739,-73.9909553,7,6,0,People typically spend 45 min to 1.5 hr here,4.4,532,6,6,113,Greenwich Village North,2157.5,179.0725,3.0,0.7,0.3,25
564,50074873,DAVELLE,"102 SUFFOLK STREET, MANHATTAN, NY 10002",Davelle,0x89c2598100395b93:0x51584ab8d26b63ca,,40.7185385,-73.9860676,7,6,0,,4.3,695,6,6,232,Two Bridges/Seward Park,2365.92,130.1256,1.0,0.15,0.85,29
565,50074977,WOKUNI,"327 LEXINGTON AVENUE, MANHATTAN, NY 10016",WOKUNI,0x89c25906aba86c41:0x182db789a4b9cc6e,,40.749296,-73.977447,7,6,0,People typically spend 20 min to 3 hr here,4.5,1281,6,6,170,Murray Hill,1590.0,87.45,1.0,0.15,0.85,92
566,50075332,SONY HALL,"235 WEST   46 STREET, MANHATTAN, NY 10036",Sony Hall,0x89c2585439335099:0xbfa7d645eb79d6cf,,40.759608,-73.98719539999999,7,6,0,,4.5,2942,6,6,230,Times Sq/Theatre District,696.285,41.7771,1.2,0.2,0.8,118
567,50075440,BRASSERIE TOAST CAFE,"968 AVENUE OF THE AMERICAS, MANHATTAN, NY 10018",Toast Cafe Brasserie,0x89c259a962a40001:0x5f29083563a5fd21,,40.7506692,-73.9867448,7,4,10,People typically spend 30 min to 3.5 hr here,4.0,966,6,6,164,Midtown South,3086.0,185.16,1.2,0.2,0.8,219
568,50075450,NO.1 CALLE 191 PESCADERIA,"1609 SAINT NICHOLAS AVENUE, MANHATTAN, NY 10040",Calle 191 Pescaderia,0x89c2f41b5b6a48ab:0xf56998cd5ed7d806,,40.8552354,-73.929654,7,4,41,People typically spend 20 min to 2 hr here,4.3,1016,6,6,243,Washington Heights North,1000.0,50.0,0.8,0.05,0.95,101
569,50075750,VARIETY COFFEE ROASTERS (LOCATED AT 1269 LEXINGTON AVENUE),"150 EAST   86 STREET, MANHATTAN, NY 10028",Variety Coffee Roasters,0x89c258bcefd9db3d:0x6f5aa1bf6489d409,,40.7788574,-73.9558565,7,6,0,People typically spend 15 min to 2 hr here,4.4,616,6,6,236,Upper East Side North,4758.3,394.9389000000001,3.0,0.7,0.3,115
570,50076107,LUCKY,"168 AVENUE B, MANHATTAN, NY 10009",Lucky,0x89c259770119be7b:0x2a8ee12af6c0a5de,,40.727255,-73.9798419,7,6,0,People typically spend 45 min to 2.5 hr here,4.4,317,6,6,79,East Village,400.0,24.0,1.1,0.2,0.8,63
571,50076290,TORO LOCO,"15 STONE STREET, MANHATTAN, NY 10004",Toro Loco,0x89c25a1408d344a3:0x3195976a53adf342,,40.704207,-74.0121255,7,6,0,People typically spend 1-3 hours here,4.7,3612,6,6,88,Financial District South,307.5,20.6025,1.8,0.4,0.6,24
572,50076334,DUNKIN,"1104 LEXINGTON AVENUE, MANHATTAN, NY 10075",Dunkin',0x89c2590f950b834f:0xf6baf1e777425708,,40.773924,-73.95989399999999,7,4,22,,3.7,120,6,6,236,Upper East Side North,306.5,25.4395,3.0,0.8,0.1999999999999999,137
573,50076577,BROOKLYN PIZZA MASTERS,"1055 1 AVENUE, MANHATTAN, NY 10022",Brooklyn Pizza Masters,0x89c259b30159ca43:0xfa9f99650a766c02,,40.7586945,-73.9629144,7,6,0,People typically spend 20 min to 1.5 hr here,4.6,508,6,6,229,Sutton Place/Turtle Bay North,928.0,62.176,1.8,0.5,0.5,48
574,50076967,RICH AROMA,"465 WEST  125 STREET, MANHATTAN, NY 10027",Rich Aroma,0x89c2f66ba8a1fd03:0xa2df2d50837d26f,,40.813198,-73.9558,7,6,0,,3.4,179,6,6,166,Morningside Heights,1600.0,96.0,1.2,0.3,0.7,61
575,50077077,THE TAILOR PUBLIC HOUSE,"505 8 AVENUE, MANHATTAN, NY 10018",The Tailor Public House,0x89c2589cae03a8ef:0x967de3158c1a9762,,40.7532256,-73.992946,7,6,0,People typically spend 1-3 hours here,4.4,1626,6,6,68,East Chelsea,8000.0,400.0,0.8,0.05,0.95,303
576,50077108,LA NACIONAL,"239 WEST   14 STREET, MANHATTAN, NY 10011",La Nacional,0x89c259be717aa72d:0x2b7fac0eae785949,,40.7394905,-74.0011761,7,6,0,People typically spend 1.5-4 hours here,4.5,1197,6,6,90,Flatiron,270.0,14.85,0.9,0.1,0.9,31
577,50077169,SERENDIPITY 3,"225 EAST   60 STREET, MANHATTAN, NY 10022",Serendipity 3 - Upper East Side,0x89c259a9a94054ed:0xccbfde5942dbc6e3,,40.761848,-73.964894,7,6,0,People typically spend 45 min to 2 hr here,4.1,6606,6,6,141,Lenox Hill West,1680.0,100.8,1.2,0.2,0.8,83
578,50077336,EL ENCANTO DE LOLA 2,"175 LENOX AVENUE, MANHATTAN, NY 10026",El Encanto De Lola 2,0x89c2f7df0ab285e9:0xcf9f99c3a81420b9,,40.8039442,-73.9486336,7,6,0,People typically spend 1-4 hours here,4.2,646,6,6,41,Central Harlem,949.0,63.58300000000001,1.8,0.4,0.6,44
579,50077890,GREEN KITCHEN,"1619 2 AVENUE, MANHATTAN, NY 10028",Green Kitchen 84,0x89c2599c8924da5b:0xa4aff1ac02b9ca27,,40.7768094,-73.952953,7,6,0,People typically spend 45 min to 2.5 hr here,4.3,1209,6,6,263,Yorkville West,1641.6,98.496,1.2,0.2,0.8,73
580,50078037,TOKUYAMA CAFE,"627 EAST    6 STREET, MANHATTAN, NY 10009",TOKUYAMATCHA & ONIGIRAZU BAR- E 6th St.,0x89c259147104e00d:0xd553cfe39464aa8a,,40.7239875,-73.9801793,7,6,0,People typically spend 15 min to 2.5 hr here,4.4,450,6,6,4,Alphabet City,1676.4,92.202,1.0,0.15,0.85,15
581,50078464,GLAZE,"643 LEXINGTON AVENUE, MANHATTAN, NY 10022",Glaze Teriyaki,0x89c258e4b9a33537:0x1becd2ac833e65a6,,40.7592527,-73.9701467,7,6,0,People typically spend 10-45 min here,4.1,432,6,6,162,Midtown East,660.63,36.33465,1.0,0.15,0.85,108
582,50078577,FLEMING BY LE BILBOQUET,"27 EAST   62 STREET, MANHATTAN, NY 10065",Fleming by Le Bilboquet,0x89c25921b35b3315:0x6f9dbfc6ab206f5f,,40.7654484,-73.96949479999999,7,6,0,People typically spend 2-4 hours here,4.1,102,6,6,237,Upper East Side South,3551.25,213.075,1.2,0.2,0.8,131
583,50078895,HAWA SMOOTHIES & BUBBLE TEA,"1293 1 AVENUE, MANHATTAN, NY 10021",Hawa Smoothies & Bubble Tea,0x89c259e779271f81:0x25ce7a32f0a5c75d,,40.7663427,-73.9574506,7,6,0,,4.4,107,6,6,141,Lenox Hill West,1240.0,102.92,3.0,0.8,0.1999999999999999,83
584,50079290,886,"26 SAINT MARKS PLACE, MANHATTAN, NY 10003",886,0x89c2599c7fcbb829:0x7b5e34986081ae61,,40.7287968,-73.9887127,7,6,0,People typically spend 1-2.5 hours here,4.2,931,6,6,79,East Village,960.0,57.6,1.1,0.2,0.8,63
585,50079366,MARINARA,"985 1 AVENUE, MANHATTAN, NY 10022",Marinara Pizza,0x89c25936d2aa68cd:0x8224df70c5c4465,,40.7565443,-73.9644304,7,6,0,People typically spend 10 min to 1 hr here,4.1,407,6,6,229,Sutton Place/Turtle Bay North,448.75,30.06625,1.8,0.5,0.5,48
586,50079705,DIG INN,"100 WEST   67 STREET, MANHATTAN, NY 10023",Dig Inn,0x89c2591ba9aa6e15:0x43147182f27719a1,,40.7743892,-73.98167579999999,7,6,0,,4.3,467,6,6,142,Lincoln Square East,720.0,43.2,1.2,0.2,0.8,99
587,50080388,MACE,"35 WEST    8 STREET, MANHATTAN, NY 10011",Mace,0x89c25977448ab0db:0xb5f9e20a45e1c900,,40.7330955,-73.9981009,7,6,0,People typically spend 1-2.5 hours here,4.4,1078,6,6,113,Greenwich Village North,852.0,42.6,0.8,0.05,0.95,25
588,50080673,RALPH'S FAMOUS ITALIAN ICES,"370 2 AVENUE, MANHATTAN, NY 10010",Ralph’s Famous Italian Ices,0x89c259ed07970f47:0xbf9aab416cccece4,,40.7368146,-73.98146899999999,7,6,0,,4.3,201,6,6,107,Gramercy,2345.0,194.635,3.0,0.8,0.1999999999999999,46
589,50080692,GONG CHA,"2810 BROADWAY, MANHATTAN, NY 10025",Gong Cha,0x89c2f76c5ea87dc3:0xadc7049c7900ebba,,40.8031948,-73.96707649999999,7,6,0,,4.5,285,6,6,24,Bloomingdale,894.625,74.25387500000001,3.0,0.8,0.1999999999999999,25
590,50080782,CANTEEN M / COFFEE M,"189 BOWERY, MANHATTAN, NY 10002",canteenM,0x89c259863fab4da3:0xdfc9654f3219b645,,40.720619,-73.99347,7,4,30,,4.2,12,6,6,148,Lower East Side,1182.4,70.944,1.2,0.2,0.8,232
591,50080876,DUNKIN,"800 2 AVENUE, MANHATTAN, NY 10017",Dunkin',0x89c2590338213bc3:0x40be280b62980a32,,40.7502663,-73.97161059999999,7,5,0,,3.9,378,6,6,233,UN/Turtle Bay South,1767.6,146.7108,3.0,0.8,0.1999999999999999,64
592,50080882,DUNKIN',"875 3 AVENUE, MANHATTAN, NY 10022",Dunkin',0x89c258e36923a371:0x14bb2e95634239ac,,40.75711,-73.96956999999999,1,4,0,People typically spend 5-45 min here,3.8,265,0,6,229,Sutton Place/Turtle Bay North,1362.216666666667,113.0639833333333,3.0,0.8,0.1999999999999999,28
593,50081485,BUENA VISTA RESTAURANT & BAR,"536 9 AVENUE, MANHATTAN, NY 10018",Buena Vista Restaurant & Bar,0x89c25852b433ffff:0x4bde1e9afa756c9b,,40.7568372,-73.9934938,7,6,0,,4.7,1468,6,6,48,Clinton East,347.2,19.096,0.9,0.1,0.9,130
594,50082140,KOBEQUE,"11 WEST   32 STREET, MANHATTAN, NY 10001",Kobeque,0x89c259a8f9728e9d:0xc03f8ff9f51998db,,40.7477348,-73.9861939,7,6,0,,3.9,132,6,6,164,Midtown South,474.7058823529412,26.10882352941177,1.0,0.15,0.85,49
595,50082146,SWEET CHURROS,"11 WEST   32 STREET, MANHATTAN, NY 10001",Sweet Churros,0x89c259d241cbbb3d:0xf3ea46001d7bccb1,,40.7477348,-73.9861939,7,6,0,,4.0,195,6,6,164,Midtown South,474.7058823529412,39.40058823529412,3.0,0.8,0.1999999999999999,49
596,50082812,SPACE KARAOKE,"34 WEST   32 STREET, MANHATTAN, NY 10001",Space Karaoke Bar & Lounge | Koreatown NYC,0x89c259a8e8750a63:0x46ac319b0cf05039,,40.7477373,-73.9873485,7,6,0,,4.8,3479,6,6,164,Midtown South,659.6999999999999,39.582,1.2,0.2,0.8,49
597,50082813,WOK 88,"1570 3 AVENUE, MANHATTAN, NY 10128",Wok 88,0x89c258bb539a36c1:0xe2c877d0a50a8fee,,40.7803949,-73.95318,7,6,0,People typically spend 20 min to 1 hr here,4.2,1080,6,6,236,Upper East Side North,666.6666666666666,39.99999999999999,1.2,0.3,0.7,115
598,50082831,FELIX ROASTING CO,"450 PARK AVENUE SOUTH, MANHATTAN, NY 10016",Felix Roasting Co.,0x89c259842c91df7f:0x23aedc4176edcb8d,,40.7450345,-73.9831581,7,6,0,People typically spend 25 min to 1 hr here,4.4,789,6,6,164,Midtown South,7214.25,598.7827500000001,3.0,0.7,0.3,49
599,50082996,NY FRESH PIZZA,"109B LAFAYETTE STREET, MANHATTAN, NY 10013",NY 99 Cents Pizza,0x89c25bb3b94a28c1:0xe8c8cd428afeee95,,40.7179976,-74.0007299,7,6,0,,4.1,214,6,6,231,TriBeCa/Civic Center,8000.0,536.0,1.8,0.5,0.5,50
600,50083089,BUONA NOTTE,"120 MULBERRY STREET, MANHATTAN, NY 10013",Buona Notte,0x89c25989d432ef1f:0x90b13821b661c011,,40.7177496,-73.9979524,7,6,0,,4.5,1760,6,6,144,Little Italy/NoLiTa,340.0,18.7,1.0,0.1,0.9,16
601,50083181,CLOUD M,"189 BOWERY, MANHATTAN, NY 10002",cloudM New York Bowery,0x89c2592075386ebf:0xe0b2929db7eaa6b2,,40.720661,-73.9934747,7,6,0,People typically spend 10 min to 1.5 hr here,4.2,379,6,6,148,Lower East Side,1182.4,70.944,1.2,0.2,0.8,43
602,50083579,SHAKE SHACK (INNOVATION KITCHEN),"225 VARICK STREET, MANHATTAN, NY 10014",Shake Shack West Village,0x89c25962d31f3401:0x622ad19a6472fe26,,40.7292192,-74.00545939999999,7,6,0,People typically spend 15-45 min here,4.4,1929,6,6,249,West Village,200.0,12.0,1.2,0.2,0.8,30
603,50083696,CAVA,"11 WEST   42 STREET, MANHATTAN, NY 10036",CAVA,0x89c259a4057bfb5b:0xdab9ebbe01f3b4ca,,40.7541476,-73.9818586,7,6,0,,4.5,1472,6,6,161,Midtown Center,4708.014285714286,282.4808571428571,1.2,0.2,0.8,88
604,50083936,ROCKBAR,"185 CHRISTOPHER STREET, MANHATTAN, NY 10014",Rockbar NYC,0x89c259ec5eea0797:0x773f86f45b3584e,,40.7327194,-74.0097278,7,6,0,People typically spend 1.5-3.5 hours here,4.4,541,6,6,158,Meatpacking/West Village West,1421.6,85.29599999999999,1.2,0.2,0.8,21
605,50084290,ARIA WEST VILLAGE,"14 BEDFORD STREET, MANHATTAN, NY 10014",Aria Wine Bar,0x89c259eb359fc9bf:0x584dd0598db6b207,,40.7291474,-74.00345469999999,7,6,0,People typically spend 45 min to 2.5 hr here,4.3,693,6,6,249,West Village,480.0,26.4,1.0,0.1,0.9,30
606,50084712,THE INDEPENDENT,"147 WEST   40 STREET, MANHATTAN, NY 10018",The Independent,0x89c259a8fc446bbd:0xfbb859cf5db9b4f5,,40.7547596,-73.98743499999999,7,6,0,,4.5,925,6,6,100,Garment District,3764.5,225.87,1.2,0.2,0.8,73
607,50084796,TANDOOR OVEN,"175 EAST   83 STREET, MANHATTAN, NY 10028",Tandoor Oven,0x89c258bc3814ff9d:0x32166a5bcb2509b6,,40.7771374,-73.95569809999999,7,6,0,People typically spend 45 min to 2 hr here,4.6,671,6,6,236,Upper East Side North,1493.52,82.1436,1.0,0.15,0.85,115
608,50084999,HARBS,"465 WEST BROADWAY, MANHATTAN, NY 10012",Harbs SoHo,0x89c259667ad41d2b:0x33674f337b0f9ae7,,40.7264131,-74.0000264,7,6,0,People typically spend 1-1.5 hours here,3.7,606,6,6,211,SoHo,520.0,43.16,3.0,0.7,0.3,26
609,50086248,JOE & THE JUICE,"2460 BROADWAY, MANHATTAN, NY 10025",JOE & THE JUICE,0x89c2594b0b612d1f:0x65b82f7ec6290c8f,,40.7915923,-73.9736861,7,6,0,,3.4,118,6,6,238,Upper West Side North,795.7333333333335,66.04586666666668,3.0,0.8,0.1999999999999999,84
610,50086385,$1 PIZZA,"832 6 AVENUE, MANHATTAN, NY 10001",$1 Pizza,0x89c259af591999d9:0x64ed2cb41a821369,,40.7464708,-73.9899856,7,6,0,People typically spend 20 min to 2 hr here,4.3,763,6,6,164,Midtown South,2800.0,187.6,1.8,0.5,0.5,49
611,50086390,THE TERRACE,"701 7 AVENUE, MANHATTAN, NY 10036",The Terrace and Outdoor Gardens at the Times Square EDITION,0x89c2596355b90f9f:0x31c140199ef7e6c9,,40.759149,-73.98416399999999,7,6,0,People typically spend 10 min to 4 hr here,4.4,996,6,6,230,Times Sq/Theatre District,5774.849999999999,346.491,1.2,0.2,0.8,118
612,50086458,PIZZA PLUS,"4 SOUTH STREET, MANHATTAN, NY 10004",Pizza Plus,0x89c25bc35ce12ba1:0x60b894db60d5a950,,40.701009,-74.0130246,7,6,0,,4.7,272,6,6,88,Financial District South,6293.753333333333,421.6814733333333,1.8,0.5,0.5,24
613,50086611,MODERN BREAD AND BAGEL,"472 COLUMBUS AVENUE, MANHATTAN, NY 10024",Modern Bread and Bagel,0x89c2596e0d48cf01:0x3dfeafa70f43c8d7,,40.7844487,-73.9740089,7,6,0,People typically spend 10-45 min here,4.3,1741,6,6,239,Upper West Side South,600.0,36.0,1.1,0.15,0.85,75
614,50086635,INSOMNIA COOKIES,"17 WEST  125 STREET, MANHATTAN, NY 10027",Insomnia Cookies,0x89c2f7efe88aba03:0xa941f739a88561ca,,40.8071102,-73.94307429999999,7,6,0,,4.0,499,6,6,41,Central Harlem,2557.6,212.2808,3.0,0.7,0.3,44
615,50086808,HOLY SCHNITZEL,"654 AMSTERDAM AVENUE, MANHATTAN, NY 10025",Holy Schnitzel (Upper West Side),0x89c259932755d445:0xebe3ff7823d551e9,,40.7915497,-73.9726115,7,6,0,People typically spend 30 min to 4 hr here,4.7,1321,6,6,238,Upper West Side North,960.0,57.6,1.1,0.15,0.85,84
616,50087052,KOKO SEAFOOD SALAD & GRILL,"92 NAGLE AVENUE, MANHATTAN, NY 10040",Casa Koko Restaurant,0x89c2f57b7b5ab0e9:0xc47897432c1ccb5,,40.860707,-73.9278011,7,6,0,People typically spend 30 min to 1.5 hr here,4.3,109,6,6,243,Washington Heights North,985.6,54.208,0.9,0.1,0.9,24
617,50087434,JOE & THE JUICE,"1400 MADISON AVENUE, MANHATTAN, NY 10029",JOE & THE JUICE,0x89c25991433aebf1:0x1980dc1dc2a90753,,40.7881444,-73.95367639999999,7,6,0,,3.1,186,6,6,75,East Harlem South,1950.0,161.85,3.0,0.8,0.1999999999999999,186
618,50087508,MATTO ESPRESSO,"8 WEST   46 STREET, MANHATTAN, NY 10036",Matto Espresso,0x89c258fe4b98a199:0xfd25988f4eba83ed,,40.7561822,-73.9797822,7,6,0,,4.6,624,6,6,161,Midtown Center,2961.55,245.80865,2.5,0.6,0.4,88
619,50087558,YI JI SHI MO NOODLE,"88 ELIZABETH STREET, MANHATTAN, NY 10013",Yi Ji Shi Mo,0x89c259d3a01fbb6f:0x92bb1b26cfb59bd5,,40.7181923,-73.99574729999999,7,6,0,People typically spend 15 min to 1.5 hr here,4.7,624,6,6,144,Little Italy/NoLiTa,1200.0,72.0,1.2,0.3,0.7,16
620,50087667,KOREAN EXPRESS,"807 LEXINGTON AVENUE, MANHATTAN, NY 10065",Korean Express,0x89c258ef3c016cb1:0x1c229f0388a645d4,,40.764211,-73.966533,7,6,0,People typically spend 25 min to 1 hr here,4.2,611,6,6,237,Upper East Side South,1780.0,97.9,1.0,0.15,0.85,131
621,50087688,ANGAAR,"283 COLUMBUS AVENUE, MANHATTAN, NY 10023",Angaar,0x89c2591fe385e15d:0x7fbfb810dd46cd2e,,40.7782279,-73.97799069999999,7,6,0,,4.4,566,6,6,142,Lincoln Square East,960.0,52.8,1.0,0.15,0.85,99
622,50087721,LONG ACRE TAVERN,"146 WEST   47 STREET, MANHATTAN, NY 10036",The Long Acre Tavern,0x89c259dcfdc648ed:0x56ab9de6ed503588,,40.7586546,-73.9836163,7,6,0,People typically spend 45 min to 3 hr here,4.4,966,6,6,230,Times Sq/Theatre District,748.0,44.88,1.2,0.2,0.8,118
623,50087778,99C PIZZA,"177 EAST HOUSTON STREET, MANHATTAN, NY 10002",99¢ Pizza,0x89c2599697f44c6f:0x12fea55cf1dd0a0e,,40.7226788,-73.988438,7,6,0,,3.1,76,6,6,148,Lower East Side,1467.2,98.3024,1.8,0.5,0.5,43
624,50088012,SUGARFISH BY SUSHI NOZAWA,"202 SPRING STREET, MANHATTAN, NY 10012",SUGARFISH by sushi nozawa,0x89c259ef6737218f:0x2a8c2124ad1431b9,,40.7251238,-74.003638,7,6,0,People typically spend 1-2 hours here,4.5,1150,6,6,211,SoHo,270.4,14.872,1.0,0.15,0.85,26
625,50088153,FUMO,"2791 BROADWAY, MANHATTAN, NY 10025",Fumo Upper West Side,0x89c2f71a15315f4d:0xfc74e64d3ca5d2be,,40.8028379,-73.9681172,7,6,0,People typically spend 1-4 hours here,4.4,846,6,6,24,Bloomingdale,2950.0,162.25,1.0,0.1,0.9,25
626,50088409,VAN LEEUWEN ICE CREAM,"448 AMSTERDAM AVENUE, MANHATTAN, NY 10024",Van Leeuwen Ice Cream,0x89c2592cc2cb06d3:0x5acc1cd8a0ce0319,,40.784914,-73.977378,7,6,0,,4.4,458,6,6,239,Upper West Side South,200.0,16.6,3.0,0.8,0.1999999999999999,75
627,50088441,VAN LEEUWEN ICE CREAM,"48 1/2 EAST    7 STREET, MANHATTAN, NY 10003",Van Leeuwen Ice Cream,0x89c25a51e0e03817:0x1356e73a1bedadce,,40.727692,-73.987691,7,6,0,People typically spend 20 min to 2 hr here,4.5,1551,6,6,79,East Village,848.8000000000001,70.45040000000002,3.0,0.8,0.1999999999999999,63
628,50088970,CHINA XIANG,"360 WEST   42 STREET, MANHATTAN, NY 10036",China Xiang,0x89c25852f259f5cb:0x91b6c0fe2fec4878,,40.7581352,-73.9922857,7,6,0,People typically spend 30 min to 2 hr here,4.0,826,6,6,48,Clinton East,559.0,33.54,1.2,0.3,0.7,130
629,50089139,PENNY JO'S,"3898 BROADWAY, MANHATTAN, NY 10032",Penny Jo's,0x89c2f7448e10e217:0x706eedd2373eacae,,40.8375631,-73.9419549,7,6,0,People typically spend 45 min to 2.5 hr here,4.8,143,6,6,244,Washington Heights South,1672.25,138.79675,2.5,0.6,0.4,149
630,50089142,RPM UNDERGROUND,"244 WEST   54 STREET, MANHATTAN, NY 10019",RPM Underground,0x89c2599478dc6a21:0xc0f6d80201ea1507,,40.7642792,-73.9834528,7,6,0,People typically spend 1.5-3.5 hours here,4.5,607,6,6,230,Times Sq/Theatre District,1047.5,62.85,1.2,0.2,0.8,118
631,50089189,DUNKIN,"208 EAST   14 STREET, MANHATTAN, NY 10003",Dunkin',0x89c2599ee4ae94c5:0xd3435ad39057a98,,40.7329007,-73.9868347,7,6,0,,3.3,185,6,6,79,East Village,420.5,34.9015,3.0,0.7,0.3,63
632,50089195,DUNKIN',"455 PARK AVENUE SOUTH, MANHATTAN, NY 10016",Dunkin',0x89c25908012f8c9d:0xded51b49f7fc16f4,,40.7449559,-73.9826583,7,6,0,,3.9,201,6,6,170,Murray Hill,981.25,81.44375000000001,3.0,0.8,0.1999999999999999,92
633,50089200,DUNKIN,"638 LEXINGTON AVENUE, MANHATTAN, NY 10022",Dunkin',0x89c258e4b9a33537:0x563f2ba7e8694607,,40.7592561,-73.970615,7,5,0,,3.6,214,6,6,162,Midtown East,660.63,54.83229,3.0,0.8,0.1999999999999999,75
634,50089204,DUNKIN,"101 EAST   16 STREET, MANHATTAN, NY 10003",Dunkin',0x89c259a4e8d70deb:0x93b72fc1f1371035,,40.7361736,-73.9890344,7,5,0,,3.3,216,6,6,107,Gramercy,1625.0,134.875,3.0,0.8,0.1999999999999999,64
635,50089234,AU CHEVAL DINER,"79 WALKER STREET, MANHATTAN, NY 10013",Au Cheval,0x89c25bb44ec0f1b7:0x4cfe753b3a1f111,,40.7181205,-74.00179419999999,7,6,0,People typically spend 1-2.5 hours here,4.7,6613,6,6,231,TriBeCa/Civic Center,7401.599999999999,444.096,1.2,0.2,0.8,50
636,50089256,DUNKIN,"687 AMSTERDAM AVENUE, MANHATTAN, NY 10025",Dunkin',0x89c259288270a865:0x6949deb5ab75757d,,40.7922978,-73.9714132,7,5,0,People typically spend 15 min to 1.5 hr here,3.8,276,6,6,238,Upper West Side North,850.0,70.55,3.0,0.8,0.1999999999999999,81
637,50089257,DUNKIN,"535 AMSTERDAM AVENUE, MANHATTAN, NY 10024",Dunkin',0x89c259fa9a9c16fb:0xc60175f238a549ed,,40.7874265,-73.9749602,7,5,0,,3.4,57,6,6,239,Upper West Side South,4953.5,411.1405,3.0,0.8,0.1999999999999999,61
638,50089328,SHAKE SHACK,"500 WEST   33 STREET, MANHATTAN, NY 10001",Shake Shack Hudson Yards,0x89c25965d2a160b3:0x432b47a30ebbed96,,40.7539009,-74.00013229999999,7,6,0,,4.2,1475,6,6,246,West Chelsea/Hudson Yards,8000.0,664.0,2.5,0.6,0.4,114
639,50089700,LUDLOW HOUSE,"139 LUDLOW STREET, MANHATTAN, NY 10002",Ludlow House,0x89c259814e593579:0x77fe9614771c013a,,40.7205409,-73.9883859,7,6,0,,4.6,676,6,6,148,Lower East Side,200.0,10.0,0.8,0.05,0.95,43
640,50089808,SUSHI OF GARI,"370 COLUMBUS AVENUE, MANHATTAN, NY 10024",Sushi of Gari UWS (Gari Columbus),0x89c2588ed124fd45:0xb6dce514207618ee,,40.7811711,-73.97633979999999,7,6,0,,4.5,372,6,6,239,Upper West Side South,548.8000000000001,30.184,1.0,0.15,0.85,75
641,50089980,THE CALAVERAS,"949 COLUMBUS AVENUE, MANHATTAN, NY 10025",The Calaveras NYC,0x89c2f7e2310e3dcf:0xd31da46e77075802,,40.7995718,-73.9623648,7,6,0,People typically spend 1.5 hours here,4.6,594,6,6,24,Bloomingdale,480.0,32.16,1.8,0.4,0.6,25
642,50090073,EL NUEVO VALLE SEAFOOD RESTAURANT,"231 SHERMAN AVENUE, MANHATTAN, NY 10034",El Nuevo Valle Seafood Restaurant,0x89c2f3f614bffdd5:0x8e8120630138a0fc,,40.8656883,-73.9196552,7,6,0,,3.8,207,6,6,127,Inwood,1625.0,97.5,1.2,0.2,0.8,16
643,50090321,FIELDTRIP,"109 LENOX AVENUE, MANHATTAN, NY 10026",FIELDTRIP,0x89c2f7befc2d351d:0x863e1eaf63b04c06,,40.801684,-73.95027499999999,7,6,0,People typically spend 15 min to 1 hr here,4.5,577,6,6,41,Central Harlem,1900.0,114.0,1.2,0.2,0.8,44
644,50091040,PINKBERRY,"1039 2 AVENUE, MANHATTAN, NY 10022",Pinkberry,0x89c258e409f1ab7d:0x3b76b757cb9a679,,40.757886,-73.9666127,7,6,0,People typically spend 15 min to 1 hr here,4.2,309,6,6,229,Sutton Place/Turtle Bay North,819.2,67.9936,3.0,0.8,0.1999999999999999,48
645,50091401,KUNG FU TEA,"4053 BROADWAY, MANHATTAN, NY 10032",Kung Fu Tea,0x89c2f708fb917f81:0x686c2aeb6d0a8984,,40.84302,-73.93941819999999,7,6,0,,4.3,349,6,6,244,Washington Heights South,1118.25,67.095,1.1,0.2,0.8,149
646,50091419,WHISTLE & FIZZ,"254 GREENE STREET, MANHATTAN, NY 10003",Whistle & Fizz,0x89c2590f540f8691:0xcbe45b9a80dfb235,,40.7306353,-73.9943779,7,6,0,,4.7,354,6,6,113,Greenwich Village North,8000.0,664.0,3.0,0.7,0.3,25
647,50091469,CHICK-FIL-A,"711 LEXINGTON AVENUE, MANHATTAN, NY 10022",Chick-fil-A,0x89c259026420b48b:0x9ed35c2b97c8f710,,40.761171,-73.96858499999999,1,5,0,People typically spend 15 min to 1 hr here,4.2,1124,0,6,162,Midtown East,784.0,52.52800000000001,2.0,0.5,0.5,139
648,50091978,CROWN FRIED CHICKEN & PIZZA,"2333 1 AVENUE, MANHATTAN, NY 10035",Kennedy's Fried Chicken & Pizza,0x89c2f5e2c40d0977:0xb56b3b9e393e8645,,40.7984572,-73.9339198,7,6,0,,3.5,48,6,6,74,East Harlem North,660.0,44.22000000000001,2.0,0.5,0.5,101
649,50092650,JACKDAW,"213 2 AVENUE, MANHATTAN, NY 10003",Jackdaw,0x89c259e5a40d5e0b:0x9533d70673351dbe,,40.7318571,-73.9855862,7,6,0,People typically spend 1-4 hours here,4.3,700,6,6,79,East Village,1484.0,89.03999999999999,1.2,0.2,0.8,63
650,50092698,OLLIES TO GO,"307 EAST   77 STREET, MANHATTAN, NY 10075",Ollie’s To Go: Upper East Side,0x89c259deb2bf1915:0x43cba41b31b60bf1,,40.77201,-73.955404,7,6,0,,4.3,437,6,6,141,Lenox Hill West,1400.8,84.048,1.2,0.3,0.7,83
651,50092790,QUALITY BISTRO,"1345 AVENUE OF THE AMERICAS, MANHATTAN, NY 10105",Quality Bistro,0x89c259a889b2d7f1:0x342ab7d840205686,,40.7632028,-73.97916699999999,7,6,0,People typically spend 1.5-4 hours here,4.5,1559,6,6,163,Midtown North,2059.92,102.996,0.8,0.05,0.95,74
652,50092940,PERLA NEGRA BAR,"3454 BROADWAY, MANHATTAN, NY 10031",Cocteleria Perla Negra,0x89c2f74a4fc61c9d:0x971bca4c9f3ec901,,40.8236484,-73.9521055,7,6,0,People typically spend 1-3.5 hours here,4.7,189,6,6,116,Hamilton Heights,600.0,33.0,0.9,0.1,0.9,42
653,50093375,BURGER KING,"146 DELANCEY STREET, MANHATTAN, NY 10002",Burger King,0x89c25980fcbcfc41:0xbfba1c641d67841c,,40.7183815,-73.9865567,7,6,0,People typically spend 20 min here,3.4,777,6,6,232,Two Bridges/Seward Park,1510.75,125.39225,2.5,0.6,0.4,29
654,50093726,LE CAFE COFFEE,"1440 BROADWAY, MANHATTAN, NY 10018",Le Cafe Coffee,0x89c259e62b0e0b63:0x8b9d0d06233fcb48,,40.7541658,-73.98617209999999,7,6,0,,4.5,330,6,6,100,Garment District,761.8333333333334,63.23216666666667,3.0,0.7,0.3,73
655,50093783,EL VALLE LENOX,"588 LENOX AVENUE, MANHATTAN, NY 10037",El Valle,0x89c2f677993feacb:0xf48b13a87834493f,,40.8168755,-73.93846769999999,7,6,0,People typically spend 10 min to 3.5 hr here,3.6,272,6,6,42,Central Harlem North,7201.2,396.066,0.9,0.1,0.9,70
656,50094262,STAGE DOOR DELI,"26 VESEY STREET, MANHATTAN, NY 10007",Stage Door Delicatessen,0x89c25a19074a384d:0xe3e365f50791929d,,40.712115,-74.0097029,7,4,0,,4.5,1858,6,6,231,TriBeCa/Civic Center,915.0,75.94500000000001,2.5,0.6,0.4,191
657,50094531,AYADA,"75 9 AVENUE, MANHATTAN, NY 10011",Ayada,0x89c259a41956e1e5:0xa8f7a23fcd913c43,,40.7426716,-74.0061623,7,6,0,People typically spend 25 min to 3 hr here,4.2,852,6,6,68,East Chelsea,200.0,11.0,1.0,0.15,0.85,303
658,50094598,DA ANDREA,"35 WEST   13 STREET, MANHATTAN, NY 10011",Da Andrea Greenwich Village,0x89c25994cdac5b4b:0x639da12ecdd3a36c,,40.7361918,-73.9958515,7,6,0,People typically spend 1-2.5 hours here,4.6,2655,6,6,113,Greenwich Village North,1313.5,72.2425,1.0,0.1,0.9,25
659,50094883,LEVAIN BAKERY,"1484 3 AVENUE, MANHATTAN, NY 10028",Levain Bakery,0x89c259ff4563b743:0xf3755323f76bb77a,,40.7773553,-73.9552613,7,6,0,People typically spend 15 min here,4.6,2483,6,6,236,Upper East Side North,625.0,51.875,3.0,0.7,0.3,115
660,50095033,RIVER THAI & BEYOND,"1766 AMSTERDAM AVENUE, MANHATTAN, NY 10031",River,0x89c2f7bbafad0a1f:0xb733437b8bb33de7,,40.826852,-73.9466563,7,6,0,,4.6,199,6,6,116,Hamilton Heights,495.6,27.258,1.0,0.15,0.85,42
661,50095141,SUSHI & CO,"67 NASSAU STREET, MANHATTAN, NY 10038",Sushi & Co-Downtown,0x89c25b365281e82b:0xb7a26d03db775ea,,40.7095068,-74.00858769999999,7,6,0,,4.6,765,6,6,87,Financial District North,1896.0,113.76,1.1,0.2,0.8,29
662,50095254,THE BEST SICHUAN,"47 WEST   39 STREET, MANHATTAN, NY 10018",The Best Sichuan 39 一品成都,0x89c259abaa3f364b:0xfda6ee6f2f8bbc88,,40.7527574,-73.9845295,7,6,0,,4.7,3541,6,6,164,Midtown South,533.3333333333334,32.0,1.2,0.3,0.7,49
663,50095294,DUNKIN,"693 9 AVENUE, MANHATTAN, NY 10036",Dunkin',0x89c259b50d1a2ad5:0x4c8ddcf2e02340c9,,40.7621077,-73.9902549,7,6,0,,3.4,276,6,6,48,Clinton East,800.0,66.4,3.0,0.8,0.1999999999999999,130
664,50095781,CHICK-FIL-A,"700 AVENUE OF THE AMERICAS, MANHATTAN, NY 10010",Chick-fil-A,0x89c259ee9acc9e9f:0x22effa76e4f0a0ae,,40.7422926,-73.9928245,1,5,0,People typically spend 15-45 min here,4.2,791,0,6,234,Union Sq,4661.25,312.30375,2.0,0.5,0.5,91
665,50095962,GREEN GARDEN VILLAGE,"216 GRAND STREET, MANHATTAN, NY 10013",Green Garden Village,0x89c259dfea1200e7:0x7e9506ea4495866f,,40.7190531,-73.9959787,7,6,0,People typically spend 30 min to 1.5 hr here,4.0,217,6,6,144,Little Italy/NoLiTa,2080.0,124.8,1.2,0.3,0.7,16
666,50096047,NAMI NORI,"33 CARMINE STREET, MANHATTAN, NY 10014",Nami Nori West Village,0x89c25953a8f2f671:0xcde10862f74f8052,,40.7302914,-74.0032496,7,6,0,People typically spend 1-2 hours here,4.4,1859,6,6,249,West Village,516.0,28.38,1.0,0.15,0.85,30
667,50096203,KORONET PIZZA,"1110 LEXINGTON AVENUE, MANHATTAN, NY 10075",Koronet Pizza,0x89c2599848856d9d:0xe47c60dbd9ebfd47,,40.7740366,-73.9598039,7,6,0,,4.4,235,6,6,236,Upper East Side North,1777.75,119.10925,1.8,0.5,0.5,115
668,50096488,JIANG NAN NYC,"103 BOWERY, MANHATTAN, NY 10002",Jiang Nan NYC,0x89c2592469474683:0x9928600fb796291f,,40.7175581,-73.9949693,7,6,0,People typically spend 1-2 hours here,4.8,2042,6,6,148,Lower East Side,2048.0,122.88,1.2,0.3,0.7,43
669,50096554,LOS TACOS NO.1,"136 CHURCH STREET, MANHATTAN, NY 10007",LOS TACOS No.1,0x89c25be1364ed3b1:0xc96fe327bab2cf2c,,40.7142906,-74.00871029999999,7,6,0,People typically spend 25 min here,4.8,3354,6,6,231,TriBeCa/Civic Center,703.1666666666666,47.11216666666667,1.8,0.4,0.6,50
670,50097025,DIM SUM PALACE,"33 WEST   33 STREET, MANHATTAN, NY 10001",Dim Sum Palace,0x89c2590b17b46673:0xd641930298243412,,40.7485991,-73.98676139999999,7,6,0,People typically spend 45 min to 1.5 hr here,4.5,762,6,6,164,Midtown South,1737.75,104.265,1.2,0.3,0.7,49
671,50097395,ARTICHOKE BASILLE'S PIZZA,"1410 BROADWAY, MANHATTAN, NY 10018",Artichoke Basille's Pizza,0x89c2590fe4f6da51:0xca249dbdd21c15d9,,40.7533252,-73.98672619999999,7,6,0,People typically spend 25 min here,4.1,2139,6,6,100,Garment District,1020.033333333333,68.34223333333334,1.8,0.5,0.5,73
672,50097403,SWEETGREEN,"606 1 AVENUE, MANHATTAN, NY 10016","sweetgreen - Healthy Salads, Wraps, and Bowls",0x89c259a4ed081e15:0x7e3e1db1b0bffa38,,40.7442426,-73.9729059,7,6,0,People typically spend 20 min here,3.8,233,6,6,233,UN/Turtle Bay South,5458.679999999999,453.07044,2.5,0.6,0.4,73
673,50097492,LITTLE BRANCH,"20 7 AVENUE SOUTH, MANHATTAN, NY 10014",Little Branch,0x89c25992e9f28e8d:0xe297f8f503425e5c,,40.730118,-74.0050449,7,6,0,People typically spend 30 min to 3 hr here,4.4,915,6,6,249,West Village,448.8,26.928,1.2,0.2,0.8,30
674,50097645,HAVANA TACOS,"210 NAGLE AVENUE, MANHATTAN, NY 10034",Havana Tacos,0x89c2f522519302f9:0x8da84928ce4fa550,,40.8624228,-73.9230101,7,6,0,People typically spend 25 min to 4 hr here,4.3,233,6,6,127,Inwood,2500.0,167.5,1.8,0.4,0.6,16
675,50097856,DUNKIN DONUTS,"900 2 AVENUE, MANHATTAN, NY 10017",Dunkin',0x89c259ce92012531:0x2ae7a0db1da4016,,40.7533883,-73.9693322,7,5,0,People typically spend 15 min to 1 hr here,3.8,54,6,6,233,UN/Turtle Bay South,5171.7,429.2511,3.0,0.8,0.1999999999999999,64
676,50097986,BAODEGA,"7 WEST   20 STREET, MANHATTAN, NY 10011",Baodega 小杨生煎,0x89c25968740026cb:0x17e1b4c628b1a0c9,,40.7401851,-73.9917492,7,6,0,People typically spend 45 min to 1.5 hr here,4.6,1558,6,6,234,Union Sq,8000.0,480.0,1.2,0.3,0.7,50
677,50098653,TACO BELL,"230 VARICK STREET, MANHATTAN, NY 10014",Taco Bell,0x89c25956645cf1b5:0x30e9fc750423f9ac,,40.729173,-74.005015,7,4,0,People typically spend 25 min to 2.5 hr here,3.5,374,6,6,249,West Village,200.0,13.4,1.8,0.4,0.6,220
678,50098700,D K,"207 WEST   36 STREET, MANHATTAN, NY 10018",DK Restaurant NYC,0x89c259ac6a4cc1ed:0xb0a57c53202e0c8b,,40.7526884,-73.9905028,1,6,0,People typically spend 1.5-4 hours here,4.3,643,0,6,100,Garment District,6343.125,380.5875,1.2,0.2,0.8,137
679,50098705,VITO'S SLICES AND ICES,"464 9 AVENUE, MANHATTAN, NY 10018",Vito's Slices and Ices,0x89c25958b189f29f:0x61bc4abc0aa53a9e,,40.7545009,-73.9952318,7,6,0,People typically spend 15-45 min here,4.7,2180,6,6,68,East Chelsea,714.2857142857143,47.85714285714286,1.8,0.5,0.5,303
680,50098735,L&Y HAWA JUICE STORE,"1151 2 AVENUE, MANHATTAN, NY 10065",Hawa Smoothies & Bubble Tea,0x89c25934f23f9391:0x6931bf56aaa946f5,,40.7616583,-73.9638006,7,6,0,,3.8,60,6,6,141,Lenox Hill West,1168.0,96.944,3.0,0.8,0.1999999999999999,83
681,50099463,BAREBURGER,"2233 BROADWAY, MANHATTAN, NY 10024",Bareburger,0x89c259e477c24cb3:0x15624cec67791ccd,,40.7844643,-73.979889,7,6,0,People typically spend 30 min to 1 hr here,4.9,3046,6,6,239,Upper West Side South,8000.0,664.0,2.5,0.6,0.4,75
682,50099626,I'MILKY,"992 6 AVENUE, MANHATTAN, NY 10018",I’Milky 沐白 - Midtown,0x89c259f3ac622b61:0x2b2b6eee4b5c08f4,,40.7514345,-73.98622739999999,7,6,0,,4.5,790,6,6,164,Midtown South,3103.875,257.621625,3.0,0.7,0.3,49
683,50099859,CHIP CITY,"298 BLEECKER STREET, MANHATTAN, NY 10014",Chip City,0x89c25989c94d5107:0xa49c62d7ebd0d3fa,,40.7324103,-74.0037861,7,6,0,,4.5,631,6,6,249,West Village,200.0,16.6,3.0,0.7,0.3,30
684,50099890,MILK BAR,"1186 BROADWAY, MANHATTAN, NY 10001",Milk Bar,0x89c2598590a04521:0x7d853708fe697388,,40.7458208,-73.9883921,7,6,0,People typically spend 10-45 min here,4.6,3461,6,6,164,Midtown South,1401.825,84.1095,1.2,0.2,0.8,49
685,50099941,CHEZ NICK,"1737 YORK AVENUE, MANHATTAN, NY 10128",Chez Nick,0x89c259f1028842cb:0x78c1d216fe059a16,,40.7790105,-73.9452127,7,6,0,People typically spend 1.5-4 hours here,4.5,521,6,6,262,Yorkville East,2373.5,142.41,1.2,0.2,0.8,38
686,50099969,THE CONSULATE,"519 COLUMBUS AVENUE, MANHATTAN, NY 10024",The Consulate - UWS,0x89c259c19f56b1f1:0xd84c3487c9324ba1,,40.7858323,-73.9724287,7,6,0,People typically spend 1.5-4 hours here,4.7,2036,6,6,239,Upper West Side South,1316.666666666667,65.83333333333334,0.8,0.05,0.95,75
687,50100152,STARBUCKS COFFEE #58455,"572 11 AVENUE, MANHATTAN, NY 10036",Starbucks,0x89c25968e613c1b3:0x348c1667384186fd,,40.7616087,-73.9974723,7,4,0,People typically spend 10-45 min here,4.0,310,6,6,50,Clinton West,4930.5,409.2315,3.0,0.7,0.3,326
688,50100616,ITALIAN VILLAGE,"1494 1 AVENUE, MANHATTAN, NY 10075",Italian Village Pizza & Restaurant,0x89c258b8e07421f3:0x49229ec672eda8,,40.7714577,-73.9529963,7,6,0,People typically spend 20 min to 1.5 hr here,4.4,529,6,6,140,Lenox Hill East,720.0,48.24,1.8,0.5,0.5,218
689,50100791,EL AZTECA Y EL GUANACO,"4195 BROADWAY, MANHATTAN, NY 10033",El Azteca & El Guanaco,0x89c2f6a03bacc3cf:0x8c067fddbf201447,,40.8482143,-73.938026,7,6,0,People typically spend 1.5-4 hours here,3.9,226,6,6,244,Washington Heights South,603.5833333333334,36.215,1.2,0.2,0.8,149
690,50101251,THAI SUPER,"166 EAST  118 STREET, MANHATTAN, NY 10035",Thai Super,0x89c2f771e3a5d80b:0xd69dfea3bb47d6b,,40.7993943,-73.9397729,7,6,0,,4.3,139,6,6,74,East Harlem North,2925.0,160.875,1.0,0.15,0.85,101
691,50101330,TONII'S RICE NOODLE,"83 BAYARD STREET, MANHATTAN, NY 10013",Tonii's Fresh Rice Noodle,0x89c25bb3a7094f93:0x330b66b8d277fbe,,40.7156143,-73.99896199999999,7,6,0,,4.4,343,6,6,45,Chinatown,600.0,36.0,1.2,0.3,0.7,14
692,50101367,UDON LAB,"43 WEST   32 STREET, MANHATTAN, NY 10001",Udon Lab,0x89c2598670da9b77:0xefd42980f8851f4e,,40.7482035,-73.9874565,7,6,0,,4.3,1508,6,6,164,Midtown South,1576.333333333333,86.69833333333332,1.0,0.15,0.85,49
693,50101533,REMI43 FLOWER & COFFEE,"810 2 AVENUE, MANHATTAN, NY 10017",Remi43 Flower & Coffee,0x89c259ee0b9b8e37:0x16e09213d055b1d6,,40.7506224,-73.9713282,7,6,0,People typically spend 20 min to 1.5 hr here,4.5,744,6,6,233,UN/Turtle Bay South,4864.0,403.7120000000001,3.0,0.7,0.3,73
694,50101593,LUCKY GRAND BAKERY,"280 GRAND STREET, MANHATTAN, NY 10002",Lucky King,0x89c259879748d3c5:0xbf5b971a30e45109,,40.7178955,-73.992569,7,5,0,People typically spend 20 min to 1.5 hr here,4.1,231,6,6,148,Lower East Side,1047.375,62.8425,1.2,0.3,0.7,80
695,50101986,DUNKIN,"150 WEST   47 STREET, MANHATTAN, NY 10036",Dunkin',0x89c259474a595303:0x3b62d1be38b0e659,,40.7587123,-73.9838173,7,0,56,,3.9,156,6,6,230,Times Sq/Theatre District,748.0,62.084,3.0,0.8,0.1999999999999999,34
696,50102026,PARIS BAGUETTE,"371 7 AVENUE, MANHATTAN, NY 10001",Paris Baguette,0x89c259da9f2fb217:0xb8ef8191a428d788,,40.7488133,-73.99187719999999,7,4,0,People typically spend 15-45 min here,4.4,570,6,6,186,Penn Station/Madison Sq West,1094.625,90.853875,3.0,0.7,0.3,216
697,50102339,ONE TWO THAI,"153 EAST   33 STREET, MANHATTAN, NY 10016",One Two Thai,0x89c2597162f8ee17:0xc2f0ec0446424fce,,40.7455946,-73.9794371,7,6,0,People typically spend 30 min to 1.5 hr here,4.4,463,6,6,170,Murray Hill,200.0,11.0,1.0,0.15,0.85,92
698,50102435,DIM SUM CHELSEA,"236 8 AVENUE, MANHATTAN, NY 10011",Dim Sum Chelsea,0x89c2595b8e4e6675:0x982dc25651b3d918,,40.7446121,-73.998629,7,6,0,People typically spend 45 min to 1.5 hr here,4.4,460,6,6,90,Flatiron,1040.0,62.4,1.2,0.3,0.7,31
699,50102459,RAKU IT'S JAPANESE,"212 EAST   52 STREET, MANHATTAN, NY 10022",Raku it's Japanese,0x89c25934527af711:0xd3ae14b2ce1ac569,,40.7566056,-73.9693108,7,6,0,,4.0,230,6,6,229,Sutton Place/Turtle Bay North,1519.56,83.5758,1.0,0.15,0.85,48
700,50102460,GONG CHA,"1600 BROADWAY, MANHATTAN, NY 10019",Gong Cha,0x89c259aac3c153df:0x74ccd524a0f19dfc,,40.7602454,-73.9843654,7,6,0,,4.1,345,6,6,230,Times Sq/Theatre District,8000.0,664.0,3.0,0.7,0.3,118
701,50102810,SOOM SOOM,"1108 LEXINGTON AVENUE, MANHATTAN, NY 10075",Soom Soom,0x89c2598bed8cb213:0x18ee070b107b166d,,40.7739882,-73.9597802,7,6,0,People typically spend 15 min to 1 hr here,4.7,741,6,6,236,Upper East Side North,306.5,18.39,1.2,0.2,0.8,115
702,50102879,IZAKAYA TORIBAR,"164 EAST   56 STREET, MANHATTAN, NY 10022",Izakaya Toribar,0x89c259c58bd2b939:0x28f64c8265c69914,,40.759641,-73.96855579999999,7,6,0,People typically spend 1.5 hours here,4.3,456,6,6,162,Midtown East,3600.0,216.0,1.1,0.2,0.8,108
703,50102974,GREGORYS COFFEE,"775 6 AVENUE, MANHATTAN, NY 10001",Gregorys Coffee,0x89c259acbebaaa63:0x455ac4adc66a7ddd,,40.745009,-73.9915697,7,6,0,People typically spend 20 min to 1 hr here,4.1,388,6,6,186,Penn Station/Madison Sq West,800.0,66.4,3.0,0.7,0.3,221
704,50102998,ROSIE DUNN,"729 3 AVENUE, MANHATTAN, NY 10017",Rosie Dunn's Victorian Pub,0x89c259e654aca6b9:0x2b6a558c1380bd90,,40.752866,-73.972571,7,6,0,People typically spend 45 min to 2 hr here,4.5,355,6,6,233,UN/Turtle Bay South,1800.0,99.0,1.0,0.1,0.9,73
705,50103721,LENWICH,"120 UNIVERSITY PLACE, MANHATTAN, NY 10003",LENWICH,0x89c259b774c2c177:0xb047cfb42448b4c7,,40.7347098,-73.9923558,7,6,0,People typically spend 20 min to 3.5 hr here,4.0,226,6,6,113,Greenwich Village North,515.8,42.8114,2.5,0.6,0.4,25
706,50103992,DAGON,"2454 BROADWAY, MANHATTAN, NY 10024",Dagon,0x89c25882feb54c4b:0xa0c07cde88e255a7,,40.7912711,-73.9738886,7,6,0,People typically spend 1-2.5 hours here,4.8,2497,6,6,238,Upper West Side North,1300.0,78.0,1.2,0.2,0.8,84
707,50104041,JANE DOE LOUNGE,"12 WEST   44 STREET, MANHATTAN, NY 10036",Jane Doe Bar & Restaurant,0x89c2598cf5093e31:0x8a9b427113f8c276,,40.7550775,-73.9810571,7,6,0,People typically spend 45 min to 3 hr here,4.4,465,6,6,161,Midtown Center,2642.55,158.553,1.2,0.2,0.8,88
708,50104478,VILLAGE CREPERIE,"445 EAST    9 STREET, MANHATTAN, NY 10009",Village creperie,0x89c259eb9b987885:0x934155577d60c81b,,40.7274432,-73.98282069999999,7,6,0,,4.7,253,6,6,79,East Village,290.4,24.1032,3.0,0.7,0.3,63
709,50104496,PARIS BAGUETTE,"888 10 AVENUE, MANHATTAN, NY 10019",Paris Baguette,0x89c259c10a6cebd7:0xfc07f41891a64b09,,40.7695806,-73.98784669999999,7,4,0,People typically spend 10 min to 1 hr here,4.4,643,6,6,48,Clinton East,1618.5,134.3355,3.0,0.7,0.3,435
710,50104682,SOOTHR,"204 EAST   13 STREET, MANHATTAN, NY 10003",Soothr,0x89c25923d7bca4d1:0x5bbeae84d9924f22,,40.7323017,-73.9873417,7,6,0,People typically spend 1-2 hours here,4.8,6819,6,6,79,East Village,1104.0,60.72,1.0,0.15,0.85,63
711,50104728,EL GALLO TAQUERIA,"369 BROOME STREET, MANHATTAN, NY 10013",El Gallo Taqueria,0x89c25986d2d1c227:0xfcf7a312e14f6fad,,40.7200102,-73.9958972,7,6,0,,4.7,923,6,6,144,Little Italy/NoLiTa,1198.75,80.31625000000001,1.8,0.4,0.6,16
712,50104806,SENN THAI COMFORT FOOD,"452 AMSTERDAM AVENUE, MANHATTAN, NY 10024",Senn Thai Comfort Food,0x89c258860ae1fa75:0x4ecf7117623d185b,,40.7850624,-73.9773326,7,6,0,,4.4,598,6,6,239,Upper West Side South,200.0,11.0,1.0,0.15,0.85,75
713,50104853,KARAMELO BAR & KITCHEN,"141 NAGLE AVENUE, MANHATTAN, NY 10040",Karamelo,0x89c2f5bd1d6cf8bb:0xf1ca95bd7b03b504,,40.8608956,-73.9260748,7,6,0,,4.1,100,6,6,243,Washington Heights North,2775.0,166.5,1.2,0.2,0.8,24
714,50105185,SALENTO COLOMBIAN CAFE & RESTAURANT,"2112 AMSTERDAM AVENUE, MANHATTAN, NY 10032","Salento Colombian Restaurant, Coffee & Bakery",0x89c2f78cd3919d77:0x6111ab31e9eb65be,,40.8378633,-73.9386304,7,5,0,People typically spend 10-45 min here,4.4,492,6,6,244,Washington Heights South,1720.0,142.76,3.0,0.7,0.3,95
715,50105204,OST CAFE,"511 GRAND STREET, MANHATTAN, NY 10002",Ost Cafe,0x89c25bd5466777b7:0x1c85e6819d6ada57,,40.7144614,-73.9821403,7,6,0,People typically spend 25 min to 1 hr here,4.4,225,6,6,232,Two Bridges/Seward Park,1807.2,149.9976,3.0,0.7,0.3,29
716,50105206,JAJAJA MEXICANA,"63 CARMINE STREET, MANHATTAN, NY 10014",Jajaja Mexicana,0x89c259d36038eb87:0xa61e45feac17ec2a,,40.7298848,-74.00460389999999,7,6,0,People typically spend 1-2.5 hours here,4.6,1792,6,6,249,West Village,449.28,30.10176,1.8,0.4,0.6,30
717,50105374,LE PAIN QUOTIDIEN,"1309 LEXINGTON AVENUE, MANHATTAN, NY 10128",Le Pain Quotidien,0x89c258a72a81fc09:0x620fcd7770aff2a8,,40.7806119,-73.9545766,7,6,0,People typically spend 25 min to 1.5 hr here,4.1,545,6,6,236,Upper East Side North,3184.0,159.2,0.8,0.05,0.95,115
718,50105429,THE GOOD GOOD,"1694 PARK AVENUE, MANHATTAN, NY 10035",The Good Good,0x89c2f7773bc0daaf:0xe65f2b5b16afb783,,40.8013042,-73.9422367,7,6,0,People typically spend 1.5-3 hours here,4.8,406,6,6,74,East Harlem North,1940.0,116.4,1.2,0.2,0.8,101
719,50105549,16 HANDLES,"155 CHAMBERS STREET, MANHATTAN, NY 10007",16 Handles,0x89c25b2f07938be7:0x22fc2a3da577239,,40.7159923,-74.0100384,7,6,0,,3.7,110,6,6,231,TriBeCa/Civic Center,1431.2,118.7896,3.0,0.8,0.1999999999999999,50
720,50105559,LE PAIN QUOTIDIEN,"60 WEST   65 STREET, MANHATTAN, NY 10023",Le Pain Quotidien,0x89c258f572c0118b:0x8893581423f011,,40.7726566,-73.9816386,7,6,0,People typically spend 45 min to 2 hr here,4.0,567,6,6,142,Lincoln Square East,1716.0,85.80000000000001,0.8,0.05,0.95,99
721,50105604,GRIND NYC COFFEE SHOP,"602 9 AVENUE, MANHATTAN, NY 10036",GRIND THE NYC COFFEE SHOP & BAGEL HOUSE,0x89c259125a931087:0x3d471d4575240620,,40.7590839,-73.9918101,7,6,0,People typically spend 20-45 min here,4.8,2582,6,6,48,Clinton East,790.4000000000001,65.60320000000002,3.0,0.7,0.3,130
722,50105982,CKA KA QELLUE,"118 EAST   31 STREET, MANHATTAN, NY 10016",Çka Ka Qëllue,0x89c259a4ac77af25:0x35e85afb73a6833e,,40.7446105,-73.98189529999999,7,6,0,People typically spend 1-2 hours here,4.7,1829,6,6,170,Murray Hill,930.0,55.8,1.2,0.2,0.8,92
723,50105997,LE PAIN QUOTIDIEN,"250 WEST   55 STREET, MANHATTAN, NY 10019",Le Pain Quotidien,0x89c25857f8c6efb3:0xc6a38927744d8304,,40.7651275,-73.9834024,7,6,0,,4.1,893,6,6,163,Midtown North,369.6,18.48,0.8,0.05,0.95,74
724,50106065,CALAVERAS CORNER,"936 AMSTERDAM AVENUE, MANHATTAN, NY 10025",Calaveras Corner,0x89c2f7d1f7867cb3:0x57894ef6d72e9219,,40.8006579,-73.9658425,7,6,0,People typically spend 1-2.5 hours here,4.4,241,6,6,24,Bloomingdale,956.0,64.052,1.8,0.4,0.6,25
725,50106067,EMPANADA MAMA,"200B WEST   40 STREET, MANHATTAN, NY 10018",Empanada Mama Times Square (40th St),0x89c2591e85be6f21:0x2b1c229c9b94d65a,,40.7548424,-73.98834339999999,7,6,0,,4.2,631,6,6,100,Garment District,1209.833333333333,72.58999999999999,1.2,0.2,0.8,73
726,50106095,BLUE WILLOW,"40 WEST   56 STREET, MANHATTAN, NY 10019",Blue Willow 夜来湘,0x89c259bdd1c5dd0d:0x86238121a190886,,40.762918,-73.9765271,7,6,0,People typically spend 45 min to 1.5 hr here,4.5,2125,6,6,161,Midtown Center,1000.0,60.0,1.2,0.3,0.7,88
727,50106171,SMOOVE ICE CREAM,"279 GRAND STREET, MANHATTAN, NY 10002",Smoove Ice Cream,0x89c259e6a686f617:0x2e0ca7f1b8d4bd44,,40.7176943,-73.9927292,7,6,0,,4.7,598,6,6,148,Lower East Side,1047.375,86.932125,3.0,0.7,0.3,43
728,50106213,ROYAL SEAFOOD CAFE,"103 MOTT STREET, MANHATTAN, NY 10013",Royal Seafood,0x89c25a278199977f:0x356aea835ff05c30,,40.7173032,-73.9976916,7,6,0,People typically spend 1-2 hours here,3.9,1420,6,6,144,Little Italy/NoLiTa,987.5,59.25,1.2,0.3,0.7,16
729,50106343,SUPREME RESTAURANT,"100 MOTT STREET, MANHATTAN, NY 10013",Supreme Restaurant,0x89c25a2786883d1d:0xc96f10e2474bd8db,,40.717267,-73.99723399999999,7,6,0,People typically spend 45 min to 1.5 hr here,4.2,1988,6,6,144,Little Italy/NoLiTa,987.5,59.25,1.2,0.3,0.7,16
730,50106381,FRENCHETTE BAKERY,"220 CHURCH STREET, MANHATTAN, NY 10013",Frenchette Bakery,0x89c25b4f39932b41:0xce7975e874539251,,40.7169382,-74.0069604,7,6,0,,4.5,300,6,6,231,TriBeCa/Civic Center,8000.0,664.0,3.0,0.7,0.3,50
731,50106481,OSTERIA LA BAIA,"129 WEST   52 STREET, MANHATTAN, NY 10019",Osteria La Baia,0x89c25930bc53d1a3:0xe92edb888b740614,,40.7618881,-73.9809702,7,6,0,People typically spend 1.5-4 hours here,4.9,6855,6,6,230,Times Sq/Theatre District,8000.0,440.0,1.0,0.1,0.9,118
732,50106592,POPEYES LOUISIANA KITCHEN,"39 1 AVENUE, MANHATTAN, NY 10003",Popeyes Louisiana Kitchen,0x89c259d251903aa5:0x21db198a6ee1d98b,,40.72434,-73.98812,7,6,0,People typically spend 10 min to 1 hr here,3.9,501,6,6,79,East Village,783.2,52.4744,2.0,0.5,0.5,63
733,50106774,LONGO BROS,"474 9 AVENUE, MANHATTAN, NY 10018",Longo Bros,0x89c259a292452753:0xe71aa23cd4076c0,,40.7548972,-73.9950052,7,6,0,People typically spend 1-2.5 hours here,4.4,657,6,6,68,East Chelsea,2330.4,128.172,1.0,0.1,0.9,303
734,50107169,YARD HOUSE #8389,"575 7 AVENUE, MANHATTAN, NY 10018",Yard House,0x89c259bee9101fd3:0xac438967ec6b2531,,40.75509,-73.98727,7,6,0,People typically spend 1-2 hours here,4.5,4471,6,6,100,Garment District,1037.25,62.235,1.2,0.2,0.8,73
735,50107397,NY SAL'S PIZZA,"536 EAST   14 STREET, MANHATTAN, NY 10009",New York Sal's Pizza II,0x89c2592ffc2aea17:0x70abdaefbf9cc28f,,40.7295,-73.9787559,7,6,0,,4.4,82,6,6,79,East Village,1416.1,94.8787,1.8,0.5,0.5,63
736,50107403,WINGSTOP,"4051 BROADWAY, MANHATTAN, NY 10032",Wingstop,0x89c2f7af78ffeff1:0x9f37e8735ff22d04,,40.8430212,-73.9394592,7,6,0,,4.1,462,6,6,244,Washington Heights South,1118.25,74.92275000000001,2.0,0.5,0.5,149
737,50107405,THE LITTLE BEET,"1291 1 AVENUE, MANHATTAN, NY 10021",Little Beet,0x89c2596f16a8b997:0x82264eff4b71edb4,,40.7662649,-73.95746609999999,7,6,0,,4.2,133,6,6,141,Lenox Hill West,1240.0,74.39999999999999,1.2,0.2,0.8,83
738,50107525,TARA ROSE,"384 3 AVENUE, MANHATTAN, NY 10016",Tara Rose | NYC,0x89c259d6e8ee1fa7:0x6ce5c49aa0b108d2,,40.7417855,-73.9812353,7,6,0,People typically spend 1-3 hours here,4.7,1256,6,6,107,Gramercy,720.4000000000001,43.224,1.2,0.2,0.8,46
739,50107573,TACO BELL,"1501 BROADWAY, MANHATTAN, NY 10036",Taco Bell Cantina,0x89c2595de397df0b:0x978cf66cb3ed7d6c,,40.7572062,-73.9865921,7,6,0,,3.7,602,6,6,230,Times Sq/Theatre District,3814.461111111111,255.5688944444445,1.8,0.4,0.6,118
740,50107638,TERRIFIC WINGS TACOS 'N' THINGS,"2131 3 AVENUE, MANHATTAN, NY 10035",Terrific Wings Tacos & Things,0x89c2f608e9dbffff:0xa729dcf71461f7fb,,40.798183,-73.9395856,7,6,0,,4.0,153,6,6,74,East Harlem North,1104.0,66.24,1.2,0.2,0.8,101
741,50107674,WIMPY'S RESTAURANT,"2334 2 AVENUE, MANHATTAN, NY 10035",Wimpys,0x89c2f5e29e91ede9:0x4fb1b432604493b4,,40.7992828,-73.93577549999999,7,6,0,People typically spend 15 min to 1 hr here,4.0,222,6,6,74,East Harlem North,768.0,51.456,1.8,0.4,0.6,101
742,50107686,NOI DUE CAFE,"491 COLUMBUS AVENUE, MANHATTAN, NY 10024",Noi Due Cafe,0x89c2588a934f97df:0xf8b6aae16508c16d,,40.7849326,-73.97305949999999,7,6,0,People typically spend 45 min to 4 hr here,4.6,2025,6,6,239,Upper West Side South,1600.0,88.0,1.0,0.1,0.9,75
743,50107871,CHAMPION PIZZA,"2 WEST   14 STREET, MANHATTAN, NY 10011",Champion Pizza - 5th Ave,0x89c2599817371b6f:0xdbc7105203dc91cb,,40.7359258,-73.9939151,7,6,0,,4.0,814,6,6,113,Greenwich Village North,2112.6,141.5442,1.8,0.5,0.5,25
744,50107904,BANH,"942 AMSTERDAM AVENUE, MANHATTAN, NY 10025",Bánh,0x89c2f79ec93dfdb3:0x7f9cb46cb7b7e20f,,40.8008758,-73.96567759999999,5,6,0,People typically spend 45 min to 1.5 hr here,4.5,649,4,6,24,Bloomingdale,1360.0,81.6,1.1,0.2,0.8,15
745,50107906,OM RESTAURANT,"1531 YORK AVENUE, MANHATTAN, NY 10028",OM,0x89c258bbff0ebe97:0x4346de8c4f4dd66,,40.7726799,-73.9497983,7,6,0,,4.3,348,6,6,262,Yorkville East,1200.0,66.0,1.0,0.15,0.85,38
746,50107981,COUNTER & BODEGA,"216 7TH AVE, MANHATTAN, NY 10011",Counter & Bodega,0x89c259e3e27aa855:0x7b7351162221a009,,40.7438248,-73.9962761,7,6,0,,4.4,752,6,6,90,Flatiron,1166.666666666667,70.0,1.2,0.2,0.8,31
747,50108065,CHICK-FIL-A,"1536 3 AVENUE, MANHATTAN, NY 10028",Chick-fil-A,0x89c2598c60fbd071:0xc5dd2304200fed3f,,40.7792555,-73.9539523,1,5,0,People typically spend 10-45 min here,4.4,1516,0,6,236,Upper East Side North,682.0,45.694,2.0,0.5,0.5,59
748,50108087,5IVE SPICE,"227 MULBERRY STREET, MANHATTAN, NY 10012",5ive Spice Tacos & Banh Mi,0x89c25908d8f65f3b:0x24607f742277ab9b,,40.7225831,-73.9962714,7,6,0,,4.6,979,6,6,144,Little Italy/NoLiTa,7068.3,424.098,1.1,0.2,0.8,16
749,50108317,KFC,"242 EAST   14 STREET, MANHATTAN, NY 10003",KFC,0x89c2599e5a0fa77f:0xb5c1843dfce31246,,40.7323158,-73.9853406,7,6,0,People typically spend 20 min here,3.4,1551,6,6,79,East Village,663.96,44.48532000000001,2.0,0.5,0.5,63
750,50108333,HAY HAY ROASTED,"81 MOTT STREET, MANHATTAN, NY 10013",Hay Hay Roasted,0x89c25b49006982c7:0xd4c262d1f1f9f62f,,40.7165791,-73.9980362,7,6,0,People typically spend 15-45 min here,4.3,664,6,6,45,Chinatown,460.0,27.6,1.2,0.3,0.7,14
751,50108675,ROCCO'S PIZZA,"148 8 AVENUE, MANHATTAN, NY 10011",ROCCO'S PIZZA,0x89c259bc8389fd35:0x5670b57af9fe0810,,40.741757,-74.000708,7,6,0,,3.7,323,6,6,90,Flatiron,2400.0,160.8,1.8,0.5,0.5,31
752,50108809,ZUCKER'S BAGELS & SMOKED FISH,"125 FULTON STREET, MANHATTAN, NY 10038",Zucker’s Bagels & Smoked Fish,0x89c25b8289d83995:0xa5b607526ac39aff,,40.7102112,-74.007182,7,5,0,,4.0,557,6,6,209,Seaport,662.3333333333334,54.97366666666667,3.0,0.8,0.1999999999999999,18
753,50108855,STOUT NYC,"109 WEST   39 STREET, MANHATTAN, NY 10018",Stout NYC,0x89c25965a69ec0fd:0x9a38c950d92a7e95,,40.7533433,-73.986043,7,6,0,People typically spend 45 min to 2.5 hr here,4.6,882,6,6,100,Garment District,2973.725,178.4235,1.2,0.2,0.8,73
754,50108977,CHEF YU,"520 8 AVENUE, MANHATTAN, NY 10018",Chef Yu,0x89c259adab5d38ad:0xf6f61c1def7a611e,,40.7535052,-73.99231139999999,7,6,0,People typically spend 45 min to 1.5 hr here,4.1,1550,6,6,100,Garment District,1480.11,88.80659999999997,1.2,0.3,0.7,73
755,50109092,MILK & HOPS,"166 9 AVENUE, MANHATTAN, NY 10011",Milk & Hops,0x89c259b913afa637:0xa67ff555a81db866,,40.7446831,-74.00232079999999,7,6,0,People typically spend 45 min to 2.5 hr here,4.7,755,6,6,68,East Chelsea,666.6666666666666,39.99999999999999,1.2,0.2,0.8,303
756,50109386,UPSIDE PIZZA,"51 SPRING STREET, MANHATTAN, NY 10012",Upside Pizza,0x89c25959c45a8427:0x7de477bb7792163e,,40.7220642,-73.9963255,7,6,0,People typically spend 20 min to 1.5 hr here,4.3,942,6,6,144,Little Italy/NoLiTa,200.0,13.4,1.8,0.5,0.5,16
757,50109521,BURGERMANIA,"274 WEST   40 STREET, MANHATTAN, NY 10018",Burgermania,0x89c2597a0754e1c3:0x9ece873ac705a039,,40.7557265,-73.99051519999999,7,6,0,,4.5,1570,6,6,100,Garment District,8000.0,664.0,2.5,0.6,0.4,73
758,50109601,INSOMNIA COOKIES,"125 CHURCH STREET, MANHATTAN, NY 10007",Insomnia Cookies,0x89c25b4093a82cd1:0xf07ff5b01c7f9421,,40.7140133,-74.0083461,7,6,0,,4.4,250,6,6,231,TriBeCa/Civic Center,741.6666666666666,44.49999999999999,1.2,0.2,0.8,50
759,50109699,MR. LEE'S BAKERY,"283 WEST  118 STREET, MANHATTAN, NY 10026",Lee Lee's Baked Goods,0x89c2f614041f2bc3:0x19b5d50daffec30e,,40.8056949,-73.9539762,7,6,0,,4.8,426,6,6,41,Central Harlem,2055.6,170.6148,3.0,0.7,0.3,44
760,50109998,BAYA BAR,"232 MULBERRY STREET, MANHATTAN, NY 10012",Baya Bar - Acai & Smoothie Shop,0x89c2591527bdf88f:0x3fc4ccaa0ded6e50,,40.7224981,-73.995728,7,6,0,,4.6,226,6,6,144,Little Italy/NoLiTa,1152.0,95.616,3.0,0.8,0.1999999999999999,16
761,50110113,NELLY'S CHICKEN & PIZZA,"2236 AMSTERDAM AVENUE, MANHATTAN, NY 10032",Nelly’s Chicken & Pizza,0x89c2f526eff6e53d:0x43672c80aaf30036,,40.841938,-73.93564049999999,7,6,0,People typically spend 15 min to 2.5 hr here,4.6,108,6,6,244,Washington Heights South,520.0,34.84,2.0,0.5,0.5,149
762,50110386,MAGNOLIA BAKERY,"383 WEST   31 STREET, MANHATTAN, NY 10001",Magnolia Bakery - Moynihan Train Hall,0x89c259b4d0b1ca29:0x862edab9491c5a0e,,40.7516267,-73.9954372,7,6,0,,4.0,541,6,6,68,East Chelsea,1185.0,98.355,3.0,0.7,0.3,303
763,50110540,ELECTRIC BURRITO,"81 SAINT MARKS PLACE, MANHATTAN, NY 10003",Electric Burrito,0x89c2596e2ea06b97:0x88932bc92af52c34,,40.7278725,-73.9854694,7,6,0,,4.4,545,6,6,79,East Village,426.6666666666667,28.58666666666667,1.8,0.4,0.6,63
764,50110563,WOK IN THE CLOUDS,"127 EAST   28 STREET, MANHATTAN, NY 10016",WOK IN THE CLOUDS,0x89c2595d488e448b:0xa1354a0b7af59a9b,,40.742965,-73.9827576,7,6,0,,4.5,398,6,6,170,Murray Hill,933.84,51.3612,1.0,0.15,0.85,92
765,50110603,LE PAIN QUOTIDIEN,"370 LEXINGTON AVENUE, MANHATTAN, NY 10017",Le Pain Quotidien,0x89c259604c2b8811:0xcd8ad1ad0d301a69,,40.7508041,-73.97693679999999,7,6,0,,3.8,240,6,6,170,Murray Hill,658.8166666666667,54.68178333333334,2.5,0.6,0.4,92
766,50110682,SPICE MANTRA,"1047 2 AVENUE, MANHATTAN, NY 10022",Spice Mantra,0x89c25947c6b3fe6d:0xe17bf696afeb6796,,40.7582549,-73.96627749999999,7,6,0,People typically spend 45 min to 1.5 hr here,4.7,475,6,6,229,Sutton Place/Turtle Bay North,1980.8,108.944,1.0,0.15,0.85,48
767,50110716,GABBY O'HARAS,"123 WEST   39 STREET, MANHATTAN, NY 10018",Gabby O'Haras,0x89c259ab069e08bf:0x33ff503d7d6129d7,,40.7535778,-73.9863984,7,6,0,People typically spend 45 min to 2.5 hr here,4.4,974,6,6,100,Garment District,1020.033333333333,56.10183333333334,1.0,0.1,0.9,73
768,50110739,BONSAII CAFE,"127 EAST   55 STREET, MANHATTAN, NY 10022",BONSAII Tapas & Wine Bar,0x89c259956941f975:0x50d2166699841d27,,40.7600087,-73.9704053,7,6,0,People typically spend 10-45 min here,4.8,807,6,6,162,Midtown East,8000.0,664.0,3.0,0.7,0.3,108
769,50110918,IL POSTINO RISTORANTE,"133 EAST   61 STREET, MANHATTAN, NY 10065",IL Postino,0x89c258e268d64569:0x460d8901d76d8d8,,40.7638212,-73.96758419999999,7,6,0,People typically spend 4 hours here,4.4,313,6,6,237,Upper East Side South,2124.0,116.82,1.0,0.1,0.9,131
770,50111048,SUGARFISH,"152 EAST   53 STREET, MANHATTAN, NY 10022",SUGARFISH by sushi nozawa,0x89c2597eb1eeaec5:0x6ed870b0000a14b5,,40.7579493,-73.9703377,7,6,0,People typically spend 1-2 hours here,4.4,615,6,6,162,Midtown East,5790.3,318.4665,1.0,0.15,0.85,108
771,50111188,BLUESTONE LANE,"55 HUDSON YARDS, MANHATTAN, NY 10001",Bluestone Lane 55 Hudson Yards Café,0x89c259abb076cfd5:0xab8f3a2dd95dfb59,,40.7551684,-74.0015389,7,6,0,People typically spend 45 min to 4 hr here,4.6,1173,6,6,246,West Chelsea/Hudson Yards,8000.0,480.0,1.2,0.2,0.8,114
772,50111267,CAFE LUNA,"628 HUDSON STREET, MANHATTAN, NY 10014",Cafe Luna,0x89c2596fcedfcf91:0xf0952161b4afbde,,40.7383306,-74.0053786,7,6,0,People typically spend 45 min to 2.5 hr here,4.5,835,6,6,249,West Village,200.0,12.0,1.2,0.2,0.8,30
773,50111282,ORIENTAL CHINESE FOOD TAKEOUT,"3774 BROADWAY, MANHATTAN, NY 10032",Oriental Chinese Restaurant,0x89c2f685d4dcfcd3:0x7774ae4e1bf0a08f,,40.833751,-73.9448045,7,6,0,,3.5,83,6,6,244,Washington Heights South,1000.0,60.0,1.2,0.3,0.7,149
774,50112310,DOABA DELI,"945 COLUMBUS AVE, MANHATTAN, NY 10025",Doaba Deli,0x89c2f623027112af:0x294c0106338dcd94,,40.7994716,-73.9624662,7,6,0,People typically spend 15-45 min here,4.6,637,6,6,24,Bloomingdale,480.0,26.4,1.0,0.15,0.85,25
775,50112425,SURAM,"21 WEST END AVENUE, MANHATTAN, NY 10023",Suram Sushi & Ramen,0x89c2591f9e2e1e1d:0xbb4c158ed3eb5822,,40.7726985,-73.98988969999999,7,6,0,People typically spend 30 min to 3 hr here,4.5,399,6,6,143,Lincoln Square West,2913.6,160.248,1.0,0.15,0.85,52
776,50112658,DYCKMAN PALACE PIZZA,"121 DYCKMAN STREET, MANHATTAN, NY 10040",Pizza Palace,0x89c2f40630e07791:0x129adb03217cd9e9,,40.8624803,-73.9250818,7,6,0,People typically spend 20 min here,4.8,664,6,6,127,Inwood,3000.0,201.0,1.8,0.5,0.5,16
777,50112960,CAFE CHINA,"59 WEST   37 STREET, MANHATTAN, NY 10018",Café China,0x89c25900adca7485:0x1d4ea398ad50e0c,,40.7515713,-73.9858221,7,6,0,People typically spend 1-2 hours here,4.3,3114,6,6,164,Midtown South,2282.805,136.9683,1.2,0.3,0.7,49
778,50112974,TAVERN ON READE,"59 READE STREET, MANHATTAN, NY 10007",Tavern On Reade,0x89c25b6875773f13:0x6e28f99635c65280,,40.7147693,-74.00662849999999,7,6,0,People typically spend 1-3 hours here,4.4,236,6,6,231,TriBeCa/Civic Center,876.6666666666666,52.6,1.2,0.2,0.8,50
779,50113001,PAQUITA,"242 WEST   10 STREET, MANHATTAN, NY 10014",Paquita,0x89c2591e21e388d5:0x88f3d13c973880eb,,40.7336769,-74.0057112,7,6,0,,4.4,241,6,6,249,West Village,910.8,75.5964,3.0,0.7,0.3,30
780,50113149,LE PAIN QUOTIDIEN,"1400 BROADWAY, MANHATTAN, NY 10018",Le Pain Quotidien,0x89c2595d8af37405:0x4aa354a70c04e8d0,,40.7529355,-73.98706969999999,7,5,0,,3.8,256,6,6,100,Garment District,1020.033333333333,84.66276666666668,3.0,0.7,0.3,63
781,50113210,FLAME,"381 3 AVENUE, MANHATTAN, NY 10016",Flame Hibachi,0x89c25909bc9a3bc9:0x9f6c11efbf007e55,,40.7414918,-73.9809179,7,6,0,,4.4,610,6,6,137,Kips Bay,872.5,52.35,1.1,0.2,0.8,188
782,50113211,BONDI SUSHI,"1140 3 AVENUE, MANHATTAN, NY 10065",Bondi Sushi,0x89c2599eb75263d3:0xcf5950ab4caf3856,,40.766525,-73.9632017,7,6,0,,4.4,424,6,6,237,Upper East Side South,5843.55,321.39525,1.0,0.15,0.85,131
783,50113213,GUAC TIME,"599 AVENUE OF THE AMERICAS, MANHATTAN, NY 10011",Guac Time Mexican Grill,0x89c259199a5be157:0x4679dcec7410d12,,40.7395675,-73.9955213,7,6,0,People typically spend 15 min to 2.5 hr here,4.1,567,6,6,90,Flatiron,2866.5,192.0555,1.8,0.4,0.6,31
784,50113217,ARI SUSHI,"402 WEST   44 STREET, MANHATTAN, NY 10036",Ari Sushi,0x89c259cdd828bb21:0x528faa1bc2200e2a,,40.7598385,-73.99216,7,6,0,People typically spend 30 min to 1 hr here,4.5,339,6,6,48,Clinton East,600.0,33.0,1.0,0.15,0.85,130
785,50113394,CHELSEA BAGEL & PIZZERIA,"62 EAST   34 STREET, MANHATTAN, NY 10016",Chelsea Bagel & pizzeria,0x89c259bd9165e9e9:0x12f8ea4feca30105,,40.7501243,-73.9717727,7,6,0,,4.1,355,6,6,164,Midtown South,3939.75,236.385,1.2,0.2,0.8,49
786,50113410,THE MARY LANE,"99 BANK STREET, MANHATTAN, NY 10014",The Mary Lane,0x89c2596adc65fabd:0xfcbb8a5e97323af4,,40.7365543,-74.0064596,7,6,0,People typically spend 1-2.5 hours here,4.6,460,6,6,158,Meatpacking/West Village West,480.24,28.8144,1.2,0.2,0.8,21
787,50113612,ELLA'S CAFE,"1465 2 AVENUE, MANHATTAN, NY 10075",Ella's Cafe Espresso & Wine Bar,0x89c259b2c6173e25:0xa70ce622ea83bdb3,,40.771602,-73.95658279999999,7,6,0,People typically spend 20 min to 1.5 hr here,4.7,545,6,6,141,Lenox Hill West,780.0,64.74000000000001,3.0,0.7,0.3,83
788,50113658,STEAK & HOAGIES,"1657 MADISON AVENUE, MANHATTAN, NY 10029",Steak & Hoagies,0x89c2f77022009ac5:0x50b60c17f4e9fe4f,,40.7963698,-73.9472158,7,6,0,,3.7,37,6,6,75,East Harlem South,1440.0,86.39999999999999,1.2,0.3,0.7,186
789,50113868,DAILY PROVISIONS,"29 BEDFORD STREET, MANHATTAN, NY 10014",Daily Provisions,0x89c259aeb903543f:0xd09e2fef0cf5d06d,,40.7292206,-74.0037316,7,6,0,People typically spend 15 min to 3.5 hr here,4.5,306,6,6,249,West Village,1200.0,72.0,1.2,0.2,0.8,30
790,50113973,BELLA UNION,"411 3 AVENUE, MANHATTAN, NY 10016",Bella Union,0x89c259512ff26285:0x1d631662c3bf97ab,,40.7423712,-73.9801834,7,6,0,People typically spend 1-2.5 hours here,4.4,469,6,6,137,Kips Bay,844.3333333333334,50.66,1.2,0.2,0.8,188
791,50114313,EL GALLO TAQUERIA,"502 AMSTERDAM AVENUE, MANHATTAN, NY 10024",El Gallo Taqueria,0x89c259d241073f3b:0x5b45f64e2e4b189a,,40.7866992,-73.9760929,7,6,0,,4.8,2626,6,6,239,Upper West Side South,1000.0,67.0,1.8,0.4,0.6,75
792,50114358,DUNKIN DONUTS,"1006 1 AVENUE, MANHATTAN, NY 10022",Dunkin',0x89c2596132edcf39:0x9ecda36bbb94b233,,40.7571581,-73.9634713,7,5,0,,4.0,35,6,6,229,Sutton Place/Turtle Bay North,3325.0,199.5,1.2,0.2,0.8,78
793,50114601,EMMETT'S ON GROVE,"39 GROVE STREET, MANHATTAN, NY 10014",Emmett's on Grove,0x89c2593b38964921:0xca15ababdded7d73,,40.732921,-74.0045142,7,6,0,People typically spend 1.5-4 hours here,4.3,396,6,6,249,West Village,1080.0,72.36,1.8,0.5,0.5,30
794,50114708,HOUSE OF JOY,"28 PELL STREET, MANHATTAN, NY 10013",House of Joy,0x89c25b173ebfe4f9:0xd51988199685508e,,40.7150183,-73.9984912,7,6,0,People typically spend 1-2.5 hours here,4.1,1426,6,6,45,Chinatown,380.0,22.8,1.2,0.3,0.7,14
795,50115043,ALL & SUNDRY,"312 W 58TH ST, MANHATTAN, NY 10019",all & sundry,0x89c259f705817e09:0xb5be362fc8a2a805,,40.7675444,-73.9832993,7,6,0,People typically spend 3.5 hours here,4.5,348,6,6,48,Clinton East,1008.9,60.534,1.2,0.2,0.8,130
796,50115279,ZOU ZOU'S,"438 WEST   33 STREET, MANHATTAN, NY 10001",Zou Zou’s,0x89c25995efe75629:0xd56e6bee5941d92d,,40.7529706,-73.9986785,7,6,0,People typically spend 1.5-4 hours here,4.3,1390,6,6,68,East Chelsea,2230.75,133.845,1.2,0.2,0.8,303
797,50115702,SEFTON,"1373 1 AVENUE, MANHATTAN, NY 10021",Sefton,0x89c2599c61417dc9:0x602bd1fb40604082,,40.7690659,-73.955394,7,6,0,People typically spend 30 min to 2 hr here,4.5,283,6,6,141,Lenox Hill West,960.0,57.6,1.2,0.2,0.8,83
798,50115750,STARBUCKS COFFEE #62547,"435 WEST   31 STREET, MANHATTAN, NY 10001",Starbucks Coffee Company,0x89c25995985f2ec9:0x740c92b5a122770a,,40.7521,-73.99831,7,4,0,,3.8,100,6,6,68,East Chelsea,2923.965,242.689095,3.0,0.7,0.3,286
799,50115793,TU SABOR LATINO,"3881 BROADWAY, MANHATTAN, NY 10032",Tu Sabor Latino Restaurant,0x89c2f7f0ef5cbdcd:0x8f6b05b1d5097e5e,,40.8374253,-73.9427358,7,6,0,,3.2,19,6,6,244,Washington Heights South,3000.0,180.0,1.2,0.2,0.8,149
800,50115887,TERIYAKI R US,"150 WEST   49 STREET, MANHATTAN, NY 10019",Teriyaki R Us - Times Square,0x89c259776e122ccd:0xfede966819bf9032,,40.7601233,-73.9832438,7,6,0,,4.6,1129,6,6,230,Times Sq/Theatre District,1200.0,72.0,1.1,0.2,0.8,118
801,50115902,AVOCA,"1678 1 AVENUE, MANHATTAN, NY 10128",Avoca,0x89c25995b4dced0d:0xd24249747e8e7113,,40.7778508,-73.94831239999999,7,6,0,People typically spend 45 min to 3.5 hr here,4.8,1809,6,6,262,Yorkville East,320.0,19.2,1.2,0.2,0.8,38
802,50115905,JIANG KITCHEN,"65 SAINT MARKS PLACE, MANHATTAN, NY 10003",Jiang's Kitchen 疆湖 - Halal Chinese Food,0x89c2594d16902583:0x520c4b13fed36ee2,,40.7281888,-73.9860631,7,6,0,People typically spend 45 min to 2 hr here,4.6,676,6,6,79,East Village,1500.0,90.0,1.2,0.3,0.7,63
803,50115927,SUSHI W,"2673 BROADWAY, MANHATTAN, NY 10025",Sushi W - UWS,0x89c2f789140f4531:0x573f174d4f33cdc0,,40.7984531,-73.9693977,7,6,0,People typically spend 1-3 hours here,4.8,635,6,6,151,Manhattan Valley,400.0,22.0,1.0,0.15,0.85,38
804,50115959,SOHO ROOM,"201 SPRING STREET, MANHATTAN, NY 10012",Soho Room,0x89c25955566287a5:0xfc66a14f9c3237e2,,40.7254295,-74.0034103,7,6,0,People typically spend 45 min to 2.5 hr here,4.1,420,6,6,211,SoHo,270.4,16.224,1.2,0.2,0.8,26
805,50116168,SAUCE PIZZERIA,"421 8 AVENUE, MANHATTAN, NY 10001",Sauce Pizzeria - Moynihan Food Hall,0x89c259230015cad1:0xf2b764df70e50a52,,40.7519557,-73.9959075,7,6,0,,3.3,334,6,6,68,East Chelsea,1150.0,77.05000000000001,1.8,0.5,0.5,303
806,50116365,BURGER JOINT,"383 WEST   31 STREET, MANHATTAN, NY 10001",Burger Joint,0x89c25977467b7dbb:0xf850fcb253e485d3,,40.7517186,-73.99570469999999,7,6,0,,3.3,179,6,6,68,East Chelsea,1185.0,98.355,2.5,0.6,0.4,303
807,50116606,PETITE MAMAN,"441 8 AVENUE, MANHATTAN, NY 10001",{petite} maman,0x89c2590079cca0e1:0x6dd16e5b9e6cb1d3,,40.751483,-73.995825,7,6,0,,4.3,281,6,6,68,East Chelsea,530.4375,44.0263125,2.5,0.6,0.4,303
808,50116612,ALIDORO,"383 WEST   31 STREET, MANHATTAN, NY 10001",ALIDORO,0x89c259bea31d9aaf:0x2e1ca939815508e0,,40.7517213,-73.995863,7,6,0,,3.4,144,6,6,68,East Chelsea,1185.0,65.175,1.0,0.1,0.9,303
809,50116638,BARRY'S EAST 86TH,"241 EAST   86 STREET, MANHATTAN, NY 10028",Barry's East 86th,0x89c259eed89482b7:0x235b411bb3bf45e7,,40.7783943,-73.95239339999999,7,6,0,People typically spend 1-2 hours here,4.6,111,6,6,263,Yorkville West,1776.8,147.4744,3.0,0.8,0.1999999999999999,73
810,50116690,SMASHBURGER #1747,"804 LEXINGTON AVENUE, MANHATTAN, NY 10065",Smashburger,0x89c259921a684327:0x573f667acdaedc3e,,40.7643089,-73.96697499999999,7,6,0,People typically spend 20 min to 1 hr here,4.3,774,6,6,237,Upper East Side South,816.5,67.76950000000001,2.5,0.6,0.4,131
811,50116749,T-SWIRL CREPE,"2 MOTT STREET, MANHATTAN, NY 10013",T-swirl Crepe,0x89c25a2692465747:0xcccacc37dc22f70a,,40.713843,-73.99855699999999,7,6,0,,4.6,350,6,6,45,Chinatown,3887.775,322.685325,2.5,0.6,0.4,14
812,50116774,TROPICAL SENSATION,"953 AMSTERDAM AVENUE, MANHATTAN, NY 10025",Tropical Sensation,0x89c2f6235ee782e5:0x5348229b1dad6713,,40.800894,-73.965154,7,6,0,People typically spend 10 min to 1 hr here,4.3,732,6,6,24,Bloomingdale,877.75,52.665,1.2,0.2,0.8,25
813,50117018,XI'AN FAMOUS FOODS,"8 LIBERTY PLACE, MANHATTAN, NY 10038",Xi'an Famous Foods 西安名吃 | Financial District,0x89c25b983f12f9af:0x97cbe95d20a93e08,,40.7091987,-74.0092858,7,6,0,People typically spend 25 min here,4.5,1112,6,6,87,Financial District North,800.0,48.0,1.2,0.3,0.7,29
814,50117123,THE LONG POUR,"155 2 AVENUE, MANHATTAN, NY 10003",The Long Pour,0x89c2594545cb9c6f:0x70807ac63b158fe4,,40.7296506,-73.9871459,7,6,0,,4.4,142,6,6,79,East Village,1680.0,100.8,1.2,0.2,0.8,63
815,50117129,DUNKIN,"1590 MADISON AVENUE, MANHATTAN, NY 10029",Dunkin',0x89c2f787aae79eab:0xbf86f399db7d2098,,40.7939981,-73.94950039999999,7,5,0,,4.2,82,6,6,75,East Harlem South,8000.0,664.0,3.0,0.8,0.1999999999999999,106
816,50117248,MEZCALI,"83 MAIDEN LANE, MANHATTAN, NY 10038",Mezcali,0x89c25bdabea55d03:0x83a4f2f3dc3b58c7,,40.7074546,-74.0074691,7,6,0,People typically spend 45 min to 2.5 hr here,4.8,2819,6,6,87,Financial District North,1943.125,130.189375,1.8,0.4,0.6,29
817,50117320,ANYTIME STREET,"34 SAINT MARKS PLACE, MANHATTAN, NY 10003",Anytime Street,0x89c25915192cf8e3:0x5120867e82d79a53,,40.7287257,-73.98830339999999,7,6,0,,4.7,311,6,6,79,East Village,778.6666666666666,42.82666666666667,1.0,0.15,0.85,63
818,50117354,VESUVIO BAKERY,"441 8TH AVE, MANHATTAN, NY 10001",Vesuvio Bakery Moynihan Train Hall,0x89c2599d22096ead:0xf0be279cf70bed09,,40.7516254,-73.9948885,7,5,0,,4.0,73,6,6,68,East Chelsea,530.4375,44.0263125,3.0,0.7,0.3,182
819,50117428,GADFLY BAR,"258 WEST   15 STREET, MANHATTAN, NY 10011",Gadfly Bar,0x89c259478010451b:0xf4429b79d841a334,,40.7400647,-74.0016637,7,6,0,People typically spend 1.5-4 hours here,4.6,253,6,6,90,Flatiron,537.6,32.256,1.2,0.2,0.8,31
820,50117581,MAESTRO,"102 MACDOUGAL STREET, MANHATTAN, NY 10012",Maestro,0x89c2592e64ff30af:0xcab4c7475ba08a9f,,40.7293927,-74.0009164,7,6,0,People typically spend 1-4 hours here,4.6,1618,6,6,114,Greenwich Village South,246.4285714285714,13.55357142857143,1.0,0.1,0.9,15
821,50117886,LUMLUM,"404 W 49TH ST, MANHATTAN, NY 10019",LumLum,0x89c25916ef560c79:0xdc6aa043aeab7d87,,40.7629548,-73.9898444,7,6,0,People typically spend 45 min to 1.5 hr here,4.8,4968,6,6,48,Clinton East,864.24,47.5332,1.0,0.15,0.85,130
822,50117959,SOL MAYA RESTAURANT,"2061 2 AVENUE, MANHATTAN, NY 10029",Sol Maya Restaurant,0x89c2f75e1f69d9c9:0xc8178fb61f6fbfd1,,40.790568,-73.942769,7,6,0,People typically spend 45 min to 1.5 hr here,4.4,246,6,6,75,East Harlem South,360.0,24.12,1.8,0.4,0.6,186
823,50117985,MCDONALD'S,"39 UNION SQUARE WEST, MANHATTAN, NY 10003",McDonald's,0x89c259a1f97f7da5:0x8cca2a0e970cea64,,40.7370075,-73.9905983,7,4,0,People typically spend 25 min here,3.6,2171,6,6,234,Union Sq,5830.2,483.9066,2.5,0.6,0.4,139
824,50118072,BIRRIA L.E.S.,"127 RIVINGTON STREET, MANHATTAN, NY 10002",Birria LES,0x89c25901e9d29231:0x57ef16a3a0817187,,40.7196344,-73.9871106,7,6,0,,4.6,1131,6,6,148,Lower East Side,800.0,53.6,1.8,0.4,0.6,43
825,50118086,FASANO,"280 PARK AVENUE, MANHATTAN, NY 10017",Fasano Restaurant New York,0x89c259422bccd341:0xa0ad52fb7203ae92,,40.7567686,-73.97552759999999,1,6,0,People typically spend 1.5-4 hours here,4.6,360,0,6,161,Midtown Center,4827.075,265.489125,1.0,0.1,0.9,793
826,50118276,IPIZZANY,"658 9 AVENUE, MANHATTAN, NY 10036",iPizzaNY- Times Square,0x89c2594089d0813b:0x4787e672080516b2,,40.7608035,-73.9906251,7,6,0,,4.4,388,6,6,48,Clinton East,832.0,55.744,1.8,0.5,0.5,130
827,50118311,NOGLU,"21 EAST   90 STREET, MANHATTAN, NY 10128",Noglu,0x89c258a253c5fb3b:0xebc60d483b19dd72,,40.7835846,-73.9570232,7,6,0,,3.3,887,6,6,236,Upper East Side North,3824.1,317.4003,3.0,0.7,0.3,115
828,50118540,DADDIES,"450 HUDSON STREET, MANHATTAN, NY 10014",Daddies,0x89c259cc5116d119:0x7def210ab8f8d3d6,,40.7312196,-74.0065106,7,6,0,People typically spend 25 min to 2.5 hr here,4.2,239,6,6,249,West Village,696.0,38.28,1.0,0.1,0.9,30
829,50118553,TEN THOUSAND,"1410 BROADWAY, MANHATTAN, NY 10018",Ten Thousand Coffee,0x89c259ea0e6d39f9:0x5ce07a69de5ef70d,,40.7532395,-73.9869855,7,6,0,People typically spend 15 min to 2.5 hr here,4.2,762,6,6,100,Garment District,1020.033333333333,84.66276666666668,3.0,0.7,0.3,73
830,50118554,ROTHSCHILD TLV,"1129 LEXINGTON AVENUE, MANHATTAN, NY 10075",Rothschild TLV,0x89c259242cd4e1b9:0x47696225bf03c10a,,40.7744784,-73.9589774,7,6,0,People typically spend 1.5-4 hours here,4.6,492,6,6,236,Upper East Side North,1080.4,64.824,1.1,0.15,0.85,115
831,50118576,HAWA SMOOTHIE & BUBBLE TEA,"850 9 AVENUE, MANHATTAN, NY 10019",Hawa Smoothies & Bubble Tea,0x89c2590919a1b699:0x75e77e816b27662e,,40.766796,-73.98631859999999,7,6,0,,4.6,86,6,6,48,Clinton East,400.0,33.2,3.0,0.8,0.1999999999999999,130
832,50118585,ZAZA GREENWICH ST,"104 GREENWICH STREET, MANHATTAN, NY 10006",ZAZA,0x89c259fded265645:0x575087e4182637d8,,40.7084781,-74.013525,7,6,0,People typically spend 45 min to 1.5 hr here,4.5,1682,6,6,261,World Trade Center,578.9333333333334,34.736,1.2,0.2,0.8,23
833,50118694,SUBWAY,"113 EAST   14 STREET, MANHATTAN, NY 10003",Subway,0x89c25998ca036c7f:0xf9809eb091d665b1,,40.7343223,-73.9889831,7,6,0,People typically spend 30 min to 3.5 hr here,4.4,452,6,6,107,Gramercy,1488.042857142857,123.5075571428571,2.5,0.6,0.4,46
834,50118808,THE NAKED PIG,"922 3 AVENUE, MANHATTAN, NY 10022",The Naked Pig,0x89c25923db6579bb:0x5e1591020c3d243d,,40.7594335,-73.9685214,7,6,0,People typically spend 1-2.5 hours here,4.5,1199,6,6,162,Midtown East,1200.0,72.0,1.2,0.2,0.8,108
835,50118912,RICE TO RICHES,"37 SPRING STREET, MANHATTAN, NY 10012",Rice To Riches,0x89c25988b16d50b7:0x9742f9568a8cafb5,,40.7218528,-73.99580279999999,7,6,0,People typically spend 10-45 min here,4.6,3428,6,6,144,Little Italy/NoLiTa,915.2,54.912,1.1,0.2,0.8,16
836,50118931,MOMOYA SOHO,"47 PRINCE STREET, MANHATTAN, NY 10012",Momoya SoHo,0x89c25958b13b1ce1:0x806f238d4899e426,,40.7235132,-73.9958467,7,6,0,People typically spend 1.5-4 hours here,4.6,1517,6,6,144,Little Italy/NoLiTa,2285.0,125.675,1.0,0.15,0.85,16
837,50119000,LE DIVE,"37 CANAL STREET, MANHATTAN, NY 10002",Le Dive,0x89c25b44d3d085a3:0xced6a4583d9f6aa2,,40.71476,-73.99094339999999,7,6,0,People typically spend 1-4 hours here,4.0,359,6,6,148,Lower East Side,501.6,25.08,0.8,0.05,0.95,43
838,50119094,ORAI RECORD BAR,"212 EAST   52 STREET, MANHATTAN, NY 10022",Bar Orai,0x89c2597fe23aed45:0x86ebb7ccf68723cb,,40.7566694,-73.9692585,2,6,0,People typically spend 45 min to 3 hr here,4.5,201,1,6,229,Sutton Place/Turtle Bay North,1519.56,83.5758,1.0,0.15,0.85,78
839,50119095,RAJ'S INDIAN KITCHEN,"53 NASSAU STREET, MANHATTAN, NY 10038",Raj's Indian Kitchen FiDi,0x89c25bf527440cb1:0xb88b82611007823,,40.7090337,-74.0091413,1,6,0,People typically spend 10-45 min here,4.2,324,0,6,87,Financial District North,2289.5,125.9225,1.0,0.15,0.85,50
840,50119217,WEST NEW MALAYSIA RESTAURANT,"69 BAYARD STREET, MANHATTAN, NY 10013",West New Malaysia,0x89c259d45b5aa6f7:0x5ce6fed75434dcff,,40.71548,-73.9983019,7,6,0,People typically spend 30 min to 1 hr here,4.5,590,6,6,45,Chinatown,1000.0,60.0,1.1,0.2,0.8,14
841,50119264,KORE COFFEE,"26A ELIZABETH STREET, MANHATTAN, NY 10013",Koré Coffee,0x89c25b3c53ecbe67:0x3bccb739cc89dafe,,40.7161808,-73.9970865,7,6,0,People typically spend 20 min to 1.5 hr here,4.7,593,6,6,45,Chinatown,2395.5,198.8265,3.0,0.7,0.3,14
842,50119316,EL LINAJE RESTAURANT,"2023 AMSTERDAM AVENUE, MANHATTAN, NY 10032",El Linaje,0x89c2f79d5ec93101:0x345bde3197ce445a,,40.8348636,-73.9403648,7,6,0,,4.7,69,6,6,244,Washington Heights South,1000.0,55.0,0.9,0.1,0.9,149
843,50119329,DD SOUP DUMPLING,"321A W 42ND ST, MANHATTAN, NY 10036",DD Soup Dumpling & FuJi Hibachi,0x89c2595fb6b02e9d:0xd6f3fd001891a5da,,40.757913,-73.99069999999999,7,6,0,,4.7,2914,6,6,48,Clinton East,426.6666666666667,25.6,1.1,0.2,0.8,130
844,50119509,WHITE CASTLE,"539 8 AVENUE, MANHATTAN, NY 10018",White Castle,0x89c259b86e3d110d:0xc8b652d2ac9a28a8,,40.7542519,-73.9921913,7,6,0,People typically spend 20 min to 1.5 hr here,3.5,580,6,6,68,East Chelsea,958.8333333333334,79.58316666666667,2.5,0.6,0.4,303
845,50119540,CHICK-FIL-A,"601 WEST  181 STREET, MANHATTAN, NY 10033",Chick-fil-A,0x89c2f547d66a595b:0x5ad09efbaf61bb6,,40.8495876,-73.9338677,1,5,0,People typically spend 15 min here,4.3,422,0,6,243,Washington Heights North,3920.1,262.6467,2.0,0.5,0.5,17
846,50119562,PLAYA BOWLS,"2327 BROADWAY, MANHATTAN, NY 10024",Playa Bowls,0x89c259e13142f2bb:0x3165d7df296d25c1,,40.7874282,-73.9776186,7,6,0,,4.7,345,6,6,239,Upper West Side South,1406.77,116.76191,3.0,0.8,0.1999999999999999,75
847,50119564,HOMEMADE TAQUERIA,"999 COLUMBUS AVENUE, MANHATTAN, NY 10025",Homemade Taqueria Columbus,0x89c2f79b16ac47ef:0x61639f7813e01d8f,,40.8011736,-73.9612121,7,6,0,People typically spend 45 min to 4 hr here,4.6,447,6,6,24,Bloomingdale,200.0,13.4,1.8,0.4,0.6,25
848,50119717,CHARLOTTE CAFE,"605 2 AVENUE, MANHATTAN, NY 10016",Charlotte Cafe,0x89c2595b6f576385:0xbaddfaa9b151bac8,,40.744364,-73.97650089999999,7,6,0,People typically spend 20 min to 1.5 hr here,4.9,1220,6,6,137,Kips Bay,960.0,57.6,1.2,0.2,0.8,188
849,50119872,OXFORD CAFE,"119 EAST   60 STREET, MANHATTAN, NY 10022",Oxford Cafe,0x89c258e5647ed251:0xdbaf653474e68e6a,,40.7633427,-73.9684221,1,5,0,People typically spend 45 min to 4 hr here,4.1,276,0,6,237,Upper East Side South,936.0,56.16,1.2,0.2,0.8,103
850,50119988,IL MONELLO,"337 EAST   49 STREET, MANHATTAN, NY 10017",Il Monello,0x89c258e26f393e2b:0x6aa46e4a92429425,,40.7537641,-73.9674672,7,6,0,People typically spend 4 hours here,4.7,148,6,6,229,Sutton Place/Turtle Bay North,1840.0,101.2,1.0,0.1,0.9,48
851,50119996,POPEYES,"1411 SAINT NICHOLAS AVENUE, MANHATTAN, NY 10033",Popeyes Louisiana Kitchen,0x89c2f5364c1a424b:0x68b39722d152329c,,40.8488632,-73.9337728,7,6,0,,3.7,75,6,6,243,Washington Heights North,2500.0,167.5,2.0,0.5,0.5,24
852,50120088,LISSETTE RESTAURANT,"501 WEST  145 STREET, MANHATTAN, NY 10031",Lissette Restaurant,0x89c2f6633523ebdf:0xd6912b99d4f682e6,,40.8255471,-73.9478341,7,6,0,People typically spend 10 min to 3.5 hr here,3.9,210,6,6,116,Hamilton Heights,3324.0,222.708,1.8,0.4,0.6,42
853,50120168,LA MARCHANDE,"88 WALL STREET, MANHATTAN, NY 10005",La Marchande,0x89c25b2a119ad09b:0xb8200bb7f84a0249,,40.7054649,-74.0076406,7,6,0,People typically spend 25 min to 4 hr here,4.3,237,6,6,87,Financial District North,3664.71,183.2355,0.8,0.05,0.95,29
854,50120274,SUPER NICE COFFEE AND BAKERY,"196 WEST  108 STREET, MANHATTAN, NY 10025",Super Nice Coffee and Bakery,0x89c2f76869e419db:0x33f07fe5f610bbc7,,40.8015048,-73.96451119999999,7,6,0,People typically spend 10 min to 4 hr here,4.6,410,6,6,24,Bloomingdale,720.0,59.76000000000001,3.0,0.7,0.3,25
855,50120357,MCDONALD'S,"208 VARICK STREET, MANHATTAN, NY 10014",McDonald's,0x89c25992a0fd3bc7:0x563da881a254244d,,40.728794,-74.00509,7,4,5,People typically spend 10-45 min here,3.2,801,6,6,249,West Village,952.5,57.15,1.2,0.2,0.8,220
856,50120409,GAI CHICKEN & RICE,"118 FULTON STREET, MANHATTAN, NY 10038",Gai Chicken & Rice,0x89c25b3e0da4822f:0x386426ceb5c31d98,,40.7098866,-74.0074777,7,6,0,,4.2,232,6,6,87,Financial District North,662.3333333333334,36.42833333333333,1.0,0.15,0.85,29
857,50120411,GENKI OMAKASE,"552 LAGUARDIA PLACE, MANHATTAN, NY 10012",Genki Omakase | Sushi • Japanese,0x89c259df9af66dc7:0xbdaa69c5cf8bcbec,,40.729163,-73.9982903,7,6,0,,4.8,1406,6,6,114,Greenwich Village South,208.0,11.44,1.0,0.15,0.85,15
858,50120453,NUBIANI,"315 5 AVENUE, MANHATTAN, NY 10016",NUBIANI - Koreatown,0x89c2596ca1d4ed5b:0xda65d8979ab658ae,,40.7469941,-73.9854149,7,6,0,People typically spend 1.5-2 hours here,4.5,1022,6,6,164,Midtown South,670.7571428571429,36.89164285714286,1.0,0.15,0.85,49
859,50120763,ARTHUR'S TAVERN,"57 GROVE STREET, MANHATTAN, NY 10014",Arthur's Tavern,0x89c259938041998d:0xac3a5137c421e255,,40.7332013,-74.0034518,7,6,0,People typically spend 1-3 hours here,4.3,1058,6,6,249,West Village,355.2,21.312,1.2,0.2,0.8,30
860,50120780,BAGEL PUB,"418 6 AVENUE, MANHATTAN, NY 10011",Bagel Pub,0x89c2591245e597dd:0xa1e35ddada3e1308,,40.7340176,-73.9990267,7,5,0,People typically spend 25 min to 2.5 hr here,4.5,359,6,6,113,Greenwich Village North,2240.0,185.92,3.0,0.8,0.1999999999999999,41
861,50120967,BLANK STREET COFFEE,"181 PRINCE STREET, MANHATTAN, NY 10012",Blank Street,0x89c259e58840ac09:0xaa1a336ca0512367,,40.7265166,-74.0019816,7,6,0,,4.7,558,6,6,211,SoHo,200.0,16.6,3.0,0.7,0.3,26
862,50120970,BLANK STREET,"19 8 AVENUE, MANHATTAN, NY 10014",Blank Street,0x89c259c287dc2ebd:0xfec7bb594b6e4e4e,,40.73782,-74.0047507,7,6,0,,4.8,560,6,6,249,West Village,960.0,79.68,3.0,0.7,0.3,30
863,50121050,STEAM,"470 6 AVENUE, MANHATTAN, NY 10011",Steam,0x89c259bb624b8425:0x81690f73beae19b9,,40.7355572,-73.9977961,7,6,0,People typically spend 45 min to 1.5 hr here,4.5,529,6,6,113,Greenwich Village North,1760.0,105.6,1.1,0.2,0.8,25
864,50121127,BEAR DONUT,"40 WEST   31 STREET, MANHATTAN, NY 10001",Bear Donut,0x89c259a0fa253945:0xa4f28193f24957dc,,40.747209,-73.9880577,7,6,0,,4.7,655,6,6,164,Midtown South,5100.0,423.3,3.0,0.8,0.1999999999999999,49
865,50121179,AJI SUSHI,"838 2 AVENUE, MANHATTAN, NY 10017",Aji Sushi,0x89c25974b039c733:0x9cc2b4eafbe08f5d,,40.751445,-73.97076349999999,7,6,0,,4.6,180,6,6,233,UN/Turtle Bay South,880.0,48.4,1.0,0.15,0.85,73
866,50121215,J'S KITCHEN NEW YORK,"261 1 AVENUE, MANHATTAN, NY 10003",J's Kitchen New York,0x89c25936c0a7d8f9:0xd1fbe743d1caf4fc,,40.732299,-73.982246,7,6,0,,4.7,607,6,6,107,Gramercy,1825.0,100.375,1.0,0.15,0.85,46
867,50121439,JUST SALAD,"56 WEST  125 STREET, MANHATTAN, NY 10027",Just Salad,0x89c2f7ab81f0da55:0x7bb54a8843e93a47,,40.8070842,-73.9443917,7,6,0,,4.0,274,6,6,41,Central Harlem,1197.66,99.40578,2.5,0.6,0.4,44
868,50121605,ENLY,"227 MOTT STREET, MANHATTAN, NY 10012",ENLY,0x89c2599b43264173:0x1ad925117415a479,,40.722527,-73.995468,7,6,0,,4.3,710,6,6,144,Little Italy/NoLiTa,357.2,29.6476,3.0,0.7,0.3,16
869,50121796,HONG KONG CHINESE RESTAURANT,"1703 LEXINGTON AVENUE, MANHATTAN, NY 10029",Great Hong Kong,0x89c2f60313cd1f8b:0x282cbd256f8b2abd,,40.7927036,-73.9457722,7,6,0,,4.1,193,6,6,75,East Harlem South,1440.0,86.39999999999999,1.2,0.3,0.7,186
870,50122064,KRUNCHY CUERITOS,"134 NAGLE AVENUE, MANHATTAN, NY 10040",Krunchy Cueritos,0x89c2f55481ac9593:0xcfc8b0c581e8d3b7,,40.861278,-73.9262265,7,6,0,People typically spend 15 min to 1 hr here,4.5,325,6,6,243,Washington Heights North,2250.0,135.0,1.2,0.2,0.8,24
871,50122132,MOCHI DOLCI,"222 WEST   79 STREET, MANHATTAN, NY 10024",Mochi Dolci,0x89c2591bc898c6df:0xbb3555dd94340cc6,,40.7833293,-73.9794561,7,6,0,,4.3,230,6,6,239,Upper West Side South,880.0,52.8,1.1,0.2,0.8,75
872,50122147,TADA,"70 BAYARD STREET, MANHATTAN, NY 10013",Tada,0x89c25b8e4e1883af:0x1dd33fd90f1b79f0,,40.7156513,-73.9981356,7,6,0,,4.6,432,6,6,45,Chinatown,1000.0,55.0,1.0,0.15,0.85,14
873,50122151,BIRD IN HAND,"3569 BROADWAY, MANHATTAN, NY 10031",Bird In Hand,0x89c2f7d0378f61ad:0xa0d99db8318c0f6b,,40.8273279,-73.9501786,7,6,0,People typically spend 1-2.5 hours here,4.5,369,6,6,116,Hamilton Heights,3354.0,201.24,1.2,0.2,0.8,42
874,50122257,GARDEN CAFE,"4961 BROADWAY, MANHATTAN, NY 10034",Garden Cafe,0x89c2f3f6e89330e9:0x693585456c54c67e,,40.8681653,-73.92052799999999,7,6,0,People typically spend 45 min to 4 hr here,4.5,495,6,6,127,Inwood,680.0,37.4,1.0,0.1,0.9,16
875,50122279,HAWA SMOOTHIE,"201 EAST   33 STREET, MANHATTAN, NY 10016",Hawa Smoothie & Bubble Tea,0x89c25903f9358fdb:0x2150fadbee1cbf9c,,40.7450577,-73.9781495,7,6,0,,4.8,75,6,6,137,Kips Bay,828.125,68.734375,3.0,0.8,0.1999999999999999,188
876,50122639,CRISPIANO,"130 SAINT MARKS PLACE, MANHATTAN, NY 10009",Crispiano,0x89c259e632e92489:0x280392d9c584a492,,40.7267725,-73.98358209999999,7,6,0,People typically spend 1.5-4 hours here,4.6,313,6,6,79,East Village,1288.2,86.30940000000001,1.8,0.5,0.5,63
877,50122869,DOMINO'S PIZZA,"153 EAST  116 STREET, MANHATTAN, NY 10029",Domino's Pizza,0x89c2f608a81656b5:0x7a1063abbc600c2,,40.7986495,-73.9411238,7,6,0,,3.3,512,6,6,74,East Harlem North,1523.2,102.0544,1.8,0.5,0.5,101
878,50122870,DOMINO'S PIZZA #3687,"464 3 AVENUE, MANHATTAN, NY 10016",Domino's Pizza,0x89c2590884f76b13:0xb9cc30a21a67efb2,,40.7443645,-73.9794723,7,6,0,,3.0,317,6,6,170,Murray Hill,8000.0,536.0,1.8,0.5,0.5,92
879,50123009,YOI RAMEN & TEA,"573 2 AVENUE, MANHATTAN, NY 10016",Yoi Ramen & tea,0x89c259e3f4179ed9:0xf3c9aad2d7e11d7f,,40.7433013,-73.97730469999999,7,6,0,,4.5,139,6,6,137,Kips Bay,304.0,16.72,1.0,0.15,0.85,188
880,50123155,CAZUELA MEXICANA,"207 EAST  117 STREET, MANHATTAN, NY 10035",Cazuela Mexicana,0x89c2f78da6c0c077:0x59006e1e63e6f9c9,,40.7985322,-73.93889829999999,7,6,0,,4.4,59,6,6,74,East Harlem North,2152.0,144.184,1.8,0.4,0.6,101
881,50123174,MAY REE,"58 EAST    1 STREET, MANHATTAN, NY 10003",MayRee,0x89c259a270230d8f:0xfe7f6f3d7fda8ae,,40.7238424,-73.9892241,7,6,0,People typically spend 1-3 hours here,4.7,465,6,6,79,East Village,1710.0,94.05,1.0,0.15,0.85,63
882,50123232,MODERN BREAD & BAGEL,"139 WEST   14 STREET, MANHATTAN, NY 10011",Modern Bread and Bagel,0x89c2592d3629c0df:0xe7a7c7929cf603b5,,40.7383176,-73.9984521,7,6,0,People typically spend 15-45 min here,4.4,839,6,6,90,Flatiron,3170.0,263.11,3.0,0.8,0.1999999999999999,31
883,50123319,LYSEE,"44 EAST   21 STREET, MANHATTAN, NY 10010",Lysée,0x89c2596ac07cd8c3:0xb8aa92d60c6bd28a,,40.7391283,-73.9881953,7,6,0,People typically spend 15 min to 1 hr here,4.4,805,6,6,234,Union Sq,4542.0,376.9860000000001,3.0,0.7,0.3,50
884,50123476,STARBUCKS MARQUIS,"1535 BROADWAY, MANHATTAN, NY 10036",Starbucks Coffee Company,0x89c258fdc78c6dc5:0xecf592e4e7586365,,40.75857,-73.98585,7,5,0,,2.6,113,6,6,230,Times Sq/Theatre District,403.5,33.4905,3.0,0.7,0.3,112
885,50123489,TRUDY'S ICE CREAM,"975 COLUMBUS AVENUE, MANHATTAN, NY 10025",Trudy's Ice Cream,0x89c2f71fa281a16f:0x3b50b06477e61204,,40.8004061,-73.96181419999999,7,6,0,,4.6,154,6,6,24,Bloomingdale,1600.0,132.8,3.0,0.8,0.1999999999999999,25
886,50123542,CAFE GRUMPY,"63 MADISON AVENUE, MANHATTAN, NY 10016",Cafe Grumpy,0x89c2591991ad8ee1:0x1075410c037a0f89,,40.7438029,-73.9855747,7,6,0,People typically spend 10-45 min here,4.1,29,6,6,234,Union Sq,352.0,21.12,1.2,0.2,0.8,50
887,50123568,BLANK STREET COFFEE,"2345 BROADWAY, MANHATTAN, NY 10024",Blank Street,0x89c2596a59214ea9:0x908205d7507d82da,,40.7880912,-73.9771422,7,6,0,,4.5,152,6,6,239,Upper West Side South,1250.0,103.75,3.0,0.7,0.3,75
888,50123745,BLANK STREET COFFEE,"125 CHURCH STREET, MANHATTAN, NY 10007",Blank Street,0x89c25b00cd2640b1:0xd5f8639bea64ce6a,,40.7140224,-74.0084821,7,6,0,,4.8,347,6,6,231,TriBeCa/Civic Center,741.6666666666666,61.55833333333333,3.0,0.7,0.3,50
889,50123748,BLANK STREET COFFEE,"298 5 AVENUE, MANHATTAN, NY 10001",Blank Street,0x89c2592e75611fcb:0x2313790806ec5137,,40.746546,-73.98621039999999,7,6,0,People typically spend 15 min here,4.4,673,6,6,164,Midtown South,694.5,57.6435,3.0,0.7,0.3,49
890,50123999,ALAMO DRAFTHOUSE CINEMAS,"28 LIBERTY STREET, MANHATTAN, NY 10005",Alamo Drafthouse Cinema Lower Manhattan,0x89c25bc7011184ad:0x4641a221183f93bf,,40.7077585,-74.00885029999999,7,6,0,,4.4,1608,6,6,87,Financial District North,8000.0,480.0,1.2,0.2,0.8,29
891,50124033,ANGELINA BAKERY,"41 WEST   35 STREET, MANHATTAN, NY 10001",Angelina Bakery HSQ,0x89c259a982bd557f:0x12604dde807a1bd0,,40.7499806,-73.985919,7,6,0,,4.5,557,6,6,164,Midtown South,600.0,49.8,3.0,0.7,0.3,49
892,50124128,AMORE PIZZA CAFFE,"370 WEST   58 STREET, MANHATTAN, NY 10019",Amore Pizza Café,0x89c25992a2b7ee79:0x11af1e24e07f205f,,40.7683543,-73.985096,7,6,0,People typically spend 30 min to 4 hr here,4.2,656,6,6,48,Clinton East,1696.0,113.632,1.8,0.5,0.5,130
893,50124355,MATTO ESPRESSO,"299 BROADWAY, MANHATTAN, NY 10007",Matto Espresso,0x89c25bae6815738d:0x3233bc1345aeef4c,,40.7150606,-74.0058265,7,6,0,,4.6,138,6,6,231,TriBeCa/Civic Center,8000.0,664.0,3.0,0.7,0.3,50
894,50124384,JIN RAMEN,"3599 BROADWAY, MANHATTAN, NY 10031",Jin Ramen Hamilton Heights,0x89c2f7d82ab0cb19:0x244d33cc67cd1e1c,,40.82836,-73.94938069999999,7,6,0,People typically spend 45 min to 4 hr here,4.4,207,6,6,116,Hamilton Heights,1832.4,100.782,1.0,0.15,0.85,42
895,50124423,MAMAN,"800 WASHINGTON STREET, MANHATTAN, NY 10014",maman,0x89c2590381553405:0xf86ec2722e609909,,40.7389377,-74.0082583,7,6,0,,4.3,400,6,6,158,Meatpacking/West Village West,5956.8,297.84,0.8,0.05,0.95,21
896,50124488,NAN XIANG XIAO LONG BAO,"20 WEST   33 STREET, MANHATTAN, NY 10001",Nan Xiang Xiao Long Bao,0x89c259fa5be1b5e5:0x60dd8b359d42574b,,40.7482492,-73.9864798,7,6,0,People typically spend 45 min to 1.5 hr here,4.7,2689,6,6,164,Midtown South,3990.0,239.4,1.2,0.3,0.7,49
897,50124598,MILO COFFEE SHOP,"503 WEST  181 STREET, MANHATTAN, NY 10033",Milo Coffee Shop,0x89c2f5538187c291:0x6c30388b4776dc71,,40.8483274,-73.9309844,7,6,0,People typically spend 10-45 min here,4.7,137,6,6,243,Washington Heights North,2250.0,186.75,2.5,0.6,0.4,24
898,50124776,FRANCHIA VEGAN CAFE,"12 PARK AVENUE, MANHATTAN, NY 10016",Franchia Vegan Café,0x89c25907a0be03c3:0x5e8ca4e041588443,,40.747576,-73.9812702,7,6,0,People typically spend 30 min to 2 hr here,4.6,1948,6,6,164,Midtown South,4816.5,288.99,1.1,0.2,0.8,49
899,50124799,JUICE VITALITY,"192 1 AVENUE, MANHATTAN, NY 10009",Juice Vitality,0x89c2599df12c730f:0x472e2e58b163b80b,,40.7296968,-73.9834738,7,6,0,,4.8,285,6,6,79,East Village,363.7333333333333,30.18986666666667,3.0,0.8,0.1999999999999999,63
900,50124827,MAISON CLOSE,"15 WATTS STREET, MANHATTAN, NY 10013",Maison Close Restaurant,0x89c259476b9ac1b1:0x5543d23f1f22ff70,,40.7232542,-74.0037064,7,6,0,People typically spend 4 hours here,4.7,1785,6,6,211,SoHo,8000.0,400.0,0.8,0.05,0.95,26
901,50124829,DUNKIN,"303 WEST   42 STREET, MANHATTAN, NY 10036",Dunkin',0x89c25918e89287ef:0x9b060f124c4fa240,,40.7576674,-73.9900573,7,5,0,,2.6,51,6,6,48,Clinton East,774.3,64.26689999999999,3.0,0.8,0.1999999999999999,171
902,50125184,ALLORA,"292 5 AVENUE, MANHATTAN, NY 10001",Allora Fifth Ave,0x89c259a88f6c6d33:0x6da80b5135cfb959,,40.7463831,-73.98642679999999,7,5,0,,4.4,255,6,6,164,Midtown South,694.5,38.1975,1.0,0.1,0.9,65
903,50125243,STAGE STAR DELI,"105 WEST   55 STREET, MANHATTAN, NY 10019",Stage Star Deli,0x89c258f9c118115d:0x11c4858d7077ccaa,,40.7634171,-73.9786933,7,6,0,,4.3,390,6,6,163,Midtown North,2000.0,120.0,1.2,0.2,0.8,74
904,50125399,PICO DE GALLO BAR & KITCHEN,"768 AMSTERDAM AVENUE, MANHATTAN, NY 10025",Pico De Gallo Bar & Kitchen,0x89c2f627cacda25b:0x701065222b8da8d2,,40.7951789,-73.9698463,7,6,0,People typically spend 1-2.5 hours here,4.4,665,6,6,238,Upper West Side North,1120.0,75.04,1.8,0.4,0.6,84
905,50125601,BURGER & SHAKE CO,"1625 AMSTERDAM AVENUE, MANHATTAN, NY 10031",Burger & Shake Co.,0x89c2f7cc17909df9:0xb11436a2a9a2c288,,40.8222906,-73.9495254,7,6,0,,4.6,292,6,6,116,Hamilton Heights,460.0,27.6,1.2,0.2,0.8,42
906,50125614,KYURAMEN & TBAAR,"315 WEST   46 STREET, MANHATTAN, NY 10036",Kyuramen - Times Square,0x89c259a794ec205f:0x58b5528116b68683,,40.7602846,-73.9886576,7,6,0,People typically spend 30 min to 1 hr here,4.3,851,6,6,48,Clinton East,1585.25,87.18875,1.0,0.15,0.85,130
907,50125649,HANG LEE RESTAURANT,"666 WEST  204 STREET, MANHATTAN, NY 10034",Hang Lee,0x89c2f3f79cceacd1:0x1f0a801e99b3bf7,,40.8672951,-73.9234577,7,6,0,People typically spend 15 min to 2.5 hr here,4.1,135,6,6,127,Inwood,700.0,42.0,1.2,0.3,0.7,16
908,50125715,TACO BELL,"18 EAST   14 STREET, MANHATTAN, NY 10003",Taco Bell,0x89c25998682fce65:0x262f915300533579,,40.735465,-73.9927488,7,6,0,People typically spend 20 min to 1 hr here,4.0,2085,6,6,113,Greenwich Village North,6906.3,462.7221,1.8,0.4,0.6,25
909,50125741,MUGHLAI INDIAN CUISINE,"120 CEDAR STREET, MANHATTAN, NY 10006",Mughlai Indian Cuisine,0x89c25badafeda3b7:0xd5b816acfcfc81c2,,40.7095408,-74.0127065,7,6,0,,4.2,725,6,6,261,World Trade Center,480.0,26.4,1.0,0.15,0.85,23
910,50125838,VAN LEEUWEN ICE CREAM,"258 WEST   16 STREET, MANHATTAN, NY 10011",Van Leeuwen Ice Cream,0x89c2597c7acd704b:0x58cb42ce5abe56fe,,40.7408459,-74.001222,7,6,0,,4.6,138,6,6,90,Flatiron,2575.35,213.75405,3.0,0.8,0.1999999999999999,31
911,50125874,DUNKIN DONUTS,"471 LEXINGTON AVENUE, MANHATTAN, NY 10017",Dunkin',0x89c2593adae20fcf:0x8950c1a895542f5b,,40.753774,-73.9741542,7,6,0,,3.8,113,6,6,162,Midtown East,3504.0,290.832,3.0,0.8,0.1999999999999999,108
912,50125883,BURGEROLOGY,"320 WEST   36 STREET, MANHATTAN, NY 10018",Burgerology Midtown,0x89c259a4dd8d4537:0x9e007307e63af441,,40.7538757,-73.99370569999999,7,6,0,,4.2,729,6,6,68,East Chelsea,800.0,66.4,2.5,0.6,0.4,303
913,50125950,5 ESTRELLAS BAKERY AND RESTAURANT,"3451 BROADWAY, MANHATTAN, NY 10031",5 Estrellas Bakery & Cafe,0x89c2f66416ffefdb:0xa9163c41eeb2c073,,40.8237713,-73.9527213,7,5,0,People typically spend 15 min here,4.2,151,6,6,116,Hamilton Heights,600.0,33.0,0.9,0.1,0.9,59
914,50125963,AINSLIE BOWERY,"199 BOWERY, MANHATTAN, NY 10002",Ainslie Bowery,0x89c259a4fa2e7e61:0xf3d2cceaf2f549cc,,40.7209818,-73.9931495,7,6,0,People typically spend 2-4 hours here,4.4,520,6,6,148,Lower East Side,4833.3,289.998,1.2,0.2,0.8,43
915,50126118,DUNKIN DONUTS,"157 WEST   50 STREET, MANHATTAN, NY 10020",Dunkin',0x89c25936d5192333:0x83ab39a45d9caa48,,40.7610778,-73.9828077,7,5,0,,3.2,56,6,6,230,Times Sq/Theatre District,8000.0,664.0,3.0,0.8,0.1999999999999999,112
916,50126424,BANGRAK THAI CUISINE,"1750 2 AVENUE, MANHATTAN, NY 10128",Bangrak - Thai Cuisine,0x89c259e7def57019:0x13c4bf8efc7d26c,,40.7811505,-73.9491365,7,6,0,,4.7,193,6,6,263,Yorkville West,520.0,28.6,1.0,0.15,0.85,73
917,50126499,GEORGE BANG BANG,"13 EAST   30 STREET, MANHATTAN, NY 10016",George Bang Bang,0x89c259af0ab6fcf7:0xcaf743794204aeba,,40.7456944,-73.9853743,7,6,0,People typically spend 30 min to 1.5 hr here,4.5,354,6,6,164,Midtown South,1256.0,69.08,1.0,0.15,0.85,49
918,50126641,BOURKE STREET BAKERY (LOCATED IN GRAND CENTRAL TERMINAL),"89 EAST   42 STREET, MANHATTAN, NY 10017",Bourke Street Bakery,0x89c25994b688f1fb:0x9a8d170367bd55a1,,40.752196,-73.9768016,7,5,0,,3.6,134,6,6,162,Midtown East,239.0625,19.8421875,3.0,0.7,0.3,75
919,50126707,SUBWAY,"852 10 AVENUE, MANHATTAN, NY 10019",Subway,0x89c258597e517b3f:0x4f25045c836bf7c,,40.7684647,-73.98876899999999,7,6,0,,3.6,150,6,6,48,Clinton East,1992.0,165.336,2.5,0.6,0.4,130
920,50126765,BB JUICE BAR,"145 EAST  116 STREET, MANHATTAN, NY 10029",BB Juice Bar Empanadas,0x89c2f74cfd4ee017:0xd767df7d770bf384,,40.7987358,-73.94134369999999,7,6,0,,4.5,29,6,6,74,East Harlem North,884.0,73.372,3.0,0.8,0.1999999999999999,101
921,50126940,TACO BELL,"24 EAST   23 STREET, MANHATTAN, NY 10010",Taco Bell,0x89c2597fbb8f35bf:0x24a4cda36a9ee539,,40.7406328,-73.9879698,7,6,0,People typically spend 20 min to 3 hr here,3.9,175,6,6,234,Union Sq,494.0,33.098,1.8,0.4,0.6,50
922,50126944,MITR THAI,"37 WEST   46 STREET, MANHATTAN, NY 10036",Mitr Thai Restaurant,0x89c259c2d782a2dd:0x42f5e1bd339df757,,40.7568769,-73.9804147,7,6,0,People typically spend 1-1.5 hours here,4.9,9709,6,6,161,Midtown Center,2100.0,115.5,1.0,0.15,0.85,88
923,50127356,LITTLE ITALY PIZZA,"62 WEST   48 STREET, MANHATTAN, NY 10036",Little Italy pizza,0x89c25959f4bee9cb:0x75f8731ad9f65ad6,,40.7581141,-73.98068219999999,7,6,0,,4.2,212,6,6,161,Midtown Center,518.6666666666666,34.75066666666667,1.8,0.5,0.5,88
924,50127380,DO NOT DISTURB,"285 WEST   12 STREET, MANHATTAN, NY 10014",Do Not Disturb,0x89c2594dd082f3d5:0x39066a8ad806ac69,,40.737697,-74.0041054,7,6,0,People typically spend 1.5-4 hours here,4.6,587,6,6,249,West Village,823.68,41.184,0.8,0.05,0.95,30
925,50127381,LINDENS,"2 RENWICK STREET, MANHATTAN, NY 10013",Lindens,0x89c2592cc90fea87:0x8e46dd04c7eb3705,,40.7245348,-74.0084684,7,6,0,People typically spend 10 min to 2 hr here,4.8,973,6,6,125,Hudson Sq,200.0,12.0,1.2,0.2,0.8,9
926,50127495,ALL'ANTICO VINAIO,"225 SULLIVAN STREET, MANHATTAN, NY 10012",All'Antico Vinaio,0x89c259d4955cac01:0x58f4b4fcad58588f,,40.729559,-73.9995126,7,6,0,,4.7,550,6,6,114,Greenwich Village South,2299.2,190.8336,2.5,0.6,0.4,15
927,50127595,MIKADO,"109 WEST   14 STREET, MANHATTAN, NY 10011",Mikado,0x89c25997d660192d:0x816c52f1109ae132,,40.7377737,-73.997412,7,6,0,People typically spend 30 min to 2 hr here,4.5,1169,6,6,90,Flatiron,1880.0,103.4,1.0,0.15,0.85,31
928,50127602,SWEET CHICK,"32 EAST   16 STREET, MANHATTAN, NY 10003",Sweet Chick,0x89c259173e11d875:0x6ac56fd7dc8f46ae,,40.7365949,-73.9914235,7,6,0,People typically spend 30 min to 1 hr here,4.1,272,6,6,234,Union Sq,1039.75,62.385,1.2,0.2,0.8,50
929,50127623,ARTHUR & SONS,"38 8 AVENUE, MANHATTAN, NY 10014",Arthur and Sons NY Italian,0x89c25926b94264c3:0x6d3a519359e7de56,,40.7379921,-74.004053,7,6,0,People typically spend 1.5-4 hours here,3.9,969,6,6,249,West Village,200.0,11.0,1.0,0.1,0.9,30
930,50127672,TBAR,"116 EAST   60 STREET, MANHATTAN, NY 10022",TBar,0x89c258eaa5d5e061:0x8e09fc36234cafee,,40.763048,-73.96870919999999,7,2,0,People typically spend 1-4 hours here,4.4,400,6,6,237,Upper East Side South,2830.0,169.8,1.2,0.2,0.8,271
931,50127697,BAR 314,"3143 BROADWAY, MANHATTAN, NY 10027","314 - pizza,pasta&cocktailbar",0x89c2f75f051853c7:0x9fac0a780907e68d,,40.8141969,-73.9598383,7,6,0,People typically spend 1-2.5 hours here,4.6,438,6,6,166,Morningside Heights,1600.0,88.0,1.0,0.1,0.9,61
932,50128117,LE CAFE COFFEE,"501 7TH AVE, MANHATTAN, NY 10018",Le Cafe Coffee,0x89c259b81676fe21:0xe65458e5d53ee43c,,40.7530665,-73.98883889999999,7,6,0,,4.3,137,6,6,100,Garment District,1290.742857142857,107.1316571428572,3.0,0.7,0.3,73
933,50128233,THE DICKENS,"783 8 AVENUE, MANHATTAN, NY 10036",The Dickens,0x89c2594e5c503d5f:0x47c821645648022f,,40.760937,-73.9875069,7,6,0,People typically spend 45 min to 2 hr here,4.8,2194,6,6,48,Clinton East,4690.0,281.4,1.2,0.2,0.8,130
934,50128450,PRANAKHON,"88 UNIVERSITY PLACE, MANHATTAN, NY 10003",Pranakhon,0x89c259c29d3f6979:0xa75b49602df01d5,,40.733751,-73.9932623,7,6,0,People typically spend 1-2 hours here,4.7,3249,6,6,113,Greenwich Village North,556.6666666666666,30.61666666666666,1.0,0.15,0.85,25
935,50128548,VANILLA GORILLA CAFE,"525 8 AVENUE, MANHATTAN, NY 10018",Vanilla Gorilla Cafe,0x89c2594681b152cb:0x1631088ddc4e673a,,40.7538276,-73.9925288,7,6,0,,4.6,445,6,6,68,East Chelsea,1480.11,122.84913,3.0,0.7,0.3,303
936,50128563,BAGEL TO SANDWICH,"240 WEST   40 STREET, MANHATTAN, NY 10018",Bagel to Sandwich,0x89c259c23f615717:0xc9f87b3a60e37540,,40.7552667,-73.98958209999999,7,5,0,,4.7,898,6,6,100,Garment District,768.15,63.75645,3.0,0.8,0.1999999999999999,63
937,50128644,M & D COFFEE CAFE,"215 WEST  116 STREET, MANHATTAN, NY 10026",M&D Cafe,0x89c2f793fce10913:0x966722bf68bc929d,,40.8037712,-73.9534408,7,6,0,,4.1,16,6,6,41,Central Harlem,1375.0,82.5,1.2,0.2,0.8,44
938,50128678,PIZZA HUT,"932 8 AVENUE, MANHATTAN, NY 10019",Pizza Hut,0x89c259434f101369:0x5ff3cbeb18c8d372,,40.7654583,-73.9834735,7,6,0,,3.5,160,6,6,163,Midtown North,374.4,25.0848,1.8,0.5,0.5,74
939,50128684,AUBI & RAMSA,"36 LITTLE WEST   12 STREET, MANHATTAN, NY 10014",Aubi & Ramsa,0x89c259e9dfbdfb6b:0x45e993c14102378e,,40.7399703,-74.0076004,7,6,0,,4.7,543,6,6,158,Meatpacking/West Village West,878.8000000000001,72.94040000000001,3.0,0.8,0.1999999999999999,21
940,50128771,POLLO CAMPERO,"714 LEXINGTON AVENUE, MANHATTAN, NY 10022",Pollo Campero,0x89c2596385f8bbeb:0x7e90241b3b0a4190,,40.7614276,-73.9689571,7,6,0,People typically spend 15 min to 1 hr here,4.8,686,6,6,162,Midtown East,2825.0,169.5,1.2,0.2,0.8,108
941,50128920,KOJI CHICKEN,"764 9 AVENUE, MANHATTAN, NY 10019",Koji Chicken,0x89c259b7d1baa6e5:0xeefc713a8b470230,,40.7642139,-73.98810859999999,7,6,0,,4.9,917,6,6,48,Clinton East,240.0,13.2,1.0,0.15,0.85,130
942,50128995,PEAKY BARISTA,"1220 LEXINGTON AVENUE, MANHATTAN, NY 10028",Picky Barista,0x89c25918426119b1:0xae9b3a807e36acca,,40.7773633,-73.9573587,7,6,0,,4.5,344,6,6,236,Upper East Side North,1091.25,90.57375,3.0,0.7,0.3,115
943,50129089,AURA,"111 1 AVENUE, MANHATTAN, NY 10003",AURA Tapas & Cocktail Bar,0x89c2590b759003e5:0x47ed7de98c7a2d4b,,40.7269506,-73.9860913,7,6,0,People typically spend 1-3 hours here,4.9,393,6,6,79,East Village,800.0,48.0,1.2,0.2,0.8,63
944,50129333,CAFE BLOOM,"4394 BROADWAY, MANHATTAN, NY 10040",Cafe Bloom,0x89c2f550f01d7203:0xb1d59c119653719d,,40.8547124,-73.9332726,7,6,0,People typically spend 45 min to 2 hr here,4.6,365,6,6,243,Washington Heights North,8000.0,664.0,3.0,0.7,0.3,24
945,50129420,SUSHI & CO,"980 6 AVENUE, MANHATTAN, NY 10018",Sushi & Co-Midtown,0x89c2593c7391284d:0xc0d5998130a14261,,40.7511256,-73.9865746,7,6,0,People typically spend 15-45 min here,4.7,1294,6,6,164,Midtown South,463.0,25.465,1.0,0.15,0.85,49
946,50129760,CHALONG,"749 9 AVENUE, MANHATTAN, NY 10019",Chalong Southern Thai,0x89c2591e368c0087:0x99124cb91291893a,,40.7639556,-73.98899449999999,7,6,0,People typically spend 1-2 hours here,4.8,3580,6,6,48,Clinton East,600.0,33.0,1.0,0.15,0.85,130
947,50129833,ANDY'S RESTAURANT,"2262 3 AVENUE, MANHATTAN, NY 10035",Andy's Restaurant,0x89c2f7d5802afb07:0x6c4d39c80d5ff0fc,,40.8025967,-73.9369121,7,6,0,People typically spend 15 min to 2 hr here,4.0,210,6,6,74,East Harlem North,2400.0,144.0,1.2,0.2,0.8,101
948,50129878,PANERA BREAD,"110 UNIVERSITY PLACE, MANHATTAN, NY 10003",Panera Bread,0x89c259b60982e7c7:0x21de7f0111060169,,40.7341966,-73.9928029,7,6,0,People typically spend 20 min here,2.9,260,6,6,113,Greenwich Village North,500.0,41.5,2.5,0.6,0.4,25
949,50129928,RIGOR HILL MARKET,"227 WEST BROADWAY, MANHATTAN, NY 10013",Rigor Hill Market,0x89c259217e74419b:0xb5c3bbe40d63e07e,,40.7192251,-74.0059952,7,6,0,,4.0,186,6,6,231,TriBeCa/Civic Center,568.0,34.08,1.2,0.2,0.8,50
950,50129940,EL GALLO TAQUERIA,"609 9 AVENUE, MANHATTAN, NY 10036",El Gallo Taqueria,0x89c259d893ac2d9f:0xa420d1d12b6b6208,,40.7593371,-73.9923074,7,6,0,,4.6,711,6,6,48,Clinton East,371.2000000000001,24.87040000000001,1.8,0.4,0.6,130
951,50129986,7TH STREET BURGER,"424 AMSTERDAM AVENUE, MANHATTAN, NY 10024",7th Street Burger Upper West Side,0x89c259a67e441f37:0x30b10630a50b7825,,40.7841697,-73.97792849999999,7,6,0,,4.5,564,6,6,239,Upper West Side South,400.0,33.2,2.5,0.6,0.4,75
952,50130050,SCARR'S PIZZA,"35 ORCHARD STREET, MANHATTAN, NY 10002",Scarr's Pizza,0x89c25a29b69a4a39:0xb65f303d4ac5eb82,,40.7157238,-73.99161149999999,7,6,0,People typically spend 20 min to 1.5 hr here,4.4,4791,6,6,148,Lower East Side,1636.0,109.612,1.8,0.5,0.5,43
953,50130055,STEAK FRITES BISTRO,"496 9 AVENUE, MANHATTAN, NY 10018",Steak Frites Bistro,0x89c259cf9e160c03:0xf56bd07e7004115d,,40.7555857,-73.994415,7,6,0,People typically spend 1.5-4 hours here,4.6,999,6,6,68,East Chelsea,1600.0,80.0,0.8,0.05,0.95,303
954,50130182,POKE BOWL,"286 MADISON AVENUE, MANHATTAN, NY 10017",Poke Bowl NY,0x89c259e0345dea71:0xc49e4aeb8edcad10,,40.751693,-73.9803106,7,6,0,,4.5,174,6,6,170,Murray Hill,2551.975,140.358625,1.0,0.15,0.85,92
955,50130211,GREEN MANDALA,"240 EAST   28 STREET, MANHATTAN, NY 10016",Green Mandala,0x89c2595675e62445:0xc5dc2e898e26af7a,,40.7411534,-73.9792211,7,6,0,,5.0,245,6,6,137,Kips Bay,2247.15,186.51345,3.0,0.8,0.1999999999999999,188
956,50130240,HALF MOON,"50 TRINITY PLACE, MANHATTAN, NY 10006",Half Moon,0x89c25b6d960accaf:0xdccff2fa11fb495b,,40.7076917,-74.013341,7,5,0,,4.7,81,6,6,261,World Trade Center,6693.569999999999,401.6141999999999,1.2,0.2,0.8,40
957,50130312,KARAKATTA,"230 THOMPSON STREET, MANHATTAN, NY 10012",Karakatta ramen,0x89c25991bb90019f:0x41c9212bc3dde6d2,,40.7293436,-73.9987498,7,6,0,People typically spend 1.5-4 hours here,4.5,862,6,6,114,Greenwich Village South,786.6666666666666,43.26666666666667,1.0,0.15,0.85,15
958,50130479,DIMSUM PALACE,"27 DIVISION STREET, MANHATTAN, NY 10002",Dim Sum Palace,0x89c25b85873ba59b:0x88d96117a8bb181a,,40.7139743,-73.996116,7,6,0,People typically spend 1-2 hours here,4.3,884,6,6,45,Chinatown,2130.0,127.8,1.2,0.3,0.7,14
959,50130516,SHAKE SHACK,"131 RIVINGTON STREET, MANHATTAN, NY 10002",Shake Shack Lower East Side,0x89c259965f1d9b0d:0x604a5edf78c660a8,,40.7193681,-73.98669629999999,7,6,0,People typically spend 20 min to 1 hr here,3.9,272,6,6,232,Two Bridges/Seward Park,2262.5,187.7875,2.5,0.6,0.4,29
960,50130656,TREASURE CLUB,"22 ORCHARD STREET, MANHATTAN, NY 10002",Treasure Club,0x89c25bc00aa23e4f:0xe4f467033afacb0c,,40.7153411,-73.991428,7,6,0,,4.3,55,6,6,148,Lower East Side,580.0,34.8,1.2,0.2,0.8,43
961,50130683,LA TRAVIATA 2 PIZZERIA,"2753 BROADWAY, MANHATTAN, NY 10025",Traviata Pizza II,0x89c2f7d591b31dd3:0x179b26ff33842d56,,40.8012071,-73.9681677,7,6,0,,4.6,60,6,6,151,Manhattan Valley,2400.0,160.8,1.8,0.5,0.5,38
962,50130739,PHOSHIME,"165 EAST   33 STREET, MANHATTAN, NY 10016",Phoshime,0x89c259475080aa33:0x6203bcfbad8f3b8e,,40.7454974,-73.9790238,7,6,0,,4.6,222,6,6,170,Murray Hill,200.0,12.0,1.1,0.2,0.8,92
963,50130935,EAST SEASON RESTAURANT HOUSE,"244 CANAL STREET, MANHATTAN, NY 10013",East Season Restaurant,0x89c25b27f89fad09:0x99c6844c6fedd64a,,40.7180214,-74.0003918,7,6,0,People typically spend 45 min here,4.2,180,6,6,231,TriBeCa/Civic Center,2870.0,172.2,1.2,0.3,0.7,50
964,50131025,BEDFORD STUDIO,"62 BEDFORD STREET, MANHATTAN, NY 10014",Bedford Studio,0x89c2591b2ccdec6b:0x44afb72569dec2fb,,40.7311177,-74.00460249999999,7,6,0,,4.5,303,6,6,249,West Village,335.52,27.84816,3.0,0.7,0.3,30
965,50131066,SURAM,"483 10 AVENUE, MANHATTAN, NY 10018",Suram Sushi & Ramen,0x89c259f3a93cf2b3:0xee3b3c5b7e2ae238,,40.7565054,-73.99820249999999,7,6,0,People typically spend 45 min to 4 hr here,4.7,908,6,6,246,West Chelsea/Hudson Yards,937.5,51.5625,1.0,0.15,0.85,114
966,50131213,SERAFINA,"22 EAST   38 STREET, MANHATTAN, NY 10016",Serafina Madison 38th (Midtown),0x89c2599989f833f1:0xc7c243a991493121,,40.7499675,-73.98117909999999,7,6,0,People typically spend 45 min to 3.5 hr here,4.3,729,6,6,170,Murray Hill,8000.0,480.0,1.2,0.2,0.8,92
967,50131222,TOMPKINS SQUARE BAGELS,"23 EAST   17 STREET, MANHATTAN, NY 10003",Tompkins Square Bagels | Union Square Bagel Shop,0x89c2594430ab05cf:0x81c4fafee5e12940,,40.7375006,-73.9907455,7,6,0,People typically spend 20 min here,4.5,879,6,6,234,Union Sq,1745.4,144.8682,3.0,0.7,0.3,50
968,50131347,BREADS BAKERY,"1230 AVENUE OF THE AMERICAS, MANHATTAN, NY 10020",Breads Bakery - Rockefeller Center,0x89c2590f2c8909f9:0x2fdfbe13879bf24f,,40.7587774,-73.9808338,7,6,0,People typically spend 15 min to 4 hr here,4.3,369,6,6,161,Midtown Center,3111.2,258.2296000000001,3.0,0.7,0.3,88
969,50131350,FIVE IRON GOLF,"1681 3 AVENUE, MANHATTAN, NY 10128",Five Iron Golf,0x89c259bf528f3d2d:0x509203fbc8329acd,,40.7839425,-73.9499197,7,6,0,People typically spend 1-3.5 hours here,4.9,369,6,6,263,Yorkville West,1020.0,61.2,1.2,0.2,0.8,73
970,50131351,WONDER,"2030 BROADWAY, MANHATTAN, NY 10023",Wonder Upper West Side,0x89c259d2697bbb95:0x759aa66ceb67593b,,40.7767338,-73.9817704,7,5,0,People typically spend 10 min to 4 hr here,4.4,377,6,6,142,Lincoln Square East,4926.0,295.56,1.2,0.2,0.8,73
971,50131686,LEGACY BAR & GRILL,"4421 BROADWAY, MANHATTAN, NY 10040",Legacy Bar & Grill,0x89c2f55c466574e9:0xf8ce8ace3ac77fbe,,40.8558328,-73.9334101,7,6,0,People typically spend 1.5-3 hours here,4.5,188,6,6,243,Washington Heights North,1504.5,82.7475,0.9,0.1,0.9,24
972,50131741,TABATA,"1435 2 AVENUE, MANHATTAN, NY 10021",Tabata Ramen,0x89c25852b6c904d5:0x18db4656a30eb9ca,,40.7706692,-73.9572646,7,6,0,,4.4,1538,6,6,141,Lenox Hill West,715.2,39.33600000000001,1.0,0.15,0.85,83
973,50131838,LTD PIZZA,"225 HUDSON STREET, MANHATTAN, NY 10013",LTD Pizza and Bar,0x89c25995f78cad15:0x817ac225152804ed,,40.7242395,-74.0080928,7,6,0,People typically spend 25 min to 2.5 hr here,4.7,489,6,6,125,Hudson Sq,1078.0,72.226,1.8,0.5,0.5,9
974,50131861,EFFY'S CAFE,"104 WEST   96 STREET, MANHATTAN, NY 10025",Effy's Cafe,0x89c2f627785f59b1:0x70532b2b562cce94,,40.792959,-73.968184,7,6,0,People typically spend 30 min to 1 hr here,4.4,693,6,6,238,Upper West Side North,800.0,48.0,1.1,0.15,0.85,84
975,50131933,JOE & THE JUICE,"929 BROADWAY, MANHATTAN, NY 10010",JOE & THE JUICE,0x89c25976bae26889:0xa617fb6470711bce,,40.740278,-73.9896832,7,6,0,,3.0,168,6,6,234,Union Sq,499.2000000000001,41.43360000000001,3.0,0.8,0.1999999999999999,50
976,50131949,CAFE PARADISO,"144 W 65TH ST, MANHATTAN, NY 10023",Cafe Paradiso,0x89c2596625484969:0xdcf19d6c26e407c2,,40.7733834,-73.9835585,7,6,0,,4.3,300,6,6,142,Lincoln Square East,4501.5,247.5825,1.0,0.1,0.9,99
977,50132006,ALI BABA MEDITERRANEAN CUISINE,"224 EAST   53 STREET, MANHATTAN, NY 10022",Ali Baba Mediterranean & turkish Cuisine,0x89c2597aeb5fe91f:0x1758ac50895845b6,,40.757136,-73.968488,7,6,0,People typically spend 1-3 hours here,4.7,1333,6,6,229,Sutton Place/Turtle Bay North,573.3333333333334,34.4,1.2,0.2,0.8,48
978,50132334,LAVISTA PIZZA,"730 10 AVENUE, MANHATTAN, NY 10019",LaVista Pizza (10th Ave),0x89c259ec7b549099:0xf1a321dc7125217e,,40.7644759,-73.9916909,7,6,0,People typically spend 15 min to 4 hr here,4.8,906,6,6,48,Clinton East,1200.0,80.4,1.8,0.5,0.5,130
979,50132615,DON CEVICHE,"57 1 AVENUE, MANHATTAN, NY 10003",Don Ceviche,0x89c25938de4efd01:0xa9f131f2deea5846,,40.7250557,-73.9874335,7,6,0,People typically spend 45 min to 4 hr here,4.7,463,6,6,79,East Village,1248.0,74.88,1.2,0.2,0.8,63
980,50132701,RED HOUSE,"203 EAST   14 STREET, MANHATTAN, NY 10003",Red House,0x89c2599efd198a0d:0xfe032c75b2bf6669,,40.7332469,-73.98656129999999,7,6,0,,3.3,92,6,6,107,Gramercy,420.5,25.23,1.2,0.3,0.7,46
981,50132705,LA COCINA DE MAMA,"154 EAST  109 STREET, MANHATTAN, NY 10029",La Cocina de Mama,0x89c2f709669145e9:0x1464b040d5ba73f0,,40.7939947,-73.94471589999999,7,6,0,People typically spend 15 min to 1 hr here,4.7,223,6,6,75,East Harlem South,960.0,64.32000000000001,1.8,0.4,0.6,186
982,50132751,GELATOVILLE,"163 1 AVENUE, MANHATTAN, NY 10003",Gelatoville Gelataria & Coffee,0x89c259a03fc9f7b5:0x689f7cab45422f7c,,40.7289568,-73.98457189999999,7,6,0,,4.8,938,6,6,79,East Village,766.4000000000001,63.61120000000001,3.0,0.8,0.1999999999999999,63
983,50132843,KANYAKUMARI,"20 EAST   17 STREET, MANHATTAN, NY 10003",Kanyakumari,0x89c259003bafb229:0xa8177f6c6e847913,,40.7372719,-73.9912396,7,6,0,People typically spend 1.5 hours here,4.4,859,6,6,234,Union Sq,1835.2,100.936,1.0,0.15,0.85,50
984,50132845,PANERA BREAD,"1534 3 AVENUE, MANHATTAN, NY 10028",Panera Bread,0x89c258bcde16742f:0xfc3905989d33732f,,40.7791994,-73.9539618,7,6,0,People typically spend 15 min to 2 hr here,3.9,658,6,6,236,Upper East Side North,2043.2,169.5856,2.5,0.6,0.4,115
985,50132847,CHICK-FIL-A,"918 8 AVENUE, MANHATTAN, NY 10019",Chick-fil-A,0x89c2593fe26aef07:0xb33835a04b6851e1,,40.7650002,-73.9838178,1,5,0,People typically spend 25 min here,4.3,1674,0,6,163,Midtown North,1770.0,118.59,2.0,0.5,0.5,94
986,50133033,POKE BOWL,"599 LEXINGTON AVENUE, MANHATTAN, NY 10022",Poke Bowl NY,0x89c2596dba5d298b:0x6e517c4cb9d64308,,40.757681,-73.9709322,7,6,0,,4.5,335,6,6,162,Midtown East,200.0,11.0,1.0,0.15,0.85,108
987,50133051,IMM THAI,"80 NASSAU STREET, MANHATTAN, NY 10038",Imm Thai NYC,0x89c25b11b7dabc2f:0x2dedaab79ce5686,,40.7097915,-74.0079322,7,6,0,,4.6,865,6,6,87,Financial District North,2065.8,113.619,1.0,0.15,0.85,29
988,50133082,KONG SIHK TONG,"65 BAYARD STREET, MANHATTAN, NY 10013",Kong Sihk Tong,0x89c25b988bd75fd5:0x9529c1c9513fb057,,40.7153773,-73.9981397,7,6,0,People typically spend 30 min to 1 hr here,4.4,1378,6,6,45,Chinatown,480.0,28.8,1.2,0.3,0.7,14
989,50133164,PLAYA BOWLS,"2841 BROADWAY, MANHATTAN, NY 10025",Playa Bowls,0x89c2f7e3b2ca17ff:0xc7451b6aa898cb1e,,40.8044374,-73.96687399999999,7,6,0,,4.5,257,6,6,166,Morningside Heights,4340.0,360.22,3.0,0.8,0.1999999999999999,61
990,50133389,HAAGEN-DAZS,"1306 2 AVENUE, MANHATTAN, NY 10065",Häagen-Dazs,0x89c259964960f24d:0xc889d2e4c20fd180,,40.7665793,-73.95969649999999,7,6,0,,4.4,125,6,6,141,Lenox Hill West,470.1333333333334,39.02106666666667,3.0,0.8,0.1999999999999999,83
991,50133483,7TH STREET BURGER,"173 ORCHARD STREET, MANHATTAN, NY 10002",7th Street Burger,0x89c25971d2c72035:0xa30b4b4922ad4ab6,,40.7216176,-73.9886293,7,6,0,,4.6,604,6,6,148,Lower East Side,226.6666666666666,18.81333333333333,2.5,0.6,0.4,43
992,50133729,SUBWAY,"66 DELANCEY STREET, MANHATTAN, NY 10002",Subway,0x89c2598d4765d9d7:0xcdfb4a85fa81b6d0,,40.7195089,-73.99051829999999,7,4,35,,3.8,179,6,6,148,Lower East Side,1766.4,146.6112000000001,2.5,0.6,0.4,232
993,50134144,FRESH KITCHEN,"265 MADISON AVENUE, MANHATTAN, NY 10016",Fresh Kitchen,0x89c25900e63590d1:0xc7c2213414390d18,,40.7509203,-73.9803223,1,5,0,,3.9,206,0,6,170,Murray Hill,2361.9,141.714,1.2,0.2,0.8,81
994,50134151,POPUP BAGELS,"177 THOMPSON STREET, MANHATTAN, NY 10012",Popup Bagels,0x89c2598626928527:0x5a9f4b3569495225,,40.7279221,-74.00025289999999,7,6,0,People typically spend 20 min here,4.5,1136,6,6,114,Greenwich Village South,1686.15,139.95045,3.0,0.8,0.1999999999999999,15
995,50134156,CANTINA CUBANA,"17 AVENUE B, MANHATTAN, NY 10009",Cantina Cubana,0x89c2594df27a85fb:0x27783bce9d59425d,,40.7220664,-73.983276,7,6,0,,4.6,145,6,6,4,Alphabet City,563.2,30.976,0.9,0.1,0.9,15
996,50134210,MATCHAFUL,"184 PRINCE STREET, MANHATTAN, NY 10012",Matchaful,0x89c259a4e593edf5:0x468ae92189fe5962,,40.7262927,-74.0021651,7,6,0,,4.4,613,6,6,211,SoHo,200.0,16.6,3.0,0.7,0.3,26
997,50134264,SENZA GLUTEN BY JEMIKO,"626 10 AVENUE, MANHATTAN, NY 10036",Senza Gluten by Jemiko - 100% Gluten Free Restaurant,0x89c258521acd622b:0xd90e72c6331e3be9,,40.7611337,-73.99404,7,6,0,,4.7,573,6,6,48,Clinton East,400.0,22.0,1.0,0.1,0.9,130
998,50134488,MOONO,"29 EAST   32 STREET, MANHATTAN, NY 10016",Moono,0x89c259fa034b6069:0x1affa8a2058605f,,40.7464411,-73.98330729999999,7,6,0,People typically spend 1.5-2.5 hours here,4.4,520,6,6,164,Midtown South,1190.06,65.4533,1.0,0.15,0.85,49
999,50134578,THAI FOOD NEAR ME,"625 2 AVENUE, MANHATTAN, NY 10016",Thai Food Near Me,0x89c259c445f0adcb:0xf1305ca97056d6b3,,40.7450568,-73.97591,7,6,0,People typically spend 30 min to 1 hr here,4.8,961,6,6,170,Murray Hill,526.0,28.93,1.0,0.15,0.85,92
1000,50134600,PADDY REILLY'S MUSIC BAR,"519 2 AVENUE, MANHATTAN, NY 10016",Paddy Reilly's Music Bar,0x89c259092469387d:0x23e1bd25bc279c88,,40.741658,-73.978516,7,6,0,People typically spend 45 min to 3 hr here,4.5,551,6,6,137,Kips Bay,636.0,34.98,1.0,0.1,0.9,188
1001,50134607,MAMA MEZZE,"1123 BROADWAY, MANHATTAN, NY 10010",Mama Mezze,0x89c259005f71e70f:0x60d57973db26e3db,,40.7432459,-73.9892711,7,6,0,People typically spend 1-2.5 hours here,4.9,2366,6,6,234,Union Sq,1517.1,83.4405,1.0,0.1,0.9,50
1002,50134704,NUEVO RINCON DEL SABOR RESTAURANT,"1047 SAINT NICHOLAS AVENUE, MANHATTAN, NY 10032",El Nuevo Rincon Del Sabor,0x89c2f6831426b93f:0xa24cec086a9c5fe,,40.8366962,-73.9401669,7,6,0,,4.7,28,6,6,244,Washington Heights South,500.0,30.0,1.2,0.2,0.8,149
1003,50134858,IPIZZANY,"3801 BROADWAY, MANHATTAN, NY 10032",iPizzaNY,0x89c2f77017441fc3:0xb158ea909b4b2864,,40.8348978,-73.9446358,7,6,0,,4.0,74,6,6,244,Washington Heights South,2337.75,156.62925,1.8,0.5,0.5,149
1004,50134929,GREGORY'S COFFEE,"200 VARICK STREET, MANHATTAN, NY 10014",Gregorys Coffee,0x89c259bc799c8a5b:0xfb3574febc9daab4,,40.7282898,-74.00511949999999,1,5,0,,4.1,71,0,6,125,Hudson Sq,4880.825,405.108475,3.0,0.7,0.3,34
1005,50134981,SONG' E NAPULE,"132 WEST HOUSTON STREET, MANHATTAN, NY 10012",Song' E Napule,0x89c2598df58a8ad3:0x694ff9c48d50f83,,40.7279216,-74.0014088,7,6,0,People typically spend 45 min to 2 hr here,4.7,2611,6,6,114,Greenwich Village South,1212.0,66.66,1.0,0.1,0.9,15
1006,50135000,BRAVO PIZZA,"378 5 AVENUE, MANHATTAN, NY 10018",Bravo Pizza (K),0x89c25900460285e3:0x403e63fcf31c1aca,,40.7494435,-73.98409529999999,7,6,0,People typically spend 15-45 min here,4.3,3122,6,6,164,Midtown South,4042.5,242.55,1.1,0.15,0.85,49
1007,50135137,MAMAZUL,"1155 BROADWAY, MANHATTAN, NY 10001",Mamazul Mexican Grill,0x89c2599cc6bcf769:0x6b2da9307b152f32,,40.7444421,-73.9892065,7,6,0,People typically spend 45 min to 3.5 hr here,4.5,1720,6,6,234,Union Sq,3198.6,214.3062,1.8,0.4,0.6,50
1008,50135192,KONA COFFEE ROASTERS,"100 PARK AVENUE, MANHATTAN, NY 10017",Kona Coffee Roasters | Midtown,0x89c25958a72ba70b:0xd6e4cfe2ec9b1a71,,40.751407,-73.97861499999999,7,6,0,People typically spend 15 min to 2.5 hr here,4.4,380,6,6,170,Murray Hill,6485.025000000001,538.2570750000001,3.0,0.7,0.3,92
1009,50135210,MABU CAFE NYC,"18 DOYERS STREET, MANHATTAN, NY 10013",Mabu,0x89c25b5aa0baaa2b:0x111974c289bd6d49,,40.7147002,-73.9980305,7,6,0,People typically spend 30 min to 1 hr here,4.1,599,6,6,45,Chinatown,266.0,15.96,1.2,0.3,0.7,14
1010,50135264,SOGNO TOSCANO,"508 WEST   28 STREET, MANHATTAN, NY 10001",Sogno Toscano Cafe´& Wine Bar,0x89c2591ff150a107:0x551a83ac6d794c74,,40.7509422,-74.0024686,7,6,0,People typically spend 1-2 hours here,4.9,646,6,6,246,West Chelsea/Hudson Yards,800.0,44.0,1.0,0.1,0.9,114
1011,50135273,JADE GARDEN,"4028 BROADWAY, MANHATTAN, NY 10032",Jade Garden,0x89c2f69c35bf4f4f:0x90b5cde7bc579551,,40.8418106,-73.93892509999999,7,6,0,People typically spend 15 min here,3.9,383,6,6,244,Washington Heights South,880.0,52.8,1.2,0.3,0.7,149
1012,50135309,TASTY HAND-PULLED NOODLES,"1 DOYERS STREET, MANHATTAN, NY 10013",Tasty Hand - Pulled Noodles,0x89c25bd05aee9499:0x10f3231c69eb165b,,40.7142425,-73.9978903,7,6,0,People typically spend 45 min here,4.4,1521,6,6,45,Chinatown,2208.8,132.528,1.2,0.3,0.7,14
1013,50135432,BAYA BAR,"305 WEST BROADWAY, MANHATTAN, NY 10013",Baya Bar,0x89c25949e3e72045:0x8ece541508c5df56,,40.7215268,-74.0042812,7,6,0,,4.5,125,6,6,211,SoHo,455.2000000000001,37.78160000000001,3.0,0.8,0.1999999999999999,26
1014,50135466,FLORENTIN,"480 AMSTERDAM AVENUE, MANHATTAN, NY 10024",Florentin,0x89c2595aeeca6e13:0x66fdd39bda6e6df0,,40.7859257,-73.9766018,7,6,0,People typically spend 1-2 hours here,4.9,428,6,6,239,Upper West Side South,1600.0,80.0,0.8,0.05,0.95,75
1015,50135573,I LOVE BIBIMBAP,"1049 SAINT NICHOLAS AVENUE, MANHATTAN, NY 10032",I LOVE BIBIMBAP,0x89c2f7d10e262833:0x870ab6e90b9a6f83,,40.8366907,-73.94028089999999,7,6,0,,4.3,55,6,6,244,Washington Heights South,500.0,27.5,1.0,0.15,0.85,149
1016,50135605,MARUMI,"546 LAGUARDIA PLACE, MANHATTAN, NY 10012",Marumi,0x89c25991b64af833:0xd404ab34a3fec104,,40.7290139,-73.99842079999999,7,6,0,,4.5,323,6,6,114,Greenwich Village South,820.75,41.0375,0.8,0.05,0.95,15
1017,50135856,GROUND CENTRAL COFFEE COMPANY,"441 LEXINGTON AVENUE, MANHATTAN, NY 10017",Ground Central Coffee Company,0x89c259d69ac68a7d:0xb43b04fabf12e486,,40.7528853,-73.97482,7,6,0,People typically spend 20 min to 1 hr here,4.5,196,6,6,162,Midtown East,8000.0,664.0,3.0,0.7,0.3,108
1018,50135943,A-JIAO SICHUAN CUISINE,"1817 2 AVENUE, MANHATTAN, NY 10128",A-Jiao,0x89c258a58e95f83b:0xe4910180da0ba8a3,,40.7831138,-73.9481521,7,6,0,People typically spend 25 min to 4 hr here,4.3,225,6,6,263,Yorkville West,1560.8,93.648,1.2,0.3,0.7,73
1019,50135953,WOLF FOREST,"213 PEARL STREET, MANHATTAN, NY 10038",Wolf forest cafe,0x89c25b3e279badff:0xd13ca11cff61e23b,,40.7072497,-74.0061764,7,6,0,,4.7,185,6,6,87,Financial District North,386.6666666666667,32.09333333333333,3.0,0.7,0.3,29
1020,50136319,MARACA NYC,"3795 10 AVENUE, MANHATTAN, NY 10034",Maraca NYC,0x89c2f53ff2f1f595:0xdf1f3d5a195cf1f8,,40.8619746,-73.9204618,7,6,0,People typically spend 4 hours here,2.8,99,6,6,127,Inwood,6216.9,373.014,1.2,0.2,0.8,16
1021,50136331,KOLKATA CHAI CO,"60 KENMARE STREET, MANHATTAN, NY 10012",Kolkata Chai Co - Nolita,0x89c259592eed0551:0x3be50086729dd34d,,40.7208544,-73.99601229999999,7,6,0,,4.5,471,6,6,144,Little Italy/NoLiTa,412.0,22.66,1.0,0.15,0.85,16
1022,50136413,LA VISTA PIZZA,"1099 2 AVENUE, MANHATTAN, NY 10022",LaVista Pizza (2nd Ave),0x89c2599a3ca3d9d3:0x4612ca7ce163b2dd,,40.7599217,-73.965086,7,6,0,People typically spend 20 min to 4 hr here,4.9,1124,6,6,229,Sutton Place/Turtle Bay North,1600.0,107.2,1.8,0.5,0.5,48
1023,50136482,DO NOT FEED ALLIGATORS,"337 BLEECKER STREET, MANHATTAN, NY 10014",Do Not Feed Alligators,0x89c259dd79e772c7:0xc06459a9de4a951e,,40.7336939,-74.0042366,7,6,0,People typically spend 25 min to 1 hr here,4.4,1075,6,6,249,West Village,320.0,26.56,3.0,0.7,0.3,30
1024,50136864,SIN CITY BURGER,"311 EAST   76 STREET, MANHATTAN, NY 10021",Sin City Burger,0x89c259cd5d272a87:0xd9cc3a84e1629b60,,40.7712211,-73.9555263,7,6,0,People typically spend 15 min to 2 hr here,4.7,1057,6,6,141,Lenox Hill West,1000.0,60.0,1.2,0.2,0.8,83
1025,50136891,DUNKIN,"2264 BROADWAY, MANHATTAN, NY 10024",Dunkin',0x89c259e380bb25d5:0xc49c152d5002712e,,40.7852788,-73.9785958,7,4,0,People typically spend 10 min to 4 hr here,3.8,101,6,6,239,Upper West Side South,2275.0,188.825,3.0,0.7,0.3,140
1026,50136921,MCDONALDS #7552,"14 EAST   47 STREET, MANHATTAN, NY 10017",McDonald's,0x89c258fe7a04952b:0x15816d809da10973,,40.7561457,-73.9777458,7,5,0,People typically spend 25 min to 1.5 hr here,3.8,2518,6,6,161,Midtown Center,4350.0,361.05,2.5,0.6,0.4,60
1027,50136932,MCDONALD'S #14106,"1188 6 AVENUE, MANHATTAN, NY 10036",McDonald's,0x89c258ff13506fc7:0x210f233c51d2ca35,,40.757629,-73.98185,7,4,11,People typically spend 15-45 min here,3.6,3392,6,6,161,Midtown Center,2800.0,232.4,2.5,0.6,0.4,89
1028,50136945,JUICE GENERATION,"350 WEST   14 STREET, MANHATTAN, NY 10014",Juice Generation,0x89c2599ca491254d:0xbf13c7add1b32cb4,,40.7404531,-74.0048716,7,6,0,,4.0,76,6,6,249,West Village,1250.0,103.75,3.0,0.8,0.1999999999999999,30
1029,50137032,CHARLES PAN-FRIED CHICKEN,"439 WEST  125 STREET, MANHATTAN, NY 10027",Charles Pan-Fried Chicken,0x89c2f7651e419f81:0x79e7b6ded6bf336d,,40.8125734,-73.9552005,7,6,0,People typically spend 10-45 min here,4.8,1449,6,6,166,Morningside Heights,1920.0,128.64,2.0,0.5,0.5,61
1030,50137116,CASETTA,"61 HESTER STREET, MANHATTAN, NY 10002",Casetta,0x89c25be477976efd:0x18e73166e14435af,,40.715897,-73.990315,7,6,0,,3.7,137,6,6,148,Lower East Side,1200.0,72.0,1.2,0.2,0.8,43
1031,50137356,CHIP CITY,"1371 MADISON AVENUE, MANHATTAN, NY 10128",Chip City,0x89c2595a3bb3e711:0x781feba76cad958c,,40.7868718,-73.9542388,7,6,0,,4.6,137,6,6,236,Upper East Side North,1135.0,68.1,1.1,0.2,0.8,115
1032,50137451,MANGIA,"588 BROADWAY, MANHATTAN, NY 10012","Mangia SoHo - Italian Restaurant, Lunch & Corporate Catering",0x89c2593c839a320b:0x9d4549b180b5ed38,,40.7248816,-73.9970874,1,6,0,People typically spend 30 min to 3 hr here,4.7,372,0,6,144,Little Italy/NoLiTa,6370.55,528.7556500000001,2.5,0.6,0.4,41
1033,50137596,THAI TERMINAL,"349 EAST   12 STREET, MANHATTAN, NY 10003",Thai Terminal,0x89c2599de2dbf04f:0xc5602ae65f5632a,,40.730262,-73.9838779,7,6,0,,4.1,318,6,6,79,East Village,569.0666666666667,34.14400000000001,1.1,0.2,0.8,63
1034,50137610,MARI:NE,"135 WEST   41 STREET, MANHATTAN, NY 10036",Mari.ne Handroll,0x89c25946b588961f:0x1210671606819395,,40.754814,-73.9857693,1,6,0,,4.5,376,0,6,100,Garment District,1540.575,84.73162500000001,1.0,0.15,0.85,137
1035,50137867,SUSHI HAYASHI,"355 EAST   50 STREET, MANHATTAN, NY 10022",Sushi Hayashi,0x89c259dfef827e57:0xe1cd8ecdd23486dc,,40.7542335,-73.9664915,7,6,0,,4.4,172,6,6,229,Sutton Place/Turtle Bay North,960.0,52.8,1.0,0.15,0.85,48
1036,50137876,GLACE BY NOGLU,"1266 MADISON AVENUE, MANHATTAN, NY 10128",Glace NY,0x89c2595e77373b05:0xe0746ef12cf3c702,,40.7838349,-73.9568862,7,6,0,People typically spend 20 min to 4 hr here,4.2,713,6,6,236,Upper East Side North,1900.0,157.7,3.0,0.8,0.1999999999999999,115
1037,50138084,CARNEGIE DINER,"828 8 AVENUE, MANHATTAN, NY 10019",Carnegie Diner & Cafe,0x89c259d91a454535:0xe701f5330fccc678,,40.7620089,-73.98600309999999,7,6,0,People typically spend 45 min to 1.5 hr here,4.5,3705,6,6,230,Times Sq/Theatre District,1396.8,83.808,1.2,0.2,0.8,118
1038,50138113,VAN LEEUWEN ICE CREAM,"556 HUDSON STREET, MANHATTAN, NY 10014",Van Leeuwen Ice Cream,0x89c2594df1e7f195:0x237a6cffb6a07d95,,40.735375,-74.005751,7,6,0,,4.2,39,6,6,249,West Village,1200.0,99.6,3.0,0.8,0.1999999999999999,30
1039,50138385,SUBWAY,"545 8 AVENUE, MANHATTAN, NY 10018",Subway,0x89c2596644dc5f4b:0x3a469bb128d6e9b,,40.7544946,-73.99216539999999,7,6,0,,4.4,214,6,6,68,East Chelsea,958.8333333333334,79.58316666666667,2.5,0.6,0.4,303
1040,50138545,ELLEN'S STARDUST DINER,"1650 BROADWAY, MANHATTAN, NY 10019",Ellen's Stardust Diner,0x89c25856265dceff:0x1e8167222d4fd3db,,40.7618723,-73.98343559999999,7,6,0,People typically spend 1-2 hours here,4.4,24355,6,6,230,Times Sq/Theatre District,8000.0,480.0,1.2,0.2,0.8,118
1041,50138563,BUFFALO WILD WINGS GO,"455 PARK AVENUE SOUTH, MANHATTAN, NY 10016",Buffalo Wild Wings GO,0x89c259905e14c6c3:0x7f2e57f646c1172a,,40.744878,-73.9826708,7,6,0,People typically spend 10 min to 1.5 hr here,4.6,543,6,6,170,Murray Hill,981.25,65.74375,2.0,0.5,0.5,92
1042,50138795,CAULDRON CHICKEN,"190 BLEECKER STREET, MANHATTAN, NY 10012",Cauldron Chicken,0x89c2596b1264a489:0x213b6dd600eb449d,,40.7292176,-74.0014601,7,6,0,,4.6,272,6,6,114,Greenwich Village South,370.8333333333333,24.84583333333333,2.0,0.5,0.5,15
1043,50139065,LONG ISLAND DUMPLINGS,"513 AVENUE OF THE AMERICAS, MANHATTAN, NY 10011",Long Island Dumplings,0x89c2592af15c8c4d:0xd946b4a56ff38bd7,,40.7369824,-73.9974077,7,6,0,People typically spend 30 min to 1.5 hr here,4.2,102,6,6,249,West Village,329.3333333333333,19.76,1.2,0.3,0.7,30
1044,50139164,DINER 24,"283 3 AVENUE, MANHATTAN, NY 10010",Diner 24 NYC,0x89c259a5828af9e1:0x4786cc62fb0f1597,,40.7381558,-73.98335999999999,7,4,25,People typically spend 45 min to 1.5 hr here,4.8,8650,6,6,107,Gramercy,1200.0,72.0,1.2,0.2,0.8,228
1045,50139259,SHANGHAI TIME,"273 WEST   38 STREET, MANHATTAN, NY 10018",Shanghai Time,0x89c259cbadf3f55d:0x6d0ddd7f2e7f31b6,,40.7546846,-73.99110639999999,7,6,0,People typically spend 20 min to 1.5 hr here,4.4,595,6,6,100,Garment District,7255.2,435.312,1.2,0.3,0.7,73
1046,50139262,ANALIA'S RESTAURANT,"71 SHERMAN AVENUE, MANHATTAN, NY 10040",Amali,0x89c258ef83fba207:0xdc29e8f40b386e4e,,40.7633694,-73.96856269999999,7,6,0,People typically spend 2-4 hours here,4.3,584,6,6,243,Washington Heights North,2641.5,158.49,1.2,0.2,0.8,24
1047,50139326,DUNKIN DONUTS,"185 GREENWICH STREET, MANHATTAN, NY 10007",Dunkin',0x89c25bfc1f62776d:0xc7289d5ba59b125d,,40.7115663,-74.0114261,7,5,0,,4.5,287,6,6,261,World Trade Center,8000.0,664.0,3.0,0.8,0.1999999999999999,40
1048,50139440,HK BOXERS NYC,"735 9 AVENUE, MANHATTAN, NY 10019",Boxers HK,0x89c258572b2ac3ef:0x3a405983459cc75f,,40.7633868,-73.98926709999999,7,6,0,People typically spend 45 min to 3 hr here,4.0,1007,6,6,48,Clinton East,1725.0,103.5,1.2,0.2,0.8,130
1049,50139953,SUPER TASTE,"1502 1 AVENUE, MANHATTAN, NY 10075",Super Taste,0x89c2590c14d8fc1d:0xbf69d84f97ed3994,,40.7718429,-73.9527208,7,6,0,People typically spend 20 min to 1.5 hr here,4.7,248,6,6,140,Lenox Hill East,1535.2,92.112,1.2,0.3,0.7,218
1050,50140007,THE SPOTTED DOG / CULTURE IN A BOWL,"1154 1 AVENUE, MANHATTAN, NY 10065",The Spotted Dog,0x89c258e80314f2c9:0x480d06b4e81ff80a,,40.7622222,-73.9597222,7,6,0,People typically spend 45 min to 4 hr here,4.1,283,6,6,140,Lenox Hill East,1330.25,79.815,1.2,0.2,0.8,218
1051,50140761,THE IVY COFFEE & BAKERY,"31 CARMINE STREET, MANHATTAN, NY 10014",The Ivy Coffee & Tea & Bakery,0x89c2593c897df865:0x3b2f587a557df5dc,,40.7302604,-74.00313469999999,7,6,0,,4.6,194,6,6,249,West Village,533.3333333333334,44.26666666666667,3.0,0.7,0.3,30
1052,50141111,ISABELLE'S OSTERIA,"245 PARK AVENUE SOUTH, MANHATTAN, NY 10003",Isabelle's Osteria,0x89c259a43070db57:0xe425a2599fb57591,,40.737976,-73.9875872,7,6,0,People typically spend 45 min to 4 hr here,4.7,1411,6,6,107,Gramercy,1394.6125,76.70368750000002,1.0,0.1,0.9,46
1053,50141610,VAN LEEUWEN ICE CREAM,"943 2 AVENUE, MANHATTAN, NY 10022",Van Leeuwen Ice Cream,0x89c25969c4636df9:0x1038b883e091b4d6,,40.755105,-73.968792,7,6,0,,4.6,175,6,6,229,Sutton Place/Turtle Bay North,1008.0,83.664,3.0,0.8,0.1999999999999999,48
1054,50141707,POINT SEVEN,"200 PARK AVENUE, MANHATTAN, NY 10017",Point Seven,0x89c259021bc00001:0x6ce618c093f43adc,,40.7536229,-73.9771918,1,6,0,People typically spend 2-4 hours here,4.5,178,0,6,162,Midtown East,2090.68275862069,104.5341379310345,0.8,0.05,0.95,513
1055,50142199,SUBWAY,"20 BROAD STREET, MANHATTAN, NY 10005",Subway,0x89c25a16c14459db:0x50506cf192b67928,,40.7068366,-74.01159009999999,7,4,46,People typically spend 15 min to 3 hr here,3.6,240,6,6,87,Financial District North,2137.575,177.418725,2.5,0.6,0.4,274
1056,50142521,PANERA BREAD #9202,"525 EAST   68 STREET, MANHATTAN, NY 10065",Panera Bread,0x89c25984db64521f:0x9dbafad00fbd27a0,,40.7644168,-73.95419179999999,7,4,52,,3.1,42,6,6,140,Lenox Hill East,8000.0,480.0,1.2,0.2,0.8,171
1057,50142687,ROSEMARY'S,"825 3 AVENUE, MANHATTAN, NY 10022",Rosemary's Midtown,0x89c259b384cafe77:0x79212321ab5d113,,40.7558722,-73.9701462,7,6,0,People typically spend 1-4 hours here,4.3,448,6,6,229,Sutton Place/Turtle Bay North,8000.0,440.0,1.0,0.1,0.9,48
1058,50142786,DA ANDREA RISTORANTE,"160 8 AVENUE, MANHATTAN, NY 10011",Da Andrea Chelsea,0x89c2593ba314c0d1:0xd5579301e987a1bd,,40.7420916,-74.00059379999999,7,6,0,People typically spend 1.5-4 hours here,4.8,2045,6,6,90,Flatiron,2143.2,117.876,1.0,0.1,0.9,31
1059,50142958,KAZUNORI,"205 BLEECKER STREET, MANHATTAN, NY 10012",KazuNori: The Original Hand Roll Bar,0x89c259001441d87b:0x49aa7c9c9df1c91b,,40.7296478,-74.0017999,7,6,0,People typically spend 45 min to 3 hr here,4.7,295,6,6,114,Greenwich Village South,1736.0,104.16,1.2,0.3,0.7,15
1060,50143089,PIZZA PARK,"1233 1 AVENUE, MANHATTAN, NY 10065",Pizza Park,0x89c258c26490c761:0xd4e5e6f6b01969e5,,40.764447,-73.958677,7,6,0,People typically spend 20 min to 2.5 hr here,4.3,440,6,6,141,Lenox Hill West,1153.6,77.2912,1.8,0.5,0.5,83
1061,50143448,GEMINA COFFEE SHOP,"424 EAST   14 STREET, MANHATTAN, NY 10009",Gemina Coffee Shop,0x89c2593fe94657d1:0x8bedb829faa71076,,40.7306295,-73.98152089999999,7,6,0,,4.7,199,6,6,79,East Village,421.3333333333333,34.97066666666667,3.0,0.7,0.3,63
1062,50143498,DUNKIN',"3830 BROADWAY, MANHATTAN, NY 10032",Dunkin',0x89c2f74749d4334f:0x8481a0fd7a1559e3,,40.8356209,-73.9434527,7,5,0,People typically spend 10-45 min here,4.3,59,6,6,244,Washington Heights South,5000.0,415.0,3.0,0.8,0.1999999999999999,95
1063,50143575,CLOVES INDIAN CUISINE,"66 MADISON AVENUE, MANHATTAN, NY 10016",Cloves Indian Cuisine,0x89c259a652500001:0x7eb492e16cce0199,,40.7436978,-73.98617089999999,7,6,0,People typically spend 30 min to 2.5 hr here,4.9,1898,6,6,234,Union Sq,352.0,19.36,1.0,0.15,0.85,50
1064,50143608,COLD STONE CREAMERY,"350 WEST   42 STREET, MANHATTAN, NY 10036",Cold Stone Creamery,0x89c25985c6b1a667:0x7060ed3c89a40598,,40.7580607,-73.9921699,7,6,0,,4.2,136,6,6,48,Clinton East,559.0,46.39700000000001,3.0,0.8,0.1999999999999999,130
1065,50143662,ROMEO'S,"118 SAINT MARKS PLACE, MANHATTAN, NY 10009",Romeos,0x89c2595d92a0d2e5:0x783d6a59d1dea255,,40.7268969,-73.98408189999999,7,6,0,,4.4,213,6,6,79,East Village,236.4,14.184,1.2,0.2,0.8,63
1066,50143750,LOLITA,"45 WEST   45 STREET, MANHATTAN, NY 10036",LOLITA,0x89c2597adf8e2f93:0x7fa898837ce0923c,,40.7562583,-73.9811759,7,6,0,People typically spend 1-3.5 hours here,4.5,621,6,6,161,Midtown Center,4171.724999999999,279.505575,1.8,0.4,0.6,88
1067,50143809,POPEYES,"101 DELANCEY STREET, MANHATTAN, NY 10002",Popeyes Louisiana Kitchen,0x89c259bf3940be3b:0xbcb5dbb22e65a6a1,,40.7185141,-73.9889178,7,6,0,,3.9,173,6,6,148,Lower East Side,2307.2,154.5824,2.0,0.5,0.5,43
1068,50143815,LUCIA PIZZA OF SOHO/LUCIA ALIMENTARI,"375 CANAL STREET, MANHATTAN, NY 10013",Lucia Pizza Of SoHo,0x89c259b91ad762b7:0x99a7f294be934508,,40.7214195,-74.00441239999999,7,6,0,People typically spend 20 min here,4.5,1207,6,6,211,SoHo,2171.4,145.4838,1.8,0.5,0.5,26
1069,50143817,KONBAN NYC,"311 WEST   17 STREET, MANHATTAN, NY 10011",konban NYC,0x89c259cd8ad164bd:0xb17053d7b7443f4d,,40.7420166,-74.0015683,7,6,0,People typically spend 45 min to 4 hr here,4.7,1057,6,6,68,East Chelsea,1073.4,59.03700000000001,1.0,0.15,0.85,303
1070,50143917,ROCCO'S,"1 WEST    3 STREET, MANHATTAN, NY 10012",Rocco's Sports & Rec,0x89c259a7f4e0f2d9:0x9bbc448d413c1d1,,40.7280045,-73.9950017,7,6,0,People typically spend 1-4 hours here,3.9,176,6,6,114,Greenwich Village South,1869.0,112.14,1.2,0.2,0.8,15
1071,50144001,KOBA,"136 WILLIAM STREET, MANHATTAN, NY 10038",KOBA Korean BBQ,0x89c25b7897345e4d:0x54e9cb9649c19194,,40.7092076,-74.0063543,7,6,0,,4.4,242,6,6,87,Financial District North,440.0,24.2,1.0,0.15,0.85,29
1072,50144305,ROWDY ROOSTER,"140 WEST   32 STREET, MANHATTAN, NY 10001",Rowdy Rooster - Penn,0x89c259230debd1e1:0x6542a7d563f8b02,,40.748991,-73.9903832,7,6,0,People typically spend 25 min to 1.5 hr here,4.3,320,6,6,186,Penn Station/Madison Sq West,1174.0,64.57000000000001,1.0,0.15,0.85,221
1073,50144408,SOLEDAD,"1825 2 AVENUE, MANHATTAN, NY 10128",Soledad,0x89c2592492cd534d:0x1c9746e6fafbe135,,40.7833595,-73.947991,7,6,0,People typically spend 1-4 hours here,4.7,219,6,6,263,Yorkville West,480.0,32.16,1.8,0.4,0.6,73
1074,50144476,AKIMORI,"858 LEXINGTON AVENUE, MANHATTAN, NY 10065",AKIMORI,0x89c2594f4d142135:0x763bec216dce1ccb,,40.7658058,-73.9658192,7,6,0,People typically spend 1.5-4 hours here,4.7,95,6,6,237,Upper East Side South,686.4000000000001,37.752,1.0,0.15,0.85,131
1075,50144842,LENOX THAI,"1217 1 AVENUE, MANHATTAN, NY 10065",LENOXTHAI,0x89c259522df871a7:0xc03cfe1331a463ca,,40.7638741,-73.9590946,7,6,0,People typically spend 20 min to 1 hr here,4.9,963,6,6,141,Lenox Hill West,2561.0,140.855,1.0,0.15,0.85,83
1076,50144962,T TIME BOBA,"100 EAST   96 STREET, MANHATTAN, NY 10128",T-Time Boba,0x89c2590028dbdad5:0x113f67e0561d0680,,40.7862479,-73.9522525,7,6,0,People typically spend 30 min to 4 hr here,4.2,191,6,6,236,Upper East Side North,2953.0,245.099,3.0,0.7,0.3,115
1077,50144965,SPICE SYMPHONY,"317 WEST   46 STREET, MANHATTAN, NY 10036",Spice Symphony Times Square,0x89c25925a81b7157:0xa0e5b53f1422f24e,,40.7603137,-73.9887265,7,6,0,,4.7,1535,6,6,48,Clinton East,950.4,52.272,1.0,0.15,0.85,130
1078,50145138,100 MARKET PLACE,"100 BROAD STREET, MANHATTAN, NY 10004",100 Market Place,0x89c24fff58bc1cf5:0xbb621373d2283cb4,,40.703459,-74.012096,7,4,9,People typically spend 15 min to 1 hr here,3.9,369,6,6,88,Financial District South,1353.166666666667,81.19,1.2,0.2,0.8,47
1079,50145144,WONDER,"120 EAST   86 STREET, MANHATTAN, NY 10028",Wonder Upper East Side,0x89c259b6ec6e4f0b:0x6059aecb8dc39d22,,40.7795786,-73.95631519999999,7,6,0,People typically spend 15 min to 4 hr here,4.5,407,6,6,236,Upper East Side North,3237.3,194.238,1.1,0.2,0.8,115
1080,50145228,SIP & GUZZLE,"29 CORNELIA STREET, MANHATTAN, NY 10014",Sip&Guzzle,0x89c2595f07acd2e3:0xbf4202b1312b5cf1,,40.7314775,-74.0024921,7,6,0,People typically spend 1-2 hours here,4.2,764,6,6,249,West Village,800.0,48.0,1.2,0.2,0.8,30
1081,50145402,JR SUSHI,"119 CHAMBERS STREET, MANHATTAN, NY 10007",JR Sushi,0x89c25a1ed8dca50d:0x2df889890a51b764,,40.7154113,-74.00842899999999,7,6,0,,4.1,379,6,6,231,TriBeCa/Civic Center,2291.2,126.016,1.0,0.15,0.85,50
1082,50145556,FAT BOYS BURGERS,"853 9 AVENUE, MANHATTAN, NY 10019",Fat Boys Burgers,0x89c259006677131f:0xa124f8dcd4e2df4a,,40.7670142,-73.9866874,7,6,0,People typically spend 20 min here,4.7,397,6,6,48,Clinton East,400.0,24.0,1.2,0.2,0.8,130
1083,50145565,TRAVELERS POETS & FRIENDS,"457 6 AVENUE, MANHATTAN, NY 10011",Travelers Poets & Friends,0x89c2595291d8a30f:0x1433903715b455d,,40.735255,-73.998673,7,6,0,People typically spend 45 min to 4 hr here,4.7,492,6,6,249,West Village,200.0,11.0,1.0,0.1,0.9,30
1084,50145720,ORIENTAL PALACE,"1728 MADISON AVENUE, MANHATTAN, NY 10029",Oriental Palace,0x89c2f60566383bf1:0x2d4214fcc2905048,,40.7986197,-73.94602569999999,7,6,0,,3.6,79,6,6,74,East Harlem North,5175.0,310.5,1.2,0.3,0.7,101
1085,50145734,DOS TOROS TAQUERIA,"1115 LEXINGTON AVENUE, MANHATTAN, NY 10075","Dos Toros - Burritos, Bowls, and Tacos",0x89c258957fe67cf1:0x6702a97b84a5c78c,,40.7739966,-73.959395,7,6,0,,4.6,1950,6,6,236,Upper East Side North,621.5,41.6405,1.8,0.4,0.6,115
1086,50145771,LUCKY TIGER NYC,"66 PEARL STREET, MANHATTAN, NY 10004",Lucky Tiger,0x89c25b796a02c82f:0xc087266a41faebb8,,40.7035113,-74.0107685,7,6,0,,4.7,190,6,6,88,Financial District South,502.0,30.12,1.1,0.2,0.8,24
1087,50145855,CHINA RED EXPRESS,"118 CHAMBERS STREET, MANHATTAN, NY 10007",China Red Gourmet,0x89c25a1f3adc268f:0x2493387d6ff950b6,,40.7151248,-74.008579,7,6,0,People typically spend 15 min here,3.4,330,6,6,231,TriBeCa/Civic Center,2500.0,150.0,1.2,0.3,0.7,50
1088,50145895,TANG PAVILION,"65 WEST   55 STREET, MANHATTAN, NY 10019",Tang Pavilion 川悦食府,0x89c259db6b0cbe07:0x52d2fcb820fe2241,,40.7627908,-73.9771957,7,6,0,,4.9,115,6,6,161,Midtown Center,1600.0,96.0,1.2,0.3,0.7,88
1089,50145990,OTANI,"59 NASSAU STREET, MANHATTAN, NY 10038",Otani,0x89c25bf96b7c5f6f:0x191fcea98319ec8,,40.7093113,-74.0088552,7,6,0,People typically spend 45 min to 2 hr here,4.7,754,6,6,87,Financial District North,1008.3,55.4565,1.0,0.15,0.85,29
1090,50146116,EMPEROR DUMPLING,"685 3 AVENUE, MANHATTAN, NY 10017",Emperor Dumpling,0x89c2596b0afe9cd1:0xc996e33185e01bbc,,40.7517072,-73.97355069999999,7,6,0,,4.4,193,6,6,233,UN/Turtle Bay South,358.9285714285714,21.53571428571428,1.1,0.2,0.8,73
1091,50146141,PRET A MANGER,"425 LEXINGTON AVENUE, MANHATTAN, NY 10017",Pret A Manger,0x89c25902794bd641:0x2a20ec00a4ca5484,,40.752506,-73.97500699999999,7,6,0,,4.2,557,6,6,162,Midtown East,7846.012500000001,651.2190375000001,2.5,0.6,0.4,108
1092,50146462,SIR HENRYS,"795 8 AVENUE, MANHATTAN, NY 10019",Sir Henry’s,0x89c25856976c657d:0x48a47665b5e6a9f6,,40.7613102,-73.9871615,7,6,0,People typically spend 1-2.5 hours here,4.8,1278,6,6,48,Clinton East,757.3333333333334,45.44,1.2,0.2,0.8,130
1093,50146498,ISLAND ROLLS N BOWLS,"503 MAIN STREET, MANHATTAN, NY 10044",Island Rolls N Bowls,0x89c2591a1be04907:0xd714ff2d4bee0b6a,,40.760835,-73.95114699999999,7,6,0,People typically spend 20 min to 1.5 hr here,4.7,278,6,6,202,Roosevelt Island,897.9,60.1593,1.8,0.4,0.6,2
1094,50146733,MIKADO,"164 PEARL STREET, MANHATTAN, NY 10005",Mikado Sushi,0x89c25b9350623489:0xcd2f752a4c4c82b3,,40.705921,-74.0074839,7,6,0,People typically spend 30 min to 1.5 hr here,4.7,1033,6,6,87,Financial District North,2261.4,124.377,1.0,0.15,0.85,29
1095,50146792,XI'AN FAMOUS FOODS,"60 WEST   45 STREET, MANHATTAN, NY 10036",Xi'an Famous Foods 西安名吃 | Midtown 45th&6th,0x89c2590028ce7125:0xa3426f4e689ed028,,40.7563002,-73.9818841,7,6,0,People typically spend 30 min here,4.4,442,6,6,161,Midtown Center,2723.225,163.3935,1.2,0.3,0.7,88
1096,50146925,CLAUDE,"187 WEST    4 STREET, MANHATTAN, NY 10014",Claude Bakery West Village,0x89c25993f3bad1df:0x2afe2b8cad265add,,40.7326464,-74.00182579999999,7,6,0,,4.5,478,6,6,249,West Village,200.0,16.6,3.0,0.7,0.3,30
1097,50146990,APOLLO BAGELS,"242 EAST   10 STREET, MANHATTAN, NY 10003",Apollo Bagels,0x89c259006b5f41ef:0x87200d2c9acee1d0,,40.7287547,-73.9847935,7,6,0,People typically spend 10-45 min here,4.5,1084,6,6,79,East Village,693.3333333333334,57.54666666666667,3.0,0.8,0.1999999999999999,63
1098,50147158,EL SABROSO,"265 WEST   37 STREET, MANHATTAN, NY 10018",El Sabroso,0x89c259acff71f287:0xa083f5c39b30a2b4,,40.7540428,-73.9916533,1,6,0,,4.0,324,0,6,100,Garment District,4390.099999999999,263.4059999999999,1.2,0.2,0.8,137
1099,50147177,1915 LANZHOU HAND PULLED NOODLES & DUMPLINGS,"207 EAST   26 STREET, MANHATTAN, NY 10010",1915 Lanzhou Hand Pulled Noodles,0x89c259f6bd0bbe45:0x9a05ac83753cdd49,,40.7406407,-73.98123029999999,7,6,0,People typically spend 25 min to 1 hr here,4.4,501,6,6,137,Kips Bay,560.0,33.6,1.2,0.3,0.7,188
1100,50147180,ROSCIOLI NYC,"43 MACDOUGAL STREET, MANHATTAN, NY 10012",Roscioli NYC,0x89c25910a41df9e3:0x120b31ee6918bbee,,40.7277451,-74.00258389999999,7,6,0,People typically spend 1.5-4 hours here,4.4,743,6,6,125,Hudson Sq,1032.0,56.76,1.0,0.1,0.9,9
1101,50147352,PIZZA SPOT HELLS KITCHEN,"754 10 AVENUE, MANHATTAN, NY 10019",Pizza Spot hells kitchen,0x89c25973856a933f:0x9418e77e9a3b8868,,40.7654294,-73.9909294,7,6,0,People typically spend 1-4 hours here,4.7,191,6,6,48,Clinton East,1200.0,80.4,1.8,0.5,0.5,130
1102,50147929,SUSHI TOKORO,"168 7 AVENUE SOUTH, MANHATTAN, NY 10014",Sushi Tokoro the handroll bar,0x89c259fcce606281:0xc7d5629b514f5e46,,40.7355814,-74.0019459,7,6,0,People typically spend 1-3 hours here,4.8,477,6,6,249,West Village,2730.0,150.15,1.0,0.15,0.85,30
1103,50148263,SAHOLA COFFEE SHOP,"108 EAST   31 STREET, MANHATTAN, NY 10016",Sahola Cafe,0x89c2596d362dc7e1:0xac415b074abba962,,40.7447687,-73.98219379999999,7,6,0,,4.4,198,6,6,170,Murray Hill,593.6,49.26880000000001,3.0,0.7,0.3,92
1104,50148378,G'S CHEESESTEAKS,"6 AVENUE B, MANHATTAN, NY 10009",G’s Cheesesteaks,0x89c25903ac315677:0x558184c1d3ad8ac0,,40.7217432,-73.9838868,7,6,0,People typically spend 15-45 min here,4.6,413,6,6,79,East Village,320.0,26.56,2.5,0.6,0.4,63
1105,50148431,CHARLOTTE CAFE,"2541 BROADWAY, MANHATTAN, NY 10025",Charlotte Cafe,0x89c2f62814587e31:0x567e4c923e43c476,,40.7942293,-73.972504,7,6,0,People typically spend 30 min to 1.5 hr here,4.8,1591,6,6,238,Upper West Side North,3000.0,249.0,3.0,0.7,0.3,84
1106,50148453,OISHI BAY SUSHI,"230 EAST   29 STREET, MANHATTAN, NY 10016",Oishi Bay,0x89c259091931bc4f:0x92b64da33d318453,,40.7418323,-73.9789715,7,6,0,,4.2,184,6,6,137,Kips Bay,1534.05,84.37275,1.0,0.15,0.85,188
1107,50148586,H&H BAGELS,"429 3 AVENUE, MANHATTAN, NY 10016",H&H Bagels,0x89c259680f5b8803:0x6c72dfa84ff80ff6,,40.743016,-73.9798213,7,6,0,People typically spend 1-4 hours here,4.0,176,6,6,137,Kips Bay,606.6666666666666,36.4,1.2,0.2,0.8,188
1108,50148663,THA PHRAYA,"1553 2 AVENUE, MANHATTAN, NY 10028",Tha Phraya,0x89c25904f261b55d:0x51c4ac589415e1fa,,40.7745281,-73.9545117,7,6,0,People typically spend 1-2.5 hours here,4.8,1324,6,6,263,Yorkville West,400.0,22.0,1.0,0.15,0.85,73
1109,50148722,COMMODORE II,"14 AVENUE C, MANHATTAN, NY 10009",Commodore II,0x89c259f68851997d:0x9cfe8fb01eb4d836,,40.7210766,-73.9808712,7,6,0,People typically spend 45 min to 2.5 hr here,4.3,102,6,6,4,Alphabet City,640.0,38.4,1.2,0.2,0.8,15
1110,50148751,THE ONE TRICK PONY,"234 WEST   14 STREET, MANHATTAN, NY 10011",The One Trick Pony,0x89c259ae7b29d455:0xe6e5b9cbabd63e1a,,40.7391634,-74.00150599999999,7,6,0,People typically spend 1-3 hours here,3.9,53,6,6,249,West Village,270.0,16.2,1.1,0.2,0.8,30
1111,50148819,MALA HOT POT,"35 WEST   36 STREET, MANHATTAN, NY 10018",Mala Hot Pot,0x89c2597cfddff853:0xbc47568511d6f218,,40.7506286,-73.9853481,7,6,0,People typically spend 1.5-4 hours here,4.8,543,6,6,164,Midtown South,1923.75,115.425,1.2,0.3,0.7,49
1112,50148915,TAKE CARE,"303 LEXINGTON AVENUE, MANHATTAN, NY 10016",Take Care,0x89c259ceef4392c7:0x8d7ca2ebe3fa16e,,40.7484439,-73.9780391,7,6,0,People typically spend 10 min to 1.5 hr here,4.9,968,6,6,170,Murray Hill,1900.395,114.0237,1.2,0.2,0.8,92
1113,50149083,TURTLE BAY TAVERN,"975 2 AVENUE, MANHATTAN, NY 10022",Turtle Bay Tavern,0x89c259143da0b0b3:0x68936e240945c0d8,,40.756013,-73.9680596,7,6,0,People typically spend 1-4 hours here,4.8,337,6,6,229,Sutton Place/Turtle Bay North,800.0,48.0,1.2,0.2,0.8,48
1114,50149354,WONDEE SIAM,"782 9 AVENUE, MANHATTAN, NY 10019",Wondee Siam,0x89c25859e755978f:0x60315d10327e7c6d,,40.7647756,-73.9878013,7,6,0,People typically spend 45 min to 3 hr here,4.6,1500,6,6,48,Clinton East,1200.0,66.0,1.0,0.15,0.85,130
1115,50149371,ZIGGLE K-FOOD,"542 3 AVENUE, MANHATTAN, NY 10016",Ziggle Tofu & Grill,0x89c2597061bbb459:0xb64ea0368f07c5e8,,40.7472225,-73.97738389999999,7,6,0,People typically spend 45 min to 1.5 hr here,4.8,275,6,6,170,Murray Hill,1200.0,66.0,1.0,0.15,0.85,92
1116,50149382,ELECTRIC SHUFFLE,"44 WEST   30 STREET, MANHATTAN, NY 10001",Electric Shuffle NYC,0x89c2595498926d9f:0x1658f3bcdd285033,,40.7468551,-73.9888725,7,6,0,People typically spend 2-4 hours here,4.8,345,6,6,164,Midtown South,8000.0,480.0,1.2,0.2,0.8,49
1117,50149499,BUFFALO WILD WINGS GO,"1258 LEXINGTON AVENUE, MANHATTAN, NY 10028",Buffalo Wild Wings GO,0x89c25907c805c9fb:0xcc040efb91822956,,40.7787773,-73.956419,7,6,0,,4.0,242,6,6,236,Upper East Side North,780.8000000000001,52.31360000000001,2.0,0.5,0.5,115
1118,50149714,BLUE BOTTLE COFFEE,"22 BROAD STREET, MANHATTAN, NY 10005",Blue Bottle Coffee,0x89c25bf43ee18e5f:0xec7eba243d1cced0,,40.7065505,-74.0112971,7,6,0,People typically spend 10 min to 1 hr here,4.2,246,6,6,87,Financial District North,2137.575,177.418725,3.0,0.7,0.3,29
1119,50149726,BAR PRIMI,"349 WEST   33 STREET, MANHATTAN, NY 10001",Bar Primi Penn District,0x89c259871f9915dd:0xda918150cb6909ee,,40.7524624,-73.9958877,7,6,0,People typically spend 4 hours here,4.2,533,6,6,68,East Chelsea,5428.754999999999,298.5815249999999,1.0,0.1,0.9,303
1120,50149745,MAYA'S SNACK BAR,"2267 2 AVENUE, MANHATTAN, NY 10035",Mayas Snack Bar,0x89c2f7cf5ccf2951:0x688f01d6e7ca2ec3,,40.797384,-73.9378076,7,6,0,People typically spend 25 min to 1.5 hr here,4.1,60,6,6,74,East Harlem North,480.0,32.16,1.8,0.4,0.6,101
1121,50149838,XING FU TANG KTOWN,"325 5 AVENUE, MANHATTAN, NY 10016",Xing Fu Tang Ktown,0x89c259aba4cbec0f:0xb39346482cac200c,,40.7474382,-73.9850675,7,6,0,,4.7,752,6,6,164,Midtown South,1794.72,148.96176,3.0,0.7,0.3,49
1122,50150089,AMBER SUSHI,"1406 3 AVENUE, MANHATTAN, NY 10075",Amber 80st,0x89c2597b384e3edf:0xa07105b924e0d941,,40.7749717,-73.9571173,7,6,0,People typically spend 1.5-3.5 hours here,4.2,288,6,6,236,Upper East Side North,1192.8,65.604,1.0,0.15,0.85,115
1123,50150196,KOSMIC COMMUNITY ANTI BAR,"115 AVENUE C, MANHATTAN, NY 10009",Kosmic Community Anti Bar & Coffee Shop,0x89c2598081e24fc3:0x9f24b53f8196855d,,40.7244048,-73.9787807,7,6,0,People typically spend 1-3 hours here,4.8,219,6,6,4,Alphabet City,577.6,47.9408,3.0,0.7,0.3,15
1124,50150633,GOTTA GETTA BAGEL,"263 1 AVENUE, MANHATTAN, NY 10003",Gotta Getta Bagel,0x89c259759b40b187:0x84abbf670fd50ca6,,40.732308,-73.98209,7,4,0,,3.9,434,6,6,107,Gramercy,1200.0,99.6,2.5,0.6,0.4,228
1125,50150854,REGULAR NYC,"19 RECTOR STREET, MANHATTAN, NY 10006",REGULAR NYC,0x89c25b64749bb9c1:0x47089f861f79d5a5,,40.70804,-74.014163,7,6,0,People typically spend 45 min to 1.5 hr here,4.9,716,6,6,261,World Trade Center,6400.619999999999,384.0371999999999,1.2,0.2,0.8,23
1126,50150892,WHITE NOISE,"606 WEST   57 STREET, MANHATTAN, NY 10019",White Noise Coffee - Coffee Shop & Roastery,0x89c2591ffa9738df:0x84b809dc5d3e3181,,40.7701469,-73.99193149999999,7,6,0,People typically spend 30 min to 2 hr here,4.6,465,6,6,50,Clinton West,1906.05,158.20215,3.0,0.7,0.3,72
1127,50150901,NARI,"43 WEST   54 STREET, MANHATTAN, NY 10019",NARI,0x89c2592dcf69ccad:0x20eeb6eae16a8c86,,40.7621477,-73.97752489999999,7,6,0,People typically spend 1.5-4 hours here,4.4,237,6,6,161,Midtown Center,6556.05,360.58275,1.0,0.15,0.85,88
1128,50151033,FIVE GUYS BURGERS & FRIES,"188 2 AVENUE, MANHATTAN, NY 10003",Five Guys,0x89c2599e81907043:0x847ceefc8a304b44,,40.7308235,-73.9857624,7,6,0,People typically spend 15 min to 2.5 hr here,4.0,56,6,6,79,East Village,1256.8,75.408,1.2,0.2,0.8,63
1129,50151204,FELLINI COFFEE CHELSEA,"231 8 AVENUE, MANHATTAN, NY 10011",Fellini Coffee Chelsea,0x89c259e94f37b0dd:0xd485d372f20abada,,40.7445688,-73.99925329999999,7,6,0,People typically spend 20 min to 1.5 hr here,4.5,515,6,6,68,East Chelsea,346.0,28.718,3.0,0.7,0.3,303
1130,50151232,SACHI ASIAN BISTRO I,"713 2 AVENUE, MANHATTAN, NY 10016",Sachi Asian Bistro,0x89c259048aac4487:0xf92f935fb7b3a28a,,40.7476807,-73.9741598,7,6,0,,4.3,508,6,6,170,Murray Hill,580.0,34.8,1.2,0.3,0.7,92
1131,50151262,D' LA PARA PICA POLLO,"151 NAGLE AVENUE, MANHATTAN, NY 10040",D' LA PARA PICA POLLO - DYCKMAN,0x89c2f5005130d1d9:0x311342a3f7e872c8,,40.8610099,-73.92593409999999,7,6,0,People typically spend 10 min to 1 hr here,3.7,440,6,6,243,Washington Heights North,1874.0,125.558,2.0,0.5,0.5,24
1132,50151450,CHICHA SAN CHEN,"72 BAYARD STREET, MANHATTAN, NY 10013",Chicha San Chen,0x89c25b000fd87579:0x2b24f23447c1f48a,,40.7157282,-73.9982357,7,6,0,People typically spend 20 min to 1.5 hr here,4.5,1278,6,6,45,Chinatown,1000.0,83.0,3.0,0.7,0.3,14
1133,50151490,WILDFLOWER,"505 WEST   23 STREET, MANHATTAN, NY 10011",Wildflower,0x89c259002599179d:0x31277be56e940347,,40.7479939,-74.00437079999999,7,6,0,People typically spend 1.5-4 hours here,4.8,892,6,6,246,West Chelsea/Hudson Yards,1550.0,93.0,1.2,0.2,0.8,114
1134,50152070,FRIEDMAN'S,"138 WEST   31 STREET, MANHATTAN, NY 10001",Friedman's,0x89c259af22fb0c51:0x6b78c8ca952665f4,,40.7485089,-73.9908866,7,6,0,People typically spend 45 min to 2 hr here,4.4,4548,6,6,186,Penn Station/Madison Sq West,1648.5,98.91,1.2,0.2,0.8,221
1135,50152172,L'INCONTRO BY ROCCO,"1572 2 AVENUE, MANHATTAN, NY 10028",L’incontro by Rocco,0x89c25f67a8bdbf15:0x6ad768079e165e8b,,40.7749695,-73.95354739999999,7,6,0,People typically spend 1.5-4 hours here,4.7,1493,6,6,263,Yorkville West,1440.0,79.2,1.0,0.1,0.9,73
1136,50152176,MALA TOWN,"929 AMSTERDAM AVENUE, MANHATTAN, NY 10025",Mala Town,0x89c2f707553e95b3:0xac62a45aae559b3,,40.8000597,-73.96562399999999,7,6,0,People typically spend 45 min to 2.5 hr here,4.9,1171,6,6,151,Manhattan Valley,1200.0,72.0,1.2,0.3,0.7,38
1137,50152273,HEY YOGURT,"120 WEST    3 STREET, MANHATTAN, NY 10012",Hey Yogurt,0x89c25900632cb86b:0xcd33aaa82c791697,,40.7304787,-74.0004325,7,6,0,,4.9,675,6,6,114,Greenwich Village South,210.4,17.4632,3.0,0.8,0.1999999999999999,15
1138,50152288,SON DEL NORTH,"177 ORCHARD STREET, MANHATTAN, NY 10002",Son del North,0x89c259579b21ca5d:0x5f6618b7bf920ffb,,40.7218098,-73.9885376,7,6,0,,4.3,543,6,6,148,Lower East Side,640.0,38.4,1.2,0.2,0.8,43
1139,50152299,LITTLE HEN,"155 BLEECKER STREET, MANHATTAN, NY 10012",Little Hen,0x89c259ad3980c37f:0x7620b55de9f26b08,,40.7286096,-73.9996886,7,6,0,People typically spend 1.5-2.5 hours here,4.2,387,6,6,114,Greenwich Village South,1275.0,76.5,1.2,0.2,0.8,15
1140,50152501,PALETERIA LA MICHOACANITA,"121 NAGLE AVENUE, MANHATTAN, NY 10040",Paleteria La Michoacanita,0x89c2f5007fe0dad9:0x9d6ad026a807e572,,40.8606729,-73.9268246,7,6,0,People typically spend 15-45 min here,4.8,96,6,6,243,Washington Heights North,426.6666666666667,35.41333333333333,3.0,0.8,0.1999999999999999,24
1141,50152540,ETC,"810 7 AVENUE, MANHATTAN, NY 10019",Convene 810 Seventh Avenue,0x89c25934d1e843e3:0x2373706e7e60f9a6,,40.7628107,-73.9823263,1,6,0,,4.1,10,0,6,230,Times Sq/Theatre District,977.6571428571428,58.65942857142857,1.2,0.2,0.8,523
1142,50152572,ROSA'S PIZZA,"1289 MADISON AVENUE, MANHATTAN, NY 10128",Rosa’s Pizza,0x89c25900258d4677:0xa6cb9980061976d9,,40.7843995,-73.95597099999999,7,6,0,,4.5,64,6,6,236,Upper East Side North,1500.5,100.5335,1.8,0.5,0.5,115
1143,50152613,ORANGE MOON CAFE,"1045 1 AVENUE, MANHATTAN, NY 10022",Orange Moon Cafè,0x89c2595e6e2469b7:0xcc916fa380b179e9,,40.7585233,-73.9630236,7,6,0,,4.6,151,6,6,229,Sutton Place/Turtle Bay North,677.3333333333334,56.21866666666667,3.0,0.7,0.3,48
1144,50153008,CHA &,"355 GRAND STREET, MANHATTAN, NY 10002",cha &,0x89c2590008177d7f:0x47495a074c3f7426,,40.7166084,-73.9894077,7,6,0,People typically spend 15 min to 1.5 hr here,4.8,386,6,6,148,Lower East Side,365.12,30.30496,3.0,0.7,0.3,43
1145,50153165,SOZAI,"19 WEST   45 STREET, MANHATTAN, NY 10036",Sozai Japanese Restaurant (Izakaya Ramen),0x89c2592173e83c91:0x649b09d198ca2d70,,40.7559647,-73.980516,7,6,0,People typically spend 45 min to 1.5 hr here,4.9,4167,6,6,161,Midtown Center,1345.08,73.9794,1.0,0.15,0.85,88
1146,50153187,HARLEM SHARK BAR,"341 MALCOLM X BOULEVARD, MANHATTAN, NY 10027",Harlem Shark Bar,0x89c2f7002b4891df:0xdb35dad35342dbbd,,40.809368,-73.944751,7,6,0,People typically spend 1-3.5 hours here,3.3,35,6,6,42,Central Harlem North,1600.0,96.0,1.2,0.2,0.8,70
1147,50153306,SUBWAY,"925 8 AVENUE, MANHATTAN, NY 10019",Subway,0x89c25996027b9fc5:0x3643a2cf333fd903,,40.7653933,-73.9841606,7,4,42,,2.9,145,6,6,48,Clinton East,1770.0,146.91,2.5,0.6,0.4,435
1148,50153328,FATTOUSH,"221 1 AVENUE, MANHATTAN, NY 10003",Fattoush,0x89c2598024409521:0x761b97a025cc3086,,40.7309288,-73.98325799999999,7,6,0,,4.9,348,6,6,79,East Village,640.0,38.4,1.2,0.2,0.8,63
1149,50153701,PIZZAZZ,"38 UNION SQUARE EAST, MANHATTAN, NY 10003",Pizzazz,0x89c25900081c86fd:0xfb4d4f4e51c5732f,,40.7361008,-73.98908089999999,7,6,0,,5.0,967,6,6,107,Gramercy,3000.0,201.0,1.8,0.5,0.5,46
1150,50153858,SUSHI DAMO/ DAMO RAMEN,"330 WEST   58 STREET, MANHATTAN, NY 10019",Sushi Damo,0x89c258588f66f401:0xd5fd7dc0fb3f5fc4,,40.7677324,-73.9836128,7,6,0,,4.3,702,6,6,48,Clinton East,1378.25,75.80375,1.0,0.15,0.85,130
1151,50154029,SUBWAY,"563 LENOX AVENUE, MANHATTAN, NY 10037",Subway,0x89c2f5d6acc80945:0x52290a98dc4df761,,40.8165905,-73.9394434,7,6,0,,3.6,118,6,6,42,Central Harlem North,8000.0,664.0,2.5,0.6,0.4,70
1152,50154397,SUPREME PIZZA,"200 EAST  116 STREET, MANHATTAN, NY 10029",Supreme Pizza NY,0x89c2f7fb7348fcf9:0xc0cda94964022971,,40.7975448,-73.9398168,7,6,0,,4.4,56,6,6,74,East Harlem North,1000.0,67.0,1.8,0.5,0.5,101
1153,50154440,BAGEL EXPRESS II,"1228 2 AVENUE, MANHATTAN, NY 10065",Bagel Express II,0x89c258e851c09e63:0x73fb7504e5df132a,,40.7639338,-73.9616044,7,5,0,People typically spend 1.5-4 hours here,4.0,159,6,6,141,Lenox Hill West,870.0,72.21000000000001,3.0,0.8,0.1999999999999999,79
1154,50154692,LITTLE ITALY PIZZA,"1367 BROADWAY, MANHATTAN, NY 10018",Little Italy Pizza,0x89c25900651abdf1:0x184ea25c5ea6b040,,40.7520364,-73.9877012,7,6,0,People typically spend 25 min here,4.3,213,6,6,100,Garment District,878.5714285714286,58.86428571428571,1.8,0.5,0.5,73
1155,50154794,PARIS BAGUETTE,"591 LEXINGTON AVENUE, MANHATTAN, NY 10022",Paris Baguette,0x89c258e352be9353:0xb3e33b800cd903b0,,40.7575753,-73.9713694,7,5,0,People typically spend 10-45 min here,4.4,1179,6,6,162,Midtown East,529.8571428571429,43.97814285714286,3.0,0.7,0.3,75
1156,50154922,FIVE BOYS FRESH PIZZA,"206 VARICK STREET, MANHATTAN, NY 10014",Five Boys Fresh Pizza,0x89c259a4d37338a1:0xae89a2991efad74b,,40.7286798,-74.0050937,7,6,0,People typically spend 5 min to 2 hr here,4.1,80,6,6,249,West Village,952.5,63.8175,1.8,0.5,0.5,30
1157,50154963,OXFORD CAFE,"86 BROAD STREET, MANHATTAN, NY 10004",Oxford Cafe,0x89c25b058e74ef43:0x86f143b0d13e8a92,,40.7041669,-74.0117229,7,6,0,People typically spend 20 min to 4 hr here,4.7,202,6,6,88,Financial District South,307.5,18.45,1.1,0.2,0.8,24
1158,50155359,HELL'S KITCHEN PICKLEBALL CLUB,"660 12 AVENUE, MANHATTAN, NY 10019",Hell's Kitchen Pickleball,0x89c259fdcf66282b:0xd7f6ba10e1b86378,,40.765641,-73.9970948,7,6,0,People typically spend 2-4 hours here,5.0,19,6,6,50,Clinton West,8000.0,480.0,1.2,0.2,0.8,72
1159,50155455,EL CIBAO RESTAURANT,"1574 SAINT NICHOLAS AVENUE, MANHATTAN, NY 10040",El Cibao Restaurant,0x89c2f5847b5ed0c7:0x113b3b89986224ff,,40.8541109,-73.9300255,7,6,0,,4.3,30,6,6,243,Washington Heights North,2500.0,137.5,0.9,0.1,0.9,24
1160,50155477,AYADA THAI 2,"75 9 AVENUE, MANHATTAN, NY 10011",Ayada,0x89c259a41956e1e5:0xa8f7a23fcd913c43,,40.7426716,-74.0061623,7,6,0,People typically spend 25 min to 3 hr here,4.2,852,6,6,68,East Chelsea,200.0,11.0,1.0,0.15,0.85,303
1161,50155901,SERPENTINE,"64 GREENWICH AVENUE, MANHATTAN, NY 10011",Serpentine,0x89c259ad30124827:0xbcf2580076487f47,,40.7361254,-74.00062129999999,7,0,53,People typically spend 1.5-4 hours here,4.6,146,6,6,249,West Village,711.2,35.56,0.8,0.05,0.95,55
1162,50155938,STARSTRUCK COFFEE,"454 9 AVENUE, MANHATTAN, NY 10018",Starstruck Coffee,0x89c259ba70a29f71:0x36fa0663a38abec7,,40.754176,-73.9953772,7,5,0,,4.8,312,6,6,68,East Chelsea,714.2857142857143,59.28571428571429,3.0,0.7,0.3,182
1163,50155961,ALISON,"1651 LEXINGTON AVENUE, MANHATTAN, NY 10029",Alison,0x89c2f79f01ff97d3:0xec2dcfd2cab73a60,,40.7909561,-73.9469905,7,6,0,People typically spend 45 min to 2.5 hr here,4.5,557,6,6,75,East Harlem South,1260.0,75.6,1.2,0.2,0.8,186
1164,50155966,GELATERIA GENTILE,"498 AMSTERDAM AVENUE, MANHATTAN, NY 10024",Gelateria Gentile,0x89c259003cb01a77:0x6cfd2fc8fcfa897e,,40.786618,-73.976181,7,6,0,,4.5,168,6,6,239,Upper West Side South,2400.0,199.2,3.0,0.8,0.1999999999999999,75
1165,50156054,WENDY'S,"3939 BROADWAY, MANHATTAN, NY 10032",Wendy's,0x89c2f69ca3c62e05:0x88a04a6b3184ea82,,40.8391327,-73.9416079,7,5,0,People typically spend 20 min here,3.9,2701,6,6,244,Washington Heights South,2627.0,157.62,1.2,0.2,0.8,95
1166,50156056,WENDY'S,"2121 3 AVENUE, MANHATTAN, NY 10029",Wendy's,0x89c2f6063b27857b:0x67e6ef8b258ccc7a,,40.797685,-73.9399423,7,5,0,People typically spend 15 min here,3.8,2197,6,6,74,East Harlem North,2084.0,172.972,2.5,0.6,0.4,103
1167,50156112,MOSHE'S FALAFEL,"142 WEST   83 STREET, MANHATTAN, NY 10024",Moshe's falafel,0x89c25959d7c169a5:0xc1678e6742debed0,,40.7851728,-73.9753193,7,6,0,,4.8,208,6,6,239,Upper West Side South,2038.35,122.301,1.1,0.15,0.85,75
1168,50156295,THE MERMAID INN,"335 COLUMBUS AVENUE, MANHATTAN, NY 10023",The Mermaid Inn,0x89c2590045a1b277:0xe79d69ceaa1edced,,40.779775,-73.9768661,7,6,0,People typically spend 1.5-4 hours here,4.7,458,6,6,239,Upper West Side South,533.3333333333334,26.66666666666667,0.8,0.05,0.95,75
1169,50156384,SUGARFISH BY SUSHI NOZAWA,"207 WEST   75 STREET, MANHATTAN, NY 10023",SUGARFISH by sushi nozawa,0x89c259003b8ccaa7:0x2a1678ac33adc534,,40.7808702,-73.9806622,7,6,0,People typically spend 1-2 hours here,4.4,125,6,6,239,Upper West Side South,2510.25,138.06375,1.0,0.15,0.85,75
1170,50156803,KFC,"4250 BROADWAY, MANHATTAN, NY 10033",KFC,0x89c2f571c77c903d:0x19e58ff3794827fa,,40.8498689,-73.9356573,7,6,0,People typically spend 15-45 min here,3.1,151,6,6,243,Washington Heights North,2693.25,161.595,1.2,0.2,0.8,24
1171,50157099,BLUE BOTTLE COFFEE,"1345 6 AVENUE, MANHATTAN, NY 10105",Blue Bottle Coffee,0x89c259c44cd5ec01:0x7dd0c8cb2a50eaf6,,40.7630255,-73.97891469999999,7,6,0,,4.3,353,6,6,163,Midtown North,2059.92,170.97336,3.0,0.7,0.3,74
1172,50157105,BLUE BOTTLE COFFEE,"396 BROADWAY, MANHATTAN, NY 10013",Blue Bottle Coffee,0x89c259e5b947e9b7:0x839b9d58e597d440,,40.7184835,-74.002449,7,5,0,People typically spend 15 min to 1 hr here,4.2,484,6,6,231,TriBeCa/Civic Center,3300.0,273.9,3.0,0.7,0.3,55
1173,50157215,CUCINA ITALIAN TAVERN,"331 LENOX AVENUE, MANHATTAN, NY 10027",Cucina Italian tavern,0x89c2f7bed26e80fd:0xb96b4a1f708bf5b3,,40.8089393,-73.9449612,7,6,0,People typically spend 1.5-4 hours here,4.7,283,6,6,42,Central Harlem North,880.0,48.4,1.0,0.1,0.9,70
1174,50157466,EL CAPRI III,"3379 BROADWAY, MANHATTAN, NY 10031",El Nuevo Capri #3 Restaurant,0x89c2f7a71a0cd177:0xa1b3eb71a53ef46b,,40.8214312,-73.9544847,7,6,0,,4.0,21,6,6,152,Manhattanville,1750.0,96.25,0.9,0.1,0.9,17
1175,50157900,DRAGON 105,"911 COLUMBUS AVENUE, MANHATTAN, NY 10025",Dragon 105,0x89c2f7b8128c367f:0x5542f1fcc4d81bac,,40.7982277,-73.96329589999999,7,6,0,,4.3,46,6,6,151,Manhattan Valley,719.5,43.17,1.2,0.3,0.7,38
1176,50158689,FAY DA BAKERY,"83 MOTT STREET, MANHATTAN, NY 10013",Fay Da Bakery,0x89c25a27738b5d7b:0xa4c5aa253b289ecc,,40.7166776,-73.9979919,7,6,0,,4.3,625,6,6,45,Chinatown,460.0,27.6,1.2,0.3,0.7,14
1177,50158741,CASA TUA NYC,"20 EAST   76 STREET, MANHATTAN, NY 10021",Casa Tua New York,0x89c259b5ab45a827:0x47d9c78520589fb,,40.7743678,-73.9640378,7,6,0,People typically spend 25 min to 4 hr here,4.4,217,6,6,237,Upper East Side South,661.32,36.37260000000001,1.0,0.1,0.9,131
1178,50158826,FAMOUS POP'S PIZZAS,"840 8 AVENUE, MANHATTAN, NY 10019",Famous Pops Pizzas,0x89c25857ae16a96b:0xced7309cd7443adf,,40.7626089,-73.985659,7,6,0,,4.5,1683,6,6,230,Times Sq/Theatre District,1639.0,109.813,1.8,0.5,0.5,118
1179,50158853,MOKAFE,"687 8 AVENUE, MANHATTAN, NY 10036",MOKAFÉ,0x89c259002734c467:0x475b7ab4b91b8737,,40.7582851,-73.9894356,7,6,0,People typically spend 30 min to 2 hr here,4.7,1370,6,6,48,Clinton East,1950.0,161.85,3.0,0.7,0.3,130
1180,50159087,LULLA,"113 WEST   24 STREET, MANHATTAN, NY 10011",Lulla NYC,0x89c259bf22ca32bd:0x35d818a560181b20,,40.7441117,-73.99299409999999,7,6,0,People typically spend 10 min to 2 hr here,4.8,1066,6,6,90,Flatiron,8000.0,440.0,1.0,0.1,0.9,31
1181,50159261,FROZEN LOVE,"122 LA SALLE STREET, MANHATTAN, NY 10027",FROZEN LOVE,0x89c2f7ba35cf13c7:0x8d0c931969aadfd9,,40.81378,-73.9601598,7,6,0,,4.9,72,6,6,166,Morningside Heights,2000.0,120.0,1.1,0.2,0.8,61
1182,50159396,HOLY COW,"34 CANAL STREET, MANHATTAN, NY 10002",Holy Burger LES,0x89c259a8a766aaab:0xbe5ac8dc629b5c55,,40.7143638,-73.99069349999999,7,6,0,People typically spend 20 min to 2.5 hr here,4.6,1874,6,6,232,Two Bridges/Seward Park,457.6,37.9808,2.5,0.6,0.4,29
1183,50159439,CICI'S KITCHEN,"52A SHERMAN AVENUE, MANHATTAN, NY 10040",Ceci's,0x89c2f407ae286515:0xa5dba8056e49062a,,40.8632172,-73.92745219999999,7,6,0,People typically spend 25 min to 3 hr here,4.3,146,6,6,243,Washington Heights North,2080.0,124.8,1.2,0.2,0.8,24
1184,50159487,LY LY,"306 EAST   81 STREET, MANHATTAN, NY 10028",Ly Ly Vietnam Cookhouse,0x89c25911011454d9:0x5b4f2bae7004238d,,40.77429,-73.9537196,7,6,0,People typically spend 45 min to 1.5 hr here,4.8,491,6,6,263,Yorkville West,1012.0,60.72,1.1,0.2,0.8,73
1185,50159616,MORI COFFEE,"529 2 AVENUE, MANHATTAN, NY 10016",Mori Coffee,0x89c2593d2acb317b:0xf9e1f2637da033b1,,40.7420189,-73.9782116,7,6,0,People typically spend 10 min to 1 hr here,4.7,160,6,6,137,Kips Bay,4953.0,411.0990000000001,3.0,0.7,0.3,188
1186,50159859,SADIE'S WARD,"121 ESSEX STREET, MANHATTAN, NY 10002",Sadie’s Ward,0x89c259005dc58a91:0x2881dd05fa913a64,,40.7196604,-73.9878877,7,6,0,People typically spend 1.5-4 hours here,4.6,161,6,6,148,Lower East Side,289.6,17.376,1.2,0.2,0.8,43
1187,50159870,LEON'S,"817 BROADWAY, MANHATTAN, NY 10003",Leon's,0x89c259000bc1f53d:0x2140421c58e76623,,40.7332151,-73.99129909999999,7,6,0,People typically spend 1.5-4 hours here,4.5,191,6,6,113,Greenwich Village North,1989.6,109.428,1.0,0.1,0.9,25
1188,50159882,SAKE BAR ASOKO,"127 EAST BROADWAY, MANHATTAN, NY 10002",Sake Bar Asoko,0x89c25b00409d655d:0x11805caa3deb34b8,,40.7137081,-73.9919932,2,6,0,People typically spend 45 min to 3.5 hr here,4.9,124,1,6,232,Two Bridges/Seward Park,1433.6,78.848,1.0,0.15,0.85,29
1189,50159964,BOLIVAL BAKERY COFFEE SHOP & ICE CREAM,"2002 3 AVENUE, MANHATTAN, NY 10029",Bolivar Bakery,0x89c2f7f9cf9502f9:0xbae7063ae6a00657,,40.7941316,-73.9431704,7,5,0,,4.6,13,6,6,75,East Harlem South,2400.0,199.2,3.0,0.7,0.3,106
1190,50160273,WONDER PHO,"1716 1 AVENUE, MANHATTAN, NY 10128",Wonder Phở,0x89c259005dfe7351:0x61155c2ce3bc891c,,40.7785117,-73.9477886,7,6,0,People typically spend 45 min to 3 hr here,4.7,631,6,6,262,Yorkville East,2015.0,120.9,1.1,0.2,0.8,38
1191,50160379,HOLY COW BURGERS,"600 EAST   14 STREET, MANHATTAN, NY 10009",Holy Cow Burgers,0x89c2594a73d1d7d3:0x192cda23190481e4,,40.72921,-73.9779707,7,6,0,People typically spend 10 min to 1.5 hr here,4.7,562,6,6,4,Alphabet City,1630.0,97.8,1.2,0.2,0.8,15
1192,50160420,ONE FIFTY FRESH PIZZA 40TH ST,"143 WEST   40 STREET, MANHATTAN, NY 10018",$1.50 Fresh Pizza,0x89c259ab47525c95:0xaf72b6e24dc363d1,,40.7546791,-73.987405,7,6,0,,4.5,2713,6,6,100,Garment District,3764.5,252.2215,1.8,0.5,0.5,73
1193,50160447,LITTLE MORE,"111 READE STREET, MANHATTAN, NY 10013",Little More,0x89c25b0065b8c675:0x816ee2cf256b126b,,40.7157583,-74.00869709999999,7,6,0,People typically spend 1.5-4 hours here,4.5,104,6,6,231,TriBeCa/Civic Center,1870.5,112.23,1.2,0.2,0.8,50
1194,50160528,DUBAI LOUNGE & RESTAURANT LLC,"1579 SAINT NICHOLAS AVENUE, MANHATTAN, NY 10040",Dubai Lounge & Restaurant,0x89c2f5f566e1c935:0x17271b34f377ab5c,,40.8543044,-73.9303311,7,6,0,,4.1,10,6,6,243,Washington Heights North,666.6666666666666,36.66666666666666,0.9,0.1,0.9,24
1195,50160881,NEW BAGEL RX,"162 WEST   13 STREET, MANHATTAN, NY 10011",Bagel RX,0x89c259feead563bb:0xe02b09adbde50604,,40.7377109,-74.0000434,7,6,0,,4.5,301,6,6,249,West Village,543.6,32.616,1.2,0.2,0.8,30
1196,50160904,BIBLIOTHEQUE,"54 MERCER STREET, MANHATTAN, NY 10013",Bibliotheque,0x89c259b6e00335bd:0xa8f4f22e2eb18a3d,,40.7218082,-74.0007476,7,6,0,People typically spend 45 min to 2.5 hr here,4.4,564,6,6,211,SoHo,8000.0,480.0,1.2,0.2,0.8,26
1197,50160980,BANH MI CO UT 2,"103A ELDRIDGE STREET, MANHATTAN, NY 10002",Bánh Mì Cô Út 2,0x89c2597cb679c8d3:0xe0cf19744dd3c6a2,,40.7178695,-73.9922595,7,6,0,,4.7,77,6,6,148,Lower East Side,1576.0,130.808,2.5,0.6,0.4,43
1198,50161217,DAGG THAI,"10 EAST   39 STREET, MANHATTAN, NY 10016",Dagg Thai Restaurant,0x89c259590dc2d9c3:0x319d7156d722b860,,40.751161,-73.981529,7,6,0,People typically spend 45 min to 1.5 hr here,4.9,2986,6,6,170,Murray Hill,3188.4,175.362,1.0,0.15,0.85,92
1199,50161451,DAWSON 39,"54 WEST   39 STREET, MANHATTAN, NY 10018",Dawson 39 Restaurant & Bar,0x89c2592d435ee003:0xc57bf36e5ae5f1fd,,40.752396,-73.98477059999999,1,6,0,People typically spend 1-2.5 hours here,4.5,103,0,6,164,Midtown South,8000.0,400.0,0.8,0.05,0.95,114
1200,50161634,ONCHEON,"312 5 AVENUE, MANHATTAN, NY 10001",Oncheon NYC,0x89c2598ab3489cd5:0xa10e21c9cd240402,,40.7470671,-73.9859609,7,6,0,People typically spend 1.5-4 hours here,4.7,506,6,6,164,Midtown South,670.7571428571429,36.89164285714286,1.0,0.15,0.85,49
1201,50161777,DARK MATTER COFFEE - ADIOS AMIGOS,"1 EAST    1 STREET, MANHATTAN, NY 10003",Dark Matter Coffee - Adios Amigos,0x89c25961e3abe103:0x3cefe637516b5025,,40.7246624,-73.9920929,7,6,0,People typically spend 20 min to 1 hr here,4.6,156,6,6,79,East Village,3743.5,310.7105,3.0,0.7,0.3,63
1202,50161952,CHEZ MARGAUX,"403 WEST   13 STREET, MANHATTAN, NY 10014",Chez Margaux,0x89c2590056454b1b:0x7b13d19786e7d3fd,,40.7405257,-74.0060769,2,6,0,,3.3,29,1,6,158,Meatpacking/West Village West,1468.05,88.083,1.2,0.2,0.8,16
1203,50162035,WINGSTOP,"80 CARMINE STREET, MANHATTAN, NY 10014",Wingstop,0x89c259219afa9775:0x712e48b27138b04,,40.72941,-74.0048604,7,6,0,,3.1,110,6,6,249,West Village,786.0,52.66200000000001,2.0,0.5,0.5,30
1204,50162276,XI'AN FAMOUS FOODS,"309 AMSTERDAM AVENUE, MANHATTAN, NY 10023",Xi'an Famous Foods 西安名吃 | 74th&Amsterdam UWS,0x89c2598894b04d37:0xd23bb8d79a00d08c,,40.7801202,-73.9801846,7,6,0,,4.5,571,6,6,239,Upper West Side South,779.5,46.77,1.1,0.2,0.8,75
1205,50162286,YONGCHUAN,"90 CLINTON STREET, MANHATTAN, NY 10002",YongChuan,0x89c259499f31b5bd:0xd606fc0e775d5325,,40.7182555,-73.98522969999999,7,6,0,People typically spend 1.5-2.5 hours here,4.6,443,6,6,232,Two Bridges/Seward Park,621.2,37.272,1.2,0.3,0.7,29
1206,50162486,MALTA COFFEE,"1045 LEXINGTON AVENUE, MANHATTAN, NY 10021",Malta Coffee,0x89c259762452cdaf:0x3af41bbd03fa592d,,40.7720733,-73.96081459999999,7,6,0,People typically spend 25 min to 2 hr here,4.4,164,6,6,237,Upper East Side South,1700.0,141.1,3.0,0.7,0.3,131
1207,50162517,TORTILLERIA ROSTICERIA EL GUERRERENSE,"2002 AMSTERDAM AVENUE, MANHATTAN, NY 10032",Tortilleria & Rosticeria El Guerrerence,0x89c2f77db45e4865:0xe891405f042c6571,,40.8342979,-73.9412483,7,6,0,People typically spend 20 min to 4 hr here,3.5,43,6,6,244,Washington Heights South,1000.0,67.0,1.8,0.4,0.6,149
1208,50162594,FOUNTAIN HOUSE AND BODY,"698 10 AVENUE, MANHATTAN, NY 10019",Fountain House and Body Cafe,0x89c259ba01ab497f:0x9c5194ae4aed97da,,40.7638002,-73.99209189999999,7,6,0,,4.9,39,6,6,48,Clinton East,1600.0,132.8,3.0,0.7,0.3,130
1209,50162729,SARANDA CAFE,"330 WEST   38 STREET, MANHATTAN, NY 10018",Saranda Cafe,0x89c259ae9fe8b705:0x3c5d77e7864a7f4f,,40.7553285,-73.99346349999999,1,5,0,,4.8,120,0,6,68,East Chelsea,1638.57,136.00131,3.0,0.7,0.3,259
1210,50163272,MADRAS DOSA CO,"668 6 AVENUE, MANHATTAN, NY 10010",Madras Dosa Co.,0x89c2590069746f79:0x216b6724f30b0758,,40.7413306,-73.9936523,7,6,0,People typically spend 25 min to 1.5 hr here,4.6,413,6,6,234,Union Sq,2960.0,162.8,1.0,0.15,0.85,50
1211,50163395,DOUGH,"1119 LEXINGTON AVENUE, MANHATTAN, NY 10075",Dough Doughnuts UES,0x89c259192ad329e7:0x41bb3d631aea082f,,40.7740681,-73.9592957,7,6,0,,4.0,73,6,6,236,Upper East Side North,621.5,51.58450000000001,3.0,0.8,0.1999999999999999,115
1212,50163407,ALABAMA CHICKEN,"2027 LEXINGTON AVENUE, MANHATTAN, NY 10035",Alabama Chicken & Burger,0x89c2f746b3906967:0x5b9e9219541a59df,,40.8034394,-73.937888,7,6,0,,4.5,11,6,6,74,East Harlem North,320.0,26.56,2.5,0.6,0.4,101
1213,50163440,DAILY PROVISIONS,"225 LIBERTY STREET, MANHATTAN, NY 10280",Daily Provisions - Brookfield Place,0x89c25b366605586f:0x879aaa3ebd80e044,,40.7126191,-74.01543939999999,7,6,0,,3.5,33,6,6,13,Battery Park City,3003.756,249.3117480000001,3.0,0.7,0.3,20
1214,50163946,JUMBO BAGEL,"696 3 AVENUE, MANHATTAN, NY 10017",Jumbo Bagel Cafe,0x89c2597679ddf4c5:0xafa2605cda0d1a7,,40.7519976,-73.9739276,7,6,0,,4.1,98,6,6,162,Midtown East,672.0,55.776,3.0,0.8,0.1999999999999999,108
1215,50164401,BAR REVIVAL,"161 LUDLOW STREET, MANHATTAN, NY 10002",Bar Revival,0x89c259fae65eb88b:0x56a6999c478f26a7,,40.7214849,-73.9879909,7,6,0,,4.8,215,6,6,148,Lower East Side,1470.4,88.224,1.2,0.2,0.8,43
1216,50164414,YUNNAN RICE NOODLE,"274 GRAND STREET, MANHATTAN, NY 10002",Yunnan Rice Noodle,0x89c259003c19b427:0xd15c16c2e8856290,,40.7180203,-73.9927728,7,4,34,People typically spend 30 min to 1.5 hr here,4.3,207,6,6,148,Lower East Side,4351.2,261.072,1.2,0.3,0.7,232
1217,50164421,COMA BUENO,"944 COLUMBUS AVENUE, MANHATTAN, NY 10025",Coma Bueno,0x89c2f62304fe8fa5:0x4fb5b2218e6e830a,,40.799641,-73.96297,7,6,0,,4.3,129,6,6,24,Bloomingdale,480.0,28.8,1.2,0.2,0.8,25
1218,50164631,LOS TACOS NO.1,"20 BROAD STREET, MANHATTAN, NY 10005",LOS TACOS No.1,0x89c25b19cfb41b11:0xf411357fb669425b,,40.7065233,-74.0116652,7,6,0,People typically spend 25 min here,4.8,953,6,6,87,Financial District North,2137.575,143.217525,1.8,0.4,0.6,29
1219,50164647,AUGUST WILSON THEATER,"245 WEST   52 STREET, MANHATTAN, NY 10019",August Wilson Theatre,0x89c2585665784711:0x1f6534b2eb3833a1,,40.7633333,-73.9842362,7,6,0,,4.6,2664,6,6,230,Times Sq/Theatre District,1200.0,72.0,1.2,0.2,0.8,118
1220,50164674,MARLOW EAST,"1022 LEXINGTON AVENUE, MANHATTAN, NY 10021",Marlow East,0x89c25918cc1969a5:0xd1eb7207581afc26,,40.7711018,-73.9619669,7,6,0,People typically spend 1-4 hours here,4.7,422,6,6,237,Upper East Side South,2025.6,121.536,1.2,0.2,0.8,131
1221,50164868,PASTA LAB,"199 ORCHARD STREET, MANHATTAN, NY 10002",Pasta Lab NYC,0x89c259e5a264ff3d:0x6ff750458f0423c8,,40.7224569,-73.9882028,7,6,0,,4.9,362,6,6,148,Lower East Side,1106.25,60.84375,1.0,0.1,0.9,43
1222,50164953,RIVARENO GELATO,"195 SPRING STREET, MANHATTAN, NY 10012",Rivareno Gelato,0x89c259a0c3ef62ad:0x6d14a257c5d8d2a3,,40.7253239,-74.00322059999999,7,6,0,,4.7,295,6,6,211,SoHo,794.4000000000001,65.93520000000001,3.0,0.8,0.1999999999999999,26
1223,50164998,THE BLACK SHEEP,"593 3 AVENUE, MANHATTAN, NY 10016",The Black Sheep Sports Bar N.Y.C,0x89c2590415957a69:0xf326e84a4575b52,,40.748566,-73.975636,7,6,0,People typically spend 45 min to 2 hr here,4.3,380,6,6,170,Murray Hill,200.0,11.0,1.0,0.1,0.9,92
1224,50165044,LANZHOU HAND PULLED NOODLES & DUMPLINGS,"76 MOTT STREET, MANHATTAN, NY 10013",1915 Lanzhou Hand Pulled Noodles & Dumplings,0x89c25b0033152fc9:0x7289562320bc4637,,40.716462,-73.99786019999999,7,6,0,People typically spend 45 min to 1.5 hr here,4.7,2113,6,6,45,Chinatown,460.0,27.6,1.2,0.3,0.7,14
1225,50165380,LUCY'S,"135 AVENUE A, MANHATTAN, NY 10009",Lucy's,0x89c2599d625964dd:0x840824fe01b34123,,40.7270179,-73.9830509,7,6,0,,4.2,285,6,6,79,East Village,558.5,33.51,1.2,0.2,0.8,63
1226,50165644,JEONG YUK JEOM,"1250 BROADWAY, MANHATTAN, NY 10001",Jeong Yuk Jeom Korean BBQ NYC,0x89c2590040721ec5:0x9b7d13d3314deda1,,40.7478423,-73.9876085,7,0,44,,4.5,326,6,6,164,Midtown South,6717.340000000001,369.4537000000001,1.0,0.15,0.85,32
1227,50165648,BOONGS CHICKEN,"1075 1 AVENUE, MANHATTAN, NY 10022",Boongs Korean Fried Chicken,0x89c258e7001e298f:0x378405848cf4bffb,,40.7595185,-73.9624322,7,6,0,,4.5,104,6,6,229,Sutton Place/Turtle Bay North,500.0,27.5,1.0,0.15,0.85,48
1228,50165716,SPOTO PIZZA,"587 3 AVENUE, MANHATTAN, NY 10016",Spoto Pizza & Gelato,0x89c2590048da5d71:0x52a94d65f3c0be82,,40.7484505,-73.97590029999999,7,6,0,,4.9,269,6,6,170,Murray Hill,374.0,25.058,1.8,0.5,0.5,92
1229,50165849,BB36609BB LLC,"366 WEST   46 STREET, MANHATTAN, NY 10036",Bareburger,0x89c25853e76f3785:0xc87f73e5e6745ded,,40.7606624,-73.9903131,7,6,0,People typically spend 45 min to 2.5 hr here,4.6,4177,6,6,48,Clinton East,960.0,57.6,1.1,0.2,0.8,130
1230,50165868,THE IRISH EXIT,"383 W 33RD ST, MANHATTAN, NY 10001",The Irish Exit,0x89c25977d13440f3:0x5273239a5f25c19c,,40.751702,-73.9960992,7,6,0,,4.6,278,6,6,68,East Chelsea,8000.0,440.0,1.0,0.1,0.9,303
1231,50165918,BKK NEW YORK,"238 WEST   56 STREET, MANHATTAN, NY 10019",BKK New York,0x89c2591a2d695879:0xa7a856a673815959,,40.7656851,-73.9827456,7,6,0,People typically spend 1-2.5 hours here,4.8,613,6,6,163,Midtown North,700.0,38.5,1.0,0.15,0.85,74
1232,50166228,DREAM TALK,"453 WEST   54 STREET, MANHATTAN, NY 10019",Dream Talk,0x89c25936a7188fbf:0x6d7e186d84cdf2a2,,40.7671724,-73.9896373,7,6,0,,4.7,156,6,6,48,Clinton East,2622.75,217.68825,3.0,0.7,0.3,130
1233,50166258,HI SUNNY,"342 7 AVENUE, MANHATTAN, NY 10001",Hi Sunny Restaurant Salad&Dimsum 花园轻食,0x89c259c9741d700d:0xd710dbee867ad3cc,,40.7481767,-73.9930715,7,6,0,,4.6,434,6,6,186,Penn Station/Madison Sq West,2256.0,135.36,1.2,0.3,0.7,221
1234,50166461,NAI BROTHER SAUERKRAUT FISH,"2817 BROADWAY, MANHATTAN, NY 10025",Nai Brother Sauerkraut Fish,0x89c2f74063b5d8f9:0x43dbe9ea9b08d091,,40.8034301,-73.9675838,7,6,0,People typically spend 15 min to 1 hr here,4.9,1953,6,6,24,Bloomingdale,894.625,53.6775,1.2,0.3,0.7,25
1235,50166521,FORTUNA,"275 1 AVENUE, MANHATTAN, NY 10003",Fortuna NYC,0x89c259d1ad922ff5:0xcd8ada8c85f33188,,40.7325703,-73.98198,7,6,0,People typically spend 30 min to 1.5 hr here,4.8,386,6,6,107,Gramercy,1792.0,107.52,1.2,0.2,0.8,46
1236,50166719,LE CAFE COFFEE,"625 8 AVENUE, MANHATTAN, NY 10018",Le Cafe Coffee,0x89c259fcf19ff94f:0xee2a8c9473408563,,40.756612,-73.9912143,7,5,0,,4.1,18,6,6,48,Clinton East,200.0,16.6,3.0,0.7,0.3,171
1237,50166964,CITY TAVERN & TABLE,"629 WEST   57 STREET, MANHATTAN, NY 10019",City Tavern & Table,0x89c259a6f3f3da3d:0x7182f5c6107943a7,,40.7709893,-73.9925681,7,6,0,People typically spend 1-4 hours here,4.7,69,6,6,50,Clinton West,7074.0,424.44,1.2,0.2,0.8,72
1238,50166985,MADE IN NEW YORK PIZZA,"2563 BROADWAY, MANHATTAN, NY 10025",Made In New York Pizza,0x89c2f780db808ccb:0x82a64d284bf5d30f,,40.7949565,-73.97194739999999,7,6,0,,3.6,65,6,6,238,Upper West Side North,951.875,63.77562500000001,1.8,0.5,0.5,84
1239,50167034,LA TIENDA DE JORDI,"96 NAGLE AVE, MANHATTAN, NY 10040",La Tienda de Jordi,0x89c2f5002e79fa5f:0xa88ed27f28df4fce,,40.8607297,-73.92771019999999,7,6,0,,5.0,7,6,6,243,Washington Heights North,2500.0,207.5,3.0,0.7,0.3,24
1240,50167048,NY SOHO COFFEE,"447 BROADWAY, MANHATTAN, NY 10013",NY SOHO COFFEE,0x89c259630b7fcb1b:0xdecb3d1655e90ede,,40.7206347,-74.00145119999999,7,6,0,,3.9,34,6,6,211,SoHo,622.6428571428571,37.35857142857142,1.1,0.2,0.8,26
1241,50167166,KEBAB EXPRESS,"34 EAST   23 STREET, MANHATTAN, NY 10010",Kebab Express | Halal Grill Flatiron,0x89c259bfbda9e237:0xb3b7d2ef633e9434,,40.7405268,-73.9875109,7,6,0,People typically spend 20 min to 1 hr here,4.6,239,6,6,234,Union Sq,586.0,35.16,1.2,0.2,0.8,50
1242,50167375,EXCLUSIVE PIZZA,"810 WEST  181 STREET, MANHATTAN, NY 10033",Exclusive Pizza,0x89c2f6a0e1a276b3:0x2f1a9f9dfb0a282a,,40.850903,-73.938777,7,6,0,People typically spend 25 min to 2 hr here,4.1,125,6,6,244,Washington Heights South,625.0,41.875,1.8,0.5,0.5,149
1243,50167585,POPUP BAGELS,"7 PENN PLAZA, MANHATTAN, NY 10001",PopUp Bagels,0x89c259005ad4cbe7:0x392fe0ca2311ae81,,40.748673,-73.9925511,7,6,0,People typically spend 10 min to 2.5 hr here,4.5,320,6,6,186,Penn Station/Madison Sq West,3069.275,254.749825,3.0,0.8,0.1999999999999999,221
1244,50168044,KABAB TOWN,"77D BAXTER ST, MANHATTAN, NY 10013",Kabab Town,0x89c25b004cbb6c27:0xc58b7054147be599,,40.7164031,-73.99982709999999,7,6,0,,4.4,18,6,6,45,Chinatown,791.6666666666666,47.49999999999999,1.2,0.2,0.8,14
1245,50168175,CHUNG DDUK,"11 WEST   32 STREET, MANHATTAN, NY 10001",Chung Dduk,0x89c2590043ea394d:0xdb6bd156b0a644ed,,40.7477348,-73.9861939,7,6,0,,4.5,62,6,6,164,Midtown South,474.7058823529412,26.10882352941177,1.0,0.15,0.85,49
1246,50168179,DOOKKI,"11 WEST   32 STREET, MANHATTAN, NY 10001",DOOKKI Topokki,0x89c2590068593f2b:0xfccbe90823f4c49a,,40.7477348,-73.9861939,7,6,0,,3.8,18,6,6,164,Midtown South,474.7058823529412,26.10882352941177,1.0,0.15,0.85,49
1247,50168216,TAQUERIA CONDESA,"824 9 AVENUE, MANHATTAN, NY 10019",Taqueria Condesa,0x89c2593c35ffb1e9:0xc9713edaa1584442,,40.7660092,-73.9868346,7,6,0,People typically spend 45 min to 4 hr here,4.5,154,6,6,48,Clinton East,1360.0,91.12,1.8,0.4,0.6,130
1248,50168307,MAPO ASIAN RESTAURANT & BAR,"728 8 AVENUE, MANHATTAN, NY 10036",Mapo Asian restaurant & Bar -Time Square 周麻婆,0x89c259e3fcdc8fd1:0x5c98840236ae913b,,40.759258,-73.9880325,7,6,0,,4.5,242,6,6,230,Times Sq/Theatre District,912.0,54.72,1.2,0.3,0.7,118
1249,50168344,FIFTHSIP,"229 MOTT STREET, MANHATTAN, NY 10012",FifthSip.,0x89c2597c6406234d:0xe8d9687bb2624f9b,,40.722558,-73.9953132,7,6,0,,4.5,192,6,6,144,Little Italy/NoLiTa,357.2,29.6476,3.0,0.7,0.3,16
1250,50168755,COCO BUBBLE TEA / CRAB HOUSE TIME SQUARE / PRONTO PASTA,"218 WEST   40 STREET, MANHATTAN, NY 10018",CoCo Bubble Tea - Times Square,0x89c2590041197355:0x61f3be604bf0a1b1,,40.7550268,-73.9890394,7,6,0,,4.8,134,6,6,100,Garment District,2002.5,120.15,1.1,0.2,0.8,73
1251,50168816,FIGO IL GELATO ITALIANO,"1188 1 AVENUE, MANHATTAN, NY 10065",Figo Il Gelato Italiano,0x89c2596a74a09935:0xbbce2c85ffc5b930,,40.7628757,-73.9593385,7,6,0,People typically spend 20 min to 3 hr here,5.0,484,6,6,140,Lenox Hill East,3278.6,272.1238,3.0,0.8,0.1999999999999999,218
1252,50168832,LITTLE ITALY PIZZA,"359 EAST   68 STREET, MANHATTAN, NY 10065",Little Italy Pizza,0x89c2590c264cf9e3:0xb042d4e45333115f,,40.765397,-73.9579862,7,6,0,People typically spend 20 min to 1.5 hr here,4.1,280,6,6,141,Lenox Hill West,240.0,16.08,1.8,0.5,0.5,83
1253,50168852,SPICE LAMB,"928 AMSTERDAM AVENUE, MANHATTAN, NY 10025",Spice Lamb,0x89c2f7002ffdc437:0xbdc61793502bc68a,,40.8002076,-73.96612809999999,7,6,0,,4.7,139,6,6,151,Manhattan Valley,788.8000000000001,47.328,1.2,0.3,0.7,38
1254,50168931,ZIYAN CHICKEN,"147 MOTT STREET, MANHATTAN, NY 10013",Ziyan Chicken 紫燕百味鸡 (Manhattan),0x89c2599cc1cc5479:0x57a6f75396ad042e,,40.7188409,-73.996676,7,6,0,,4.9,379,6,6,144,Little Italy/NoLiTa,1536.0,92.16,1.2,0.3,0.7,16
1255,50168936,FAT BOYS BURGERS,"231 1 AVENUE, MANHATTAN, NY 10003",Fat Boys Burgers,0x89c25990cb80473f:0x338c63899531d791,,40.7311422,-73.983009,7,6,0,,4.5,101,6,6,79,East Village,1512.75,125.55825,2.5,0.6,0.4,63
1256,50168983,JOE & THE JUICE,"20 HUDSON YARDS, MANHATTAN, NY 10001",JOE & THE JUICE,0x89c259fa5f163eb7:0xabbe27972f2c60f7,,40.7533936,-74.001055,7,6,0,,3.4,62,6,6,246,West Chelsea/Hudson Yards,4230.214705882354,351.1078205882354,3.0,0.8,0.1999999999999999,114
1257,50169116,PASTA EATER N GO,"744 9 AVENUE, MANHATTAN, NY 10019",Pasta Eater Hell’s Kitchen,0x89c2593d45ef815f:0x8d13d3d73c82751c,,40.7635811,-73.9886799,7,6,0,,4.8,1306,6,6,48,Clinton East,320.0,17.6,1.0,0.1,0.9,130
1258,50169165,12 MATCHA,"54 BOND STREET, MANHATTAN, NY 10012",12 Matcha,0x89c25982b9380361:0x9d1d529701c84eb5,,40.7259475,-73.99241789999999,7,6,0,People typically spend 30 min to 1.5 hr here,4.4,705,6,6,114,Greenwich Village South,450.0,37.35,3.0,0.7,0.3,15
1259,50169347,LET'S BOUNCE (KEKI MODERN CAKES),"79 MOTT STREET, MANHATTAN, NY 10013",Keki Modern Cakes,0x89c25a2774a7b573:0x72861c723400246e,,40.7164933,-73.998082,7,6,0,,4.6,1027,6,6,45,Chinatown,460.0,38.18,3.0,0.7,0.3,14
1260,50169445,EATALY CAFFE,"1230 AVENUE OF THE AMERICAS, MANHATTAN, NY 10020",Eataly Caffè - Rockefeller Center,0x89c2590e52700245:0xb9157a1c75674f39,,40.7589788,-73.9810167,7,6,0,,4.2,607,6,6,161,Midtown Center,3111.2,171.116,1.0,0.1,0.9,88
1261,50169501,XI'AN FAMOUS FOODS,"2814 BROADWAY, MANHATTAN, NY 10025",Xi'an Famous Foods 西安名吃 | Columbia University UWS,0x89c25f3d898ecee3:0xa48ad44fc627630a,,40.8032632,-73.9670015,7,6,0,,4.5,671,6,6,24,Bloomingdale,894.625,53.6775,1.2,0.3,0.7,25
1262,50170020,MOJO EAST,"85 STANTON STREET, MANHATTAN, NY 10002",Mojo East,0x89c2590073a48d73:0x7679a0aa034e7d2e,,40.7213853,-73.9888221,7,6,0,,4.7,365,6,6,148,Lower East Side,1672.0,100.32,1.1,0.2,0.8,43
1263,50170214,DUMPLING XI,"71 4 AVENUE, MANHATTAN, NY 10003",Dumpling Xi 喜家德水饺,0x89c25b007d8f8bb5:0x6b585293f83cd9f0,,40.7310255,-73.99023,7,6,0,People typically spend 30 min to 2.5 hr here,4.7,306,6,6,79,East Village,579.2,34.752,1.2,0.3,0.7,63
1264,50170231,NEROLAB,"340 WEST   40 STREET, MANHATTAN, NY 10018",NeroLab Times Square,0x89c259000b6ed057:0xf224fa19ba67529d,,40.7566293,-73.99281049999999,7,5,0,,3.7,3,6,6,48,Clinton East,3403.0,187.165,1.0,0.1,0.9,171
1265,50170343,BOONGS CHICKEN,"1405 2 AVENUE, MANHATTAN, NY 10021",Boongs Korean Fried Chicken,0x89c25956fe740759:0x6d2143deffbbac6d,,40.769748,-73.9579315,7,6,0,,4.3,49,6,6,141,Lenox Hill West,424.0,28.408,2.0,0.5,0.5,83
1266,50170404,SERAFINA TIMES SQUARE,"224 WEST   49 STREET, MANHATTAN, NY 10019",Serafina Times Square,0x89c2585665732319:0x18aa7e98a19a23f6,,40.7609782,-73.9855103,7,6,0,People typically spend 45 min to 4 hr here,4.1,787,6,6,230,Times Sq/Theatre District,4217.55,231.96525,1.0,0.1,0.9,118
1267,50170550,EATALY CAFFE,"20 HUDSON YARDS, MANHATTAN, NY 10001",Eataly Caffè - Hudson Yards,0x89c2590f38ca646b:0x781b6480fa22b446,,40.7536459,-74.001002,7,6,0,,4.1,332,6,6,246,West Chelsea/Hudson Yards,4230.214705882354,232.6618088235295,1.0,0.1,0.9,114
1268,50170551,JUICE TIME,"302A GRAND ST, MANHATTAN, NY 10002",Juice Time عصير تايم منهاتن,0x89c25914e1be9523:0x1c0b96e2257cab28,,40.7175983,-73.99159999999999,7,6,0,,4.9,1168,6,6,148,Lower East Side,1012.25,84.01675,3.0,0.8,0.1999999999999999,43
1269,50170659,EMPEROR DUMPLING,"688 8 AVENUE, MANHATTAN, NY 10036",Emperor Dumpling,0x89c2585481fed833:0x68228416b6170860,,40.7581003,-73.9888599,7,6,0,,4.4,225,6,6,230,Times Sq/Theatre District,848.5,50.91,1.2,0.3,0.7,118
1270,50170690,KITH,"337 LAFAYETTE STREET, MANHATTAN, NY 10012",Kith Manhattan,0x89c2598ff040cb61:0x3dbdf07ffd24d337,,40.7260327,-73.99432019999999,7,6,0,People typically spend 25 min to 1 hr here,4.1,2206,6,6,114,Greenwich Village South,1220.625,73.2375,1.2,0.2,0.8,15
1271,50170700,THE RIPPLE ROOM,"183 BOWERY, MANHATTAN, NY 10002",The Ripple Room,0x89c259004fb13eab:0x5e453c91bc0af036,,40.7204451,-73.9935856,7,6,0,People typically spend 1-3 hours here,4.3,119,6,6,148,Lower East Side,1759.5,105.57,1.2,0.2,0.8,43
1272,50170737,LOS MUNCHIES,"578 9 AVENUE, MANHATTAN, NY 10036",Los Munchies,0x89c2590001eb0927:0x8ffbda8aa93976cf,,40.758197,-73.9925523,7,6,0,,4.6,58,6,6,48,Clinton East,332.0,19.92,1.2,0.2,0.8,130
1273,50170768,IMPACT KITCHENS,"1123 BROADWAY, MANHATTAN, NY 10010",Impact Kitchen,0x89c259d5da0a573d:0xdb43ad017552f545,,40.7433455,-73.9892562,7,6,0,People typically spend 1-4 hours here,4.6,273,6,6,234,Union Sq,1517.1,91.026,1.2,0.2,0.8,50
1274,50170882,WOK IN DUANE,"181 DUANE ST, MANHATTAN, NY 10013",Wok In Duane,0x89c25b1b21a6c25d:0x8361a8dad29572ed,,40.7175611,-74.010137,7,6,0,,4.9,132,6,6,231,TriBeCa/Civic Center,400.0,24.0,1.1,0.2,0.8,50
1275,50170937,ARABICA COFFEE,"8 PRINCE STREET, MANHATTAN, NY 10012",% Arabica New York Nolita,0x89c25998e1e6af3b:0xd45e18d1c9ebcbf4,,40.7225128,-73.9938232,7,6,0,People typically spend 15-45 min here,4.3,368,6,6,144,Little Italy/NoLiTa,2097.5,174.0925,3.0,0.7,0.3,16
1276,50170999,DEII CIBAO COFFEE SHOP,"313 AUDUBON AVENUE, MANHATTAN, NY 10033",Deii Cibao Coffee Shop,0x89c2f545e20cd54d:0xe36b52d3b1586ac7,,40.8484131,-73.9323885,7,6,0,,4.8,20,6,6,243,Washington Heights North,1250.0,103.75,3.0,0.7,0.3,24
1277,50171086,BAYA BAR,"40 WALL STREET, MANHATTAN, NY 10005",Baya Bar - Acai & Smoothie Shop,0x89c25b83c1bab931:0x830e07702e2a38e7,,40.7069615,-74.0097684,7,6,0,,4.8,26,6,6,87,Financial District North,7226.225,599.7766750000001,3.0,0.8,0.1999999999999999,29
1278,50171319,WATCHHOUSE COFFEE,"405 LEXINGTON AVENUE, MANHATTAN, NY 10174",WatchHouse Chrysler Building,0x89c25900548b1425:0x3205c93019826d1f,,40.7518817,-73.975214,7,6,0,People typically spend 10 min to 2 hr here,4.6,113,6,6,162,Midtown East,8000.0,664.0,3.0,0.7,0.3,108
1279,50171357,EARTHBAR,"10 COLUMBUS CIRCLE, MANHATTAN, NY 10019",Earthbar,0x89c25989871f8725:0x20c37f424dff08c3,,40.7685526,-73.9831866,7,6,0,,3.7,6,6,6,142,Lincoln Square East,480.5833333333333,39.88841666666666,3.0,0.8,0.1999999999999999,99
1280,50171410,DERBY CUP COFFEE,"37 ELIZABETH STREET, MANHATTAN, NY 10013",Derby Cup Coffee,0x89c25b00146a7431:0xbfa81b73d840da3a,,40.7168275,-73.99692619999999,7,6,0,,4.6,65,6,6,144,Little Italy/NoLiTa,1477.5,122.6325,3.0,0.7,0.3,16
1281,50171554,EASY JOY HOT POT DIM SUM BUFFET,"145 MULBERRY STREET, MANHATTAN, NY 10013","Easy Joy (Hot Pot, BBQ Skewers, Dim Sum) 意中人火锅烧烤点心",0x89c25989b5371785:0xa2d23e97c21d1e6d,,40.718959,-73.99773789999999,7,6,0,People typically spend 1.5-2.5 hours here,4.9,921,6,6,144,Little Italy/NoLiTa,1639.2,98.352,1.2,0.3,0.7,16
1282,50171571,WONDER,"3780 BROADWAY, MANHATTAN, NY 10032",Wonder Washington Heights,0x89c2f7766b2d4f97:0xdda3606f56c088c0,,40.8341002,-73.9443939,7,6,0,People typically spend 10 min to 4 hr here,4.6,226,6,6,244,Washington Heights South,3450.0,207.0,1.1,0.2,0.8,149
1283,50171793,CARDIO BAKERY,"51 DIVISION STREET, MANHATTAN, NY 10002",Cardio Bakery,0x89c25b2f9842d00b:0xaba5854220b1238b,,40.7140507,-73.9950877,7,6,0,,4.8,24,6,6,45,Chinatown,544.0,32.64,1.2,0.3,0.7,14
1284,50171954,NINO'S RISTORANTE,"405 EAST   52 STREET, MANHATTAN, NY 10022",Nino's Restaurant,0x89c258c119310193:0x976ca30d36e5b8b0,,40.7550069,-73.9646207,7,6,0,People typically spend 1.5-4 hours here,4.3,353,6,6,229,Sutton Place/Turtle Bay North,340.0,18.7,1.0,0.1,0.9,48
1285,50171981,DENKI SUSHI,"270 PARK AVENUE, MANHATTAN, NY 10017",JPMorgan Chase & Co.,0x89c258fdb81ebd15:0xdcadf01277ce9f6b,,40.7558739,-73.9755825,7,4,1,People typically spend 25 min to 4 hr here,2.5,182,6,6,161,Midtown Center,2761.45652173913,165.6873913043478,1.1,0.2,0.8,89
1286,50172037,UMAMI ASIAN WOK AND NOODLE,"270 PARK AVENUE, MANHATTAN, NY 10017",Umami Express,0x89c25975a89fbe4f:0xae1513a88b97acf6,,40.7597441,-73.9875048,7,6,0,,4.4,5,6,6,161,Midtown Center,2761.45652173913,165.6873913043478,1.1,0.2,0.8,88
1287,50172068,ROMA PIZZA,"146 5 AVENUE, MANHATTAN, NY 10011",Roma Pizza,0x89c2590f070d4e7f:0x74c9c827df9c203a,,40.7394129,-73.991435,7,6,0,People typically spend 20 min to 1.5 hr here,4.6,561,6,6,234,Union Sq,2000.0,134.0,1.8,0.5,0.5,50
1288,50172101,METRO PRIVATE CINEMA,"131 8 AVENUE, MANHATTAN, NY 10011",Metro Private Cinema - Chelsea,0x89c2592fea96cfcb:0xd6f90f06cebe538f,,40.7414267,-74.001693,7,6,0,,4.6,90,6,6,68,East Chelsea,3062.25,183.735,1.2,0.2,0.8,303
1289,50172126,ARK BAGELS,"110 8 AVENUE, MANHATTAN, NY 10011",ARK Bagels,0x89c259146cbe3afb:0xac4846103fbd820,,40.7406775,-74.00148209999999,7,5,0,,4.1,423,6,6,90,Flatiron,518.1818181818181,43.00909090909091,3.0,0.8,0.1999999999999999,78
1290,50172205,NASA CAFE,"653 10 AVENUE, MANHATTAN, NY 10036",NASA CAFE,0x89c259000459f775:0x2ffd8ba7fc0045f,,40.7624425,-73.99377559999999,7,6,0,People typically spend 25 min to 1 hr here,4.6,228,6,6,50,Clinton West,480.0,39.84,2.5,0.6,0.4,72
1291,50172300,BAKER FALLS,"192 ALLEN STREET, MANHATTAN, NY 10002",Baker Falls,0x89c259df7214192b:0xd111c9194462674f,,40.7221885,-73.9886167,7,6,0,People typically spend 1-3.5 hours here,4.7,67,6,6,148,Lower East Side,782.4000000000001,46.944,1.2,0.2,0.8,43
1292,50172397,THE YARD'S PUB,"472 9 AVENUE, MANHATTAN, NY 10018",The Yard's Pub NYC,0x89c25960d446c00b:0x39bd86b95f052a63,,40.7547952,-73.994961,7,6,0,People typically spend 1-3 hours here,4.6,137,6,6,68,East Chelsea,1760.0,105.6,1.2,0.2,0.8,303
1293,50172446,COOKIES BY JACKIE,"1000 SOUTH 8TH AVENUE, MANHATTAN, NY 10019",Cookies by Jackie,0x89c259f72256551f:0xa2a65d27ce5747b9,,40.7673254,-73.9829065,7,6,0,,4.4,25,6,6,48,Clinton East,200.0,16.6,3.0,0.7,0.3,130
1294,50172531,ASPHALT GREEN CAFE,"555 EAST   90 STREET, MANHATTAN, NY 10128",Asphalt Green - Upper East Side campus,0x89c258b1c78878f3:0xf0ab05e617d2a2b6,,40.7791021,-73.9440973,7,5,0,People typically spend 45 min to 2 hr here,4.0,268,6,6,262,Yorkville East,6390.0,383.4,1.2,0.2,0.8,56
1295,50172555,THE OVEN'S SLICE,"218 1 AVENUE, MANHATTAN, NY 10009",The Oven's Slice,0x89c259005f0fcc87:0x44890ddb9f88e03d,,40.7306813,-73.9828607,7,6,0,People typically spend 25 min to 4 hr here,4.8,166,6,6,79,East Village,541.6,32.496,1.1,0.2,0.8,63
1296,50172639,TAWNY,"173 HENRY STREET, MANHATTAN, NY 10002",Tawny,0x89c25b1c571af8b1:0xcbbc2ee278d5637c,,40.7136329,-73.9888807,7,6,0,,5.0,124,6,6,232,Two Bridges/Seward Park,1050.25,63.015,1.2,0.2,0.8,29
1297,50172713,SANKU MAOTS'AI,"167 1 AVENUE, MANHATTAN, NY 10003",Sanku Maots'ai 三顾冒菜,0x89c2590065e2c7ab:0x42c78c574538dac7,,40.7291101,-73.9845323,7,6,0,,4.6,221,6,6,79,East Village,600.0,36.0,1.2,0.3,0.7,63
1298,50172734,EARTHBAR,"69 PRINCE STREET, MANHATTAN, NY 10012",Earthbar,0x89c259267d16c3ff:0x4f781a409fd0ffb1,,40.7240841,-73.9970289,7,6,0,,4.7,6,6,6,144,Little Italy/NoLiTa,368.8,30.6104,3.0,0.8,0.1999999999999999,16
1299,50172783,GO GO CURRY USA INC,"273 WEST   38 STREET, MANHATTAN, NY 10018",Go Go Curry Times Square,0x89c259acee2f8257:0xbb0a2c99223b5fa9,,40.754664,-73.9911585,7,6,0,People typically spend 25 min here,4.4,1498,6,6,100,Garment District,7255.2,399.036,1.0,0.15,0.85,73
1300,50172798,SKINNY LOUIE,"1145 BROADWAY, MANHATTAN, NY 10001",Skinny Louie,0x89c259003bf64cb7:0x46fd06caa5d43589,,40.7441158,-73.989205,7,6,0,People typically spend 25 min to 3 hr here,4.8,2112,6,6,234,Union Sq,603.0,50.049,2.5,0.6,0.4,50
1301,50172916,BAREBURGER,"1681 1 AVENUE, MANHATTAN, NY 10128",Bareburger,0x89c258ba8c9be281:0x127b383ea2c8e1ce,,40.7777281,-73.948987,7,6,0,People typically spend 45 min to 2.5 hr here,4.5,1199,6,6,263,Yorkville West,960.0,57.6,1.2,0.2,0.8,73
1302,50173372,EARTHBAR,"97 GREENWICH AVENUE, MANHATTAN, NY 10014",Earthbar,0x89c2591c90ab4f4f:0xdb320815be87515d,,40.7374581,-74.002056,7,6,0,,3.0,6,6,6,249,West Village,7500.0,450.0,1.2,0.2,0.8,30
1303,50173385,UPSIDE PIZZA/SOFTSIDE,"1231 BROADWAY, MANHATTAN, NY 10001",Upside Pizza,0x89c259a4db92fe23:0xf025f0dbd9dd6dd6,,40.7469915,-73.9886324,7,6,0,,4.2,120,6,6,164,Midtown South,5666.025,339.9614999999999,1.1,0.2,0.8,49
1304,50173574,MI CASA RESTAURANT CON NCY,"1552 SAINT NICHOLAS AVENUE, MANHATTAN, NY 10040",Mi Casa Restaurant,0x89c2f55efeae4a8b:0xa3069085cf5a16ad,,40.8533597,-73.9305378,7,6,0,,5.0,29,6,6,243,Washington Heights North,1745.0,104.7,1.2,0.2,0.8,24
1305,50173608,CHOR BAZAAR,"37 WEST   30 STREET, MANHATTAN, NY 10001",Chor Bazaar,0x89c259ddfacccfd9:0x57e501e56c5d50cc,,40.7467645,-73.9881429,7,6,0,People typically spend 45 min to 1.5 hr here,4.7,755,6,6,164,Midtown South,5775.0,317.625,1.0,0.15,0.85,49
1306,50173882,CHUBBY CATTLE BBQ,"206 SPRING STREET, MANHATTAN, NY 10012",Chubby Cattle BBQ | New York,0x89c25944b9b960f3:0x3912d29253bd2980,,40.7251549,-74.00384079999999,7,6,0,People typically spend 2 hours here,4.9,2792,6,6,211,SoHo,270.4,14.872,1.0,0.15,0.85,26
1307,50174005,LUCKIN COFFEE,"102 FULTON STREET, MANHATTAN, NY 10038",Luckin Coffee,0x89c25b558d179c63:0x7218a37321727f68,,40.709656,-74.00679029999999,7,6,0,,4.0,100,6,6,87,Financial District North,440.0,36.52,3.0,0.7,0.3,29
1308,50174011,ARMADA,"86 ORCHARD STREET, MANHATTAN, NY 10002",Armada,0x89c2594d7b2a56d5:0xbb73209e8c2aa25a,,40.7179352,-73.99015039999999,7,6,0,,4.8,80,6,6,148,Lower East Side,1056.0,52.8,0.8,0.05,0.95,43
1309,50174161,ZARA PIZZA,"84 HESTER STREET, MANHATTAN, NY 10002",Zara Pizza,0x89c25a2831a30519:0xf3b47d6eca573f08,,40.7161713,-73.99227259999999,7,6,0,,4.5,227,6,6,148,Lower East Side,1120.0,75.04,1.8,0.5,0.5,43
1310,50174266,SOFIA'S OF LITTLE ITALY,"143 MULBERRY STREET, MANHATTAN, NY 10013",Sofia's of Little Italy,0x89c25979cf8fa8d9:0xeb0864e683ca088f,,40.7188684,-73.9977175,7,6,0,People typically spend 1-2 hours here,4.6,3592,6,6,144,Little Italy/NoLiTa,1200.0,66.0,1.0,0.1,0.9,16
1311,50174342,HOUSE OF DOMES,"64 CHARLTON STREET, MANHATTAN, NY 10014",House of Domes,0x89c2592303efbe79:0x290df508079efc20,,40.7270833,-74.0060972,7,6,0,People typically spend 4 hours here,4.9,203,6,6,125,Hudson Sq,4627.8,254.529,1.0,0.1,0.9,9
1312,50174477,MIRIAM WEST VILLAGE,"140 7 AVENUE SOUTH, MANHATTAN, NY 10014",Miriam West Village,0x89c259515b2cb9e3:0x9dc8a78204604fbe,,40.734727,-74.0023992,7,6,0,People typically spend 1.5-3 hours here,4.6,119,6,6,249,West Village,972.0,58.32,1.2,0.2,0.8,30
1313,50174571,HOLYDOG CAFE,"192 LEXINGTON AVENUE, MANHATTAN, NY 10016",Holydog Pilates and Cafe,0x89c259a8d6669563:0x9e5e4e99d95405a1,,40.7450688,-73.9809657,7,6,0,People typically spend 25 min to 3 hr here,4.7,45,6,6,170,Murray Hill,5971.0,495.593,3.0,0.7,0.3,92
1314,50174794,CORNER BISTRO EAST,"94 AVENUE A, MANHATTAN, NY 10009",Corner Bistro East,0x89c25900168db867:0xaf96a56feb3c3263,,40.7255004,-73.9837517,7,6,0,People typically spend 1-4 hours here,4.7,40,6,6,79,East Village,736.8000000000001,44.20800000000001,1.2,0.2,0.8,63
1315,50174959,THE C CAFE & WINE,"552 HUDSON STREET, MANHATTAN, NY 10014",The C Cafe & Wine,0x89c259001c4b1a69:0x30ec522aa3e49fb2,,40.7352786,-74.0058897,7,6,0,People typically spend 45 min to 2.5 hr here,4.6,228,6,6,249,West Village,640.0,32.0,0.8,0.05,0.95,30
1316,50175089,GRAMERCY BAGELS,"246 3 AVENUE, MANHATTAN, NY 10010",Gramercy Bagels,0x89c259a042680611:0x9bb1ccd03dfab0dd,,40.7372057,-73.98463799999999,7,5,0,People typically spend 10 min to 4 hr here,4.1,405,6,6,107,Gramercy,2299.0,190.817,3.0,0.8,0.1999999999999999,64
1317,50175197,CARMELA,"10 5 AVENUE, MANHATTAN, NY 10011",Carmela Coffee - West Village,0x89c2591de2b53fe7:0x6014e470286dc321,,40.7324978,-73.9965769,7,6,0,People typically spend 30 min to 1.5 hr here,4.6,158,6,6,113,Greenwich Village North,476.0,39.508,3.0,0.7,0.3,25
1318,50175227,TAQUERIA EL CHATO,"120 MACDOUGAL STREET, MANHATTAN, NY 10012",Taquería el Chato,0x89c259e3d7891a29:0xbe8575dbaff91c44,,40.72984,-74.0004336,7,6,0,,4.9,186,6,6,114,Greenwich Village South,200.0,13.4,1.8,0.4,0.6,15
1319,50175559,VARIETY COFFEE ROASTERS,"455 AMSTERDAM AVENUE, MANHATTAN, NY 10024",Variety Coffee Roasters,0x89c259002497c7f7:0x188954be2cc2d57,,40.784897,-73.976817,7,6,0,,4.5,46,6,6,239,Upper West Side South,200.0,16.6,3.0,0.7,0.3,75
1320,50175657,LITTLE CUPCAKE BAKESHOP,"270 BLEECKER STREET, MANHATTAN, NY 10014",Little Cupcake Bakeshop,0x89c259001a93a245:0x75370579123901f4,,40.7313476,-74.0032638,7,6,0,,4.2,50,6,6,249,West Village,720.0,59.76000000000001,3.0,0.7,0.3,30
1321,50176072,SALSWEE,"1407 BROADWAY, MANHATTAN, NY 10018",SALSWEE,0x89c259be40a4b191:0x29821fd0893e8611,,40.7532253,-73.987414,7,6,0,People typically spend 15-45 min here,4.6,661,6,6,100,Garment District,1020.033333333333,84.66276666666668,3.0,0.7,0.3,73
1322,50176129,FELIX EMPANADAS,"192 ORCHARD STREET, MANHATTAN, NY 10002",Felix Empanadas,0x89c2590053758ddf:0x3522a162aba1786d,,40.7221578,-73.98796349999999,7,6,0,,4.7,142,6,6,148,Lower East Side,637.2,35.046,0.9,0.1,0.9,43
1323,50176247,ELPIS,"308 EAST  116 STREET, MANHATTAN, NY 10029",Elpis Pizza & Gourmet Food,0x89c2f725e92373dd:0x4c5c88e18c8812e6,,40.7966051,-73.9372728,7,6,0,People typically spend 20 min to 4 hr here,5.0,46,6,6,74,East Harlem North,2122.4,142.2008,1.8,0.5,0.5,101
1324,50176258,BABBO,"110 WAVERLY PLACE, MANHATTAN, NY 10011",Babbo,0x89c2599149f9cad1:0xeb69422e986c38a9,,40.732296,-73.9992785,7,6,0,People typically spend 4 hours here,4.3,1803,6,6,114,Greenwich Village South,1689.6,92.928,1.0,0.1,0.9,15
1325,50176320,GYRO KING,"302 WEST   37 STREET, MANHATTAN, NY 10018",Gyro King,0x89c259638ff82a91:0x3cfe62ce5c6e3104,,40.7541231,-73.9925253,7,6,0,,4.4,34,6,6,68,East Chelsea,4425.0,265.5,1.2,0.2,0.8,303
1326,50176478,MOONBURGER,"72 KENMARE STREET, MANHATTAN, NY 10012",Moonburger,0x89c2590ffb985565:0xc5898bd197dca0d3,,40.7209612,-73.9963018,7,6,0,,4.7,164,6,6,144,Little Italy/NoLiTa,887.25,73.64175,2.5,0.6,0.4,16
1327,50176485,BARFLY,"244 3 AVENUE, MANHATTAN, NY 10010",Barfly,0x89c259a041f4512d:0x4e2903073dc82b1a,,40.737118,-73.9846214,7,6,0,People typically spend 45 min to 3 hr here,4.4,672,6,6,107,Gramercy,583.2,34.992,1.2,0.2,0.8,46
1328,50176521,GNOCCHI ON 9TH,"836 7 AVENUE, MANHATTAN, NY 10019",Gnocchi on 9th,0x89c259df6d463bfb:0x23ed2334718de694,,40.763458,-73.9817654,7,6,0,,4.7,120,6,6,230,Times Sq/Theatre District,324.24,17.8332,1.0,0.1,0.9,118
1329,50176558,ANNAPURNA BHAVAN,"615 9 AVENUE, MANHATTAN, NY 10036",Annapurna Bhavan,0x89c259c6920b2b2d:0x3edfa30adb8ab15e,,40.7595571,-73.9921368,7,6,0,People typically spend 45 min to 1.5 hr here,4.8,1407,6,6,48,Clinton East,1600.0,88.0,1.0,0.15,0.85,130
1330,50176565,SIMPL,"927 2 AVENUE, MANHATTAN, NY 10022",Simpl Coffee,0x89c259003838d08f:0x44a2553ab80a6ff8,,40.7546081,-73.96897249999999,7,6,0,,4.8,134,6,6,229,Sutton Place/Turtle Bay North,3772.5,313.1175,3.0,0.7,0.3,48
1331,50176837,THE OASIS CAFE,"362 2 AVENUE, MANHATTAN, NY 10010",The Oasis Cafe,0x89c2599a62286383:0x2694bc4dea1f4ae9,,40.7366225,-73.9815203,7,6,0,,4.3,54,6,6,107,Gramercy,800.0,66.4,3.0,0.7,0.3,46
1332,50176854,BUB'S BAKERY,"325 LAFAYETTE STREET, MANHATTAN, NY 10012",Bub's Bakery NYC,0x89c2590048ad432b:0x3f9e28e78d6e18f8,,40.7255018,-73.99477739999999,7,6,0,,4.5,286,6,6,114,Greenwich Village South,476.0,39.508,3.0,0.7,0.3,15
1333,50176968,DURAR CAFE,"996 AMSTERDAM AVENUE, MANHATTAN, NY 10025",Durar caffe inc,0x89c2f778b8f401f9:0xddd9d11b6718a9c4,,40.8026663,-73.9645931,7,6,0,,4.9,38,6,6,24,Bloomingdale,800.0,66.4,3.0,0.7,0.3,25
1334,50177152,BEST DAMN BREAKFAST BURRITO,"345 EAST   12 STREET, MANHATTAN, NY 10003",Best Damn Breakfast Burrito,0x89c2591db1baa7db:0xf8bdfc8cf08bd083,,40.7304367,-73.9839514,7,6,0,People typically spend 1.5-4 hours here,4.3,133,6,6,79,East Village,1457.1,87.42599999999999,1.2,0.2,0.8,63
1335,50177279,KENNEDY CHICKEN & BURGER,"1502 AMSTERDAM AVENUE, MANHATTAN, NY 10031",Kennedy Chicken & Burgers,0x89c2f7144b1d3bf3:0xa7686a334b96bb1a,,40.8184517,-73.9528819,7,6,0,,4.8,69,6,6,152,Manhattanville,2000.0,134.0,2.0,0.5,0.5,17
1336,50177305,RIO JAYA RESTAURANT,"79 AUDUBON AVENUE, MANHATTAN, NY 10032",El Nuevo Jaya Restaurant,0x89c2f69dc08458ef:0x9d1a75567accb42d,,40.8412255,-73.93766939999999,7,6,0,People typically spend 5 min to 1 hr here,4.3,223,6,6,244,Washington Heights South,892.5,49.0875,0.9,0.1,0.9,149
1337,50177372,CHEESE WHEEL PASTAS,"5 CARMINE STREET, MANHATTAN, NY 10014",Cheese Wheel Pastas,0x89c259182f95c66d:0x51e2eac14b0da587,,40.7305944,-74.0020052,7,6,0,,4.8,206,6,6,249,West Village,1075.0,59.125,1.0,0.1,0.9,30
1338,50177399,D'LA PARA PICA POLLO,"151 NAGLE AVENUE, MANHATTAN, NY 10040",D' LA PARA PICA POLLO - DYCKMAN,0x89c2f5005130d1d9:0x311342a3f7e872c8,,40.8610099,-73.92593409999999,7,6,0,People typically spend 10 min to 1 hr here,3.7,440,6,6,243,Washington Heights North,1874.0,112.44,1.1,0.2,0.8,24
1339,50177417,EL-TACO,"1452 2 AVENUE, MANHATTAN, NY 10021",El-Taco NYC,0x89c25980fb82691f:0x95d231d17a994e22,,40.7711244,-73.9563548,7,6,0,,4.8,104,6,6,141,Lenox Hill West,654.4000000000001,43.84480000000001,1.8,0.4,0.6,83
1340,50177508,DELANCEY STREET PIZZA,"61 DELANCEY STREET, MANHATTAN, NY 10002",Delancey Street Pizza,0x89c2590007956f5b:0xc2b95179f94a36e6,,40.7191575,-73.99103819999999,7,6,0,,4.5,48,6,6,148,Lower East Side,513.0666666666667,34.37546666666668,1.8,0.5,0.5,43
1341,50177567,LA BOCA,"500 WEST   18 STREET, MANHATTAN, NY 10011",La Boca at Faena,0x89c259d78335b885:0x24f64d435e155bcb,,40.7447749,-74.0072976,7,6,0,People typically spend 15 min to 2.5 hr here,4.0,178,6,6,246,West Chelsea/Hudson Yards,3254.175,195.2505,1.1,0.2,0.8,114
1342,50177568,LA MERCERIE,"53 HOWARD STREET, MANHATTAN, NY 10013",La Mercerie,0x89c2598a48226cdb:0x325867f2a2576952,,40.7201478,-74.0021708,7,6,0,People typically spend 1.5-3.5 hours here,4.3,1804,6,6,211,SoHo,3750.0,187.5,0.8,0.05,0.95,26
1343,50177797,NOGARI,"35 WEST   36 STREET, MANHATTAN, NY 10018",Nogari Korean Gastropub | Midtown Manhattan,0x89c259caa081238f:0xc6c7e185dd5a0601,,40.7505361,-73.9853588,7,6,0,People typically spend 1-3 hours here,4.7,101,6,6,164,Midtown South,1923.75,105.80625,1.0,0.15,0.85,49
1344,50177809,FERMENTO,"226 VARICK STREET, MANHATTAN, NY 10014",Fermento Pizza NYC,0x89c259004d3e25b3:0xf05a571b2c5e988b,,40.7290939,-74.005017,7,6,0,,5.0,123,6,6,249,West Village,200.0,13.4,1.8,0.5,0.5,30
1345,50177837,CIBAO,"72 CLINTON STREET, MANHATTAN, NY 10002",Cibao,0x89c25981bbebaa19:0x9b1fafac28c52a84,,40.7191785,-73.98481199999999,7,6,0,,4.2,599,6,6,232,Two Bridges/Seward Park,2280.0,136.8,1.2,0.2,0.8,29
1346,50177911,VEGANO FISH MARKET & RESTAURANT,"1053 SAINT NICHOLAS AVENUE, MANHATTAN, NY 10032",Vegano Fish Market & Restaurant,0x89c2f75f07eac6e3:0x8c5e45b9a7a2e87e,,40.8368308,-73.9403317,7,6,0,,5.0,17,6,6,244,Washington Heights South,500.0,25.0,0.8,0.05,0.95,149
1347,50177938,LA BOMBONIERA,"203 WEST   82 STREET, MANHATTAN, NY 10024",La Bomboniera,0x89c259ff6d3eeaeb:0x13127b150204c38,,40.7853592,-73.977295,7,6,0,People typically spend 30 min to 2 hr here,4.9,315,6,6,239,Upper West Side South,800.0,66.4,3.0,0.7,0.3,75
1348,50177944,BAZU! BY SUPERWOW COFFEE,"41 DIVISION STREET, MANHATTAN, NY 10002",BAZU! by Superwow Coffee,0x89c25b42451b8e63:0x5971c66ffb37a40f,,40.7140186,-73.99553879999999,7,6,0,,5.0,87,6,6,45,Chinatown,1943.0,161.269,3.0,0.7,0.3,14
1349,50178013,97 HAPPY KTV,"97 BOWERY, MANHATTAN, NY 10002",97 Happy KTV Inc,0x89c25900519e689f:0xcc7d64f37082a1e0,,40.7173486,-73.99504139999999,7,6,0,,4.6,45,6,6,148,Lower East Side,3021.5,181.29,1.1,0.2,0.8,43
1350,50178047,STUDIO CAFE,"144 WEST  125 STREET, MANHATTAN, NY 10027",The Studio Museum in Harlem,0x89c2f60d5f7028fd:0xea081c02285a9a40,,40.8082859,-73.9476926,7,6,0,People typically spend 1-3 hours here,4.6,450,6,6,41,Central Harlem,8000.0,664.0,3.0,0.7,0.3,44
1351,50178106,LA PERLA NASCOTA,"206 WEST   79 STREET, MANHATTAN, NY 10024",La Perla Nascosta,0x89c2599ada6f765b:0x98bd8416926839e5,,40.7831209,-73.978996,7,6,0,,4.9,135,6,6,239,Upper West Side South,800.0,44.0,1.0,0.1,0.9,75
1352,50178155,CHAHALO,"23 SAINT MARKS PLACE, MANHATTAN, NY 10003",ChaHalo 茶话弄 - East Village,0x89c2590016a3302b:0xde25e972385c59ac,,40.7291328,-73.9886384,7,6,0,,4.8,161,6,6,79,East Village,1193.25,99.03975,3.0,0.7,0.3,63
1353,50178227,THE CAFE @ CORNELL TECH,"2 WEST LOOP ROAD, MANHATTAN, NY 10044",The Cafe at Cornell Tech,0x89c258de8895b51f:0x2df06b4d572950cc,,40.7554148,-73.9562424,7,6,0,People typically spend 15 min to 1.5 hr here,4.2,338,6,6,202,Roosevelt Island,8000.0,480.0,1.2,0.2,0.8,2
1354,50178330,RANDY'S DONUTS,"185 BLEECKER STREET, MANHATTAN, NY 10012",Randy's Donuts,0x89c259f2d2926485:0xea6d50a4eef1eb29,,40.7291848,-74.0010057,7,6,0,,4.7,238,6,6,114,Greenwich Village South,246.4285714285714,20.45357142857144,3.0,0.8,0.1999999999999999,15
1355,50178354,TINTO,"41 MONROE STREET, MANHATTAN, NY 10002",Tinto Café and Bar,0x89c25b858bfec7cd:0x3e0dace38eae655b,,40.7116745,-73.9946406,7,6,0,,5.0,77,6,6,45,Chinatown,1040.0,62.4,1.2,0.2,0.8,14
1356,50178509,EAST JAPANESE RESTAURANT,"314 WEST   53 STREET, MANHATTAN, NY 10019",East Japanese Restaurant,0x89c259f6f54e3127:0x9bec88438be65b95,,40.7644527,-73.9856387,7,6,0,,4.8,115,6,6,48,Clinton East,433.3333333333333,23.83333333333333,1.0,0.15,0.85,130
1357,50178649,ARIA NOVA,"190 BLEECKER STREET, MANHATTAN, NY 10012",Aria Nova Pizzeria,0x89c259562655904f:0x7fe974216b6811bf,,40.7291069,-74.00152299999999,7,6,0,,5.0,459,6,6,114,Greenwich Village South,370.8333333333333,24.84583333333333,1.8,0.5,0.5,15
1358,50178654,LUCKIN COFFEE,"221 GRAND STREET, MANHATTAN, NY 10013",Luckin Coffee,0x89c2590209a9b65f:0x3b00482616ac2a87,,40.7185705,-73.99591869999999,7,6,0,,3.7,66,6,6,144,Little Italy/NoLiTa,2104.0,174.632,3.0,0.7,0.3,16
1359,50178873,POWERHOUSE GYM,"158 WEST   27 STREET, MANHATTAN, NY 10001",Powerhouse Gym 158 W. 27th Street Manhattan,0x89c2598d51aca171:0x30be28748a03826,,40.7462,-73.9934323,7,4,12,People typically spend 1.5-2.5 hours here,4.9,377,6,6,186,Penn Station/Madison Sq West,8000.0,480.0,1.1,0.2,0.8,216
1360,50179015,PAISA PICAPOLLO,"501 WEST  167 STREET, MANHATTAN, NY 10032",Pica Pollo 809,0x89c2f404caa68913:0x592c8b89b6226a82,,40.855985,-73.928615,7,6,0,,3.8,73,6,6,244,Washington Heights South,720.0,43.2,1.2,0.2,0.8,149
1361,50179161,THE MAZE,"43 WEST   24 STREET, MANHATTAN, NY 10010",The Maze NYC,0x89c259006b297755:0x405e0d613cf8a300,,40.7433322,-73.9914316,7,6,0,,5.0,22,6,6,234,Union Sq,1963.2,98.16,0.8,0.05,0.95,50
1362,50179204,GEORGIE'S CAFE,"182 BROOME STREET, MANHATTAN, NY 10002",Georgie’s Cafe & Bar,0x89c25981fe1cc31b:0x7ad84207028e4d62,,40.7170738,-73.98642099999999,7,6,0,,4.4,144,6,6,232,Two Bridges/Seward Park,8000.0,480.0,1.2,0.3,0.7,29
1363,50179217,RED POKE,"598 9 AVENUE, MANHATTAN, NY 10036",Red Poke,0x89c25852545fb467:0xc3014d5e5bfb7f08,,40.7588527,-73.9919511,7,6,0,People typically spend 20 min to 4 hr here,4.6,1548,6,6,48,Clinton East,924.0,55.44,1.1,0.2,0.8,130
1364,50179242,OLIO E PIU,"5 BRYANT PARK, MANHATTAN, NY 10018",OLIO E PIÙ Bryant Park,0x89c259aae7ad2bc7:0x360cb106c0c559b8,,40.754043,-73.985355,7,6,0,People typically spend 1.5-4 hours here,4.8,1239,6,6,100,Garment District,927.2,50.996,1.0,0.1,0.9,73
1365,50179256,HIDDEN LANE,"129 EAST   15 STREET, MANHATTAN, NY 10003",Hidden Lane Bar,0x89c2593213e7161f:0xef7212cde8623e92,,40.734595,-73.98767,1,6,0,People typically spend 1-3 hours here,4.4,287,0,6,107,Gramercy,2800.0,168.0,1.2,0.2,0.8,164
1366,50179291,MAMAN,"71 BROADWAY, MANHATTAN, NY 10006",maman,0x89c25b1b13d80a47:0x73b19850ad8f706f,,40.7074388,-74.012209,7,6,0,,4.6,187,6,6,261,World Trade Center,4611.725,382.773175,3.0,0.7,0.3,23
1367,50179307,SWEET REHAB,"167 EAST   87 STREET, MANHATTAN, NY 10128",Sweet Rehab,0x89c2591c2ed8830b:0x49a73e536e7665ea,,40.7800502,-73.9542821,7,6,0,,4.2,51,6,6,236,Upper East Side North,1694.4,140.6352,3.0,0.7,0.3,115
1368,50179315,MAISON BREW,"310 EAST   93 STREET, MANHATTAN, NY 10128",Maison Brew,0x89c259365be61979:0x359fb414ecb56102,,40.7818556,-73.94786409999999,7,6,0,,4.9,59,6,6,263,Yorkville West,2487.0,206.421,3.0,0.7,0.3,73
1369,50179411,BAO NOODLE HOUSE,"110 BOWERY, MANHATTAN, NY 10013",Bao Noodle House 包之面,0x89c25923d49eed3b:0x462c508f3a21b14e,,40.7179918,-73.9951622,7,6,0,People typically spend 30 min to 1 hr here,4.8,511,6,6,144,Little Italy/NoLiTa,1700.0,102.0,1.2,0.3,0.7,16
1370,50179544,FITNESS FACTORY,"362 WEST  125 STREET, MANHATTAN, NY 10027",Fitness Factory Health Club Harlem,0x89c2f715e3ec4bc7:0x16e77f9b6c202f55,,40.810744,-73.953469,7,6,0,People typically spend 1-2 hours here,4.3,43,6,6,166,Morningside Heights,3257.4,195.444,1.1,0.2,0.8,61
1371,50179730,EATS ON 57 MARKETPLACE,"363 WEST   57 STREET, MANHATTAN, NY 10019",Eats on 57 Marketplace,0x89c2590067f64509:0x4419380d7ec72fa2,,40.7679775,-73.9854493,7,4,64,,4.4,28,6,6,48,Clinton East,6588.9,395.334,1.2,0.2,0.8,435
1372,50179754,PUNTA CANA TO GO,"2102 AMSTERDAM AVENUE, MANHATTAN, NY 10032",Punta Cana to go Manhattan,0x89c2f7cd5c176651:0x5a38fb60e7cbd8fa,,40.8375366,-73.9390099,7,6,0,,3.9,7,6,6,244,Washington Heights South,800.0,44.0,0.9,0.1,0.9,149
1373,50180069,AURA D'OR,"42 WEST   35 STREET, MANHATTAN, NY 10001",Aura D’Or,0x89c259d5fde6fb07:0x2a450b904a310e65,,40.7497612,-73.9860805,7,6,0,,4.8,70,6,6,164,Midtown South,600.0,49.8,3.0,0.7,0.3,49
1374,50180359,IHOP,"4168 BROADWAY, MANHATTAN, NY 10033",IHOP,0x89c2f6a02733fae5:0x5389c3a76694efa2,,40.847538,-73.93782139999999,7,0,14,People typically spend 45 min to 1.5 hr here,3.5,2588,6,6,244,Washington Heights South,8000.0,480.0,1.2,0.2,0.8,33
1375,50180361,LA VITA PIZZA RESTAURANT,"1670 3 AVENUE, MANHATTAN, NY 10128",La Vita,0x89c258a5db37618b:0x10daeb438a6497a1,,40.7836935,-73.9507587,7,6,0,People typically spend 30 min to 2 hr here,4.3,382,6,6,236,Upper East Side North,1120.0,75.04,1.8,0.5,0.5,115
1376,50180483,HAWA LES,"181 EAST BROADWAY, MANHATTAN, NY 10002",Hawa Smoothies & Bubble Tea,0x89c25a297f39d741:0xa2ce728d47b64eea,,40.7140278,-73.9892776,7,6,0,People typically spend 10 min to 3.5 hr here,4.7,261,6,6,232,Two Bridges/Seward Park,840.0,69.72,3.0,0.8,0.1999999999999999,29
1377,50180639,LOONG RAMEN,"21 SOUTH END AVENUE, MANHATTAN, NY 10280",Loong Ramen,0x89c25b0f27e6c8f3:0x80cc93860a26be72,,40.7080246,-74.0180158,7,6,0,People typically spend 1-2.5 hours here,4.7,206,6,6,13,Battery Park City,8000.0,480.0,1.2,0.3,0.7,20
1378,50180712,QUE RICO,"221 EAST   23 STREET, MANHATTAN, NY 10010",Que Rico Restaurant,0x89c25900011c63b5:0x2e3fbd1502c4a15e,,40.7385795,-73.9819879,1,6,0,People typically spend 20 min to 4 hr here,4.8,144,0,6,107,Gramercy,3824.8,229.488,1.2,0.2,0.8,164
1379,50180734,VISIT SICILY NYC,"86 EAST    7 STREET, MANHATTAN, NY 10003",Visit Sicily NYC,0x89c259e3dba1ff1d:0x47badfc875c5e8c7,,40.7270357,-73.986148,7,6,0,,4.8,110,6,6,79,East Village,836.0,45.98,1.0,0.1,0.9,63
1380,50180767,CHOPPED,"101 MACDOUGAL STREET, MANHATTAN, NY 10012",Chopped,0x89c259f636e47803:0x8b3bf0b7d4aa5b2b,,40.7296416,-74.0009601,7,6,0,,4.9,127,6,6,114,Greenwich Village South,320.0,26.56,2.5,0.6,0.4,15
1381,50180815,SWEETEA,"28 EAST   33 STREET, MANHATTAN, NY 10016",Sweetea,0x89c2595bca10c73f:0x8cab228bf66b583,,40.7468177,-73.98304949999999,7,6,0,,4.8,372,6,6,164,Midtown South,1413.4,117.3122,3.0,0.7,0.3,49
1382,50180847,BOOBLIQ,"150 BROADWAY, MANHATTAN, NY 10038",Boobliq Bagels and Bar,0x89c25bc05ade334d:0x6e17b2f3382ed517,,40.7091284,-74.0102299,7,6,0,People typically spend 25 min to 2 hr here,4.8,275,6,6,87,Financial District North,6991.725,419.5035,1.2,0.2,0.8,29
1383,50181025,PIZZA POINT,"123 NAGLE AVENUE, MANHATTAN, NY 10040",Pizza Point,0x89c2f5e8fee5392b:0x2fd6e035d6fe43ca,,40.8607013,-73.926737,1,6,0,,4.5,17,0,6,243,Washington Heights North,426.6666666666667,28.58666666666667,1.8,0.5,0.5,14
1384,50181105,MENKOI SAO,"7 CORNELIA STREET, MANHATTAN, NY 10014",Menkoi Sao,0x89c259660f14f8f3:0x1a545b8da9224bcb,,40.7317035,-74.0015804,7,6,0,People typically spend 45 min to 1.5 hr here,4.4,993,6,6,249,West Village,411.6,22.638,1.0,0.15,0.85,30
1385,50181132,TIPSY SHANGHAI RESTAURANT,"594 3 AVENUE, MANHATTAN, NY 10016",Tipsy Shanghai 蘇杭餐厅,0x89c259cb576043ed:0x10ef7b4ff0455833,,40.7488307,-73.9761741,7,6,0,People typically spend 45 min to 1.5 hr here,4.5,999,6,6,170,Murray Hill,200.0,12.0,1.2,0.3,0.7,92
1386,50181169,SURF CITY PIZZERIA III,"1140 1 AVENUE, MANHATTAN, NY 10065",Surf City Pizzeria 3,0x89c2591803c876e1:0xf4ebb68f47b3c250,,40.761792,-73.9600627,7,6,0,,4.9,60,6,6,140,Lenox Hill East,1240.0,83.08,1.8,0.5,0.5,218
1387,50181327,JOE'S PIZZA (PIES ONLY),"1441 BROADWAY, MANHATTAN, NY 10018",Joe's Pizza Broadway,0x89c259ab3c1ef289:0x3b67a41175949f55,,40.7546795,-73.9870291,7,6,0,People typically spend 30 min here,4.4,25992,6,6,100,Garment District,761.8333333333334,51.04283333333334,1.8,0.5,0.5,73
1388,50181362,CASITA OF BROOKLYN,"300 EAST   86 STREET, MANHATTAN, NY 10028",Casita of Brooklyn,0x89c2590002416ded:0x70d6dc21e10ad36,,40.7776204,-73.9515728,7,6,0,,4.8,57,6,6,263,Yorkville West,1360.0,112.88,3.0,0.7,0.3,73
1389,50181366,FU WING,"153 EAST  106 STREET, MANHATTAN, NY 10029",Fu Wing,0x89c2f6031af2a829:0x3858cf0088882770,,40.7923029,-73.945672,7,6,0,,4.0,114,6,6,75,East Harlem South,484.0,29.04,1.2,0.3,0.7,186
1390,50181422,HYDERABADI ZAIQA,"785 9 AVENUE, MANHATTAN, NY 10019",HYDERABADI ZAIQA,0x89c25939865415e7:0x7bb00b793c2bd3a5,,40.7650888,-73.9881719,7,6,0,People typically spend 45 min to 2 hr here,4.6,1213,6,6,48,Clinton East,626.6666666666666,34.46666666666666,1.0,0.15,0.85,130
1391,50181544,REMI FLOWER & COFFEE,"425 PARK AVENUE SOUTH, MANHATTAN, NY 10016",REMI FLOWER COFFEE,0x89c25900446ad2cd:0x9fc07fa11b388f04,,40.7440227,-73.98329919999999,7,6,0,People typically spend 30 min to 2 hr here,4.2,66,6,6,170,Murray Hill,1508.75,125.22625,3.0,0.7,0.3,92
1392,50181561,COFFEE + COCKTAILS,"18 9 AVENUE, MANHATTAN, NY 10014",Coffee + Cocktails,0x89c259bff2ffffff:0x9eec4d9acd7ab9ff,,40.7399278,-74.0058639,7,6,0,,4.4,167,6,6,158,Meatpacking/West Village West,1468.05,88.083,1.2,0.2,0.8,21
1393,50181730,EGGCELLENT TACOS,"400 AUDUBON AVENUE, MANHATTAN, NY 10033",egg cellent tacos Mexican cuisine,0x89c2f55d128cd021:0x95708635f963dfa3,,40.8513795,-73.930748,7,6,0,,5.0,33,6,6,243,Washington Heights North,1760.0,117.92,1.8,0.4,0.6,24
1394,50181731,DUNKIN,"20 HUDSON YARDS, MANHATTAN, NY 10001",Dunkin',0x89c259ed573b5409:0x86e55f76247772c3,,40.7294183,-74.0073931,7,5,0,People typically spend 25 min to 2 hr here,3.4,226,6,6,246,West Chelsea/Hudson Yards,4230.214705882354,253.8128823529412,1.2,0.2,0.8,86
1395,50181860,PROFIT CHINESE RESTAURANT,"643 2 AVENUE, MANHATTAN, NY 10016",Profit Chinese Restaurant II,0x89c25905bf4727eb:0xce97833b7c04e49a,,40.7456231,-73.97549819999999,7,6,0,,3.3,174,6,6,170,Murray Hill,1020.0,61.2,1.2,0.3,0.7,92
1396,50181932,JOY'S CAFE,"60 BAYARD STREET, MANHATTAN, NY 10013",Joys' Cafe,0x89c25b002d9f35a3:0x354b8b3642d88fd7,,40.7155506,-73.9977492,7,6,0,People typically spend 45 min to 1.5 hr here,4.4,301,6,6,45,Chinatown,735.3333333333334,44.12,1.2,0.3,0.7,14
1397,50182136,NOVA PIZZA & GRILL,"1739 2 AVENUE, MANHATTAN, NY 10128",Nova Pizza & Grill,0x89c2590040ca046d:0x9209e1a1c35dd90e,,40.7804147,-73.95015699999999,7,6,0,,4.9,85,6,6,263,Yorkville West,1500.0,100.5,1.8,0.5,0.5,73
1398,50182330,LIQUID,"3859 10 AVENUE, MANHATTAN, NY 10034",Liquid Bar & Restaurant,0x89c2f50038a5c5af:0xca831961cf3f30b2,,40.8639788,-73.9190777,7,6,0,People typically spend 2-4 hours here,3.1,36,6,6,127,Inwood,2100.0,126.0,1.2,0.2,0.8,16
1399,50183352,ORIGINAL ROMA PIZZA,"1562 3 AVENUE, MANHATTAN, NY 10128",Original Roma Pizza,0x89c259cb9ce51fab:0x55cb9e22a3099a82,,40.7800243,-73.9533148,7,6,0,People typically spend 20 min to 3 hr here,4.4,152,6,6,236,Upper East Side North,1451.2,97.2304,1.8,0.5,0.5,115
1400,50183864,MCDONALD'S,"4259 BROADWAY, MANHATTAN, NY 10033",McDonald's,0x89c2f6a083a66127:0x6a23a6cd4cb582ff,,40.850094,-73.93603499999999,7,4,10,People typically spend 15-45 min here,3.6,2497,6,6,244,Washington Heights South,2693.25,161.595,1.2,0.2,0.8,174
1401,50183892,MCDONALD'S,"824 3 AVENUE, MANHATTAN, NY 10022",McDonald's,0x89c258e32f2ee8ad:0xc8a72b9348c494bc,,40.7561546,-73.9707571,7,4,16,People typically spend 10-45 min here,3.4,1673,6,6,162,Midtown East,1817.0,150.811,2.5,0.6,0.4,141
1402,40364347,METROPOLITAN CLUB,"1 EAST   60 STREET, MANHATTAN, NY 10022",Metropolitan Club,0x89c258f023b8b8d9:0x3c50d37e5c56f446,,40.7646941,-73.9718947,7,4,24,,4.7,362,6,6,237,Upper East Side South,2508.15,150.489,1.2,0.2,0.8,96
1403,40364389,OLD TOWN BAR,"45 EAST   18 STREET, MANHATTAN, NY 10003",Old Town Bar,0x89c259a22241efc3:0x47fed87e18b07624,,40.7376111,-73.9891583,7,6,0,People typically spend 1-2.5 hours here,4.4,1815,6,6,234,Union Sq,2216.0,132.96,1.2,0.2,0.8,50
1404,40364439,SEVILLA,"62 CHARLES STREET, MANHATTAN, NY 10014",Sevilla,0x89c259945b9f1da7:0x244dab1374bbef81,,40.7348417,-74.00300829999999,7,6,0,People typically spend 1.5-3 hours here,4.3,1331,6,6,249,West Village,1317.6,72.46799999999999,0.9,0.1,0.9,30
1405,40364715,OLD HOMESTEAD,"56 9 AVENUE, MANHATTAN, NY 10011",Old Homestead Steakhouse,0x89c259bf0ca5edef:0xba792d711f483abf,,40.7412007,-74.0047629,7,6,0,People typically spend 1.5-3 hours here,4.2,2464,6,6,68,East Chelsea,853.25,51.195,1.2,0.2,0.8,303
1406,40365387,ARTURO'S,"106 WEST HOUSTON STREET, MANHATTAN, NY 10012",Arturo's Coal Oven Pizza,0x89c259c275d06efd:0x4a9d30fca24c8fd4,,40.7274031,-74.0004209,7,6,0,People typically spend 1.5-4 hours here,4.5,654,6,6,114,Greenwich Village South,328.0,18.04,1.0,0.1,0.9,15
1407,40365789,PATSY'S ITALIAN RESTAURANT,"236 WEST   56 STREET, MANHATTAN, NY 10019",Patsy's Italian Restaurant,0x89c258f7fcad6cdb:0xa98fe24a9c1cfe15,,40.7656391,-73.9827408,7,6,0,People typically spend 1.5-4 hours here,4.3,2164,6,6,163,Midtown North,700.0,38.5,1.0,0.1,0.9,74
1408,40365882,NEW YORK PIZZA SUPREMA,"413 8 AVENUE, MANHATTAN, NY 10001",NY Pizza Suprema,0x89c25941e2fda08d:0xfecb69a95e026dfb,,40.7501778,-73.99527379999999,7,6,0,People typically spend 30 min here,4.6,8656,6,6,68,East Chelsea,2085.0,139.695,1.8,0.5,0.5,303
1409,40365968,NANCY WHISKEY PUB,"1 LISPENARD STREET, MANHATTAN, NY 10013",Nancy Whiskey Pub,0x89c2598ae7094e4f:0x392d6010201927f1,,40.7206329,-74.0049666,7,6,0,People typically spend 45 min to 2.5 hr here,4.5,1067,6,6,231,TriBeCa/Civic Center,560.0,33.6,1.2,0.2,0.8,50
1410,40368313,RED FLAME DINER,"67 WEST   44 STREET, MANHATTAN, NY 10036",The Red Flame,0x89c258fff41099b3:0x1e89923de66beed3,,40.756077,-73.982699,7,5,0,People typically spend 45 min to 1.5 hr here,4.2,3409,6,6,161,Midtown Center,1800.0,108.0,1.2,0.2,0.8,60
1411,40368374,JIMMY'S CORNER,"140 WEST   44 STREET, MANHATTAN, NY 10036",Jimmy's Corner,0x89c2585515b73fab:0x7833c29064fdfca3,,40.7567299,-73.9847643,7,6,0,People typically spend 45 min to 2.5 hr here,4.6,2269,6,6,230,Times Sq/Theatre District,3000.0,180.0,1.2,0.2,0.8,118
1412,40369165,REIF'S TAVERN,"302 EAST   92 STREET, MANHATTAN, NY 10128",Reif's Bar,0x89c258a56f146e01:0xfff0ff5e83ed46b1,,40.7813724,-73.9486257,7,6,0,People typically spend 1-4 hours here,4.5,183,6,6,263,Yorkville West,680.0,40.8,1.2,0.2,0.8,73
1413,40372971,RACQUET & TENNIS CLUB,"370 PARK AVENUE, MANHATTAN, NY 10022",Racquet & Tennis Club,0x89c258fb6232223d:0x48f5b9068b1b4f8e,,40.7588506,-73.9730612,7,6,0,,4.5,54,6,6,161,Midtown Center,7293.525,437.6115,1.2,0.2,0.8,88
1414,40374834,CASA BELLA,"127 MULBERRY STREET, MANHATTAN, NY 10013",Casa Bella,0x89c25989d3da0bd1:0x71872bc29bd8566e,,40.7180825,-73.9981243,7,6,0,People typically spend 1-4 hours here,4.3,3138,6,6,144,Little Italy/NoLiTa,398.1333333333334,21.89733333333334,1.0,0.1,0.9,16
1415,40377325,JACKSON HOLE,"521 THIRD AVENUE, MANHATTAN, NY 10016",Jackson Hole Burgers,0x89c2590671732dc7:0x301a3d43bfd4e39a,,40.7461701,-73.97750959999999,7,6,0,People typically spend 45 min to 1.5 hr here,4.4,2396,6,6,170,Murray Hill,617.6,51.2608,2.5,0.6,0.4,92
1416,40378212,CUCHIFRITOS,"168 EAST  116 STREET, MANHATTAN, NY 10029",Cuchifritos,0x89c2f6061b60694f:0x90991fb1d6bb5c43,,40.7980513,-73.9409898,7,6,0,People typically spend 25 min to 4 hr here,4.2,1691,6,6,74,East Harlem North,5070.0,278.85,0.9,0.1,0.9,101
1417,40378874,TERRA BLUES,"149 BLEEKER STREET, MANHATTAN, NY 10012",Terra Blues,0x89c25991e7aca8e5:0x3e57604094fdc6ef,,40.728425,-73.99925,7,6,0,People typically spend 1.5-3.5 hours here,4.7,1462,6,6,114,Greenwich Village South,1329.0,79.74,1.2,0.2,0.8,15
1418,40379580,COOPER TOWN DINER,"339 1 AVENUE, MANHATTAN, NY 10003",Cooper Town,0x89c259752b37070f:0x88bd11eddb475cf1,,40.7348938,-73.980274,7,6,0,People typically spend 30 min to 1.5 hr here,4.3,363,6,6,107,Gramercy,496.8,29.808,1.2,0.2,0.8,46
1419,40379662,MEZZALUNA,"1295 THIRD AVENUE, MANHATTAN, NY 10021",Mezzaluna,0x89c258c003c4c12d:0x4d18fbf12b3512cd,,40.7711518,-73.9592566,7,6,0,,4.4,360,6,6,141,Lenox Hill West,4478.31,246.30705,1.0,0.1,0.9,83
1420,40379890,O'HARA'S,"120 CEDAR STREET, MANHATTAN, NY 10006",O'Hara's Restaurant and Pub,0x89c25a10ac02e5b9:0xfad36691304b0f8b,,40.7095008,-74.0126642,7,6,0,People typically spend 45 min to 1.5 hr here,4.6,5757,6,6,261,World Trade Center,480.0,28.8,1.2,0.2,0.8,23
1421,40384340,FRIEND OF A FARMER,"77 IRVING PLACE, MANHATTAN, NY 10003",Friend Of A Farmer,0x89c259a1c86bce6f:0x6dd0c44e0b6a2268,,40.7368776,-73.9868623,7,6,0,People typically spend 1-2 hours here,4.4,1875,6,6,107,Gramercy,695.8333333333334,41.75,1.2,0.2,0.8,46
1422,40384671,CHEZ JOSEPHINE,"414 WEST   42 STREET, MANHATTAN, NY 10036",Chez Josephine,0x89c258528cef1dd7:0x5062203dfc6cc097,,40.7586405,-73.9934984,7,6,0,People typically spend 1.5-2.5 hours here,4.3,1488,6,6,48,Clinton East,536.875,26.84375,0.8,0.05,0.95,130
1423,40386001,PRIMOLA,"1226 SECOND AVENUE, MANHATTAN, NY 10065",Primola,0x89c258e84f91bda7:0xea974b489bb6a87c,,40.7638761,-73.9616894,7,6,0,People typically spend 1.5-4 hours here,4.4,277,6,6,141,Lenox Hill West,870.0,47.85,1.0,0.1,0.9,83
1424,40388935,SAKE BAR DECIBEL,"240 EAST    9 STREET, MANHATTAN, NY 10003",Sake Bar Decibel,0x89c2599c6f5276fb:0xb5c170a3408fbd0d,,40.7293006,-73.9877458,2,6,0,People typically spend 45 min to 2 hr here,4.4,1234,1,6,79,East Village,3780.0,207.9,1.0,0.15,0.85,38
1425,40389455,TOWNHOUSE OF NY,"236 EAST   58 STREET, MANHATTAN, NY 10022",The Townhouse of New York,0x89c258e5d43d6eab:0x8664e1dda0aa2224,,40.7602472,-73.9656479,7,6,0,People typically spend 1-2.5 hours here,4.2,243,6,6,229,Sutton Place/Turtle Bay North,8000.0,480.0,1.2,0.2,0.8,48
1426,40390409,THE FAMOUS JIMBO'S HAMBURGER PALACE,"1345 AMSTERDAM AVENUE, MANHATTAN, NY 10027",Jimbo’s Hamburger Palace,0x89c2f66bb0717651:0xfba03efe1be376b8,,40.813575,-73.9557858,7,5,0,,4.1,302,6,6,166,Morningside Heights,1750.0,145.25,2.5,0.6,0.4,52
1427,40391060,LUKE'S BAR & GRILL,"1394 THIRD AVENUE, MANHATTAN, NY 10075",Luke's Bar & Grill,0x89c258be4346c6f1:0xaf87ff6e48352812,,40.7746459,-73.957354,7,6,0,People typically spend 30 min to 2 hr here,4.3,491,6,6,236,Upper East Side North,742.4000000000001,44.544,1.2,0.2,0.8,115
1428,40391979,SUTTON CAFE,"1026 FIRST AVENUE, MANHATTAN, NY 10022",Sutton Cafe,0x89c258e6d03c507b:0x18d2ca18341c3d21,,40.7577394,-73.9631077,7,6,0,,4.0,99,6,6,229,Sutton Place/Turtle Bay North,5000.0,300.0,1.2,0.2,0.8,48
1429,40392496,TARTINE,"253 WEST   11 STREET, MANHATTAN, NY 10014",Tartine,0x89c25995a88b3295:0x18dab5a9dad2641f,,40.7363901,-74.0034518,7,6,0,People typically spend 1-2 hours here,4.4,975,6,6,249,West Village,614.4000000000001,30.72000000000001,0.8,0.05,0.95,30
1430,40393154,AMSTERDAM BILLIARDS,"85 4 AVENUE, MANHATTAN, NY 10003",Amsterdam Billiards,0x89c2599950bdd7ed:0xc02c2b5762a102f1,,40.7317088,-73.98994239999999,7,6,0,,4.3,1533,6,6,79,East Village,1862.25,111.735,1.2,0.2,0.8,63
1431,40393378,E.J'S LUNCHEONETTE,"1271 THIRD AVENUE, MANHATTAN, NY 10021",EJ's Luncheonette,0x89c258eaa1a5c19b:0xdc5f7d5b1e170429,,40.770444,-73.9597299,7,6,0,People typically spend 45 min to 2 hr here,4.2,1390,6,6,141,Lenox Hill West,1004.25,60.255,1.2,0.2,0.8,83
1432,40393558,FITZGERALD'S PUB,"336 THIRD AVENUE, MANHATTAN, NY 10010",Fitzgerald's Pub,0x89c2590a0303e4dd:0x619d08ace39df7e8,,40.7400857,-73.9825183,7,6,0,People typically spend 45 min to 4 hr here,4.3,368,6,6,107,Gramercy,420.0,25.2,1.2,0.2,0.8,46
1433,40395055,BECCO,"355 WEST   46 STREET, MANHATTAN, NY 10036",Becco,0x89c25853e489d19d:0x5bb7f414be0927ae,,40.760804,-73.9898324,7,6,0,People typically spend 1-2.5 hours here,4.3,4620,6,6,48,Clinton East,351.0,19.305,1.0,0.1,0.9,130
1434,40395872,CARIDAD RESTAURANT,"3533 BROADWAY, MANHATTAN, NY 10031",Caridad Restaurant,0x89c2f663a772a7cf:0xb4723c37ca5a0789,,40.8262205,-73.9509336,7,6,0,People typically spend 25 min to 2.5 hr here,4.5,2045,6,6,116,Hamilton Heights,3155.1,189.306,1.2,0.2,0.8,42
1435,40396183,LUCINDAS,"169 AVENUE A, MANHATTAN, NY 10009",Lucinda's,0x89c25945c40e498d:0x21ce7a10e7fab6e2,,40.7283407,-73.9821982,7,6,0,People typically spend 1-3 hours here,4.2,84,6,6,79,East Village,266.6666666666667,16.0,1.2,0.2,0.8,63
1436,40396464,ESS-A-BAGEL,"831 THIRD AVENUE, MANHATTAN, NY 10022",Ess-a-Bagel,0x89c258e324502567:0x526c7b526bf4ab10,,40.7561836,-73.9701973,7,5,0,People typically spend 15 min to 1 hr here,4.1,4836,6,6,229,Sutton Place/Turtle Bay North,1117.0,92.711,3.0,0.8,0.1999999999999999,78
1437,40396532,METRO DINER,"2641 BROADWAY, MANHATTAN, NY 10025",Metro Diner,0x89c2f6260bfa97d5:0x6e402eeb0d3ad72f,,40.7974621,-73.9701451,7,6,0,People typically spend 45 min to 2 hr here,4.3,2325,6,6,151,Manhattan Valley,713.6,42.816,1.2,0.2,0.8,38
1438,40397359,MCCOY'S PUB,"768 9 AVENUE, MANHATTAN, NY 10019",McCoys,0x89c25857381f112f:0x12a7c531fae4ff0b,,40.764333,-73.9881241,7,6,0,People typically spend 1-4 hours here,4.2,567,6,6,48,Clinton East,400.0,22.0,1.0,0.1,0.9,130
1439,40398989,FRESCO,"34 EAST   52 STREET, MANHATTAN, NY 10022",Fresco by Scotto,0x89c258fb808a4233:0x6a145ee9b459f86d,,40.7588164,-73.9745136,1,6,0,People typically spend 1.5-4 hours here,4.4,1031,0,6,161,Midtown Center,4077.800000000001,224.279,1.0,0.1,0.9,793
1440,40399569,JUDGE ROY BEAN,"38 WEST   56 STREET, MANHATTAN, NY 10019",Judge Roy Bean Public House,0x89c258fa178793ad:0xf46ccb18daa49ebf,,40.7629456,-73.97642069999999,7,6,0,People typically spend 25 min to 2 hr here,4.4,926,6,6,161,Midtown Center,1000.0,60.0,1.2,0.2,0.8,88
1441,40400754,RYAN MAGUIRE'S,"28 CLIFF STREET, MANHATTAN, NY 10038",Ryan Maguire's Bar & Restaurant,0x89c25a3d4797f6cd:0x8a454861c99878af,,40.7082005,-74.00515879999999,7,6,0,People typically spend 1-3 hours here,4.4,972,6,6,87,Financial District North,1520.0,83.6,1.0,0.1,0.9,29
1442,40401025,ALTESI DOWNTOWN,"200 SPRING STREET, MANHATTAN, NY 10012",Altesi Downtown,0x89c2598c58e22941:0xb6fd1354201d80c8,,40.7250273,-74.0034142,7,6,0,,4.3,427,6,6,211,SoHo,2216.0,121.88,1.0,0.1,0.9,26
1443,40401093,FRENCH ROAST,"2340 BROADWAY, MANHATTAN, NY 10024",French Roast,0x89c258841f875ed9:0x90b4b0dad3d8436f,,40.7876417,-73.97659019999999,7,6,0,People typically spend 30 min to 2 hr here,4.7,4194,6,6,239,Upper West Side South,1406.77,70.3385,0.8,0.05,0.95,75
1444,40401422,BROADWAY DIVE,"2662 BROADWAY, MANHATTAN, NY 10025",Broadway Dive,0x89c2f625da0d3ff5:0xc3f24f127cb9b310,,40.7979406,-73.9690754,7,6,0,People typically spend 45 min to 2.5 hr here,4.5,568,6,6,151,Manhattan Valley,450.0,27.0,1.2,0.2,0.8,38
1445,40402023,LE MARAIS,"150 WEST   46 STREET, MANHATTAN, NY 10036",Le Marais,0x89c258559970e091:0x832e9f5017a0d478,,40.7581079,-73.9842178,7,6,0,People typically spend 1.5-4 hours here,4.4,2703,6,6,230,Times Sq/Theatre District,625.0,37.5,1.1,0.15,0.85,118
1446,40402172,LOMBARDI'S,"32 SPRING STREET, MANHATTAN, NY 10012",Lombardi's,0x89c2598a1316e7a7:0xd8f10512fc3c4299,,40.72157,-73.9956368,7,6,0,People typically spend 45 min to 1.5 hr here,4.2,8994,6,6,144,Little Italy/NoLiTa,839.2,56.22640000000001,1.8,0.5,0.5,16
1447,40402393,HARVARD CLUB,"27 WEST   44 STREET, MANHATTAN, NY 10036",Harvard Club of New York City,0x89c258ffdadf0edb:0x18b35190c6b4a741,,40.7555321,-73.9814629,7,6,0,,4.7,946,6,6,161,Midtown Center,1394.76,83.6856,1.2,0.2,0.8,88
1448,40402785,HARMONIE CLUB,"4 EAST   60 STREET, MANHATTAN, NY 10022",Harmonie Club,0x89c258f017a04397:0x8b2566ff5a9888e2,,40.7644444,-73.9719444,7,6,0,,4.6,137,6,6,237,Upper East Side South,2508.15,150.489,1.2,0.2,0.8,131
1449,40424337,BAGEL WORKS,"1229 FIRST AVENUE, MANHATTAN, NY 10065",Bagelworks,0x89c258c27b66fc9f:0x9f783635a24cbb9f,,40.76435,-73.958831,7,5,0,People typically spend 10-45 min here,4.4,943,6,6,141,Lenox Hill West,2307.2,191.4976,3.0,0.8,0.1999999999999999,79
1450,40483696,LENA HORNE THEATRE,"256 WEST   47 STREET, MANHATTAN, NY 10036",Lena Horne Theatre,0x89c258542519fa25:0x726301b635a24a46,,40.7599367,-73.98689999999999,7,6,0,,4.7,3097,6,6,230,Times Sq/Theatre District,831.25,49.875,1.2,0.2,0.8,118
1451,40510439,LA ISLA,"1883 THIRD AVENUE, MANHATTAN, NY 10029",LA ISLA RESTAURANT,0x89c2f6028c14694b:0x1d473a18a742934,,40.7902984,-73.9453936,7,6,0,People typically spend 15 min to 1 hr here,3.8,398,6,6,75,East Harlem South,1140.0,68.39999999999999,1.2,0.2,0.8,186
1452,40512204,STARBUCKS,"38 PARK ROW, MANHATTAN, NY 10038",Starbucks Coffee Company,0x89c25a1892ae8f91:0x987df2bb3461ec84,,40.71164,-74.00666,7,4,0,People typically spend 15-45 min here,3.7,1318,6,6,209,Seaport,713.4,59.2122,3.0,0.7,0.3,62
1453,40523865,POPEYES,"2730 FREDRICK DOUGLAS BOULEVARD, MANHATTAN, NY 10039",Popeyes Louisiana Kitchen,0x89c2f679514b2ac5:0x2adb5312768464e0,,40.8229081,-73.9415018,7,6,0,People typically spend 20 min to 1.5 hr here,3.7,926,6,6,42,Central Harlem North,1759.5,117.8865,2.0,0.5,0.5,70
1454,40532870,STARBUCKS,"124 8 AVENUE, MANHATTAN, NY 10011",Starbucks,0x89c2590034d414b5:0x635b7accb9b05ff4,,40.7411182,-74.0013082,7,4,0,,2.6,25,6,6,90,Flatiron,3062.25,254.16675,3.0,0.7,0.3,253
1455,40537494,810 DELI & CAFE,"810 7 AVENUE, MANHATTAN, NY 10019",810 Deli & Cafe,0x89c258f865cbbc83:0xff849f4b15f19655,,40.7627351,-73.982401,7,5,0,People typically spend 45 min here,3.7,843,6,6,230,Times Sq/Theatre District,977.6571428571428,58.65942857142857,1.2,0.2,0.8,112
1456,40545375,POST BILLIARDS CAFE,"154 POST AVENUE, MANHATTAN, NY 10034",Post Billiards Cafe,0x89c2f3f60f39f435:0xf5e9690a74a8790b,,40.8652328,-73.9188206,7,6,0,,4.4,453,6,6,127,Inwood,468.5,28.11,1.2,0.2,0.8,16
1457,40551234,THE GIN MILL,"442 AMSTERDAM AVENUE, MANHATTAN, NY 10024",The Gin Mill,0x89c2588608da2747:0x446b5f8db0155877,,40.784754,-73.977537,7,6,0,People typically spend 1-3 hours here,4.3,1166,6,6,239,Upper West Side South,800.0,48.0,1.2,0.2,0.8,75
1458,40560112,MALECON,"764 AMSTERDAM AVENUE, MANHATTAN, NY 10025",Malecon Restaurant (97th Street),0x89c2f627ca5c7359:0xcf40ff41c6f620e2,,40.7950409,-73.9698746,7,6,0,People typically spend 10 min to 1.5 hr here,4.2,1909,6,6,238,Upper West Side North,562.8000000000001,33.768,1.2,0.2,0.8,84
1459,40564858,MURPHY'S LAW,"417 EAST   70 STREET, MANHATTAN, NY 10021",Murphy's Law,0x89c258c162bd364b:0x3888699b28393714,,40.7661707,-73.9556642,7,6,0,People typically spend 45 min to 3 hr here,4.3,488,6,6,140,Lenox Hill East,4249.8,233.739,1.0,0.1,0.9,218
1460,40568591,FACES & NAMES,"161 WEST   54 STREET, MANHATTAN, NY 10019",Faces & Names Bar and Lounge,0x89c258f8473082f5:0x6adeb7a161e469fd,,40.7635888,-73.9809248,7,6,0,People typically spend 45 min to 2.5 hr here,4.3,1327,6,6,163,Midtown North,960.8,48.04,0.8,0.05,0.95,74
1461,40575863,FAMOUS JOE'S PIZZA,"7 CARMINE STREET, MANHATTAN, NY 10014",Joe's Pizza,0x89c259924a960df1:0x43b20488619b3f43,,40.7306597,-74.0021707,7,6,0,People typically spend 20 min here,4.4,10396,6,6,249,West Village,1075.0,72.025,1.8,0.5,0.5,30
1462,40576150,FELICE 64,"1166 1 AVENUE, MANHATTAN, NY 10065",Felice 64,0x89c258c2a758576b:0xf1c64c2f2942635f,,40.7625672,-73.95956389999999,7,6,0,People typically spend 45 min to 2.5 hr here,4.5,669,6,6,140,Lenox Hill East,1600.0,88.0,1.0,0.1,0.9,218
1463,40576403,MAYA,"1191 1 AVENUE, MANHATTAN, NY 10065",Maya by Chef Richard Sandoval - NYC,0x89c258c29e2abee3:0x72e59bf3ca4cb69e,,40.7631741,-73.95972359999999,7,6,0,People typically spend 15 min to 3 hr here,4.3,1602,6,6,141,Lenox Hill West,3278.6,219.6662,1.8,0.4,0.6,83
1464,40578252,OSTERIA LAGUNA,"209 EAST   42 STREET, MANHATTAN, NY 10017",Osteria Laguna,0x89c259030ec55ddd:0xe820fefa0a1cf3db,,40.7506553,-73.9735662,7,6,0,People typically spend 1-4 hours here,4.5,1122,6,6,233,UN/Turtle Bay South,628.0,34.54,1.0,0.1,0.9,73
1465,40578773,JOHN'S PIZZA,"260 WEST   44 STREET, MANHATTAN, NY 10036",John's Pizzeria of Times Square,0x89c2585487122105:0x6a25bbb19e1577c8,,40.7582117,-73.98839579999999,7,6,0,People typically spend 1-4 hours here,4.3,8463,6,6,230,Times Sq/Theatre District,8000.0,536.0,1.8,0.5,0.5,118
1466,40581363,BALLATO,"55 EAST HOUSTON STREET, MANHATTAN, NY 10012",Emilio's Ballato,0x89c2598581890a45:0xf8d461ccea75907c,,40.7245528,-73.99450379999999,7,6,0,People typically spend 1.5-4 hours here,4.1,1676,6,6,144,Little Italy/NoLiTa,662.1666666666666,36.41916666666666,1.0,0.1,0.9,16
1467,40586000,ZARO'S BREAD BASKET,"89 EAST   42 STREET, MANHATTAN, NY 10017",Zaro’s Family Bakery,0x89c25901805ed947:0x83d347a2518bea2,,40.7527297,-73.9772334,7,5,0,,3.0,545,6,6,162,Midtown East,239.0625,19.8421875,3.0,0.7,0.3,75
1468,40597409,STROMBOLI PIZZA,"83 ST MARKS PLACE, MANHATTAN, NY 10003",Stromboli Pizza,0x89c2599d04e476f1:0x712482e3494f38a0,,40.7277856,-73.9854429,7,6,0,,4.3,562,6,6,79,East Village,1080.0,72.36,1.8,0.5,0.5,63
1469,40619544,CAFETERIA,"119 7 AVENUE, MANHATTAN, NY 10011",Cafeteria,0x89c259bc576e6fdf:0xa6b40e37709dce7c,,40.7405304,-73.9979937,7,6,0,People typically spend 1-3 hours here,4.3,3973,6,6,90,Flatiron,4000.0,240.0,1.2,0.2,0.8,31
1470,40624607,FRANK,"88 2 AVENUE, MANHATTAN, NY 10003",Frank,0x89c2599ca896632b:0x8ddeaf2ddf9120a0,,40.7268777,-73.9886954,7,6,0,People typically spend 45 min to 2 hr here,4.3,1049,6,6,79,East Village,600.0,33.0,1.0,0.1,0.9,63
1471,40635366,THE LIBRARY,"7 AVENUE A, MANHATTAN, NY 10009",The Library,0x89c25983b3ed0043:0x7de84b096a906fd4,,40.7226196,-73.986389,7,6,0,People typically spend 1-3.5 hours here,4.3,707,6,6,79,East Village,331.2,19.872,1.2,0.2,0.8,63
1472,40641437,MARUZZELLA,"1483 FIRST AVENUE, MANHATTAN, NY 10075",Maruzzella,0x89c258bf4d7f386d:0xd562585ed0ed0149,,40.7713,-73.95369099999999,7,6,0,,4.4,153,6,6,141,Lenox Hill West,640.0,35.2,1.0,0.1,0.9,83
1473,40643163,SHADE,"241 SULLIVAN STREET, MANHATTAN, NY 10012",SHADE BAR Crepes,0x89c259919edad2b5:0xe2bad6f58db45cdf,,40.7298997,-73.9993408,7,4,0,People typically spend 1-2 hours here,4.5,363,6,6,114,Greenwich Village South,480.0,28.8,1.2,0.2,0.8,110
1474,40643682,TILE BAR,"115 1 AVENUE, MANHATTAN, NY 10003",Tile Bar,0x89c2599d1fea2a3d:0x4c588f17a6e63a76,,40.727151,-73.9858603,7,6,0,People typically spend 1-2 hours here,4.2,269,6,6,79,East Village,812.8000000000001,48.768,1.2,0.2,0.8,63
1475,40654823,BLONDIES,"212 WEST   79 STREET, MANHATTAN, NY 10024",Blondies Sports,0x89c2588891110e83:0x337d6a4ad691184,,40.7832617,-73.9791073,7,6,0,People typically spend 1-3 hours here,4.3,832,6,6,239,Upper West Side South,640.0,38.4,1.2,0.2,0.8,75
1476,40669697,LE MONDE,"2883 BROADWAY, MANHATTAN, NY 10025",Le Monde,0x89c2f63b8b5312a9:0xe562a9ee17c50fc2,,40.8058863,-73.9658847,7,6,0,People typically spend 1.5-3.5 hours here,4.7,3342,6,6,166,Morningside Heights,4079.0,203.95,0.8,0.05,0.95,61
1477,40674475,JOHN'S PIZZERIA,"278 BLEECKER STREET, MANHATTAN, NY 10014",John's of Bleecker Street,0x89c25993a1376eb9:0x41ca6e3a2f6d4e74,,40.7316187,-74.00344679999999,7,6,0,People typically spend 20 min to 1 hr here,4.6,8395,6,6,249,West Village,868.75,58.20625,1.8,0.5,0.5,30
1478,40679269,DOLLY VARDEN,"302 WEST   51 STREET, MANHATTAN, NY 10019",Dolly's,0x89c25856fe1c181b:0x4ad1bcad892d4c65,,40.7629417,-73.9863029,7,6,0,People typically spend 1-2 hours here,4.5,1095,6,6,48,Clinton East,945.0,56.7,1.2,0.2,0.8,130
1479,40691569,PERSHING SQUARE CAFE,"90 EAST   42 STREET, MANHATTAN, NY 10017",Pershing Square,0x89c2590183121a05:0xa027ebe4d0772851,,40.7520244,-73.97782579999999,7,6,0,People typically spend 1-2.5 hours here,4.2,4819,6,6,170,Murray Hill,239.0625,14.34375,1.2,0.2,0.8,92
1480,40715360,STARBUCKS,"100 WILLIAM STREET, MANHATTAN, NY 10038",Starbucks Coffee Company,0x89c25a161f18bead:0xf088d01ad487d7fb,,40.708413,-74.007387,7,4,0,,3.3,212,6,6,87,Financial District North,8000.0,664.0,3.0,0.7,0.3,274
1481,40716479,LIFFY II BAR,"5009 BROADWAY, MANHATTAN, NY 10034",Liffy II Bar,0x89c2f3f3f3f7a8df:0x7d1d602b7784185e,,40.8692514,-73.91734629999999,7,6,0,People typically spend 1.5-3.5 hours here,4.6,177,6,6,127,Inwood,1250.0,68.75,1.0,0.1,0.9,16
1482,40719059,PARK BAR,"15 EAST   15 STREET, MANHATTAN, NY 10003",Park Bar,0x89c2599877e795e7:0xf891637488483d9,,40.7364378,-73.9921394,7,6,0,People typically spend 45 min to 2.5 hr here,4.3,416,6,6,234,Union Sq,746.5,44.79,1.2,0.2,0.8,50
1483,40736137,STARBUCKS,"2929 BROADWAY, MANHATTAN, NY 10025",Starbucks Coffee Company,0x89c2f63ea9381223:0xdf2236f7cf2f54,,40.807103,-73.964922,7,4,0,People typically spend 10 min to 2 hr here,3.4,378,6,6,166,Morningside Heights,1500.0,124.5,3.0,0.7,0.3,98
1484,40736836,SILVER STAR,"1236 2 AVENUE, MANHATTAN, NY 10065",Silver Star,0x89c258e84c3dd8db:0x3f5e89a9bc3478ef,,40.7641033,-73.9614819,7,5,0,People typically spend 45 min to 1.5 hr here,4.0,583,6,6,141,Lenox Hill West,2048.0,122.88,1.2,0.2,0.8,79
1485,40739412,APPLEBEE'S,"234 WEST   42 STREET, MANHATTAN, NY 10036",Applebee's Grill + Bar,0x89c25854a632f7bf:0x89afe090bc07afd0,,40.7566081,-73.9887995,7,6,0,People typically spend 1-2.5 hours here,4.0,8323,6,6,100,Garment District,2294.541666666667,137.6725,1.2,0.2,0.8,73
1486,40747820,HURLEY'S SALOON,"232 WEST   48 STREET, MANHATTAN, NY 10036",Hurley's Restaurant & Bar,0x89c258542a6c5817:0x5e95c639d88268ab,,40.7605401,-73.9861159,7,6,0,,4.3,1467,6,6,230,Times Sq/Theatre District,720.0,39.6,1.0,0.1,0.9,118
1487,40750279,VIEW RESTAURANT,"1535 BROADWAY, MANHATTAN, NY 10036",The View,0x89c258544dc06e39:0x6e36d9806d5b4c57,,40.7587252,-73.98622,7,6,0,,4.4,505,6,6,230,Times Sq/Theatre District,403.5,24.21,1.2,0.2,0.8,118
1488,40755172,PETER MCMANUS CAFE,"152 7 AVENUE, MANHATTAN, NY 10011",Peter McManus Cafe,0x89c259bc87d6b659:0x91474f386f7ed964,,40.741844,-73.997613,7,6,0,People typically spend 45 min to 2 hr here,4.5,1054,6,6,90,Flatiron,736.0,40.48,1.0,0.1,0.9,31
1489,40756287,BARBARESCO,"843 LEXINGTON AVENUE, MANHATTAN, NY 10065",Barbaresco,0x89c258eed22d0c31:0xaf723851b4540510,,40.765392,-73.965559,7,6,0,,4.3,169,6,6,237,Upper East Side South,1600.0,88.0,1.0,0.1,0.9,131
1490,40798329,HUDSON HOUND,"575 HUDSON STREET, MANHATTAN, NY 10014",Hudson Hound,0x89c25994d6010861:0xa097c41320f94685,,40.7361111,-74.0061111,7,0,55,People typically spend 1-3 hours here,4.4,591,6,6,249,West Village,880.0,52.8,1.2,0.2,0.8,55
1491,40806208,PAUL WEISS RIFKIN WHARTON,"1285 6 AVENUE, MANHATTAN, NY 10019","Paul, Weiss, Rifkind, Wharton & Garrison",0x89c258f91f8ab791:0x3bda4bddfe5ee60f,,40.7611965,-73.9805722,7,4,3,People typically spend 4 hours here,4.5,66,6,6,230,Times Sq/Theatre District,6724.3625,403.46175,1.2,0.2,0.8,244
1492,40812973,LUNELLA RISTORANTE,"173 MULBERRY STREET, MANHATTAN, NY 10013",Lunella,0x89c2598857d7c009:0xfae3fd489de27984,,40.7200992,-73.9971899,7,6,0,,4.5,2227,6,6,144,Little Italy/NoLiTa,565.3333333333334,31.09333333333334,1.0,0.1,0.9,16
1493,40815605,CHOP'T,"24 EAST   17 STREET, MANHATTAN, NY 10003",Chopt Creative Salad Co.,0x89c259a26c21bff7:0x4a4e3f73d3a5b1e7,,40.7373158,-73.9910737,7,6,0,,4.8,1211,6,6,234,Union Sq,3726.05,309.26215,2.5,0.6,0.4,50
1494,40818115,STARBUCKS,"803 WEST  181 STREET, MANHATTAN, NY 10033",Starbucks Coffee Company,0x89c2f6a0e76e5e0d:0xf3bd164e7d046df5,,40.851087,-73.938442,7,4,0,People typically spend 10-45 min here,4.0,720,6,6,243,Washington Heights North,625.0,51.875,3.0,0.7,0.3,101
1495,40829514,CLINTON STREET BAKING COMPANY,"4 CLINTON STREET, MANHATTAN, NY 10002",Clinton St. Baking Company,0x89c259821bab0de1:0xc97c4df9856335f1,,40.721264,-73.9838497,7,6,0,People typically spend 45 min to 2 hr here,4.4,6589,6,6,232,Two Bridges/Seward Park,2000.0,120.0,1.2,0.2,0.8,29
1496,40836801,CONNOLLY'S,"121 WEST   45 STREET, MANHATTAN, NY 10036",Connolly's,0x89c2585579862e01:0xe21f27dec63cf83d,,40.7573681,-73.9835798,7,6,0,People typically spend 45 min to 2 hr here,4.4,5237,6,6,230,Times Sq/Theatre District,3996.075,219.784125,1.0,0.1,0.9,118
1497,40837666,VERLAINE,"110 RIVINGTON STREET, MANHATTAN, NY 10002",Verlaine,0x89c25981473a3703:0x84ce5e53b27c7e32,,40.720079,-73.987785,7,6,0,People typically spend 1-4 hours here,4.4,1157,6,6,148,Lower East Side,600.0,36.0,1.1,0.2,0.8,43
1498,40838460,STARBUCKS COFFEE,"400 EAST   90 STREET, MANHATTAN, NY 10128",Starbucks Coffee Company,0x89c258b0063dd4a1:0xba6f9de233c38aba,,40.77911,-73.94747,7,4,0,People typically spend 15 min to 1 hr here,3.9,279,6,6,262,Yorkville East,560.0,46.48,3.0,0.7,0.3,129
1499,40842393,PETER DILLON'S PUB,"130 EAST   40 STREET, MANHATTAN, NY 10016",Peter Dillon's Pub,0x89c25903e243f33f:0xca835ef056952166,,40.7499687,-73.97681229999999,7,6,0,People typically spend 45 min to 3 hr here,4.4,1079,6,6,170,Murray Hill,8000.0,440.0,1.0,0.1,0.9,92
1500,40848604,JO JO,"160 EAST   64 STREET, MANHATTAN, NY 10065",JoJo by Jean-Georges,0x89c258eed435d923:0x840af7ca6f4a7625,,40.7650895,-73.9657019,7,6,0,People typically spend 1-3 hours here,4.2,723,6,6,237,Upper East Side South,1629.12,81.456,0.8,0.05,0.95,131
1501,40850087,MADAME TUSSAUD'S,"234 WEST   42 STREET, MANHATTAN, NY 10036",Madame Tussauds New York,0x89c25854af9f53f1:0xe72a0c97fe7d2986,,40.7564752,-73.9883888,7,6,0,People typically spend 1-2 hours here,4.5,29816,6,6,100,Garment District,2294.541666666667,137.6725,1.2,0.2,0.8,73
1502,40854979,HYO DONG GAK,"51 WEST   35 STREET, MANHATTAN, NY 10001",Hyo Dong Gak,0x89c259a979a67def:0x96d6a5b68e23f6a1,,40.750147,-73.98621589999999,7,6,0,,3.9,718,6,6,164,Midtown South,600.0,33.0,1.0,0.15,0.85,49
1503,40874688,BOWERY PALACE,"327 BOWERY, MANHATTAN, NY 10003",Bowery Palace,0x89c2598520a9ff15:0xa5a2ba405da5eb3d,,40.7257471,-73.9917966,7,6,0,People typically spend 1.5-4 hours here,4.3,1167,6,6,79,East Village,1985.5,119.13,1.2,0.2,0.8,63
1504,40888787,POPEYES,"53 WEST  116 STREET, MANHATTAN, NY 10026",Popeyes Louisiana Kitchen,0x89c2f61033d1c53f:0xdabc1b6f402c9f72,,40.8018712,-73.948645,7,6,0,,3.7,789,6,6,41,Central Harlem,4402.5,294.9675,2.0,0.5,0.5,44
1505,40893866,DOMINO'S,"227 WEST   40 STREET, MANHATTAN, NY 10018",Domino's Pizza,0x89c259aca7b5f3eb:0x153b72c37dad717e,,40.7552952,-73.9888242,7,6,0,,3.6,1211,6,6,100,Garment District,8000.0,536.0,1.8,0.5,0.5,73
1506,40910784,JIMBO'S HAMBURGER PALACE,"117 DYCKMAN STREET, MANHATTAN, NY 10040",Jimbos Hamburger Palace,0x89c2f4062e6a495d:0xb29b3296279911a6,,40.8623589,-73.9248878,7,5,0,,4.2,246,6,6,127,Inwood,960.0,79.68,2.5,0.6,0.4,12
1507,40914459,VILLAGE UNDERGROUND,"130 WEST    3 STREET, MANHATTAN, NY 10012",Village Underground,0x89c25993d6803453:0x6dd14ad780d5a47f,,40.7307306,-74.00090279999999,7,6,0,,4.6,1652,6,6,114,Greenwich Village South,437.5,26.25,1.2,0.2,0.8,15
1508,40935269,TULCINGO DEL VALLE,"665 10 AVENUE, MANHATTAN, NY 10036",Tulcingo Del Valle,0x89c25851ea8109e7:0x7c8dbefac8926e14,,40.762724,-73.993462,7,6,0,People typically spend 1-4 hours here,4.3,951,6,6,50,Clinton West,960.0,64.32000000000001,1.8,0.4,0.6,72
1509,40942069,CASSIDY'S PUB,"65 WEST   55 STREET, MANHATTAN, NY 10019",Cassidys Pub,0x89c258f98b9607b9:0x72cc58e6c7564b07,,40.7627908,-73.9771957,7,6,0,People typically spend 1-4 hours here,4.4,1025,6,6,161,Midtown Center,1600.0,88.0,1.0,0.1,0.9,88
1510,40965997,BONSIGNOUR,"35 JANE STREET, MANHATTAN, NY 10014",Bonsignour,0x89c2599562d4755d:0x3cfcc926a8aebb71,,40.7382592,-74.0043705,7,6,0,People typically spend 20 min to 4 hr here,4.7,223,6,6,249,West Village,560.0,33.6,1.2,0.2,0.8,30
1511,40976304,ART BAR,"52 8 AVENUE, MANHATTAN, NY 10014",Art Bar,0x89c259be2b4a4b71:0x873e90b80c527de2,,40.7384694,-74.0034972,7,6,0,People typically spend 45 min to 2.5 hr here,4.4,1629,6,6,249,West Village,970.4,58.224,1.2,0.2,0.8,30
1512,40976804,CHIPOTLE MEXICAN GRILL,"150 EAST   44 STREET, MANHATTAN, NY 10017",Chipotle Mexican Grill,0x89c258e34e26f1f9:0xebc9129c64ea32cf,,40.7521702,-73.9740662,7,6,0,People typically spend 10 min to 1 hr here,3.7,910,6,6,162,Midtown East,1928.7375,129.2254125,1.8,0.4,0.6,108
1513,40977209,WAVERLY DINER,"385 6 AVENUE, MANHATTAN, NY 10014",Waverly Diner,0x89c25996abffffb9:0x284f8147c121d7e4,,40.7330972,-74.0001583,7,6,0,People typically spend 45 min to 2 hr here,4.1,2174,6,6,249,West Village,1372.0,82.32,1.2,0.2,0.8,30
1514,40998515,HEARTH,"403 EAST   12 STREET, MANHATTAN, NY 10009",Hearth,0x89c2599df9743641:0x40179556d46f5f86,,40.7300263,-73.9831883,7,6,0,People typically spend 1-4 hours here,4.5,1023,6,6,79,East Village,1523.2,91.392,1.2,0.2,0.8,63
1515,40998983,CASA MONO / BAR JAMON,"52 IRVING PLACE, MANHATTAN, NY 10003",Casa Mono,0x89c2599f606cdd51:0x8ed7490789a74a46,,40.7358936,-73.9871361,7,6,0,People typically spend 1.5-2.5 hours here,4.3,1965,6,6,107,Gramercy,1188.8,65.384,0.9,0.1,0.9,46
1516,41004674,FLORIDITA RESTAURANT UPTOWN,"4162 BROADWAY, MANHATTAN, NY 10033",Floridita,0x89c2f69f89159125:0x1ffc53d292e3fb82,,40.847239,-73.9379211,7,4,23,People typically spend 20 min to 1.5 hr here,4.1,1325,6,6,244,Washington Heights South,960.0,57.6,1.2,0.2,0.8,174
1517,41005529,ELSA RESTAURANT LA REINA DEL CHICHARRON,"1249 ST NICHOLAS AVENUE, MANHATTAN, NY 10032",Elsa La Reina Del Chicharron,0x89c2f69e4220f303:0x675114a25f30982,,40.8438516,-73.9379519,7,6,0,People typically spend 10-45 min here,4.4,987,6,6,244,Washington Heights South,875.0,52.5,1.2,0.2,0.8,149
1518,41011581,WOGIES,"39 GREENWICH AVENUE, MANHATTAN, NY 10014","Wogies Bar & Grill , West Village",0x89c259942aac2473:0x4e57efeb2eaf5bf7,,40.7353827,-74.0005877,7,6,0,People typically spend 1.5-4 hours here,4.3,571,6,6,249,West Village,620.0,37.2,1.2,0.2,0.8,30
1519,41013755,RUMOURS,"933 8 AVENUE, MANHATTAN, NY 10019",Rumours Bar & Grille,0x89c258581a70232b:0xee64f4f3b6f33453,,40.7657149,-73.9839901,7,6,0,People typically spend 1-2 hours here,4.3,819,6,6,48,Clinton East,374.4,22.464,1.2,0.2,0.8,130
1520,41017390,EUROPAN CAFE,"672 8 AVENUE, MANHATTAN, NY 10036",Europan Cafe,0x89c258829d2f199b:0x804c22f4dd8bf653,,40.7576269,-73.9891847,7,4,31,People typically spend 10 min to 2 hr here,3.8,1226,6,6,230,Times Sq/Theatre District,7935.15,476.109,1.2,0.2,0.8,244
1521,41020284,LITTLE ITALY PIZZA,"55 WEST   45 STREET, MANHATTAN, NY 10036",Little Italy Pizza,0x89c258ffbd9564e3:0x3eaa183278647e0f,,40.7564807,-73.9814849,7,6,0,,4.4,1758,6,6,161,Midtown Center,2723.225,182.456075,1.8,0.5,0.5,88
1522,41026182,SUBWAY,"214 WEST   50 STREET, MANHATTAN, NY 10019",Subway,0x89c2585640ce17fb:0x6dca34ff2a986538,,40.7615635,-73.9847503,7,6,0,,3.6,271,6,6,230,Times Sq/Theatre District,3452.0,286.516,2.5,0.6,0.4,118
1523,41031137,STARBUCKS,"1500 BROADWAY, MANHATTAN, NY 10036",Starbucks Coffee Company,0x89c258552071bcb3:0x5cc7129cc313de1a,,40.75664,-73.9859,7,4,0,People typically spend 10-45 min here,4.0,2225,6,6,230,Times Sq/Theatre District,6163.837500000001,511.5985125000001,3.0,0.7,0.3,244
1524,41033313,KETTLE OF FISH,"59 CHRISTOPHER STREET, MANHATTAN, NY 10014",Kettle of Fish,0x89c259946d86b793:0x79c5044a1314a5c7,,40.7337968,-74.002394,7,6,0,People typically spend 45 min to 3 hr here,4.4,528,6,6,249,West Village,975.0,58.5,1.2,0.2,0.8,30
1525,41034539,HOLLYWOOD DINER,"574 6 AVENUE, MANHATTAN, NY 10011",Hollywood Diner,0x89c259bd3a3155c9:0x669d102177ccdad8,,40.7387038,-73.9955493,7,4,11,People typically spend 45 min to 2 hr here,3.9,1492,6,6,234,Union Sq,1924.0,115.44,1.2,0.2,0.8,139
1526,41047105,LIBRETTO'S PIZZERIA,"546 3 AVENUE, MANHATTAN, NY 10016",Libretto's Pizza,0x89c259068214096b:0x5b182b7357ff1c20,,40.7473317,-73.977338,7,6,0,,4.3,506,6,6,170,Murray Hill,896.0,60.032,1.8,0.5,0.5,92
1527,41047349,JENNIFER'S CAFE,"67 1 AVENUE, MANHATTAN, NY 10003",Jennifer's Cafe,0x89c2598339bb61a9:0x7dc5956e958c7b35,,40.7254184,-73.9872948,7,5,0,,4.7,63,6,6,79,East Village,1515.2,90.912,1.2,0.2,0.8,104
1528,41051587,DUNKIN,"1391 MADISON AVENUE, MANHATTAN, NY 10029",Dunkin',0x89c258a4862c0e6d:0x90be1592c0b0a3ae,,40.7877132,-73.9535207,7,4,0,People typically spend 10 min here,4.4,588,6,6,75,East Harlem South,4336.5,359.9295,3.0,0.8,0.1999999999999999,181
1529,41065858,LURE FISHBAR,"142 MERCER STREET, MANHATTAN, NY 10012",Lure Fishbar,0x89c2598efa832d81:0x32a7225f9e642e81,,40.724703,-73.9983278,7,6,0,People typically spend 1-4 hours here,4.4,2210,6,6,211,SoHo,4980.0,249.0,0.8,0.05,0.95,26
1530,41071980,CELLINI,"65 EAST   54 STREET, MANHATTAN, NY 10022",Cellini Italian Restaurant in Midtown Manhattan,0x89c258fb15de507f:0x1fa1a303bdf4970b,,40.7601524,-73.97267219999999,7,6,0,People typically spend 2-4 hours here,4.4,495,6,6,161,Midtown Center,8000.0,440.0,1.0,0.1,0.9,88
1531,41073979,CLOCKWORK,"21 ESSEX STREET, MANHATTAN, NY 10002",Clockwork Bar,0x89c25a29eb39129b:0x3b3694642b4e0b3e,,40.7154003,-73.9900687,7,6,0,People typically spend 45 min to 2.5 hr here,4.4,516,6,6,148,Lower East Side,1240.0,74.39999999999999,1.2,0.2,0.8,43
1532,41083927,CAFE DU SOLEIL,"245 WEST  104 STREET, MANHATTAN, NY 10025",Cafe du Soleil,0x89c2f624ffc52875:0xfc6423b981bd8818,,40.8000562,-73.9684479,7,6,0,People typically spend 1-3 hours here,4.2,1103,6,6,151,Manhattan Valley,4257.0,212.85,0.8,0.05,0.95,38
1533,41084188,UVA,"1486 2 AVENUE, MANHATTAN, NY 10075",Uva,0x89c258bf6cc885c5:0x608059d0f31e0fec,,40.7721816,-73.95561289999999,7,6,0,People typically spend 1.5-4 hours here,4.3,2097,6,6,141,Lenox Hill West,1160.0,63.8,1.0,0.1,0.9,83
1534,41086895,CHIPOTLE MEXICAN GRILL,"9 WEST   42 STREET, MANHATTAN, NY 10036",Chipotle Mexican Grill,0x89c259004754e345:0xd577e23aec25628f,,40.7539818,-73.98157359999999,7,6,0,,3.7,1332,6,6,161,Midtown Center,4708.014285714286,315.4369571428571,1.8,0.4,0.6,88
1535,41089876,SARABETH'S,"40 CENTRAL PARK SOUTH, MANHATTAN, NY 10019",Sarabeth's Central Park South,0x89c258f0eb5d3503:0x58ac4291922c136a,,40.7651409,-73.9756768,7,6,0,People typically spend 1-4 hours here,4.1,4478,6,6,163,Midtown North,500.0,30.0,1.2,0.2,0.8,74
1536,41092609,10TH AVENUE COOKSHOP,"156 10 AVENUE, MANHATTAN, NY 10011",Cookshop,0x89c259943dc1ef67:0xa4ce9e8072dd9f06,,40.7456552,-74.005422,7,6,0,People typically spend 1.5-4 hours here,4.5,3326,6,6,68,East Chelsea,5000.0,300.0,1.2,0.2,0.8,303
1537,41098952,CHIPOTLE MEXICAN GRILL,"200 VARICK STREET, MANHATTAN, NY 10014",Chipotle Mexican Grill,0x89c2598d4356a2ab:0x5ae0adfc80ac202,,40.7282504,-74.00512259999999,7,6,0,People typically spend 30 min to 3 hr here,3.7,581,6,6,125,Hudson Sq,4880.825,327.015275,1.8,0.4,0.6,9
1538,41098956,CHIPOTLE MEXICAN GRILL,"55 EAST    8 STREET, MANHATTAN, NY 10003",Chipotle Mexican Grill,0x89c2599a3de024f5:0x5f00c60541f3dc13,,40.7311619,-73.9934368,7,6,0,,3.4,490,6,6,113,Greenwich Village North,381.5,25.5605,1.8,0.4,0.6,25
1539,41100958,CREPERIE NYC,"135 LUDLOW STREET, MANHATTAN, NY 10002",Creperie,0x89c259814ed67f45:0xe00b7f2656a6f941,,40.7203348,-73.9883615,7,6,0,,4.4,565,6,6,148,Lower East Side,200.0,16.6,3.0,0.7,0.3,43
1540,41106644,STARBUCKS,"593 9 AVENUE, MANHATTAN, NY 10036",Starbucks Coffee Company,0x89c2585257fc966f:0xb2edcab81b267cce,,40.75893,-73.99251,7,4,0,People typically spend 10 min to 1.5 hr here,3.9,828,6,6,48,Clinton East,373.3333333333333,30.98666666666667,3.0,0.7,0.3,435
1541,41117086,SABOR A MEXICO II,"233 EAST   77 STREET, MANHATTAN, NY 10075",Sabor A Mexico II,0x89c258bfa2fff347:0xd6a78d65527470d9,,40.77256,-73.9570193,7,6,0,,4.0,281,6,6,141,Lenox Hill West,1747.2,117.0624,1.8,0.4,0.6,83
1542,41122841,LANDMARK TAVERN,"626 11 AVENUE, MANHATTAN, NY 10036",The Landmark Tavern,0x89c2584e40020187:0xf401eb3010bd6519,,40.7631984,-73.9963363,7,6,0,People typically spend 45 min to 2 hr here,4.6,1807,6,6,50,Clinton West,2008.0,110.44,1.0,0.1,0.9,72
1543,41128211,HARD ROCK CAFE,"1501 BROADWAY, MANHATTAN, NY 10036",Hard Rock Cafe,0x89c25854e6657b87:0xed0e40a6b9508db5,,40.7570352,-73.9866112,7,6,0,People typically spend 25 min to 3 hr here,4.4,24877,6,6,230,Times Sq/Theatre District,3814.461111111111,228.8676666666667,1.2,0.2,0.8,118
1544,41128554,LA NONNA,"134 MULBERRY STREET, MANHATTAN, NY 10013",La Nonna,0x89c2598833469223:0x702f73ff63aac7a6,,40.7185437,-73.99758299999999,7,6,0,,4.1,1512,6,6,144,Little Italy/NoLiTa,204.0,11.22,1.0,0.1,0.9,16
1545,41132351,BARCELONA BAR,"923 8 AVENUE, MANHATTAN, NY 10019",Barcelona Bar,0x89c258581c52eeb5:0x838dac7398159d57,,40.7653306,-73.9841508,7,6,0,People typically spend 30 min to 2.5 hr here,4.5,843,6,6,48,Clinton East,1770.0,106.2,1.2,0.2,0.8,130
1546,41142962,STARBUCKS,"80 DELANCEY STREET, MANHATTAN, NY 10002",Starbucks Coffee Company,0x89c25986d95651bd:0x66a6c716fe8fae71,,40.71932,-73.98993999999999,7,4,0,People typically spend 10 min to 1 hr here,3.8,1195,6,6,148,Lower East Side,696.5,57.8095,3.0,0.7,0.3,232
1547,41145911,WA LUNG KITCHEN,"557 GRAND STREET, MANHATTAN, NY 10002",Wa Lung Kitchen,0x89c25bd50ad1f741:0xa0e058bb32376ff4,,40.7139086,-73.9802259,7,6,0,People typically spend 10-45 min here,3.8,287,6,6,232,Two Bridges/Seward Park,4166.4,249.984,1.2,0.3,0.7,29
1548,41146015,STARBUCKS,"1380 6 AVENUE, MANHATTAN, NY 10019",Starbucks Coffee Company,0x89c258f9f8b2ae81:0xc96123552fd23ac1,,40.7637,-73.9773,7,4,0,,3.8,709,6,6,163,Midtown North,3541.8,293.9694,3.0,0.7,0.3,122
1549,41147913,SUBWAY,"1885 3 AVENUE, MANHATTAN, NY 10029",Subway,0x89c2f6028c7a548f:0x22b898fef6846b75,,40.7902976,-73.9452355,7,6,0,,3.5,83,6,6,75,East Harlem South,373.3333333333333,30.98666666666667,2.5,0.6,0.4,186
1550,41148214,P.J. CLARKE'S ON THE HUDSON,"4 WORLD FINANCIAL CENTER, MANHATTAN, NY 10281",P.J. Clarke's On The Hudson,0x89c25a1b0cd3c8cb:0xe29a00ff230959b8,,40.7137112,-74.0162387,7,6,0,People typically spend 20 min to 2.5 hr here,4.2,3335,6,6,13,Battery Park City,6946.930000000001,416.8158000000001,1.2,0.2,0.8,20
1551,41155290,CHIPOTLE MEXICAN GRILL,"620 9 AVENUE, MANHATTAN, NY 10036",Chipotle Mexican Grill,0x89c25853b3650447:0x667fb40788decfd8,,40.759531,-73.991542,7,6,0,People typically spend 15-45 min here,3.4,1120,6,6,48,Clinton East,3084.0,206.628,1.8,0.4,0.6,130
1552,41159246,DUBLIN HOUSE,"225 WEST   79 STREET, MANHATTAN, NY 10024",Dublin House,0x89c2588885578033:0xeecf2af2e82b67f1,,40.783842,-73.9792219,7,6,0,,4.3,365,6,6,239,Upper West Side South,880.0,48.4,1.0,0.1,0.9,75
1553,41160885,HOP LEE RESTAURANT,"16 MOTT STREET, MANHATTAN, NY 10013",Hop Lee,0x89c25a26ec4619e3:0xcd95097373f57908,,40.714271,-73.9986282,1,6,0,People typically spend 45 min to 2 hr here,4.3,694,0,6,45,Chinatown,200.0,12.0,1.2,0.3,0.7,27
1554,41164472,RESTAURANTE ECUATORIANO GENESIS,"538 WEST  207 STREET, MANHATTAN, NY 10034",Restaurante Ecuatoriano Genesis,0x89c2f3f63fb9c345:0x8af81ccfc3165ded,,40.8655556,-73.92,7,6,0,People typically spend 25 min to 1.5 hr here,4.4,830,6,6,127,Inwood,3750.0,225.0,1.2,0.2,0.8,16
1555,41166881,5 ESTRELLA BAKERY,"3861 BROADWAY, MANHATTAN, NY 10032",5 Estrellas Bakery Corporation,0x89c2f68493604dad:0xef0f30e368780ae0,,40.83683,-73.943225,7,5,0,People typically spend 20 min here,4.3,436,6,6,244,Washington Heights South,3067.5,254.6025,3.0,0.7,0.3,95
1556,41171815,G'S CANDY STORE COFFEE SHOP,"634 WEST  207 STREET, MANHATTAN, NY 10034",G's Coffee Shop,0x89c2f3f71f2cf50b:0x37b8bc032e81a3fc,,40.8683421,-73.9218655,7,6,0,People typically spend 25 min here,4.8,252,6,6,127,Inwood,2000.0,120.0,1.2,0.2,0.8,16
1557,41172507,CARVE UNIQUE SANDWICHES,"760 8 AVENUE, MANHATTAN, NY 10036",Carve: Unique Sandwiches & Pizza,0x89c2585422e78cd3:0x590828f432d029ca,,40.7602729,-73.9873322,7,5,0,People typically spend 20 min to 1 hr here,4.4,1510,6,6,230,Times Sq/Theatre District,255.2083333333333,21.18229166666667,2.5,0.6,0.4,112
1558,41172734,JUNIOR'S,"1515 BROADWAY, MANHATTAN, NY 10036",Junior's Restaurant & Bakery,0x89c258545813c6bf:0x8ee1343834123591,,40.7583331,-73.98663669999999,7,6,0,People typically spend 45 min to 2.5 hr here,4.4,15636,6,6,230,Times Sq/Theatre District,1190.0,71.39999999999999,1.2,0.2,0.8,118
1559,41176172,GENNARO,"665 AMSTERDAM AVENUE, MANHATTAN, NY 10025",Gennaro Restaurant,0x89c25882b7f99781:0xf6c223f5dc883013,,40.7918526,-73.9717536,4,6,0,People typically spend 1.5-4 hours here,4.4,514,3,6,238,Upper West Side North,1074.975,59.123625,1.0,0.1,0.9,81
1560,41180283,STARBUCKS,"655 LEXINGTON AVENUE, MANHATTAN, NY 10022",Starbucks Coffee Company,0x89c258e4c086c181:0x4984588fde9f50f5,,40.75944,-73.96997,7,4,0,People typically spend 20 min to 1 hr here,4.0,554,6,6,162,Midtown East,2109.6,175.0968,3.0,0.7,0.3,141
1561,41183237,809 GRILL & BAR RESTAURANT,"112 DYCKMAN STREET, MANHATTAN, NY 10040",809,0x89c2f4063bb74f63:0xc7172a09d4715208,,40.8620411,-73.9252154,7,6,0,People typically spend 20 min to 2.5 hr here,4.3,795,6,6,243,Washington Heights North,1536.0,92.16,1.2,0.2,0.8,24
1562,41193019,CERTE CATERING,"20 WEST   55 STREET, MANHATTAN, NY 10019",Certé,0x89c258e4de9fef33:0xb2ceb42f0e02a7e8,,40.7619634,-73.97616839999999,1,5,0,,4.5,439,0,6,161,Midtown Center,1594.75,95.685,1.2,0.2,0.8,273
1563,41199571,BAR BELLY,"14B ORCHARD STREET, MANHATTAN, NY 10002",Bar Belly,0x89c25a29b5a73de5:0x13a3b71184089c66,,40.7151381,-73.9916374,7,6,0,,4.5,784,6,6,148,Lower East Side,265.6,13.28,0.8,0.05,0.95,43
1564,41200490,THE GAF WEST,"401 WEST   48 STREET, MANHATTAN, NY 10036",The Gaf West,0x89c258513fb3e961:0xb4ba725188dc5d61,,40.7625306,-73.9902192,7,6,0,People typically spend 1-3.5 hours here,4.6,340,6,6,48,Clinton East,640.0,35.2,1.0,0.1,0.9,130
1565,41204508,CAFE CLUNY,"284 WEST   12 STREET, MANHATTAN, NY 10014",Cafe Cluny,0x89c2599576dc63fd:0x9a0ddffeb488f4ea,,40.7374114,-74.0039633,7,6,0,People typically spend 1-4 hours here,4.4,1405,6,6,249,West Village,504.4,25.22,0.8,0.05,0.95,30
1566,41211622,MCDONALD'S,"2726 BROADWAY, MANHATTAN, NY 10025",McDonald's,0x89c2f6286b142f4f:0x84907467360a2195,,40.8000122,-73.9678344,7,4,12,People typically spend 10-45 min here,3.4,1567,6,6,151,Manhattan Valley,2029.5,168.4485,2.5,0.6,0.4,102
1567,41214353,STANDINGS,"43 EAST    7 STREET, MANHATTAN, NY 10003",Standings,0x89c2599c84e9732d:0x94129b2c80a75935,,40.7283142,-73.988579,7,6,0,,4.6,157,6,6,79,East Village,770.0,46.2,1.2,0.2,0.8,63
1568,41215734,GYU-KAKU,"805 3 AVENUE, MANHATTAN, NY 10022",Gyu-Kaku Japanese BBQ,0x89c258e2d38d39b3:0xf65fbab30dc2e593,,40.7555178,-73.9704168,7,6,0,People typically spend 1-2.5 hours here,4.5,3666,6,6,229,Sutton Place/Turtle Bay North,8000.0,440.0,1.0,0.15,0.85,48
1569,41217083,11 STREET CAFE,"327 WEST   11 STREET, MANHATTAN, NY 10014",11th Street Cafe,0x89c259eb3b157253:0x784e9012ae96a8c7,,40.7357544,-74.0075135,7,6,0,People typically spend 30 min to 4 hr here,4.5,382,6,6,158,Meatpacking/West Village West,440.0,36.52,3.0,0.7,0.3,21
1570,41217775,S. WAN CAFE,"85 ELDRIDGE STREET, MANHATTAN, NY 10002",S Wan Cafe,0x89c2598788ad50bd:0xaf697ef97ce2290b,,40.7173167,-73.9926444,1,6,0,People typically spend 30 min here,4.5,371,0,6,148,Lower East Side,1600.0,96.0,1.2,0.3,0.7,27
1571,41218950,GREENWICH TREEHOUSE,"46 GREENWICH AVENUE, MANHATTAN, NY 10011",Greenwich Treehouse,0x89c259967eb7ffc1:0xc4334f9de66f37da,,40.7355824,-74.0003598,7,6,0,People typically spend 45 min to 3.5 hr here,4.1,480,6,6,249,West Village,613.3333333333334,36.8,1.2,0.2,0.8,30
1572,41219092,5TH & MAD,"7 EAST   36 STREET, MANHATTAN, NY 10016",5th&Mad,0x89c259a9e2ba4319:0x9da63684fee39ff7,,40.7496003,-73.98288889999999,1,6,0,People typically spend 2-4 hours here,4.0,853,0,6,170,Murray Hill,6134.3,337.3865,1.0,0.1,0.9,238
1573,41221138,DOUBLE DOWN SALOON,"14 AVENUE A, MANHATTAN, NY 10009",Double Down Saloon,0x89c259824c609845:0x5cb63771a05594e5,,40.722516,-73.98574099999999,7,6,0,People typically spend 1-3 hours here,4.3,624,6,6,79,East Village,3052.8,183.168,1.2,0.2,0.8,63
1574,41223492,THE PERFECT PINT,"123 WEST   45 STREET, MANHATTAN, NY 10036",The Perfect Pint,0x89c258556e2a2f21:0x550eba4ee9c3c415,,40.7574092,-73.9837409,7,6,0,,4.4,2024,6,6,230,Times Sq/Theatre District,1600.0,88.0,1.0,0.1,0.9,118
1575,41233476,BOQUERIA,"53 WEST   19 STREET, MANHATTAN, NY 10011",Boqueria Flatiron,0x89c259a3394f9953:0x8c12ea62ff858b72,,40.7402389,-73.9937667,7,6,0,People typically spend 1-2.5 hours here,4.6,2940,6,6,234,Union Sq,1029.2,56.606,0.9,0.1,0.9,50
1576,41235305,DA GENNARO,"129 MULBERRY STREET, MANHATTAN, NY 10013",Da Gennaro,0x89c25989d20b2069:0x45bf2010778942f,,40.7183616,-73.99795189999999,7,6,0,People typically spend 1-4 hours here,4.5,6810,6,6,144,Little Italy/NoLiTa,1340.0,73.7,1.0,0.1,0.9,16
1577,41235443,NIZZA,"628 9 AVENUE, MANHATTAN, NY 10036",Nizza,0x89c2590b94a3ef6f:0xf2489a3df4df9c62,,40.759987,-73.9912338,7,6,0,People typically spend 1-2 hours here,4.7,2139,6,6,48,Clinton East,800.0,44.0,1.0,0.1,0.9,130
1578,41243023,SHUKA,"38 MACDOUGAL STREET, MANHATTAN, NY 10012",Shuka,0x89c2598d97dcd6dd:0xb97a39d45e2be2a2,,40.7270639,-74.0027877,7,6,0,People typically spend 1-4 hours here,4.7,4458,6,6,211,SoHo,1000.0,60.0,1.2,0.2,0.8,26
1579,41243427,DUNKIN',"240 WEST   40 STREET, MANHATTAN, NY 10018",Dunkin',0x89c259aca56cba89:0x1af6b7ba946c123c,,40.75534,-73.98954499999999,7,5,0,People typically spend 20 min to 1.5 hr here,4.1,453,6,6,100,Garment District,768.15,63.75645,3.0,0.8,0.1999999999999999,63
1580,41246951,P.J. CLARKE'S,"44 WEST   63 STREET, MANHATTAN, NY 10023",P.J. Clarke's Lincoln Square,0x89c258f5922d74b9:0xee57658d4a61b935,,40.7715018,-73.98286329999999,7,6,0,People typically spend 1-4 hours here,4.2,2184,6,6,142,Lincoln Square East,740.6999999999999,44.44199999999999,1.2,0.2,0.8,99
1581,41249648,TOMI JAZZ,"239 EAST   53 STREET, MANHATTAN, NY 10022",Tomi Jazz,0x89c258e39ba7c455:0x54f3dcc370af689c,,40.7571749,-73.9678057,7,6,0,People typically spend 1.5-3 hours here,4.5,2232,6,6,229,Sutton Place/Turtle Bay North,262.4,14.432,1.0,0.15,0.85,48
1582,41254923,AYZA CAFE & WINE BAR,"11 WEST   31 STREET, MANHATTAN, NY 10001",Ayza Wine & Chocolate Bar,0x89c259a892cb0e37:0x3bf110f98c31d3c0,,40.7470962,-73.9869045,7,6,0,People typically spend 25 min to 2.5 hr here,4.5,2227,6,6,164,Midtown South,8000.0,480.0,1.2,0.2,0.8,49
1583,41259632,CHIPOTLE MEXICAN GRILL,"100 MAIDEN LANE, MANHATTAN, NY 10038",Chipotle Mexican Grill,0x89c25a17d3c31af7:0x2d24bba15f095160,,40.7067254,-74.00693509999999,7,6,0,People typically spend 20 min to 4 hr here,3.9,882,6,6,87,Financial District North,1353.84,90.70728,1.8,0.4,0.6,29
1584,41273144,LA COLOMBE TORREFACTION,"319 CHURCH STREET, MANHATTAN, NY 10013",La Colombe Coffee Workshop,0x89c2598af46f6a3d:0xba8536e0a8d3efc8,,40.7198829,-74.0038136,7,6,0,People typically spend 30 min to 4 hr here,4.4,618,6,6,231,TriBeCa/Civic Center,1463.2,121.4456,3.0,0.7,0.3,50
1585,41277471,STARBUCKS COFFEE,"315 7 AVENUE, MANHATTAN, NY 10001",Starbucks Coffee Company,0x89c259aff4a8d7f5:0x83e60a825c785605,,40.74697,-73.99332,7,4,0,People typically spend 25 min to 4 hr here,3.9,703,6,6,186,Penn Station/Madison Sq West,863.8333333333334,71.69816666666668,3.0,0.7,0.3,216
1586,41280221,WOORIJIP,"12 WEST   32 STREET, MANHATTAN, NY 10001",Woorijip,0x89c259a8f1bef1cd:0x7205b1a9e0c152e4,,40.7474051,-73.98656869999999,1,6,0,People typically spend 15-45 min here,4.5,3055,0,6,164,Midtown South,1632.15,89.76825000000001,1.0,0.15,0.85,114
1587,41282506,MAGNOLIA BAKERY,"200 COLUMBUS AVENUE, MANHATTAN, NY 10023",Magnolia Bakery - Upper West Side,0x89c2588adfda72fd:0xc58fe7653c5da782,,40.7756833,-73.9803361,7,6,0,People typically spend 10-45 min here,4.3,3340,6,6,142,Lincoln Square East,880.0,73.04,3.0,0.7,0.3,99
1588,41289258,PATRON MEXICAN GRILL,"608 9 AVENUE, MANHATTAN, NY 10036",Patron Mexican Grill,0x89c25853ad2af86f:0xe5b40908006cd911,,40.7592483,-73.991784,7,6,0,People typically spend 1-4 hours here,4.4,1604,6,6,48,Clinton East,378.1333333333334,25.33493333333334,1.8,0.4,0.6,130
1589,41291910,FIVE GUYS FAMOUS BURGERS AND FRIES,"43 WEST   55 STREET, MANHATTAN, NY 10019",Five Guys,0x89c258fa26aabefd:0x47196a17525231ed,,40.762546,-73.976704,7,6,0,People typically spend 20 min to 1 hr here,4.2,3395,6,6,161,Midtown Center,200.0,16.6,2.5,0.6,0.4,88
1590,41293936,MOMOFUKU NOODLE BAR,"171 1 AVENUE, MANHATTAN, NY 10003",Momofuku Noodle Bar,0x89c25983fc377491:0x37263a6ebc19be13,,40.7292083,-73.984415,7,6,0,People typically spend 45 min to 2 hr here,4.5,5343,6,6,79,East Village,460.8,27.648,1.1,0.2,0.8,63
1591,41298603,THE SMITH,"55 3 AVENUE, MANHATTAN, NY 10003",The Smith,0x89c2599c01bd7a71:0x4866a7e166969e67,,40.7310104,-73.98858129999999,7,6,0,People typically spend 1-3 hours here,4.4,2904,6,6,79,East Village,639.66,38.3796,1.2,0.2,0.8,63
1592,41299922,SEDUTTO,"1498 1 AVENUE, MANHATTAN, NY 10075",Sedutto,0x89c258b8b635087f:0xabf8d182e114b691,,40.7717282,-73.95293079999999,7,6,0,,4.5,304,6,6,140,Lenox Hill East,777.5,64.5325,3.0,0.8,0.1999999999999999,218
1593,41304636,NIALL'S ON 52ND,"218 EAST   52 STREET, MANHATTAN, NY 10022",Niall's on 52nd,0x89c258e30d9a82b7:0xeb61c3ed0186d421,,40.7566028,-73.96907689999999,7,6,0,People typically spend 1-3.5 hours here,4.3,553,6,6,229,Sutton Place/Turtle Bay North,1008.0,55.44,1.0,0.1,0.9,48
1594,41312044,IGGY'S,"132 LUDLOW STREET, MANHATTAN, NY 10002",Iggy's Keltic Lounge,0x89c2598149c50d45:0xb93e077857c030d8,,40.7202778,-73.9880556,7,6,0,,4.3,459,6,6,148,Lower East Side,792.0,47.52,1.2,0.2,0.8,43
1595,41312223,FRESH & CO,"200 WEST   57 STREET, MANHATTAN, NY 10019",fresh&co,0x89c258f777ae06e9:0x980ee8cea7582104,,40.7654918,-73.98041239999999,7,6,0,,4.2,517,6,6,163,Midtown North,2079.7,124.782,1.2,0.2,0.8,74
1596,41314548,THINK COFFEE,"1 BLEECKER STREET, MANHATTAN, NY 10012",Think Coffee,0x89c25985202ef3e9:0x69c533933d889312,,40.7254162,-73.9924344,7,6,0,People typically spend 25 min to 1.5 hr here,4.0,602,6,6,114,Greenwich Village South,1715.5,142.3865,3.0,0.7,0.3,15
1597,41315226,CHOP'T,"145 WEST   51 STREET, MANHATTAN, NY 10019",Chopt Creative Salad Co.,0x89c258f8ea2bc587:0xf39c33e6170915fa,,40.7611616,-73.98109769999999,1,6,0,,4.8,1607,0,6,230,Times Sq/Theatre District,8000.0,664.0,2.5,0.6,0.4,523
1598,41319437,IL CORSO RISTORANTE ITALIANO,"54 WEST   55 STREET, MANHATTAN, NY 10019",Il Corso,0x89c258fa485cadb1:0x26b5c3c991b3cdda,,40.7624381,-73.9772014,7,6,0,People typically spend 30 min to 3 hr here,4.6,1096,6,6,161,Midtown Center,887.75,48.82625,1.0,0.1,0.9,88
1599,41322735,THE TEN BELLS,"247 BROOME STREET, MANHATTAN, NY 10002",The Ten Bells,0x89c25987389ae03d:0xf9cfb6586afabd5e,,40.7178285,-73.9898524,7,6,0,People typically spend 45 min to 2.5 hr here,4.4,865,6,6,148,Lower East Side,400.4,20.02,0.8,0.05,0.95,43
1600,41325319,CHIPOTLE MEXICAN GRILL,"269 AMSTERDAM AVENUE, MANHATTAN, NY 10023",Chipotle Mexican Grill,0x89c2588a3cba8415:0x4b63225623c27d9e,,40.7788341,-73.9812233,7,6,0,People typically spend 25 min to 4 hr here,3.6,1110,6,6,142,Lincoln Square East,4500.0,301.5,1.8,0.4,0.6,99
1601,41331777,STARBUCKS COFFEE,"2195 FREDERICK DOUGLAS BOULEVARD, MANHATTAN, NY 10026",Starbucks Coffee Company,0x89c2f6141a8dea25:0x5fdc92d7527fe74a,,40.80591,-73.95448999999999,7,4,0,People typically spend 10 min to 1 hr here,4.0,483,6,6,41,Central Harlem,2104.65,174.68595,3.0,0.7,0.3,138
1602,41333188,VIVI BUBBLE TEA,"49 BAYARD STREET, MANHATTAN, NY 10013",ViVi Bubble Tea,0x89c25a265523b18f:0xec1905717398c82b,,40.715193,-73.9974917,7,6,0,,4.1,443,6,6,45,Chinatown,666.9333333333334,55.35546666666667,3.0,0.7,0.3,14
1603,41345732,JOE COFFEE,"405 WEST   23 STREET, MANHATTAN, NY 10011",Joe Coffee Company: Chelsea,0x89c259b9ec8df3b3:0xbabc9e1a561aa098,,40.746821,-74.0014743,7,6,0,,4.3,307,6,6,68,East Chelsea,1176.0,97.608,3.0,0.7,0.3,303
1604,41350747,CHIPOTLE MEXICAN GRILL,"320 PARK AVENUE, MANHATTAN, NY 10022",Chipotle Mexican Grill,0x89c258fc5f35332d:0xa929f87fbe861d45,,40.7575126,-73.97450719999999,7,6,0,People typically spend 25 min to 1.5 hr here,4.0,704,6,6,161,Midtown Center,6564.360000000001,439.8121200000001,1.8,0.4,0.6,88
1605,41351011,CABRINI 181,"854 WEST  181 STREET, MANHATTAN, NY 10033",181 Cabrini,0x89c2f6a1145b0291:0x857b31b51e716e82,,40.8511718,-73.9401541,7,6,0,People typically spend 1-3 hours here,4.3,504,6,6,244,Washington Heights South,1200.0,72.0,1.2,0.2,0.8,149
1606,41353386,BAR VELOCE,"146 WEST HOUSTON STREET, MANHATTAN, NY 10012",Bar Veloce,0x89c25970dad43721:0x6d4eacfa4d30ddbf,,40.7281815,-74.0018494,7,6,0,People typically spend 30 min to 1.5 hr here,4.4,79,6,6,114,Greenwich Village South,500.0,27.5,1.0,0.1,0.9,15
1607,41353418,DUNKIN,"666 5 AVENUE, MANHATTAN, NY 10103",Dunkin',0x89c258fe150742bd:0x35e3002538b16d5a,,40.7605248,-73.9769049,7,6,0,,3.7,97,6,6,161,Midtown Center,8000.0,664.0,3.0,0.8,0.1999999999999999,88
1608,41363485,LEO'S BAGELS,"3 HANOVER SQUARE, MANHATTAN, NY 10004",Leo's Bagels,0x89c25a16811c3d49:0x9d94f27d104bc465,,40.7049369,-74.0097345,7,6,0,People typically spend 10 min to 2 hr here,4.3,2764,6,6,87,Financial District North,825.0,68.47500000000001,3.0,0.8,0.1999999999999999,29
1609,41372877,ZINC,"82 WEST    3 STREET, MANHATTAN, NY 10012",Zinc Bar,0x89c25991a249ba2d:0xbbc4c6c1741aa22e,,40.7296714,-73.9989913,7,6,0,People typically spend 1.5-4 hours here,4.4,886,6,6,114,Greenwich Village South,1481.25,88.875,1.2,0.2,0.8,15
1610,41378724,SCHNIPPER'S QUALITY KITCHEN,"620 8 AVENUE, MANHATTAN, NY 10018",Schnipper's,0x89c258534ad1dec7:0xf33ff41722fc7351,,40.7563207,-73.989926,7,6,0,People typically spend 45 min here,4.2,4115,6,6,100,Garment District,200.0,16.6,2.5,0.6,0.4,73
1611,41379121,EDISON BALLROOM,"240 WEST   47 STREET, MANHATTAN, NY 10036",The Edison Ballroom,0x89c25855cdad08c7:0xf742c6930ebf70d1,,40.7598114,-73.9863573,7,6,0,,4.5,258,6,6,230,Times Sq/Theatre District,5989.875,359.3925,1.1,0.2,0.8,118
1612,41381168,SPUNTO,"65 CARMINE STREET, MANHATTAN, NY 10014",Spunto NYC Thin Crust Pizza,0x89c25992eca1c539:0xf19b9ca572183715,,40.7233016,-73.9926892,7,6,0,,4.5,548,6,6,249,West Village,449.28,30.10176,1.8,0.5,0.5,30
1613,41382830,THE PERFECT PINT,"203 EAST   45 STREET, MANHATTAN, NY 10017",The Perfect Pint,0x89c25902bdda2937:0x54d44e9e3b579569,,40.7526989,-73.9725036,7,6,0,People typically spend 45 min to 2.5 hr here,4.3,1584,6,6,233,UN/Turtle Bay South,1080.0,59.4,1.0,0.1,0.9,73
1614,41383548,BOQUERIA,"171 SPRING STREET, MANHATTAN, NY 10012",Boqueria Soho,0x89c2598c4778dd03:0xde2dd716a986f7cd,,40.7249228,-74.00215539999999,7,6,0,People typically spend 1-2.5 hours here,4.6,3992,6,6,211,SoHo,2009.0,110.495,0.9,0.1,0.9,26
1615,41387356,DUNKIN,"3936 10 AVENUE, MANHATTAN, NY 10034",Dunkin',0x89c2f3f5d74be6e5:0x5094c367faaeca73,,40.8661389,-73.91825349999999,7,4,38,People typically spend 10 min here,4.0,250,6,6,127,Inwood,288.0,23.904,3.0,0.8,0.1999999999999999,49
1616,41388576,MAMA'S PIZZA,"705 8 AVENUE, MANHATTAN, NY 10036",Mamas pizza,0x89c2585478e06c9f:0x37ab6a95b31c4750,,40.7589911,-73.9888232,7,6,0,,4.3,520,6,6,48,Clinton East,6075.0,407.025,1.8,0.5,0.5,130
1617,41391103,DUNKIN,"30 ROCKEFELLER PLAZA, MANHATTAN, NY 10112",Dunkin',0x89c258561ee4416b:0x29834ec6c1329a9a,,40.7593755,-73.9799726,7,4,53,,3.9,542,6,6,161,Midtown Center,425.9953125,35.35761093750001,3.0,0.8,0.1999999999999999,89
1618,41394943,STARBUCKS,"110 CHURCH STREET, MANHATTAN, NY 10007",Starbucks Coffee Company,0x89c25a18d747e017:0x1e86ac81e74b12fb,,40.71378,-74.00912,7,4,0,People typically spend 20 min to 1 hr here,3.7,597,6,6,231,TriBeCa/Civic Center,3825.0,317.475,3.0,0.7,0.3,191
1619,41401638,MADISON RESTAURANT,"965 1 AVENUE, MANHATTAN, NY 10022",Madison,0x89c258e166b3c65d:0xa19c7c3ccb2fffc4,,40.7559472,-73.9649889,7,5,0,People typically spend 45 min to 4 hr here,4.1,680,6,6,229,Sutton Place/Turtle Bay North,571.8333333333334,34.31,1.2,0.2,0.8,78
1620,41401730,MERCATO,"352 WEST   39 STREET, MANHATTAN, NY 10018",Mercato,0x89c259ad4c001f69:0xec40e50f45180ff3,,40.7562838,-73.9936539,7,6,0,People typically spend 1.5-3 hours here,4.3,1846,6,6,48,Clinton East,4683.05,257.56775,1.0,0.1,0.9,130
1621,41405007,THE CAPITAL GRILLE,"120 WEST   51 STREET, MANHATTAN, NY 10019",The Capital Grille,0x89c258f8c2250491:0xec7dea5e83e86ad4,,40.760861,-73.98105699999999,7,6,0,People typically spend 1-4 hours here,4.6,1681,6,6,230,Times Sq/Theatre District,8000.0,480.0,1.2,0.2,0.8,118
1622,41414572,REFRIED BEANS,"591 FORT WASHINGTON AVENUE, MANHATTAN, NY 10033",Refried Beans,0x89c2f6a7996f955d:0x78be3e48c69fc569,,40.8550325,-73.93727679999999,7,6,0,People typically spend 1-4 hours here,4.6,927,6,6,243,Washington Heights North,2094.75,140.34825,1.8,0.4,0.6,24
1623,41416092,GUADALUPE BAR AND GRILL,"597 WEST  207 STREET, MANHATTAN, NY 10034",Guadalupe Restaurant,0x89c2f3f6f8e1e6bf:0xb65c91d2837f04f8,,40.8673791,-73.9206974,7,6,0,People typically spend 1.5-3.5 hours here,4.4,1621,6,6,127,Inwood,2400.0,160.8,1.8,0.4,0.6,16
1624,41418978,BAGEL EXPRESS III,"340 3 AVENUE, MANHATTAN, NY 10010",Bagel Express 3,0x89c25909f853004f:0x8be455ac37f3c291,,40.7403718,-73.9822989,7,5,0,,4.0,278,6,6,107,Gramercy,960.0,79.68,3.0,0.8,0.1999999999999999,64
1625,41422201,SLATE,"54 WEST   21 STREET, MANHATTAN, NY 10010",Slate,0x89c259a366f69a49:0x241a96d48160cf37,,40.7412155,-73.9931854,7,6,0,People typically spend 1.5-4 hours here,4.0,3654,6,6,234,Union Sq,8000.0,480.0,1.2,0.2,0.8,50
1626,41429791,RASPBERRY DELI & GROCERY,"2127 2 AVENUE, MANHATTAN, NY 10029",Raspberry Deli Grocery,0x89c2f6014516b9b3:0xc980350fa69ee06d,,40.7928713,-73.94101979999999,7,5,0,,4.6,99,6,6,74,East Harlem North,720.0,59.76000000000001,2.5,0.6,0.4,103
1627,41431868,SHANGHAI CHINESE RESTAURANT,"1388 2 AVENUE, MANHATTAN, NY 10021",Shanghai,0x89c258c1cf7cd12f:0x96bd82bbcde88b12,,40.7683119,-73.9584041,7,6,0,People typically spend 10 min to 2 hr here,4.0,248,6,6,141,Lenox Hill West,760.0,45.6,1.2,0.3,0.7,83
1628,41446057,ROBERT,"2 COLUMBUS CIRCLE, MANHATTAN, NY 10019",ROBERT,0x89c258f6339d1b6f:0x311bbfaf5cf09635,,40.767438,-73.9819871,7,6,0,People typically spend 1-3.5 hours here,4.5,1981,6,6,142,Lincoln Square East,480.5833333333333,24.02916666666667,0.8,0.05,0.95,99
1629,41448576,PYRAMID COFFEE COMPANY,"535 EAST   70 STREET, MANHATTAN, NY 10021",The Coffee Inn,0x89c258c17790eed9:0x66c6334e9848f607,,40.7667216,-73.9564252,7,5,0,People typically spend 25 min to 1.5 hr here,4.2,278,6,6,140,Lenox Hill East,8000.0,664.0,3.0,0.7,0.3,76
1630,41448651,AMITY HALL,"80 WEST    3 STREET, MANHATTAN, NY 10012",Amity Hall Downtown,0x89c25991a3a190d5:0x27aab23b462c91ff,,40.7297225,-73.998874,7,6,0,People typically spend 1.5-3.5 hours here,4.2,719,6,6,114,Greenwich Village South,1481.25,88.875,1.2,0.2,0.8,15
1631,41448719,GOLDMAN SACHS,"200 WEST STREET, MANHATTAN, NY 10282",Goldman Sachs Headquarters,0x89c25982721efacf:0x36fb55be4e16cac4,,40.714901,-74.01426,1,6,0,People typically spend 4 hours here,3.4,227,0,6,13,Battery Park City,3552.83125,213.169875,1.2,0.2,0.8,121
1632,41452375,OFRENDA,"113 7 AVENUE SOUTH, MANHATTAN, NY 10014",Ofrenda,0x89c259946db4eaff:0x2a7dda9d042e09aa,,40.7339364,-74.0023856,7,6,0,People typically spend 1-4 hours here,4.5,1272,6,6,249,West Village,754.0,50.518,1.8,0.4,0.6,30
1633,41453205,THE GREY DOG,"242 WEST   16 STREET, MANHATTAN, NY 10011",The Grey Dog - Chelsea,0x89c259be81f8a8f9:0x8dc0415a726fcddf,,40.740568,-74.0006971,7,6,0,People typically spend 45 min to 2 hr here,4.5,2405,6,6,90,Flatiron,2347.2,140.832,1.2,0.2,0.8,31
1634,41459743,EVERYDAY GOURMET DELI,"369 LEXINGTON AVENUE, MANHATTAN, NY 10017",Everyday Gourmet Deli,0x89c25903dc8f0e99:0x683ddb8364ad394f,,40.7506317,-73.9764462,7,4,12,People typically spend 15 min to 4 hr here,3.9,659,6,6,170,Murray Hill,658.8166666666667,39.529,1.2,0.2,0.8,299
1635,41462643,OBAO,"222 EAST   53 STREET, MANHATTAN, NY 10022",OBAO | Midtown Thai & Vietnamese Restaurant,0x89c258e376941193:0xd56b7b64f6ed5dac,,40.7571491,-73.96854809999999,7,6,0,People typically spend 45 min to 4 hr here,4.8,5404,6,6,229,Sutton Place/Turtle Bay North,573.3333333333334,31.53333333333333,1.0,0.15,0.85,48
1636,41466316,OLIO E PIU,"3 GREENWICH AVENUE, MANHATTAN, NY 10014",OLIO E PIÙ,0x89c25996bd0915fd:0x294a27aedc2f4135,,40.7338208,-73.99979309999999,7,6,0,People typically spend 1-2.5 hours here,4.7,11567,6,6,249,West Village,2784.6,153.153,1.0,0.1,0.9,30
1637,41475632,NOCHE MEXICANA II,"842 AMSTERDAM AVENUE, MANHATTAN, NY 10025",Noche Mexicana,0x89c2f6242954b48f:0xcb05e9fdbfaa7647,,40.7974295,-73.9681429,7,6,0,People typically spend 45 min to 1.5 hr here,4.1,450,6,6,151,Manhattan Valley,800.0,53.6,1.8,0.4,0.6,38
1638,41479303,GOTHAM PIZZA,"1667 1 AVENUE, MANHATTAN, NY 10028",Gotham Pizza,0x89c258ba8a955c7d:0xd0e8bc757aa2ab39,,40.7775504,-73.94914299999999,7,6,0,,3.9,212,6,6,263,Yorkville West,1280.0,85.76,1.8,0.5,0.5,73
1639,41481494,JACK STUDIOS,"601 WEST   26 STREET, MANHATTAN, NY 10001",JACK Studios,0x89c259c9d43b956b:0xd304ec2dbcd5d027,,40.751664,-74.00648249999999,7,4,64,,4.7,381,6,6,246,West Chelsea/Hudson Yards,802.0875,66.5732625,3.0,0.8,0.1999999999999999,156
1640,41484499,FIAT CAFE,"203 MOTT STREET, MANHATTAN, NY 10012",Fiat Cafe,0x89c25988bb792f17:0x74a7014ab152dc96,,40.7214311,-73.9956551,7,6,0,People typically spend 30 min to 4 hr here,4.4,1258,6,6,144,Little Italy/NoLiTa,532.0,29.26,1.0,0.1,0.9,16
1641,41486672,CHIPOTLE MEXICAN GRILL,"101 FULTON STREET, MANHATTAN, NY 10038",Chipotle Mexican Grill,0x89c25a22a7fa4017:0x5fc3f9ab2d9d9aee,,40.7097535,-74.0064426,7,6,0,People typically spend 20 min to 3.5 hr here,3.8,1325,6,6,209,Seaport,440.0,29.48,1.8,0.4,0.6,14
1642,41489751,HUDSON CLEARWATER,"447 HUDSON STREET, MANHATTAN, NY 10014",Hudson Clearwater,0x89c259ed295c631d:0x254123e7b30e18cc,,40.7311111,-74.0069444,7,6,0,People typically spend 30 min to 2.5 hr here,4.4,1222,6,6,158,Meatpacking/West Village West,440.0,22.0,0.8,0.05,0.95,21
1643,41489806,MASALA TIMES,"194 BLEECKER STREET, MANHATTAN, NY 10012",Masala Times,0x89c2599216239655:0x623c66fcbc615618,,40.7292625,-74.0015657,7,6,0,People typically spend 30 min to 1.5 hr here,4.6,1801,6,6,114,Greenwich Village South,600.0,33.0,1.0,0.15,0.85,15
1644,41497832,INWOOD LOCAL WINE BAR & BEER GARDEN,"4957 BROADWAY, MANHATTAN, NY 10034",Inwood Local Wine Bar & Beer Garden,0x89c2f3f6f025574f:0xc643217d689593bd,,40.8681414,-73.9206706,7,6,0,People typically spend 1.5-3 hours here,4.5,248,6,6,127,Inwood,680.0,40.8,1.2,0.2,0.8,16
1645,41503575,YUMMY THAI,"4959 BROADWAY, MANHATTAN, NY 10034",Yummy Thai,0x89c2f3f6e60df017:0x66d854bb1798cf6d,,40.8680872,-73.92059549999999,7,6,0,People typically spend 45 min to 2 hr here,4.3,766,6,6,127,Inwood,680.0,37.4,1.0,0.15,0.85,16
1646,41509061,THE JUNCTION,"329 LEXINGTON AVENUE, MANHATTAN, NY 10016",The Junction,0x89c25906ab200fbb:0xc82b3e8ca111899,,40.749271,-73.977374,7,6,0,People typically spend 30 min to 2.5 hr here,4.5,813,6,6,170,Murray Hill,662.4000000000001,39.74400000000001,1.2,0.2,0.8,92
1647,41509130,3 SHEETS SALOON,"134 WEST    3 STREET, MANHATTAN, NY 10012",3 Sheets,0x89c25993d4053ebf:0x96c6b0a857f4ef37,,40.7306537,-74.00101579999999,7,6,0,People typically spend 1-3 hours here,4.3,1367,6,6,114,Greenwich Village South,1952.0,117.12,1.2,0.2,0.8,15
1648,41511427,CULTURE ESPRESSO,"72 WEST   38 STREET, MANHATTAN, NY 10018",Culture Espresso,0x89c259aa4c38ca75:0x88ca3d6ff537d876,,40.7520746,-73.9857387,7,6,0,People typically spend 15 min to 2 hr here,4.6,2422,6,6,164,Midtown South,6000.0,498.0,3.0,0.7,0.3,49
1649,41513849,GRAND GREAT WALL RESTAURANT INC,"1588 AMSTERDAM AVENUE, MANHATTAN, NY 10031",Grand Great Wall,0x89c2f665a7418d07:0x93c59eb53f325169,,40.8212584,-73.9507996,7,6,0,,3.8,133,6,6,116,Hamilton Heights,535.0,32.1,1.2,0.3,0.7,42
1650,41520417,INDUSTRY,"355 WEST   52 STREET, MANHATTAN, NY 10019",Industry Bar,0x89c2585712a899b3:0xf01578b4e72ee951,,40.7644059,-73.9869612,7,6,0,People typically spend 45 min to 2.5 hr here,3.5,564,6,6,48,Clinton East,1600.0,96.0,1.2,0.2,0.8,130
1651,41525379,BAR ITALIA,"768 MADISON AVENUE, MANHATTAN, NY 10065",Bar Italia,0x89c258edd564af09:0xcf3b571d0cf15e21,,40.7679667,-73.9686296,7,6,0,People typically spend 1.5-4 hours here,4.3,518,6,6,237,Upper East Side South,2080.0,114.4,1.0,0.1,0.9,131
1652,41530103,BANGKOK 2 THAI,"349 1 AVENUE, MANHATTAN, NY 10010",Bangkok 2 Thai,0x89c259b77cc5de47:0x17f61560d9a89b6c,,40.7353108,-73.97994,7,6,0,People typically spend 25 min to 1.5 hr here,4.8,1056,6,6,107,Gramercy,600.0,33.0,1.0,0.15,0.85,46
1653,41530258,OSTERIA AL DOGE,"142 WEST   44 STREET, MANHATTAN, NY 10036",Osteria al Doge,0x89c25855161be37b:0x362b7861ffa4f620,,40.7566272,-73.98491369999999,7,6,0,People typically spend 1.5-4 hours here,4.4,1026,6,6,230,Times Sq/Theatre District,925.0,50.875,1.0,0.1,0.9,118
1654,41532069,RUBIROSA,"235 MULBERRY STREET, MANHATTAN, NY 10012",Rubirosa,0x89c2598f361dc3b3:0xea0bcb0a8807f54c,,40.7227383,-73.9961347,7,6,0,People typically spend 45 min to 2 hr here,4.6,7352,6,6,144,Little Italy/NoLiTa,960.0,64.32000000000001,1.8,0.5,0.5,16
1655,41540996,MEDI WINEBAR,"811 9 AVENUE, MANHATTAN, NY 10019",Medi Wine Bar & Restaurant,0x89c25859e0a76abf:0xcc56da9feb6dde51,,40.7658333,-73.9875,7,6,0,People typically spend 1-4 hours here,4.3,712,6,6,48,Clinton East,888.0,53.28,1.2,0.2,0.8,130
1656,41541889,BUVETTE,"42 GROVE STREET, MANHATTAN, NY 10014",Buvette,0x89c2599371d90113:0x93a1212483085df3,,40.7326259,-74.00432839999999,7,6,0,People typically spend 45 min to 2 hr here,4.4,4351,6,6,249,West Village,2100.0,105.0,0.8,0.05,0.95,30
1657,41542801,SPICE,"1479 1 AVENUE, MANHATTAN, NY 10075",Spice Thai,0x89c258c041a30dc5:0x4103f5eef69fbdb4,,40.7712286,-73.95378749999999,7,6,0,People typically spend 45 min to 3 hr here,4.2,332,6,6,141,Lenox Hill West,640.0,35.2,1.0,0.15,0.85,83
1658,41543887,BEAUTY & ESSEX,"146 ESSEX STREET, MANHATTAN, NY 10002",Beauty & Essex,0x89c259816f936025:0x521cae9480c7ee2d,,40.7204282,-73.9868606,1,6,0,People typically spend 2-4 hours here,4.5,4738,0,6,148,Lower East Side,1440.0,72.0,0.8,0.05,0.95,27
1659,41546054,PARK AVENUE TAVERN,"99 PARK AVENUE, MANHATTAN, NY 10016",Park Avenue Tavern,0x89c259013f6bb181:0xeb5052ae4de72589,,40.7502158,-73.97868989999999,7,6,0,People typically spend 45 min to 2.5 hr here,4.6,3690,6,6,170,Murray Hill,8000.0,480.0,1.2,0.2,0.8,92
1660,41547298,FRAUNCES TAVERN,"54 PEARL STREET, MANHATTAN, NY 10004",Fraunces Tavern,0x89c25a146ccfe39f:0xfc075ae041658ede,,40.7034181,-74.01136489999999,7,6,0,People typically spend 1-3 hours here,4.5,6711,6,6,88,Financial District South,1353.166666666667,81.19,1.2,0.2,0.8,24
1661,41549763,CHIPOTLE MEXICAN GRILL,"1379 6 AVENUE, MANHATTAN, NY 10019",Chipotle Mexican Grill,0x89c258f9f00502a5:0xd78d81e884659ed4,,40.7637041,-73.9779683,7,6,0,,3.8,1350,6,6,163,Midtown North,8000.0,536.0,1.8,0.4,0.6,74
1662,41556791,JOE COFFEE,"550 WEST  120 STREET, MANHATTAN, NY 10027",Joe Coffee Company: Northwest Corner,0x89c2f78e246ddc2d:0x7002372f5157e3ea,,40.8100424,-73.9620202,7,6,0,,4.1,323,6,6,166,Morningside Heights,8000.0,664.0,3.0,0.7,0.3,61
1663,41569330,CHIPOTLE MEXICAN GRILL,"1497 3 AVENUE, MANHATTAN, NY 10028",Chipotle Mexican Grill,0x89c258bc6595aa0b:0x986f6ffa6d2937e9,,40.7777062,-73.9544638,7,6,0,People typically spend 15 min here,3.5,1424,6,6,263,Yorkville West,1975.0,132.325,1.8,0.4,0.6,73
1664,41569380,TAQUERIA GUADALUPE,"1743 LEXINGTON AVENUE, MANHATTAN, NY 10029",Taqueria Guadalupe,0x89c2f60378edd945:0xbd2cf34f420b0652,,40.7937248,-73.9449459,7,6,0,People typically spend 1-4 hours here,3.6,134,6,6,75,East Harlem South,800.0,53.6,1.8,0.4,0.6,186
1665,41569904,SWAGAT,"411A AMSTERDAM AVENUE, MANHATTAN, NY 10024",Swagat NY,0x89c25888a57e2d0d:0x7ffadbab7e4709cb,,40.7835351,-73.9777849,7,6,0,,4.3,530,6,6,239,Upper West Side South,749.0625,41.1984375,1.0,0.15,0.85,75
1666,41572581,MOLE CANTINA MEXICANA,"1735 2 AVENUE, MANHATTAN, NY 10128",Móle Cantina Mexicana- Upper East Side,0x89c258a52ce49559:0x75796333b4a48180,,40.7802869,-73.95020819999999,7,6,0,People typically spend 45 min to 2 hr here,4.2,599,6,6,263,Yorkville West,1200.0,80.4,1.8,0.4,0.6,73
1667,41573408,LAUT,"15 EAST   17 STREET, MANHATTAN, NY 10003",Laut,0x89c259a267c2fbbf:0x5db2096cef4869ff,,40.7375843,-73.9910991,7,6,0,People typically spend 1-4 hours here,4.4,2321,6,6,234,Union Sq,1360.0,74.8,1.0,0.15,0.85,50
1668,41573716,ANTON'S,"570 HUDSON STREET, MANHATTAN, NY 10014",Anton's,0x89c259e5de23d8bd:0x75e32060644d550c,,40.7356767,-74.0057727,7,6,0,People typically spend 4 hours here,4.5,648,6,6,249,West Village,395.6,23.736,1.2,0.2,0.8,30
1669,41573739,CREPERIE NYC,"112 MACDOUGAL STREET, MANHATTAN, NY 10012",Creperie NYC,0x89c2598c00000000:0x228310bae2ca2e50,,40.7296527,-74.00069359999999,7,6,0,People typically spend 25 min to 4 hr here,4.4,937,6,6,114,Greenwich Village South,200.0,16.6,3.0,0.7,0.3,15
1670,41575449,MIDNIGHT EXPRESS DINER,"1715 2 AVENUE, MANHATTAN, NY 10128",Midnight Express Diner,0x89c258bb29ffdf21:0x38521f2351fa1937,,40.7797888,-73.9505899,7,4,24,People typically spend 45 min to 1.5 hr here,4.2,1675,6,6,263,Yorkville West,389.3333333333333,23.36,1.2,0.2,0.8,245
1671,41577295,LECHONERA TROPICAL & GRILL,"172 EAST  103 STREET, MANHATTAN, NY 10029",Lechonera Tropical & Grill,0x89c2f602a3e89a77:0xcd1bdc9bde73cffd,,40.7897568,-73.94661599999999,7,6,0,People typically spend 20 min to 1.5 hr here,3.9,456,6,6,75,East Harlem South,5851.71,351.1026,1.2,0.2,0.8,186
1672,41577558,SUBWAY,"36 WEST   46 STREET, MANHATTAN, NY 10036",Subway,0x89c258fed6d19b35:0x48940bdbab750e21,,40.7566784,-73.9808247,7,6,0,,3.0,233,6,6,161,Midtown Center,932.8,77.4224,2.5,0.6,0.4,88
1673,41578677,SARAVANA BHAVAN,"81 LEXINGTON AVENUE, MANHATTAN, NY 10016",SARAVANAA BHAVAN,0x89c25909c372a2e9:0x67d618b66f6774f3,,40.741421,-73.98307989999999,7,6,0,People typically spend 30 min to 1 hr here,4.2,5201,6,6,107,Gramercy,1069.6,58.828,1.0,0.15,0.85,46
1674,41583557,MILLE-FEUILLE BAKERY CAFE,"552 LAGUARDIA PLACE, MANHATTAN, NY 10012",Mille-Feuille Bakery Cafe,0x89c25991b6a3384f:0x683e898a1887e798,,40.7291554,-73.9982843,7,6,0,,4.8,1557,6,6,114,Greenwich Village South,208.0,17.264,3.0,0.7,0.3,15
1675,41585586,NIKKO,"1280 AMSTERDAM AVENUE, MANHATTAN, NY 10027",Nikko Hibachi Asian Fusion,0x89c2f66ac89778bb:0xc49fdfa20216dcdb,,40.8114605,-73.9578775,7,6,0,People typically spend 45 min to 2 hr here,4.3,1512,6,6,166,Morningside Heights,320.0,19.2,1.1,0.2,0.8,61
1676,41593541,HARLEM TAVERN,"2153 8 AVENUE, MANHATTAN, NY 10026",Harlem Tavern,0x89c2f61696ebe067:0xc765b2ec6178e512,,40.8047593,-73.9554794,7,6,0,People typically spend 1.5-3 hours here,4.1,4451,6,6,41,Central Harlem,875.0,52.5,1.2,0.2,0.8,44
1677,41595314,PITA GRILL,"1083 2 AVENUE, MANHATTAN, NY 10022",The Original Pita Grill,0x89c258e42827c107:0x3f9e6d85618dfa99,,40.759558,-73.965436,7,6,0,People typically spend 15 min to 1.5 hr here,4.0,774,6,6,229,Sutton Place/Turtle Bay North,1920.0,115.2,1.1,0.15,0.85,48
1678,41596546,MARGON RESTAURANT,"136 WEST   46 STREET, MANHATTAN, NY 10036",Margon,0x89c2585584d5cfdb:0x47e8c88352a4028a,,40.7579064,-73.9839619,1,6,0,People typically spend 25 min to 3.5 hr here,4.7,1474,0,6,230,Times Sq/Theatre District,1366.225,81.97349999999999,1.2,0.2,0.8,523
1679,41613806,PIZZA GAGA,"171 WEST   23 STREET, MANHATTAN, NY 10011",Pizza Gaga,0x89c259bb2ed48d89:0xc4afbc1f1fc00dc2,,40.744139,-73.9952179,1,6,0,,4.1,88,0,6,90,Flatiron,2286.0,153.162,1.8,0.5,0.5,72
1680,41618158,BATHTUB GIN,"132 9 AVENUE, MANHATTAN, NY 10011",Bathtub Gin,0x89c259b928d13971:0xc72bdd5b757c64f,,40.7435711,-74.0031575,7,6,0,People typically spend 1-2.5 hours here,4.3,2284,6,6,68,East Chelsea,960.0,57.6,1.2,0.2,0.8,303
1681,41620128,THINK COFFEE,"73 8 AVENUE, MANHATTAN, NY 10014",Think Coffee,0x89c259900d24e84b:0xd186a287933b4e4d,,40.7395006,-74.0029454,7,6,0,People typically spend 30 min to 3 hr here,4.1,979,6,6,249,West Village,2080.0,172.64,3.0,0.7,0.3,30
1682,41620680,THE SMITH,"956 2 AVENUE, MANHATTAN, NY 10022",The Smith,0x89c2590246d9dfcd:0x4aa615566bd3359f,,40.755202,-73.967987,7,6,0,People typically spend 1-3.5 hours here,4.4,5748,6,6,229,Sutton Place/Turtle Bay North,320.0,19.2,1.2,0.2,0.8,48
1683,41624715,TOLOACHE,"166 EAST   82 STREET, MANHATTAN, NY 10028",Toloache,0x89c258bdd222c83d:0xe17045ccd1008ba9,,40.7763912,-73.9567618,7,6,0,People typically spend 45 min to 3 hr here,4.4,914,6,6,236,Upper East Side North,820.8000000000001,54.99360000000001,1.8,0.4,0.6,115
1684,41627217,ANJAPPAR,"116 LEXINGTON AVENUE, MANHATTAN, NY 10016",Anjappar Indian Cuisine,0x89c25909d4fd1d69:0x2982f827d4c7bdda,,40.7426101,-73.9827687,7,6,0,People typically spend 1-2.5 hours here,4.6,6328,6,6,107,Gramercy,394.4,21.692,1.0,0.15,0.85,46
1685,41629167,HAIR OF THE DOG,"168 ORCHARD STREET, MANHATTAN, NY 10002",Hair of the Dog,0x89c25983fdf74673:0xcb4e5b474e83b81a,,40.721296,-73.98836849999999,7,6,0,People typically spend 1-3 hours here,4.0,1599,6,6,148,Lower East Side,1903.25,114.195,1.2,0.2,0.8,43
1686,41629335,CHIPOTLE MEXICAN GRILL,"405 6 AVENUE, MANHATTAN, NY 10014",Chipotle Mexican Grill,0x89c25997d1e35e13:0xab943dff7f9b6663,,40.7336055,-73.99992569999999,7,6,0,,3.9,505,6,6,249,West Village,3240.0,217.08,1.8,0.4,0.6,30
1687,41635072,PUGLIA,"189 HESTER STREET, MANHATTAN, NY 10013",Puglia | Italian,0x89c259882cdce97d:0xbe53453a85793558,,40.7181584,-73.9976506,7,6,0,People typically spend 45 min to 4 hr here,4.3,1511,6,6,144,Little Italy/NoLiTa,588.0,32.34,1.0,0.1,0.9,16
1688,41637054,ORION DINER & GRILL,"395 2 AVENUE, MANHATTAN, NY 10010",Orion Diner & Grill,0x89c2590a5e8550a7:0xe345186518cb925f,,40.7377933,-73.98122649999999,7,4,7,People typically spend 20 min to 1 hr here,4.1,1454,6,6,107,Gramercy,534.4,32.064,1.2,0.2,0.8,228
1689,41638553,BRICIOLA,"370 WEST   51 STREET, MANHATTAN, NY 10019",Briciola,0x89c2585730b0bb97:0xd51c0895e9a1ceea,,40.7639222,-73.98825289999999,7,6,0,People typically spend 1-2.5 hours here,4.5,1531,6,6,48,Clinton East,1164.75,64.06125,1.0,0.1,0.9,130
1690,41638655,"DUNKIN',' BASKIN ROBBINS","4942 BROADWAY, MANHATTAN, NY 10034",Baskin-Robbins,0x89c2f3f6fcc0db9f:0xc2472d7a8eac03ea,,40.8676556,-73.9208225,7,4,0,,2.3,15,6,6,127,Inwood,993.225,59.5935,1.2,0.2,0.8,49
1691,41639470,SERAFINA,"7 9 AVENUE, MANHATTAN, NY 10014",Serafina Meatpacking,0x89c259c0099e6e47:0xf411458d82f39bb5,,40.739633,-74.00665699999999,7,6,0,People typically spend 4 hours here,4.2,1563,6,6,158,Meatpacking/West Village West,1830.0,100.65,1.0,0.1,0.9,21
1692,41640282,GYU-KAKU,"321 WEST   44 STREET, MANHATTAN, NY 10036",Gyu-Kaku Japanese BBQ,0x89c258539a726137:0x95c365dca83f7b5d,,40.7591328,-73.9898984,7,6,0,People typically spend 1.5-3 hours here,4.6,3573,6,6,48,Clinton East,765.3333333333334,42.09333333333333,1.0,0.15,0.85,130
1693,41641276,TABOONETTE,"30 EAST   13 STREET, MANHATTAN, NY 10003",Taboonette,0x89c259984ee59937:0x54e3f5250c3a10ed,,40.7346073,-73.9928231,7,6,0,People typically spend 25 min to 2.5 hr here,4.4,1195,6,6,113,Greenwich Village North,406.8,24.408,1.2,0.2,0.8,25
1694,41643753,THE WAYLAND,"700 EAST    9 STREET, MANHATTAN, NY 10009",The Wayland,0x89c259775a94e465:0x739c78805b5b0cc3,,40.7251329,-73.9778508,7,6,0,People typically spend 30 min to 2.5 hr here,4.6,889,6,6,4,Alphabet City,800.0,48.0,1.2,0.2,0.8,15
1695,41644027,THE KATI ROLL COMPANY,"229 EAST   53 STREET, MANHATTAN, NY 10022",The Kati Roll Company,0x89c258e39d4de1e3:0x3cd70b512787dd3d,,40.7573478,-73.9681212,7,6,0,,4.3,987,6,6,229,Sutton Place/Turtle Bay North,450.0,24.75,1.0,0.15,0.85,48
1696,41644048,AMELIE,"22 WEST    8 STREET, MANHATTAN, NY 10011","Amélie West Village Restaurant, Bistro & Wine Bar",0x89c259972a3ead8d:0x110782775ad2e1b8,,40.732629,-73.99766799999999,7,6,0,People typically spend 1-2.5 hours here,4.5,1460,6,6,113,Greenwich Village North,4629.5,231.475,0.8,0.05,0.95,25
1697,41647682,MICKEY SPILLANE'S HELL'S KITCHEN NYC,"350 WEST   49 STREET, MANHATTAN, NY 10019",Mickey Spillane's,0x89c2585132b63ebb:0x21dfae3ad408173f,,40.7626953,-73.9893208,7,6,0,People typically spend 45 min to 2 hr here,4.2,1604,6,6,48,Clinton East,1760.0,105.6,1.2,0.2,0.8,130
1698,41651838,BEER AUTHORITY,"300 WEST   40 STREET, MANHATTAN, NY 10018",Beer Authority,0x89c259accc0df757:0x58dd98582fbd2905,,40.7559369,-73.99115309999999,7,6,0,People typically spend 1-3 hours here,4.3,4537,6,6,48,Clinton East,3555.0,195.525,1.0,0.1,0.9,130
1699,41654442,DUNKIN,"1248 LEXINGTON AVENUE, MANHATTAN, NY 10028",Dunkin',0x89c258bcff0a9b87:0x2c2576fcbd3cef12,,40.7785734,-73.9564874,7,4,33,People typically spend 5 min to 1 hr here,3.4,214,6,6,236,Upper East Side North,666.6666666666666,55.33333333333334,3.0,0.8,0.1999999999999999,137
1700,41655398,LULO RESTAURANT,"1626 ST NICHOLAS AVENUE, MANHATTAN, NY 10040",Lulo Restaurant,0x89c2f41b4b86134b:0xbf78289ab0ea0674,,40.8557041,-73.928811,7,6,0,People typically spend 45 min to 4 hr here,4.3,143,6,6,243,Washington Heights North,2400.0,132.0,0.9,0.1,0.9,24
1701,41662075,AZIZA'S CAFE & LOUNGE,"45 1 AVENUE, MANHATTAN, NY 10003",Aziza Cafe and Lounge,0x89c259836e1f6351:0x176cfee4960b229d,,40.724462,-73.987929,7,6,0,,3.9,222,6,6,79,East Village,875.0,72.625,3.0,0.7,0.3,63
1702,41663207,FIVE GUYS FAMOUS BURGERS AND FRIES,"253 WEST   42 STREET, MANHATTAN, NY 10036",Five Guys,0x89c25854a455ae87:0xfe858f6fb775e8ac,,40.7572074,-73.98914979999999,7,5,0,People typically spend 20-45 min here,4.3,5779,6,6,230,Times Sq/Theatre District,2500.0,207.5,2.5,0.6,0.4,112
1703,41664978,GRAMERCY TAVERN,"42 EAST   20 STREET, MANHATTAN, NY 10003",Gramercy Tavern,0x89c259a1820824bd:0x2b79dcdc251b8415,,40.7384555,-73.98850639999999,7,6,0,People typically spend 1.5-3.5 hours here,4.6,4921,6,6,234,Union Sq,981.3333333333334,49.06666666666667,0.8,0.05,0.95,50
1704,41665255,MCHALE'S BAR & GRILL,"251 WEST   51 STREET, MANHATTAN, NY 10019",McHale's Bar & Grill,0x89c25857b31bbeab:0xe2c8829e50000a0e,,40.7628137,-73.9850819,7,6,0,People typically spend 2-4 hours here,4.3,1522,6,6,230,Times Sq/Theatre District,1419.0,78.045,1.0,0.1,0.9,118
1705,41667036,UNCLE PAULS PIZZA NY,"70 VANDERBILT AVENUE, MANHATTAN, NY 10017",Uncle Paul's Pizza,0x89c258fdfcdd133f:0x851202204ae1327f,,40.7546824,-73.9768744,7,6,0,People typically spend 15 min here,4.5,2524,6,6,161,Midtown Center,6303.3,422.3211000000001,1.8,0.5,0.5,88
1706,41671103,ALFIE'S,"800 9 AVENUE, MANHATTAN, NY 10019",Alfie's Kitchen & Craft Beer Bar,0x89c259acdec357a3:0x5c7089dbdcac96b4,,40.7653757,-73.98725309999999,7,6,0,People typically spend 45 min to 2 hr here,4.5,1525,6,6,48,Clinton East,896.0,49.28,1.0,0.1,0.9,130
1707,41671540,DUNKIN',"1369 BROADWAY, MANHATTAN, NY 10018",Dunkin',0x89c25965ed8e6283:0xd51e06a140805660,,40.7521481,-73.9877334,7,5,0,,3.2,36,6,6,100,Garment District,878.5714285714286,72.92142857142858,3.0,0.8,0.1999999999999999,63
1708,41672122,STARBUCKS COFFEE,"805 COLUMBUS AVENUE, MANHATTAN, NY 10025",Starbucks Coffee Company,0x89c2f626cc584191:0xfb40833c517b7da9,,40.79523,-73.96552,7,4,0,,3.7,595,6,6,151,Manhattan Valley,6222.3,516.4509,3.0,0.7,0.3,102
1709,41685823,ATOMIC WINGS,"311 BROADWAY, MANHATTAN, NY 10007",Atomic Wings,0x89c25a21c67b4093:0xf766836d5162ca9,,40.7156384,-74.0054591,7,6,0,,3.8,422,6,6,231,TriBeCa/Civic Center,3215.0,215.405,2.0,0.5,0.5,50
1710,41687902,STARBUCKS,"1301 AVENUE OF THE AMERICAS, MANHATTAN, NY 10019",Starbucks Coffee Company,0x89c258f88d1b3681:0xa841b48e436b1a4b,,40.76179,-73.97954,7,4,0,,3.3,419,6,6,230,Times Sq/Theatre District,8000.0,664.0,3.0,0.7,0.3,244
1711,41688349,DUNKIN,"111 WEST  110 STREET, MANHATTAN, NY 10026",Dunkin',0x89c2f61a3b2063ef:0x45a6c85d80b0a332,,40.7986084,-73.9527871,7,4,0,,3.7,232,6,6,41,Central Harlem,1958.0,162.514,3.0,0.8,0.1999999999999999,138
1712,41689402,KARE THAI,"752 10 AVENUE, MANHATTAN, NY 10019",Kare Thai,0x89c25850901087c7:0x3f54aa20faa9086c,,40.7653868,-73.9910843,7,6,0,People typically spend 30 min to 1.5 hr here,4.5,382,6,6,48,Clinton East,2000.0,110.0,1.0,0.15,0.85,130
1713,41690457,TAVOLA,"488 9 AVENUE, MANHATTAN, NY 10018",Tavola Hells Kitchen,0x89c259079b39d441:0x4e85d61c4dce7041,,40.7554185,-73.9945485,7,6,0,,4.3,696,6,6,68,East Chelsea,1600.0,88.0,1.0,0.1,0.9,303
1714,41690473,ABC BEER CO.,"96 AVENUE C, MANHATTAN, NY 10009",Alphabet City Beer Co.,0x89c25979c09ba559:0x31e37cf092075c8f,,40.7236833,-73.9789528,7,6,0,People typically spend 30 min to 2 hr here,4.6,598,6,6,4,Alphabet City,400.0,33.2,2.5,0.6,0.4,15
1715,41690737,TAIM,"45 SPRING STREET, MANHATTAN, NY 10012",taïm mediterranean kitchen,0x89c25988b7354be1:0x317ab3e98e54c01a,,40.7219809,-73.9961422,7,6,0,,4.3,982,6,6,144,Little Italy/NoLiTa,533.3333333333334,32.0,1.2,0.2,0.8,16
1716,41691166,CANTINA ROOFTOP,"605 WEST   48 STREET, MANHATTAN, NY 10036",Cantina Rooftop,0x89c2584fc7cbfca5:0x2cfcf2f2bed42819,,40.7650689,-73.9960138,7,6,0,People typically spend 30 min to 3.5 hr here,4.4,8683,6,6,50,Clinton West,6901.335,462.389445,1.8,0.4,0.6,72
1717,41692932,GOURMET 45,"721 3 AVENUE, MANHATTAN, NY 10017",Gourmet 45,0x89c2590295fbdecd:0x21e13865bc6a28d,,40.752693,-73.9728154,7,4,0,,3.9,106,6,6,233,UN/Turtle Bay South,1080.0,89.64,2.5,0.6,0.4,214
1718,41696796,SUBWAY,"513 MAIN STREET, MANHATTAN, NY 10044",Subway,0x89c258c4d84a12bd:0x4c4ee41f78ef875d,,40.7611297,-73.950909,7,6,0,,3.0,156,6,6,202,Roosevelt Island,897.9,74.5257,2.5,0.6,0.4,2
1719,41697373,HARDWARE BAR,"697 10 AVENUE, MANHATTAN, NY 10036",Hardware,0x89c25851b83f1169:0x399cdf10613c024a,,40.7632757,-73.9932027,7,6,0,People typically spend 1-2.5 hours here,3.7,174,6,6,50,Clinton West,400.0,24.0,1.2,0.2,0.8,72
1720,41699397,JUICY CUBE,"674 LEXINGTON AVENUE, MANHATTAN, NY 10022",Juicy Cube,0x89c258e4e7765c07:0x5abe562cabf8f9fc,,40.760182,-73.969887,7,6,0,,4.7,529,6,6,162,Midtown East,4372.95,362.95485,3.0,0.8,0.1999999999999999,108
1721,41704249,FAMOUS FAMIGLIA PIZZERIA,"1398 MADISON AVENUE, MANHATTAN, NY 10029",Famous Famiglia Pizzeria,0x89c258a12a253a1b:0xe34fb73fd5085765,,40.7878813,-73.95388129999999,7,6,0,People typically spend 25 min here,4.4,844,6,6,75,East Harlem South,600.0,40.2,1.8,0.5,0.5,186
1722,41706329,A SAFFRON THREAD,"98 CHAMBERS STREET, MANHATTAN, NY 10007",A Saffron Thread,0x89c25a1f48b18fb1:0x52c0576ed4ea96c9,,40.714627,-74.007725,1,6,0,,4.2,318,0,6,231,TriBeCa/Civic Center,2812.5,154.6875,1.0,0.15,0.85,193
1723,41708279,EL PATIO MEXICANO RESTAURANT,"3764 BROADWAY, MANHATTAN, NY 10032",El Patio Mexicano,0x89c2f6867fa4b8db:0xa553523049f5166f,,40.8335032,-73.9449412,7,6,0,People typically spend 25 min to 3.5 hr here,3.9,127,6,6,244,Washington Heights South,3345.0,224.115,1.8,0.4,0.6,149
1724,41710310,JUST SALAD,"663 LEXINGTON AVENUE, MANHATTAN, NY 10022",Just Salad,0x89c258e4e9d25ae7:0xbc183dc88e1a0312,,40.7598021,-73.96974829999999,7,6,0,,4.3,502,6,6,162,Midtown East,1550.0,128.65,2.5,0.6,0.4,108
1725,41717852,THE DEAD RABBIT,"30 WATER STREET, MANHATTAN, NY 10004",The Dead Rabbit,0x89c25a1469891821:0xea6b2acef790acd8,,40.7032685,-74.0110218,7,6,0,People typically spend 45 min to 2.5 hr here,4.7,8474,6,6,88,Financial District South,2052.0,112.86,1.0,0.1,0.9,24
1726,41718421,VINATERIA,"2211 FREDERICK DOUGLAS BOULEVARD, MANHATTAN, NY 10026",Vinatería,0x89c2f6140cb52825:0x6543a70e38837018,,40.8066497,-73.9540621,7,6,0,People typically spend 1.5-4 hours here,4.5,991,6,6,41,Central Harlem,1440.0,86.39999999999999,1.2,0.2,0.8,44
1727,41722813,PONCHE TAQUERIA,"420 WEST   49 STREET, MANHATTAN, NY 10019",Ponche Taqueria,0x89c2585118be9ee3:0x82637d75513d7d2d,,40.763158,-73.990471,7,6,0,People typically spend 30 min to 1 hr here,4.7,899,6,6,48,Clinton East,2370.0,158.79,1.8,0.4,0.6,130
1728,50000011,BIRCH COFFEE,"750 COLUMBUS AVENUE, MANHATTAN, NY 10025",Birch Coffee,0x89c2f6276e790655:0xbe7ca9df16a0e274,,40.793337,-73.967587,7,6,0,People typically spend 20 min to 1 hr here,4.3,768,6,6,238,Upper West Side North,1164.2,96.6286,3.0,0.7,0.3,84
1729,50000346,SILVANA,"300 WEST  116 STREET, MANHATTAN, NY 10026",Silvana,0x89c2f61692e9755d:0x8ecb140bf758bf78,,40.8044337,-73.9559234,7,6,0,People typically spend 1-2.5 hours here,4.4,1538,6,6,41,Central Harlem,1964.0,117.84,1.2,0.2,0.8,44
1730,50000522,JUST SALAD,"1471 THIRD AVENUE, MANHATTAN, NY 10028",Just Salad,0x89c258bc3ffe046f:0x83ec4140e4b2971e,,40.7769261,-73.955133,7,6,0,People typically spend 20 min here,4.2,527,6,6,263,Yorkville West,1875.0,155.625,2.5,0.6,0.4,73
1731,50000582,DREAM BABY,"162 AVENUE B, MANHATTAN, NY 10009",Dream Baby Bar and Cocktail Parlour,0x89c2597706cb3b0d:0x783bfb42431af1a2,,40.72714,-73.97987499999999,7,6,0,,4.2,291,6,6,79,East Village,600.0,36.0,1.2,0.2,0.8,63
1732,50000587,CHIPOTLE MEXICAN GRILL,"2298 BROADWAY, MANHATTAN, NY 10024",Chipotle Mexican Grill,0x89c2588663477117:0x3e7ca924cead5def,,40.7862055,-73.9778816,7,6,0,People typically spend 10-45 min here,3.7,851,6,6,239,Upper West Side South,2100.0,140.7,1.8,0.4,0.6,75
1733,50000719,THE IMMIGRANT TAP ROOM,"341 EAST    9 STREET, MANHATTAN, NY 10003",The Immigrant,0x89c2599daf3c1707:0x814abfb111541258,,40.728543,-73.985416,7,6,0,People typically spend 45 min to 2.5 hr here,4.5,512,6,6,79,East Village,360.8,21.648,1.2,0.2,0.8,63
1734,50000880,PARKER & QUINN,"63 WEST   38 STREET, MANHATTAN, NY 10018",Parker & Quinn,0x89c259aa5a27970f:0x1de24deba8b21df2,,40.7525862,-73.9850713,7,6,0,People typically spend 45 min to 2 hr here,4.6,3196,6,6,164,Midtown South,4435.2,266.112,1.2,0.2,0.8,49
1735,50000976,MADE IN MEXICO,"3950 10 AVENUE, MANHATTAN, NY 10034",Made In Mexico,0x89c2f3f439d13081:0x724cc82ad64d9f57,,40.8673144,-73.9171157,7,6,0,People typically spend 2-4 hours here,3.9,975,6,6,127,Inwood,1532.55,102.68085,1.8,0.4,0.6,16
1736,50001496,MORGAN STANLEY CONFERENCE CENTER,"1585 BROADWAY, MANHATTAN, NY 10036",Morgan Stanley Global Headquarters,0x89c25855dbc3a0cd:0x256d3eac50f56d93,,40.7598452,-73.9854739,7,6,0,People typically spend 4 hours here,4.0,116,6,6,230,Times Sq/Theatre District,8000.0,480.0,1.2,0.2,0.8,118
1737,50001719,RINTINTIN,"14 SPRING STREET, MANHATTAN, NY 10012",Rintintin,0x89c25988a0fa5859:0x51bc5f857973df8,,40.7212842,-73.9948204,7,6,0,People typically spend 45 min to 3 hr here,4.0,846,6,6,144,Little Italy/NoLiTa,400.0,24.0,1.2,0.2,0.8,16
1738,50001861,"DUNKIN', 'BASKIN ROBBINS","201 MADISON STREET, MANHATTAN, NY 10002",Baskin-Robbins,0x89c25a29416099d7:0x17ef7a7be4b421ec,,40.7128311,-73.9897838,7,4,22,,3.3,24,6,6,232,Two Bridges/Seward Park,980.0,81.34,3.0,0.8,0.1999999999999999,127
1739,50001895,JAMBA JUICE,"30 ROCKEFELLER PLAZA, MANHATTAN, NY 10112",Jamba,0x89c25900307de965:0xa68479d95d83a1a2,,40.7595082,-73.9806394,7,6,0,,4.0,166,6,6,161,Midtown Center,425.9953125,25.55971875,1.2,0.2,0.8,88
1740,50001916,WINNIE'S JAZZ BAR,"63 WEST   38 STREET, MANHATTAN, NY 10018",Winnie's Jazz Club,0x89c259aa4efdaa97:0xe99d96091ab0e961,,40.7521833,-73.9853073,1,6,0,People typically spend 15 min to 2 hr here,4.8,739,0,6,164,Midtown South,4435.2,266.112,1.2,0.2,0.8,114
1741,50001977,IL FORNO / IRON BAR & GRILL,"713 8 AVENUE, MANHATTAN, NY 10036",IL FORNO NYC - HELL'S KITCHEN,0x89c258547707e4b1:0xa76331fd24765fc8,,40.75901,-73.98871919999999,7,6,0,,4.1,972,6,6,48,Clinton East,4390.2,241.461,1.0,0.1,0.9,130
1742,50002051,BEER CULTURE,"328 WEST   45 STREET, MANHATTAN, NY 10036",Beer Culture,0x89c2585392fce827:0x29367a3853f1ea49,,40.7595551,-73.9897459,7,6,0,People typically spend 45 min to 2 hr here,4.6,1281,6,6,48,Clinton East,1438.5,86.31,1.2,0.2,0.8,130
1743,50002138,IL GATTOPARDO,"13 WEST   54 STREET, MANHATTAN, NY 10019",Il Gattopardo,0x89c258fa2d57bb95:0x12eeed220456e3ee,,40.761674,-73.97637069999999,7,6,0,People typically spend 2-4 hours here,4.5,834,6,6,161,Midtown Center,4742.5,260.8375,1.0,0.1,0.9,88
1744,50002464,SUBWAY,"334 GRAND STREET, MANHATTAN, NY 10002",Subway,0x89c259875caa9eb5:0x7f95f0c23d0ec4b1,,40.7172104,-73.98999959999999,7,6,0,,3.4,163,6,6,148,Lower East Side,2197.5,182.3925,2.5,0.6,0.4,43
1745,50002534,DRUNKEN MUNKEY,"338 EAST   92 STREET, MANHATTAN, NY 10128",The Drunken Munkey - UES,0x89c258aff522c68b:0x49091221c96f8e72,,40.7808398,-73.9476322,7,6,0,People typically spend 1-2.5 hours here,4.4,1062,6,6,263,Yorkville West,1568.175,86.249625,1.0,0.15,0.85,73
1746,50002691,THE JEFFREY,"311 EAST   60 STREET, MANHATTAN, NY 10022",The Jeffrey Craft Beer & Bites,0x89c258e6371ddacb:0xfcc20cfd44e9794,,40.7611102,-73.9629877,7,6,0,People typically spend 1-3.5 hours here,4.6,1690,6,6,141,Lenox Hill West,1180.0,70.8,1.2,0.2,0.8,83
1747,50002692,TAO DOWNTOWN,"92 9 AVENUE, MANHATTAN, NY 10011",TAO Downtown Restaurant,0x89c259bf2395a229:0xc20cee070a2c537,,40.7425376,-74.0038464,7,6,0,People typically spend 2-4 hours here,4.3,5552,6,6,68,East Chelsea,8000.0,480.0,1.1,0.2,0.8,303
1748,50002841,DUNKIN,"33 BEAVER STREET, MANHATTAN, NY 10004",Dunkin',0x89c25a16a95f1cc7:0x541416affca42bdd,,40.7051018,-74.0120718,7,5,0,People typically spend 10 min to 1.5 hr here,3.8,296,6,6,88,Financial District South,4565.4,378.9282,3.0,0.8,0.1999999999999999,20
1749,50003035,JUICE GENERATION,"109 EAST   23 STREET, MANHATTAN, NY 10010",Juice Generation,0x89c259a0d99d6ce9:0x53f1cec87a916902,,40.7402237,-73.9857564,7,6,0,,4.3,146,6,6,107,Gramercy,4942.2,410.2026,3.0,0.8,0.1999999999999999,46
1750,50003553,RANCHO TEQUILERIA,"741 9 AVENUE, MANHATTAN, NY 10019",Rancho Tequileria,0x89c25850d3f10ed9:0x1217e36f88b98e52,,40.7636857,-73.9890321,7,6,0,People typically spend 1-2.5 hours here,4.5,1541,6,6,48,Clinton East,400.0,26.8,1.8,0.4,0.6,130
1751,50004299,EMMETT'S,"50 MACDOUGAL STREET, MANHATTAN, NY 10012",Emmett's,0x89c2598d915410ab:0x51cb210c4b2de633,,40.7273322,-74.0024485,7,6,0,People typically spend 1.5 hours here,4.5,1316,6,6,211,SoHo,1200.0,80.4,1.8,0.5,0.5,26
1752,50004862,UP THAI,"1411 2 AVENUE, MANHATTAN, NY 10021",Up Thai,0x89c258c040410e7d:0x3c168563c16b2cec,,40.769951,-73.9578638,7,6,0,People typically spend 45 min to 1.5 hr here,4.8,8298,6,6,141,Lenox Hill West,200.64,11.0352,1.0,0.15,0.85,83
1753,50004933,MEE NOODLE SHOP,"223 1 AVENUE, MANHATTAN, NY 10003",Mee Noodle Shop & Grill,0x89c2599e02eca47f:0xd245eff52ea469f1,,40.7309768,-73.9832131,7,6,0,,4.0,191,6,6,79,East Village,656.8000000000001,39.408,1.2,0.3,0.7,63
1754,50005405,ARIA,"365 WEST   51 STREET, MANHATTAN, NY 10019",Aria Hell's Kitchen,0x89c258573add6221:0x1a602123c7b5d239,,40.7641211,-73.9881841,7,6,0,,4.5,1160,6,6,48,Clinton East,3727.2,204.996,1.0,0.1,0.9,130
1755,50005544,DUNKIN,"42 WEST   39 STREET, MANHATTAN, NY 10018",Dunkin',0x89c259aa68183ff9:0x95d8eaea7cd6c83b,,40.7523763,-73.9844592,1,4,0,People typically spend 20 min to 1 hr here,3.6,218,0,6,164,Midtown South,4106.7,340.8561,3.0,0.8,0.1999999999999999,42
1756,50005564,WOGIES BAR & GRILL,"44 TRINITY PLACE, MANHATTAN, NY 10006","Wogies Bar & Grill, FIDI",0x89c25a11279428f7:0x20c5b39009d56a5b,,40.7075479,-74.01329179999999,7,6,0,,4.4,781,6,6,261,World Trade Center,2025.0,121.5,1.2,0.2,0.8,23
1757,50005590,FAMOUS SICHUAN,"10 PELL STREET, MANHATTAN, NY 10013",Famous Sichuan 川外川,0x89c25a2655dbfe31:0x8f63218178e10afc,,40.7148544,-73.9976092,7,6,0,,3.9,670,6,6,45,Chinatown,1017.833333333333,61.07,1.2,0.3,0.7,14
1758,50005954,ALTESI RISTORANTE,"26 EAST   64 STREET, MANHATTAN, NY 10065",Altesi,0x89c258ee404d5551:0x969b387931e4ccf8,,40.766661,-73.969596,7,6,0,,4.2,287,6,6,237,Upper East Side South,4285.0,235.675,1.0,0.1,0.9,131
1759,50006114,MALECON RESTAURANT,"4141 BROADWAY, MANHATTAN, NY 10033",Malecon Restaurant (175th Street),0x89c2f69f9f2f261f:0x64cd779e388f232b,,40.8464014,-73.9386195,7,6,0,People typically spend 15 min to 1.5 hr here,4.4,4130,6,6,244,Washington Heights South,3000.0,165.0,0.9,0.1,0.9,149
1760,50006211,DISTRICT TAP HOUSE,"246 WEST   38 STREET, MANHATTAN, NY 10018",District Tap House,0x89c259acf499802d:0xbf03b43d7a75f5cc,,40.7540393,-73.99050129999999,7,6,0,People typically spend 1-3.5 hours here,4.3,1794,6,6,100,Garment District,7149.15,428.949,1.2,0.2,0.8,73
1761,50006252,DIG INN SEASONAL MARKET,"2884 BROADWAY, MANHATTAN, NY 10025",Dig Inn,0x89c2f63b8ae7a0df:0xc7b20f62366e922e,,40.8055612,-73.9653484,7,6,0,,4.4,783,6,6,166,Morningside Heights,2213.175,132.7905,1.2,0.2,0.8,61
1762,50006574,LADUREE SOHO,"398 WEST BROADWAY, MANHATTAN, NY 10012",Ladurée Soho,0x89c2598c6bbbbe33:0x72df042a34bc2a5f,,40.7243143,-74.0025064,7,6,0,People typically spend 25 min to 4 hr here,4.3,3835,6,6,211,SoHo,2125.0,106.25,0.8,0.05,0.95,26
1763,50007880,MO LOUNGE / THE BAR AT MANDARIN ORIENTAL / LOBBY LOUNGE,"80 COLUMBUS CIRCLE AT 60TH STREET, MANHATTAN, NY 10023",MO Lounge,0x89c259c7f3df2ec3:0x8306412e3355b514,,40.7689575,-73.98304879999999,7,6,0,,3.9,392,6,6,142,Lincoln Square East,1247.5,74.85,1.1,0.2,0.8,99
1764,50007965,KUSHI KUSHI YAKI,"2 WEST   32 STREET, MANHATTAN, NY 10001",Kushi Kushi Yaki | Ramen & Yakitori Izakaya,0x89c259f7e09cab87:0xbcf8716a686adaa,,40.7472192,-73.9861911,7,6,0,,4.5,515,6,6,164,Midtown South,1665.366666666667,91.59516666666666,1.0,0.15,0.85,49
1765,50008135,STARBUCKS #20679,"1542 3 AVENUE, MANHATTAN, NY 10028",Starbucks Coffee Company,0x89c258bca07195db:0x9bda8df8fc1f1d44,,40.7794496,-73.9537655,7,4,0,,3.9,288,6,6,236,Upper East Side North,8000.0,664.0,3.0,0.7,0.3,137
1766,50008347,THE GREY DOG,"49 CARMINE STREET, MANHATTAN, NY 10014",The Grey Dog - West Village,0x89c25992f1520ae3:0x9f1acf9dca8da08c,,40.7300117,-74.0038879,7,6,0,People typically spend 1-2.5 hours here,4.5,1513,6,6,249,West Village,2336.25,140.175,1.2,0.2,0.8,30
1767,50008437,BLUE RIBBON BRASSERIE,"97 SULLIVAN STREET, MANHATTAN, NY 10012",Blue Ribbon Brasserie,0x89c2598db0d02841:0x7e74186ef34e5fbb,,40.7254995,-74.0030627,7,6,0,People typically spend 1-2.5 hours here,4.7,1014,6,6,211,SoHo,880.0,52.8,1.2,0.2,0.8,26
1768,50008894,IVAN RAMEN,"25 CLINTON STREET, MANHATTAN, NY 10002",Ivan Ramen,0x89c259818b17e1ad:0x397d7608ef2c28ff,,40.7205819,-73.9845212,7,6,0,People typically spend 45 min to 2 hr here,4.7,9659,6,6,148,Lower East Side,360.0,19.8,1.0,0.15,0.85,43
1769,50008960,KAILASH PARBAT,"99 LEXINGTON AVENUE, MANHATTAN, NY 10016",Kailash Parbat,0x4065fce8515b924d:0xaed1813516a30bf8,,40.7420856,-73.982697,7,6,0,People typically spend 45 min to 1.5 hr here,4.1,1650,6,6,107,Gramercy,217.1428571428572,13.02857142857143,1.1,0.15,0.85,46
1770,50009159,BLACK SEED BAGELS,"170 ELIZABETH STREET, MANHATTAN, NY 10012",Black Seed Bagels - Nolita,0x89c2599d92415057:0xa88a6e4d57af3aa6,,40.7209046,-73.99467779999999,7,6,0,People typically spend 10 min to 2 hr here,4.2,1159,6,6,144,Little Italy/NoLiTa,532.0,44.156,3.0,0.8,0.1999999999999999,16
1771,50009366,GO BELIEVE BAKERY,"239 GRAND STREET, MANHATTAN, NY 10002",Go Believe,0x89c25987e1033a27:0x706324b6a63ee5d1,,40.7181769,-73.9945922,7,6,0,,4.4,224,6,6,148,Lower East Side,939.6,56.376,1.2,0.3,0.7,43
1772,50009477,ANEJO TRIBECA,"31 WALKER STREET, MANHATTAN, NY 10013",Añejo Tribeca,0x89c2598a8fcf857f:0xb4bf9682dd30568c,,40.7193028,-74.0042704,7,6,0,People typically spend 1-4 hours here,4.4,1595,6,6,231,TriBeCa/Civic Center,1400.0,93.8,1.8,0.4,0.6,50
1773,50009923,DEAR IRVING,"55 IRVING PLACE, MANHATTAN, NY 10003",Dear Irving Gramercy,0x89c259a1de1c8d37:0x3f2a6fbd11b6cc5c,,40.7362117,-73.98745439999999,7,6,0,People typically spend 1.5-3.5 hours here,4.6,1069,6,6,107,Gramercy,661.6666666666666,39.7,1.2,0.2,0.8,46
1774,50010054,JOHN SULLIVAN'S PUB,"210 WEST   35 STREET, MANHATTAN, NY 10001",John Sullivan's,0x89c259ac238a4831:0xaf24296698244a0c,,40.7516532,-73.9907024,7,6,0,People typically spend 1.5-4 hours here,4.3,1269,6,6,100,Garment District,8000.0,440.0,1.0,0.1,0.9,73
1775,50010297,FONDA OF CHELSEA,"189 9 AVENUE, MANHATTAN, NY 10011",Fonda,0x89c259b9a094ce47:0x720d2372daa8ea3b,,40.7455495,-74.0023544,7,6,0,People typically spend 1.5-4 hours here,4.4,992,6,6,68,East Chelsea,560.0,37.52,1.8,0.4,0.6,303
1776,50010736,THINK COFFEE,"568 6 AVENUE, MANHATTAN, NY 10011",Think Coffee,0x89c259bd47400a75:0xf4f36452df79e191,,40.738425,-73.9958111,7,6,0,People typically spend 20 min to 1 hr here,4.0,477,6,6,234,Union Sq,1924.0,159.692,3.0,0.7,0.3,50
1777,50011006,SERENA'S,"1268 2 AVENUE, MANHATTAN, NY 10065",Serena's Wine Bar,0x89c258e9c0bc4c0b:0xc23320cddc96f2cc,,40.7652536,-73.9606187,7,6,0,People typically spend 2-4 hours here,4.1,163,6,6,141,Lenox Hill West,4133.25,247.995,1.2,0.2,0.8,83
1778,50011024,BAAZI NYC,"2588 BROADWAY, MANHATTAN, NY 10025",Baazi Nyc,0x89c2f792d07527f5:0x119abf521fd57bd6,,40.7955872,-73.9707432,7,6,0,People typically spend 1-2.5 hours here,4.1,374,6,6,238,Upper West Side North,600.0,33.0,1.0,0.15,0.85,84
1779,50011926,BLACK IRON BURGER,"245 WEST   38 STREET, MANHATTAN, NY 10018",Black Iron Burger,0x89c259acf2c7299d:0x149a07481483ce,,40.754282,-73.990352,7,6,0,People typically spend 30 min to 1.5 hr here,4.5,5859,6,6,100,Garment District,1617.0,134.211,2.5,0.6,0.4,73
1780,50012296,GOLDEN WOK CHINESE RESTAURANT,"209 8 AVENUE, MANHATTAN, NY 10011",Chelsea Golden Wok,0x89c259bbc287647f:0x3b33afe4a2cbe8d6,,40.743939,-73.9997173,7,6,0,People typically spend 15 min to 1 hr here,3.4,217,6,6,90,Flatiron,800.0,48.0,1.2,0.3,0.7,31
1781,50012601,STUDIO 151,"151 AVENUE C, MANHATTAN, NY 10009",Studio 151,0x89c2597745d445e5:0x381e02587cd2b3f1,,40.7256585,-73.9780286,7,6,0,People typically spend 1.5-3 hours here,4.1,280,6,6,4,Alphabet City,1978.5,108.8175,1.0,0.15,0.85,15
1782,50013026,CHIPOTLE MEXICAN GRILL,"1020 3 AVENUE, MANHATTAN, NY 10065",Chipotle Mexican Grill,0x89c258ef58153107:0x8c95d26bc3b1258,,40.7626377,-73.9661291,7,6,0,People typically spend 15-45 min here,3.9,633,6,6,237,Upper East Side South,2000.0,134.0,1.8,0.4,0.6,131
1783,50013416,GONG CHA,"75 WEST   38 STREET, MANHATTAN, NY 10018",Gong Cha,0x89c259aa4c4dbe61:0xf6c29156ef7f98fc,,40.7522976,-73.98558849999999,7,6,0,People typically spend 20 min to 2.5 hr here,4.2,626,6,6,164,Midtown South,6840.0,567.72,3.0,0.8,0.1999999999999999,49
1784,50013454,DOMINO'S,"16A WEST    8 STREET, MANHATTAN, NY 10011",Domino's Pizza,0x89c259972b99ddcd:0xefd0616e73e351c7,,40.7325363,-73.9974515,7,6,0,,3.5,178,6,6,113,Greenwich Village North,3635.25,243.56175,1.8,0.5,0.5,25
1785,50013843,MRS. FISH,"34 PELL STREET, MANHATTAN, NY 10013",Mrs. Fish,0x89c25b604e68452d:0x9b278d5404b85f0b,,40.7150914,-73.99858979999999,7,6,0,,3.6,320,6,6,45,Chinatown,720.0,43.2,1.2,0.3,0.7,14
1786,50014784,RAMEN MEIJIN,"1574 2 AVENUE, MANHATTAN, NY 10028",Meijin,0x89c258b952bc5ac7:0xd0a2fe6f3bb3e98c,,40.7750295,-73.9535487,7,6,0,People typically spend 45 min to 4 hr here,4.7,2321,6,6,263,Yorkville West,440.0,24.2,1.0,0.15,0.85,73
1787,50015159,AKAMI SUSHI,"1771 1 AVENUE, MANHATTAN, NY 10128",Akami,0x89c258aff21ed441:0x3817492354fd67e3,,40.780519,-73.94702699999999,7,6,0,,3.9,78,6,6,263,Yorkville West,440.0,24.2,1.0,0.15,0.85,73
1788,50015858,ETHYL'S ALCOHOL & FOOD,"1629 2 AVENUE, MANHATTAN, NY 10028",Ethyl's Bar & Restaurant,0x89c258bb9171ba99:0xfdf1372067509de5,,40.7770736,-73.9526601,7,6,0,People typically spend 1-3 hours here,4.1,749,6,6,263,Yorkville West,600.0,36.0,1.2,0.2,0.8,73
1789,50016050,SOPHIE'S CUBAN CUISINE,"401 EAST   68 STREET, MANHATTAN, NY 10065",Sophie's Cuban Cuisine - Lenox Hill,0x89c258c239cf2c03:0xc25612157f9f9c7c,,40.7652215,-73.9573573,1,6,0,People typically spend 10 min to 1 hr here,4.3,920,0,6,140,Lenox Hill East,1819.0,109.14,1.2,0.2,0.8,495
1790,50016496,EMPANADAS MONUMENTAL,"4093 BROADWAY, MANHATTAN, NY 10032",Empanadas Monumental,0x89c2f69ef80640cb:0xdf6f1e7185accb0e,,40.8445378,-73.9391488,7,6,0,,4.1,317,6,6,244,Washington Heights South,1521.0,83.655,0.9,0.1,0.9,149
1791,50016569,SHY SHY,"169 8 AVENUE, MANHATTAN, NY 10011",Shy Shy,0x89c2591371eff471:0xde6646d8281e7543,,40.7427021,-74.0007595,7,6,0,People typically spend 1.5-3.5 hours here,4.5,114,6,6,68,East Chelsea,864.0,43.2,0.8,0.05,0.95,303
1792,50016770,THE MILTON,"1754 2 AVENUE, MANHATTAN, NY 10128",The Milton,0x89c258a56a392fc1:0x89e81c0469066886,,40.7812533,-73.9489878,7,6,0,People typically spend 1-3.5 hours here,4.3,704,6,6,263,Yorkville West,400.0,22.0,1.0,0.1,0.9,73
1793,50016822,JIMBO'S HAMBURGER,"2027 LEXINGTON AVENUE, MANHATTAN, NY 10035",Jimbo's Hamburger Palace,0x89c2f60a25ee8cf3:0x259d05c693247e77,,40.803493,-73.9378779,7,5,0,,4.1,448,6,6,74,East Harlem North,320.0,26.56,2.5,0.6,0.4,103
1794,50016964,BONCHON,"325 5 AVENUE, MANHATTAN, NY 10016",Bonchon 32nd st,0x89c259a845643143:0x8c9a1b823163c2c4,,40.747546,-73.9849735,7,6,0,People typically spend 30 min to 1.5 hr here,4.2,1709,6,6,164,Midtown South,1794.72,98.7096,1.0,0.15,0.85,49
1795,50016967,LA FIESTA RESTAURANT,"3789 BROADWAY, MANHATTAN, NY 10032",La Fiesta,0x89c2f685cc815a13:0xcd1ec5bfc1d2633d,,40.834515,-73.9449619,7,6,0,,3.6,149,6,6,244,Washington Heights South,3450.0,231.15,1.8,0.4,0.6,149
1796,50017047,JUST SALAD,"2056 BROADWAY, MANHATTAN, NY 10023",Just Salad,0x89c2588a6723e5d3:0x135bbe572c95a527,,40.7775321,-73.9818056,7,6,0,,4.2,302,6,6,142,Lincoln Square East,3735.0,310.005,2.5,0.6,0.4,99
1797,50017755,CALEDONIA,"1609 2 AVENUE, MANHATTAN, NY 10028",Caledonia Bar,0x89c258bbf0d7ce7f:0xb86a111901208ee,,40.7763038,-73.9531772,7,6,0,People typically spend 1-3 hours here,4.6,344,6,6,263,Yorkville West,539.6,29.678,1.0,0.1,0.9,73
1798,50017853,DHABA INDIAN CUISINE,"108 LEXINGTON AVENUE, MANHATTAN, NY 10016",Dhaba Indian Cuisine,0x89c25909d67ccbeb:0x8c481ae540e54c89,,40.742406,-73.982895,7,6,0,People typically spend 45 min to 2 hr here,4.1,1920,6,6,107,Gramercy,1074.4,59.09200000000001,1.0,0.15,0.85,46
1799,50018219,JIN RAMEN UWS,"462 AMSTERDAM AVENUE, MANHATTAN, NY 10024",Jin Ramen Upper West Side,0x89c25885df50bd73:0xb66fad7f5d61101,,40.785359,-73.97697389999999,7,6,0,,4.4,1704,6,6,239,Upper West Side South,500.0,27.5,1.0,0.15,0.85,75
1800,50018895,JUNIPER,"237 WEST   35 STREET, MANHATTAN, NY 10001",Juniper Bar,0x89c259ac35b89fe5:0x3354026bc03edf17,,40.752344,-73.9914045,1,0,12,People typically spend 1.5-4 hours here,4.3,1265,0,6,100,Garment District,623.7599999999999,37.42559999999999,1.2,0.2,0.8,132
1801,50019120,NEW TOPAZ,"127 WEST   56 STREET, MANHATTAN, NY 10019",Topaz Thai Authentic,0x89c258f761e4c203:0xa7d1b5a3209ff5c8,,40.764421,-73.978911,7,6,0,,4.3,1556,6,6,163,Midtown North,785.2799999999999,43.19039999999999,1.0,0.15,0.85,74
1802,50019121,KIN RAMEN,"129 WEST   56 STREET, MANHATTAN, NY 10019",Kin ramen,0x89c259550a748577:0xca22ff3a89d99fe5,,40.7643664,-73.9790366,7,6,0,People typically spend 45 min to 1 hr here,4.8,4633,6,6,163,Midtown North,785.2799999999999,47.11679999999999,1.1,0.2,0.8,74
1803,50019203,SOPHIE'S CUBAN CUISINE,"76 FULTON STREET, MANHATTAN, NY 10038",Sophie's Cuban Cuisine - Financial District,0x89e80e7af468dced:0xd53aee4f7191777d,,40.708933,-74.0055381,7,6,0,People typically spend 15-45 min here,4.2,1303,6,6,87,Financial District North,2698.5,161.91,1.2,0.2,0.8,29
1804,50032827,THE RIBBON,"20 WEST   72 STREET, MANHATTAN, NY 10023",The Ribbon,0x89c2588b7f567079:0x67fef794398ec792,,40.7766182,-73.9773026,7,6,0,People typically spend 1-2.5 hours here,4.3,1162,6,6,142,Lincoln Square East,1875.0,112.5,1.2,0.2,0.8,99
1805,50033289,CARLO'S BAKE SHOP,"625 8 AVENUE, MANHATTAN, NY 10018",Carlo's Bakery,0x4065fd233867a891:0x5e79b3ec2d17834,,40.7571476,-73.9901587,7,6,0,People typically spend 15 min here,4.1,12330,6,6,48,Clinton East,200.0,16.6,3.0,0.7,0.3,130
1806,50034098,MERMAID OYSTER BAR,"89 MACDOUGAL STREET, MANHATTAN, NY 10012",Mermaid Oyster Bar,0x89c2599211bc0e53:0xa7a795159544d213,,40.7290436,-74.001539,7,6,0,People typically spend 1-4 hours here,4.7,1400,6,6,114,Greenwich Village South,474.0,23.7,0.8,0.05,0.95,15
1807,50034729,PANDA EXPRESS,"1277 1 AVENUE, MANHATTAN, NY 10065",Panda Express,0x89c258c223117caf:0x2dd0cc5e4a84cd74,,40.765817,-73.9577133,7,6,0,People typically spend 15 min to 1 hr here,3.8,619,6,6,141,Lenox Hill West,580.0,34.8,1.2,0.3,0.7,83
1808,50035042,CHIPOTLE MEXICAN GRILL,"906 3 AVENUE, MANHATTAN, NY 10022",Chipotle Mexican Grill,0x89c258e48ebc8255:0xcc98a6e40361e079,,40.7589573,-73.9687964,7,6,0,,3.7,602,6,6,162,Midtown East,666.6666666666666,44.66666666666666,1.8,0.4,0.6,108
1809,50035265,CHIPOTLE MEXICAN GRILL,"325 SOUTH END AVENUE, MANHATTAN, NY 10280",Chipotle Mexican Grill,0x89c25a1a9b6ded35:0xb8065bba35b6ab75,,40.7107027,-74.01636959999999,7,6,0,People typically spend 25 min to 2.5 hr here,3.7,533,6,6,13,Battery Park City,3003.756,201.251652,1.8,0.4,0.6,20
1810,50036043,THE MALT HOUSE,"11 MAIDEN LANE, MANHATTAN, NY 10038",The Malt House,0x89c25a182b69824f:0xada7e9f261b0c126,,40.7096649,-74.0093444,7,6,0,People typically spend 1.5-4 hours here,4.4,2525,6,6,87,Financial District North,3428.0,205.68,1.2,0.2,0.8,29
1811,50036218,STARBUCKS,"1700 BROADWAY, MANHATTAN, NY 10019",Starbucks Coffee Company,0x89c258f811db1c6b:0xea86b635110d78b,,40.76368,-73.98235,7,4,0,People typically spend 20 min to 1 hr here,4.2,777,6,6,230,Times Sq/Theatre District,5965.59,495.14397,3.0,0.7,0.3,244
1812,50036332,PICCOLO TRATTORIA,"455 MAIN STREET, MANHATTAN, NY 10044",Piccolo Trattoria Ristorante Pizzeria,0x89c259ddc3fc8da7:0x1b379644901c1666,,40.7592235,-73.9526052,7,6,0,People typically spend 30 min to 2.5 hr here,4.3,501,6,6,202,Roosevelt Island,608.125,33.446875,1.0,0.1,0.9,2
1813,50036334,JUICE GENERATION,"599 LEXINGTON AVENUE, MANHATTAN, NY 10022",Juice Generation,0x89c258e353766fc5:0x24024c1ae43678f,,40.7579426,-73.9709996,7,6,0,,4.1,151,6,6,162,Midtown East,200.0,16.6,3.0,0.8,0.1999999999999999,108
1814,50036461,THE LONG HALL,"58 EAST   34 STREET, MANHATTAN, NY 10016",The Long Hall Pub & Grocery,0x89c2590784cd42a9:0x8bea457c98ae3622,,40.7472222,-73.9822222,7,6,0,People typically spend 1-3 hours here,4.5,807,6,6,164,Midtown South,3388.5,203.31,1.2,0.2,0.8,49
1815,50036525,CHOP'T,"345 AMSTERDAM AVENUE, MANHATTAN, NY 10024",Chopt Creative Salad Co.,0x89c2588905255555:0x7b6d12c69a37f721,,40.7813312,-73.979406,7,6,0,,4.6,584,6,6,239,Upper West Side South,796.8000000000001,66.13440000000001,2.5,0.6,0.4,75
1816,50037080,LEON'S BAGELS,"169 THOMPSON STREET, MANHATTAN, NY 10012",Leon's Bagels,0x89c25967b0b5a6d1:0x224d8dcf732be8f4,,40.7276854,-74.0004606,7,6,0,People typically spend 15-45 min here,4.3,1456,6,6,114,Greenwich Village South,200.0,16.6,3.0,0.7,0.3,15
1817,50037167,SOFRITO,"679 RIVERSIDE DRIVE, MANHATTAN, NY 10031",Sofrito,0x89c2f6610c5be72f:0x8d9671b3b469da6e,,40.8272046,-73.9551541,7,6,0,People typically spend 20 min to 3 hr here,4.1,2576,6,6,116,Hamilton Heights,1626.825,97.6095,1.2,0.2,0.8,42
1818,50038038,BAGELS & COMPANY,"172 WEST   79 STREET, MANHATTAN, NY 10024",Bagels & Co,0x89c25888bf6965a1:0x74ea9a65ef9bf591,,40.782844,-73.978213,7,5,0,People typically spend 15-45 min here,4.3,1019,6,6,239,Upper West Side South,6307.2,378.432,1.1,0.15,0.85,61
1819,50039077,STOUT,"60 EAST   41 STREET, MANHATTAN, NY 10017",Stout NYC,0x89c259010c5aa34d:0x135e030e64ce0371,,40.7516115,-73.9788202,7,6,0,People typically spend 1-3 hours here,4.4,2362,6,6,170,Murray Hill,1900.0,114.0,1.2,0.2,0.8,92
1820,50039988,TATAKI,"3 LISPENARD STREET, MANHATTAN, NY 10013",Tataki Japanese Restaurant,0x89c2596d3056eb27:0xe21b166e55f7c51,,40.7206687,-74.0048742,7,6,0,,4.5,324,6,6,231,TriBeCa/Civic Center,560.0,30.8,1.0,0.15,0.85,50
1821,50041322,CRAVE FISH BAR,"428 AMSTERDAM AVENUE, MANHATTAN, NY 10024",Crave Fishbar Upper West Side | Raw Bar & Seafood restaurant,0x89c2588603553bab:0xc9fe7b382fbcb288,,40.784271,-73.9777849,7,6,0,People typically spend 1-3.5 hours here,4.5,839,6,6,239,Upper West Side South,367.6,22.056,1.2,0.2,0.8,75
1822,50041641,NARUTO RAMEN,"2634 BROADWAY, MANHATTAN, NY 10025",Naruto Ramen,0x89c2f6260d658d17:0x4b1b4ee080ca77a0,,40.7969585,-73.9696866,7,6,0,People typically spend 20 min to 1.5 hr here,4.3,1239,6,6,151,Manhattan Valley,4500.0,247.5,1.0,0.15,0.85,38
1823,50041853,THE LITTLE BEET,"320 PARK AVENUE, MANHATTAN, NY 10022",Little Beet,0x89c258fc602f6357:0x974b1b55c5d40a30,,40.7577902,-73.974237,7,6,0,People typically spend 15 min to 3.5 hr here,4.4,350,6,6,161,Midtown Center,6564.360000000001,393.8616,1.2,0.2,0.8,88
1824,50041950,LA COLOMBE,"67 WALL STREET, MANHATTAN, NY 10005",La Colombe Coffee Workshop,0x89c25a1669bb0933:0x87745de24d0b2ff7,,40.7057099,-74.0085244,7,6,0,,4.5,595,6,6,87,Financial District North,1373.85,114.02955,3.0,0.7,0.3,29
1825,50042385,CHIPOTLE MEXICAN GRILL,"286 1 AVENUE, MANHATTAN, NY 10009",Chipotle Mexican Grill,0x89c259750fc28f91:0xfda02585adfdd8ea,,40.7329515,-73.9809075,7,6,0,People typically spend 10-45 min here,3.2,555,6,6,224,Stuy Town/Peter Cooper Village,4421.7,296.2539,1.8,0.4,0.6,17
1826,50042664,MR. PURPLE,"180 ORCHARD STREET, MANHATTAN, NY 10002",Mr. Purple,0x89c25983e53065b1:0x2c5d3d48cf428dd7,,40.721741,-73.988103,7,6,0,People typically spend 30 min to 3 hr here,4.1,3192,6,6,148,Lower East Side,506.6666666666667,30.4,1.2,0.2,0.8,43
1827,50042774,SLATE COFFEE + KITCHEN,"121 MADISON AVENUE, MANHATTAN, NY 10016",Slate Cafe NoMad,0x89c259df2ee13933:0xd04d051d087c9b10,,40.7453125,-73.9846013,7,6,0,People typically spend 20 min to 1 hr here,4.5,1645,6,6,164,Midtown South,1000.0,60.0,1.2,0.2,0.8,49
1828,50043179,SABA'S PIZZA,"403 AMSTERDAM AVENUE, MANHATTAN, NY 10024",Saba's Pizza,0x89c25888ba63af81:0x541cb5360cbc3f3d,,40.783256,-73.9779496,7,6,0,,4.1,618,6,6,239,Upper West Side South,2000.0,120.0,1.1,0.15,0.85,75
1829,50043183,CHIPOTLE MEXICAN GRILL,"805 COLUMBUS AVENUE, MANHATTAN, NY 10025",Chipotle Mexican Grill,0x89c2f626d2586cdd:0x6d2008bb79019fc9,,40.7949232,-73.9657893,7,6,0,,3.9,533,6,6,151,Manhattan Valley,6222.3,416.8941,1.8,0.4,0.6,38
1830,50044020,TEXAS ROTISSERIE,"1315 1 AVENUE, MANHATTAN, NY 10021",Texas Rotisserie & Grill,0x89c258c19cbb85e5:0x2c5fbea9863d220a,,40.766938,-73.956929,7,6,0,People typically spend 25 min to 2.5 hr here,3.9,239,6,6,141,Lenox Hill West,1200.0,72.0,1.2,0.2,0.8,83
1831,50044208,CAFE ALTRO PARADISO,"234 SPRING STREET, MANHATTAN, NY 10013",Altro Paradiso,0x89c2598ce5cb7a9b:0x9b8df0f81cc4f5a,,40.7254266,-74.0046926,7,6,0,People typically spend 1.5-4 hours here,4.4,926,6,6,125,Hudson Sq,8000.0,440.0,1.0,0.1,0.9,9
1832,50044340,WENDY'S,"4 SOUTH STREET, MANHATTAN, NY 10004",Wendy's,0x89c25a135d18cd4b:0x37eb6e6aa32caf32,,40.7011111,-74.0130556,7,6,0,People typically spend 15 min here,3.3,359,6,6,88,Financial District South,6293.753333333333,377.6252,1.2,0.2,0.8,24
1833,50044701,MEME,"607 10 AVENUE, MANHATTAN, NY 10036",Mémé Mediterranean,0x89c2584df633d5d3:0x10e750a04e0586e1,,40.7609328,-73.99482789999999,7,6,0,People typically spend 1-2 hours here,4.4,1027,6,6,50,Clinton West,800.0,48.0,1.2,0.2,0.8,72
1834,50044709,SWEETS BAKERY,"135 WALKER STREET, MANHATTAN, NY 10013",Sweets Bakery,0x89c25a275ca511ef:0xf85ce147997b2861,,40.7172328,-73.99976529999999,7,6,0,,4.1,443,6,6,45,Chinatown,4233.3,351.3639000000001,3.0,0.7,0.3,14
1835,50044736,GEBHARD'S BEER CULTURE,"228 WEST   72 STREET, MANHATTAN, NY 10023",Gebhard's Beer Culture,0x89c25861e2367c51:0xf8d1def1c0cee224,,40.778946,-73.98321899999999,7,6,0,People typically spend 45 min to 2 hr here,4.4,755,6,6,143,Lincoln Square West,1344.0,80.64,1.2,0.2,0.8,52
1836,50044975,LENWICH,"469 COLUMBUS AVE, MANHATTAN, NY 10024",LENWICH,0x89c2588513c1e2ab:0x20cd4fbaa703440c,,40.7841933,-73.9736344,7,6,0,People typically spend 20 min to 1 hr here,4.3,627,6,6,239,Upper West Side South,1600.0,132.8,2.5,0.6,0.4,75
1837,50045048,HANAMICHI,"28 WEST   32 STREET, MANHATTAN, NY 10001",Hana Michi,0x89c259a8e8b88a41:0x8211368c63b26bf4,,40.7476578,-73.9870136,7,6,0,,4.1,580,6,6,164,Midtown South,1883.333333333333,113.0,1.1,0.2,0.8,49
1838,50045788,CHINELOS II DELI-GROCERY RESTAURANT,"530 WEST  136 STREET, MANHATTAN, NY 10031",Chinelos 2,0x89c2f666012a9a95:0xbbc231e8f9fa41c,,40.8202928,-73.9537757,7,6,0,People typically spend 25 min to 3.5 hr here,3.8,228,6,6,152,Manhattanville,2257.2,151.2324,1.8,0.4,0.6,17
1839,50045841,IPPUDO NY,"321 WEST   51 STREET, MANHATTAN, NY 10019",IPPUDO Westside,0x89c2585704dadb07:0x134867276342eb91,,40.76349,-73.98659599999999,7,6,0,People typically spend 45 min to 1.5 hr here,4.5,5229,6,6,48,Clinton East,1825.2,100.386,1.0,0.15,0.85,130
1840,50046005,PORCHLIGHT,"271 11 AVENUE, MANHATTAN, NY 10001",Porchlight,0x89c259b638d68f2f:0x5bae2a53bf2a2990,,40.7520383,-74.0049906,7,6,0,People typically spend 1-3 hours here,4.4,1121,6,6,246,West Chelsea/Hudson Yards,8000.0,480.0,1.2,0.2,0.8,114
1841,50046215,GREGORYS COFFEE,"520 8 AVENUE, MANHATTAN, NY 10018",Gregorys Coffee,0x89c259adab6c0167:0x6cdc102f2f84ab0a,,40.753615,-73.9920415,7,6,0,,4.1,827,6,6,100,Garment District,1480.11,122.84913,3.0,0.7,0.3,73
1842,50046741,STOP809,"537 WEST  207 STREET, MANHATTAN, NY 10034",Stop 809,0x89c2f3f61522358b:0x703a64515a4bf6cd,,40.8656092,-73.91970429999999,7,6,0,,4.2,209,6,6,127,Inwood,1625.0,97.5,1.2,0.2,0.8,16
1843,50046844,DOMINO'S,"965 AMSTERDAM AVENUE, MANHATTAN, NY 10025",Domino's Pizza,0x89c2f6235091b051:0x10a2ca0aec9722b8,,40.8012991,-73.96475389999999,7,6,0,,3.3,340,6,6,24,Bloomingdale,600.0,40.2,1.8,0.5,0.5,25
1844,50046863,COCINA DEL SUR,"40 WEST   38 STREET, MANHATTAN, NY 10018",Cocina Del Sur,0x89c259aa3f0a6e3d:0xb7644be2641b89e9,,40.7515374,-73.9846589,7,6,0,People typically spend 20 min to 4 hr here,4.3,407,6,6,164,Midtown South,500.0,30.0,1.2,0.2,0.8,49
1845,50047217,THE SMITH,"1150 BROADWAY, MANHATTAN, NY 10001",The Smith,0x89c259a67765432b:0xb69ca2cc7e7de7c8,,40.7442419,-73.9886085,7,6,0,People typically spend 1.5-4 hours here,4.4,6339,6,6,234,Union Sq,1018.25,61.095,1.2,0.2,0.8,50
1846,50047509,FILLMORE DELICATESSEN,"1668 3 AVENUE, MANHATTAN, NY 10128",Fillmore Deli & Backroom,0x89c258a44b064011:0x6fea7df278958e40,,40.783674,-73.950844,7,6,0,,4.7,309,6,6,236,Upper East Side North,1660.0,137.78,2.5,0.6,0.4,115
1847,50047718,GREGORYS COFFEE,"58 WEST   44 STREET, MANHATTAN, NY 10036",Gregorys Coffee,0x89c258ffefd5bec5:0xf78eae228a7408b1,,40.7558258,-73.9826362,7,6,0,People typically spend 20 min to 1.5 hr here,4.2,1009,6,6,161,Midtown Center,2947.65,244.65495,3.0,0.7,0.3,88
1848,50048149,MEDITERRANEO PIZZA,"1593 SAINT NICHOLAS AVENUE, MANHATTAN, NY 10040",Mediterraneo Pizza,0x89c2f41b61cc2acd:0xd9c5b0c6932db070,,40.8547222,-73.92999999999999,7,6,0,,4.4,187,6,6,243,Washington Heights North,1247.75,83.59925000000001,1.8,0.5,0.5,24
1849,50048378,VIN SUR VINGT,"66 WEST   84 STREET, MANHATTAN, NY 10024",Vin Sur Vingt Wine Bar - Upper West Side,0x89c2588516f4b857:0x8566e52aa374f15e,,40.7848882,-73.9727989,7,0,23,People typically spend 1.5-2.5 hours here,4.6,338,6,6,239,Upper West Side South,3263.85,163.1925,0.8,0.05,0.95,48
1850,50048644,GREGORY'S COFFEE,"327 PARK AVENUE SOUTH, MANHATTAN, NY 10010",Gregorys Coffee,0x89c259a72946c6f5:0xf883630efdc8c731,,40.7409453,-73.985497,7,6,0,,4.2,687,6,6,107,Gramercy,2176.0,180.608,3.0,0.7,0.3,46
1851,50048671,JACQUES BRASSERIE,"204 EAST   85 STREET, MANHATTAN, NY 10028",Jacques Brasserie,0x89c258bc7c3e61fd:0x1829ad02308190fb,,40.7778319,-73.9541443,7,6,0,People typically spend 2-4 hours here,4.5,707,6,6,263,Yorkville West,641.3333333333334,32.06666666666667,0.8,0.05,0.95,73
1852,50048761,STARBUCKS COFFEE,"1077 3 AVENUE, MANHATTAN, NY 10065",Starbucks Coffee Company,0x89c258e8db3f485d:0x6bef44ae5dce3c5e,,40.7642,-73.96427,7,4,0,People typically spend 20 min to 3 hr here,4.1,443,6,6,141,Lenox Hill West,6243.3,518.1939000000001,3.0,0.7,0.3,189
1853,50049596,HENRIETTA HUDSON,"438 HUDSON STREET, MANHATTAN, NY 10014",Henrietta Hudson,0x89c259ed2b5b2887:0x470ce7e2cbd6e998,,40.7310687,-74.0064209,7,6,0,People typically spend 1-3.5 hours here,4.1,645,6,6,249,West Village,440.0,26.4,1.2,0.2,0.8,30
1854,50050113,LENWICH,"1024 2 AVENUE, MANHATTAN, NY 10022",LENWICH,0x89c258e3f6a7e2bb:0xec2e586e7faf04bd,,40.7573937,-73.96642469999999,7,6,0,People typically spend 20 min to 2.5 hr here,4.0,346,6,6,229,Sutton Place/Turtle Bay North,1468.0,121.844,2.5,0.6,0.4,48
1855,50050184,SWEETGREEN,"1500 3 AVENUE, MANHATTAN, NY 10028","sweetgreen - Healthy Salads, Wraps, and Bowls",0x89c258bc60e8a781:0x8e826b7e009bfce8,,40.7780119,-73.95489169999999,7,6,0,People typically spend 15 min to 1 hr here,3.7,651,6,6,236,Upper East Side North,720.0,59.76000000000001,2.5,0.6,0.4,115
1856,50051225,TACO BELL,"1351 SAINT NICHOLAS AVENUE, MANHATTAN, NY 10033",Taco Bell,0x89c2f41ff8cc51c1:0x75fc9f1519beeea2,,40.847177,-73.9356073,7,4,13,People typically spend 10 min to 1 hr here,4.1,872,6,6,244,Washington Heights South,1018.8,68.2596,1.8,0.4,0.6,174
1857,50051532,GRAND SALON AND BAR,"28 WEST   53 STREET, MANHATTAN, NY 10019",Grand Salon at Baccarat Hotel,0x89c258f963bf5637:0x30ce5c542b0b95a7,,40.7609041,-73.9774755,7,6,0,People typically spend 15 min to 2.5 hr here,4.1,317,6,6,161,Midtown Center,1913.76,114.8256,1.2,0.2,0.8,88
1858,50051609,DUNKIN,"52 EAST    8 STREET, MANHATTAN, NY 10003",Dunkin',0x89c2599a13fe96f1:0x331ba808fceb0ce2,,40.7309748,-73.9937849,7,4,0,,3.3,163,6,6,113,Greenwich Village North,381.5,31.6645,3.0,0.8,0.1999999999999999,91
1859,50051612,DOS CAMINOS,"1567 BROADWAY, MANHATTAN, NY 10036",Dos Caminos,0x89c25855cbca4495:0x65b04f5b2ecbae12,,40.7593727,-73.98532809999999,7,6,0,People typically spend 1-4 hours here,4.0,2459,6,6,230,Times Sq/Theatre District,859.8333333333334,57.60883333333334,1.8,0.4,0.6,118
1860,50051981,FIVESTUY CAFE,"5 STUYVESANT OVAL, MANHATTAN, NY 10009",Five Stuy Cafe,0x89c259745be1e07d:0xaf713e5fbc31888c,,40.7318647,-73.97888329999999,7,6,0,People typically spend 10 min to 1 hr here,4.1,276,6,6,224,Stuy Town/Peter Cooper Village,8000.0,664.0,2.5,0.6,0.4,17
1861,50052114,STARBUCKS COFFEE,"141 AMSTERDAM AVE, MANHATTAN, NY 10023",Starbucks Coffee Company,0x89c2585fe251d09f:0x41d47756946767b6,,40.77484,-73.98413,7,4,0,People typically spend 10 min to 1 hr here,3.6,448,6,6,142,Lincoln Square East,3879.0,321.957,3.0,0.7,0.3,159
1862,50052171,OSAMIL,"5 WEST   31 STREET, MANHATTAN, NY 10001",Osamil,0x89c259a8f338358f:0xf5584fff2f5d5c47,,40.746961,-73.9864309,7,6,0,People typically spend 1-2 hours here,4.5,1591,6,6,164,Midtown South,5677.5,312.2625,1.0,0.15,0.85,49
1863,50052428,SWEETGREEN,"1321 1 AVENUE, MANHATTAN, NY 10021",sweetgreen,0x89c258c19c186405:0x86d67377663459fd,,40.7671283,-73.9568462,7,6,0,People typically spend 15 min to 1.5 hr here,3.9,444,6,6,141,Lenox Hill West,1520.0,126.16,2.5,0.6,0.4,83
1864,50052807,11 HOWARD KITCHEN,"138 LAFAYETTE STREET, MANHATTAN, NY 10013",Le Coucou,0x89c25989f3630ecb:0xd048cf49523f429d,,40.7191167,-74.0001861,7,6,0,People typically spend 1.5-3.5 hours here,4.5,2124,6,6,144,Little Italy/NoLiTa,683.6666666666666,41.02,1.2,0.2,0.8,16
1865,50053069,CONVENE 237 PARK,"237 PARK AVENUE, MANHATTAN, NY 10017",Convene 237 Park,0x89c2590277f7aba1:0xf6dc6cb72edbf025,,40.753904,-73.9749325,1,6,0,,4.7,54,0,6,162,Midtown East,8000.0,480.0,1.2,0.2,0.8,513
1866,50053718,DUNKIN,"353 AMSTERDAM AVENUE, MANHATTAN, NY 10024",Dunkin',0x89c2588903343ef9:0x38ec47bbde3b8833,,40.7815905,-73.9792272,7,4,0,,3.5,232,6,6,239,Upper West Side South,280.0,23.24,3.0,0.8,0.1999999999999999,140
1867,50053728,CAVA GRILL,"143 4 AVENUE, MANHATTAN, NY 10003",CAVA,0x89c2599927fc9eb1:0x57a490d70baabf0e,,40.7337898,-73.9896079,7,6,0,People typically spend 10-45 min here,4.5,1697,6,6,79,East Village,1488.042857142857,89.28257142857142,1.2,0.2,0.8,63
1868,50053932,HEALTHY CHOICE GOURMET DELI & PIZZA,"341 7 AVENUE, MANHATTAN, NY 10001",Healthy Choice Gourmet Deli & Pizza,0x89c259afbd3fbb57:0x5061769b67edc713,,40.747872,-73.9925961,7,4,50,,3.4,100,6,6,186,Penn Station/Madison Sq West,1850.0,153.55,2.5,0.6,0.4,216
1869,50053977,GREGORY'S COFFEE,"874 AVENUE OF THE AMERICAS, MANHATTAN, NY 10001",Gregorys Coffee,0x89c259af336b3341:0xa4969e07ce3108de,,40.7477283,-73.9890454,7,6,0,People typically spend 20 min to 1 hr here,4.1,1497,6,6,164,Midtown South,2520.0,209.1600000000001,3.0,0.7,0.3,49
1870,50054044,K-BAP,"62 WEST   56 STREET, MANHATTAN, NY 10019",K-Bap & Wings | Korean,0x89c259357fa2d1fd:0xcbbd75f9d4534bef,,40.7633899,-73.9772179,7,6,0,,4.7,1879,6,6,161,Midtown Center,675.0,37.125,1.0,0.15,0.85,88
1871,50054116,ALLORA,"145 EAST   47 STREET, MANHATTAN, NY 10017",Allora,0x89c258fd427babfd:0xefbe4b0342a0fd0b,,40.7544191,-73.9726561,7,6,0,,4.3,688,6,6,162,Midtown East,1002.4,55.132,1.0,0.1,0.9,108
1872,50054294,BOUCHERIE,"99 7 AVENUE SOUTH, MANHATTAN, NY 10014",Boucherie West Village,0x89c25993862d9fab:0xc76173738eeacb72,,40.733047,-74.0028772,7,6,0,People typically spend 1.5-3.5 hours here,4.8,9692,6,6,249,West Village,2677.0,133.85,0.8,0.05,0.95,30
1873,50054456,ORAMEN,"579 AVENUE OF THE AMERICAS, MANHATTAN, NY 10011",Oramen,0x89c259bd3ca49e89:0x579dd21b4716c184,,40.7390127,-73.9960002,7,6,0,People typically spend 45 min to 1.5 hr here,4.4,944,6,6,90,Flatiron,1040.0,57.2,1.0,0.15,0.85,31
1874,50054524,LE CAFE COFFEE,"661 LEXINGTON AVENUE, MANHATTAN, NY 10022",Le Cafe Coffee,0x89c258e4c2066753:0x64f50a662bfb26d7,,40.7597355,-73.9697968,7,6,0,,4.5,258,6,6,162,Midtown East,3540.8,293.8864,3.0,0.7,0.3,108
1875,50054637,BURGER KING,"1886 3 AVENUE, MANHATTAN, NY 10029",Burger King,0x89c2f60292dd7965:0x954d172f0d5a9e60,,40.7905251,-73.9457546,7,6,0,People typically spend 20 min here,4.3,1636,6,6,75,East Harlem South,373.3333333333333,30.98666666666667,2.5,0.6,0.4,186
1876,50054927,STARBUCKS COFFEE COMPANY,"250 VESEY STREET, MANHATTAN, NY 10281",Starbucks Coffee Company,0x89c25a1b754671c7:0xa8f39f97d0f54989,,40.71418,-74.01550999999999,7,5,0,,4.1,692,6,6,13,Battery Park City,6946.930000000001,576.5951900000001,3.0,0.7,0.3,24
1877,50055040,GREGORY'S COFFEE,"551 MADISON AVENUE, MANHATTAN, NY 10022",Gregorys Coffee,0x89c258fb1fb40c7d:0xf6b0447c81507b50,,40.7609895,-73.973019,7,6,0,,4.0,322,6,6,161,Midtown Center,896.3928571428571,74.40060714285714,3.0,0.7,0.3,88
1878,50055122,LOS MARISCOS,"409 WEST   15 STREET, MANHATTAN, NY 10011",Los Mariscos,0x89c259bf68f0e5f9:0xfe6d36e788729964,,40.7421853,-74.00578589999999,7,6,0,People typically spend 15-45 min here,4.7,3112,6,6,68,East Chelsea,2049.366666666667,137.3075666666667,1.8,0.4,0.6,303
1879,50055362,DUNKIN,"625 8 AVENUE, MANHATTAN, NY 10018",Dunkin',0x89c259711bfabf09:0x5e9af1839792537,,40.7567565,-73.9904366,7,5,0,,2.3,130,6,6,48,Clinton East,200.0,16.6,3.0,0.8,0.1999999999999999,171
1880,50055419,KIRKLAND & ELLIS CONFERENCE ROOMS,"601 LEXINGTON AVENUE, MANHATTAN, NY 10022",Kirkland & Ellis LLP,0x89c258e4af9ce109:0xbcaa038a1e1e3c10,,40.7584832,-73.97025599999999,7,4,17,People typically spend 4 hours here,3.3,44,6,6,162,Midtown East,200.0,12.0,1.2,0.2,0.8,141
1881,50055420,STARBUCKS,"245 EAST   93 STREET, MANHATTAN, NY 10128",Starbucks Coffee Company,0x89c258a59b1e8e05:0xef5b1c72af1175b5,,40.78277,-73.94837,7,4,0,People typically spend 15 min to 1 hr here,3.9,367,6,6,263,Yorkville West,8000.0,664.0,3.0,0.7,0.3,245
1882,50055852,WAGAMAMA,"210 5 AVENUE, MANHATTAN, NY 10010","wagamama nomad, new york",0x89c259a681a86ecb:0x376495ffb473132a,,40.7433574,-73.9887711,7,6,0,People typically spend 1-4 hours here,4.1,2141,6,6,234,Union Sq,1600.0,88.0,1.0,0.15,0.85,50
1883,50055882,GARDENIA TERRACE,"826 10 AVENUE, MANHATTAN, NY 10019",Gardenia Terrace,0x89c2585a25d2da33:0xd0a6d501fc21c530,,40.7675894,-73.98936069999999,7,6,0,People typically spend 1.5-3 hours here,4.1,1363,6,6,48,Clinton East,2450.0,147.0,1.2,0.2,0.8,130
1884,50056365,KING'S CHEF,"587 LENOX AVENUE, MANHATTAN, NY 10037",King's Chef,0x89c2f67783e0b50d:0x703f037177ec89d2,,40.8174996,-73.938696,7,6,0,,2.8,57,6,6,42,Central Harlem North,2500.0,150.0,1.2,0.3,0.7,70
1885,50056507,LA BURDICK CHOCOLATE,"156 PRINCE STREET, MANHATTAN, NY 10012",L.A. Burdick Handmade Chocolates,0x89c2598dd2731ccb:0x2d76566992171f66,,40.7258666,-74.0013032,7,6,0,,4.4,511,6,6,211,SoHo,409.5,33.9885,3.0,0.7,0.3,26
1886,50056586,MAISON PICKLE,"2309 BROADWAY, MANHATTAN, NY 10024",Maison Pickle,0x89c25886855aaaad:0x9f6c026a62af2874,,40.7869104,-73.9780313,7,6,0,People typically spend 45 min to 2.5 hr here,4.5,3746,6,6,239,Upper West Side South,4950.0,297.0,1.2,0.2,0.8,75
1887,50056918,TIM HO WAN,"85 4 AVENUE, MANHATTAN, NY 10003",Tim Ho Wan East Village,0x89c2599958da6bf1:0xb15210bf4d7154a7,,40.7313048,-73.99015969999999,7,6,0,People typically spend 30 min to 2 hr here,4.1,2491,6,6,79,East Village,1862.25,111.735,1.2,0.3,0.7,63
1888,50056930,TUBBY HOOK TAVERN,"4946 BROADWAY, MANHATTAN, NY 10034",Tubby Hook Tavern,0x89c2f3f6ee5ec58b:0xb04aa73ebc740caf,,40.8677156,-73.9206796,7,6,0,People typically spend 1-2.5 hours here,4.4,581,6,6,127,Inwood,2562.5,153.75,1.2,0.2,0.8,16
1889,50057386,CHOW HOUSE,"181 BLEECKER STREET, MANHATTAN, NY 10012",Chow House,0x89c259921fed3df3:0x1551582c525853,,40.7291204,-74.00076159999999,7,6,0,People typically spend 30 min to 1.5 hr here,4.6,1103,6,6,114,Greenwich Village South,891.2,53.472,1.2,0.3,0.7,15
1890,50057641,NORMA,"438 3 AVENUE, MANHATTAN, NY 10016",Norma,0x89c259088ac8016f:0xdfcd07ee0703d06d,,40.743523,-73.9799614,7,6,0,People typically spend 1.5-4 hours here,4.6,1736,6,6,170,Murray Hill,200.0,11.0,1.0,0.1,0.9,92
1891,50057673,YAMA RAMEN,"60 WEST   48 STREET, MANHATTAN, NY 10036",Yama Ramen,0x89c258ff1a6e63eb:0xcc29338f2f8f7eaa,,40.7580976,-73.980796,7,6,0,,4.1,1970,6,6,161,Midtown Center,2953.35,162.43425,1.0,0.15,0.85,88
1892,50057778,WHITMANS,"500 WEST   30 STREET, MANHATTAN, NY 10001",Whitmans,0x89c259b6b902d919:0x49ffe81897fd69e9,,40.7517389,-74.0015325,7,6,0,People typically spend 45 min to 2 hr here,4.3,1125,6,6,246,West Chelsea/Hudson Yards,537.5785714285714,32.25471428571429,1.2,0.2,0.8,114
1893,50057837,BO'S BAGELS,"235 WEST  116 STREET, MANHATTAN, NY 10026",BO's Bagels,0x89c2f616b65c4465:0xf1d2c7230616ba91,,40.804197,-73.95409099999999,7,6,0,People typically spend 20 min here,4.4,1510,6,6,41,Central Harlem,1636.8,135.8544,3.0,0.8,0.1999999999999999,44
1894,50058195,LIAN JIANG,"88 DIVISION STREET, MANHATTAN, NY 10002",Lian Jiang,0x89c25a28896ffd1d:0xe0bf609d1ef574e1,,40.7144171,-73.9937028,7,6,0,,4.2,40,6,6,148,Lower East Side,900.0,54.0,1.2,0.3,0.7,43
1895,50058240,ALOAF CAFE,"170 EAST  110 STREET, MANHATTAN, NY 10029",Aloaf Bakery Cafe,0x89c2f60473080529:0xb72b92356c3b127b,,40.7942454,-73.94358369999999,1,6,0,,4.4,88,0,6,75,East Harlem South,600.0,49.8,3.0,0.7,0.3,298
1896,50058588,SWEETGREEN,"66 EAST   55 STREET, MANHATTAN, NY 10022","sweetgreen - Healthy Salads, Wraps, and Bowls",0x89c258fb3d6667ef:0xfc6e6fb31f7a7c2,,40.7603276,-73.97268989999999,1,6,0,,4.2,510,0,6,161,Midtown Center,6750.0,560.25,2.5,0.6,0.4,793
1897,50058724,SPICE SYMPHONY,"150 EAST   50 STREET, MANHATTAN, NY 10022",Spice Symphony,0x89c2590874185747:0xb6f61520ad3440bd,,40.7559053,-73.9715702,7,6,0,People typically spend 25 min to 2 hr here,4.4,2230,6,6,162,Midtown East,390.0,21.45,1.0,0.15,0.85,108
1898,50058921,PIERS PIZZA COMPANY,"61 CHELSEA PIERS PIER, MANHATTAN, NY 10011",Pier 61 Chelsea Piers,0x89c259c7b8121d5f:0xb6aa3dce1e76662d,,40.747355,-74.0083691,7,6,0,People typically spend 45 min to 4 hr here,4.6,627,6,6,246,West Chelsea/Hudson Yards,4440.0,297.48,1.8,0.5,0.5,114
1899,50058953,DOMINO'S,"1988 AMSTERDAM AVENUE, MANHATTAN, NY 10032",Domino's Pizza,0x89c2f683f6d73599:0xef179f83c5f2cbd8,,40.833944,-73.9415363,7,6,0,,3.5,447,6,6,244,Washington Heights South,1960.0,131.32,1.8,0.5,0.5,149
1900,50059022,CULTURE 307,"307 WEST   38 STREET, MANHATTAN, NY 10018",Culture 307,0x89c259ad2205b58b:0x16c5512da2cb5046,,40.7550658,-73.9921635,7,6,0,,4.6,491,6,6,48,Clinton East,2210.94,183.50802,3.0,0.7,0.3,130
1901,50059267,DIG INN,"856 8 AVENUE, MANHATTAN, NY 10019",Dig Inn,0x89c25857b2068d67:0x6507368e697a5c28,,40.7631041,-73.9852026,7,6,0,,4.5,1028,6,6,230,Times Sq/Theatre District,1297.6,77.856,1.2,0.2,0.8,118
1902,50059635,STREET TACO,"358 3 AVENUE, MANHATTAN, NY 10016",Street Taco,0x89c25909eeeb4d97:0x382c2295cdd5783f,,40.7409472,-73.9819582,7,6,0,People typically spend 1.5-4 hours here,4.7,1744,6,6,107,Gramercy,248.4,16.6428,1.8,0.4,0.6,46
1903,50059980,OSCAR WILDE'S,"45 WEST   27 STREET, MANHATTAN, NY 10001",Oscar Wilde,0x89c259a5e959b781:0x9c2c03e28babd5c6,,40.7451638,-73.99007209999999,7,6,0,People typically spend 1-2.5 hours here,4.3,6015,6,6,234,Union Sq,2670.0,160.2,1.2,0.2,0.8,50
1904,50060069,THE HIDEOUT,"42 RIVINGTON STREET, MANHATTAN, NY 10002",The Hideout Chai Bar,0x89c259869a96febf:0x110da027a735ea6e,,40.7210707,-73.99097909999999,7,6,0,,4.8,446,6,6,148,Lower East Side,800.0,66.4,3.0,0.7,0.3,43
1905,50060083,BELLHOP BAR & RESTAURANT,"444 10 AVENUE, MANHATTAN, NY 10001",Bellhop,0x89c2594e4ea40caf:0xf4242205f5e565b1,,40.7550158,-73.998475,7,6,0,,4.8,31,6,6,68,East Chelsea,680.0,40.8,1.2,0.2,0.8,303
1906,50060165,DUNKIN,"303 CANAL STREET, MANHATTAN, NY 10013",Dunkin',0x89c2598a3f56770d:0x1909ac90c4984f30,,40.719813,-74.002121,7,5,0,People typically spend 10 min to 2.5 hr here,3.8,535,6,6,211,SoHo,2174.4,180.4752,3.0,0.8,0.1999999999999999,30
1907,50060223,JOE & THE JUICE,"1758 BROADWAY, MANHATTAN, NY 10019",JOE & THE JUICE,0x89c258f7949c6673:0xebaf2c6150e62cc3,,40.7658054,-73.9815366,7,6,0,,3.8,653,6,6,163,Midtown North,2107.285714285714,174.9047142857143,3.0,0.8,0.1999999999999999,74
1908,50060268,STARBUCKS COFFEE,"28 WEST   48 STREET, MANHATTAN, NY 10036",Starbucks Coffee Company,0x89c258fee4ad1d97:0x5a43714f45c6bf57,,40.75777,-73.97961,7,4,0,,3.6,608,6,6,161,Midtown Center,3351.9,278.2077,3.0,0.7,0.3,89
1909,50060415,JOE & THE JUICE,"67 SPRING STREET, MANHATTAN, NY 10012",JOE & THE JUICE,0x89c2598f2b68bea5:0xb61ab1874f9eb36,,40.7226266,-73.99739079999999,7,6,0,,4.0,891,6,6,144,Little Italy/NoLiTa,1548.0,128.484,3.0,0.7,0.3,16
1910,50060424,THE CRAFTSMAN,"3155 BROADWAY, MANHATTAN, NY 10027",The Craftsman,0x89c2f66a7537f5dd:0x33b5cf6b509c4d76,,40.814691,-73.95941119999999,7,6,0,People typically spend 1-2.5 hours here,4.3,623,6,6,166,Morningside Heights,480.0,28.8,1.2,0.2,0.8,61
1911,50060821,FOR FIVE COFFEE ROASTERS,"117 WEST   46 STREET, MANHATTAN, NY 10036",For Five Coffee Times Square,0x89c2585580e483ab:0xe470684141b3d7a8,,40.7579144,-73.9831988,7,6,0,,4.0,552,6,6,230,Times Sq/Theatre District,1366.225,113.396675,3.0,0.7,0.3,118
1912,50060883,DYCKMAN DOGS,"105A DYCKMAN STREET, MANHATTAN, NY 10040",Dyckman Dogs,0x89c2f59e46d9d029:0x1ee5e56d4d82dc72,,40.8619889,-73.92471739999999,7,6,0,,4.5,314,6,6,127,Inwood,600.0,36.0,1.2,0.2,0.8,16
1913,50061117,CAFE BILBOQUET,"26 EAST   60 STREET, MANHATTAN, NY 10022",Café Bilboquet,0x89c258eff1d9b4fd:0xd0f72390af6f67c1,,40.7637733,-73.9704258,7,6,0,People typically spend 20 min to 1 hr here,4.0,693,6,6,237,Upper East Side South,4115.375,205.76875,0.8,0.05,0.95,131
1914,50061236,SWEET MOMENT,"106 MOTT STREET, MANHATTAN, NY 10013",Sweet Moment NYC,0x89c2598829cb59d3:0xad9aabe1199ed6e7,,40.71763,-73.997147,7,6,0,People typically spend 30 min to 1.5 hr here,4.4,1446,6,6,144,Little Italy/NoLiTa,987.5,81.9625,3.0,0.7,0.3,16
1915,50061537,TACOS CUAUTLA MORELOS,"438 EAST    9 STREET, MANHATTAN, NY 10009",Tacos Cuautla Morelos,0x89c259671a6a2285:0x615c9722eee199dc,,40.727317,-73.98316179999999,7,6,0,,4.4,304,6,6,79,East Village,336.8,22.5656,1.8,0.4,0.6,63
1916,50062377,LITTLE ALLEY,"550 3 AVENUE, MANHATTAN, NY 10016",Little Alley,0x89c2590682c08837:0x6418a374a52a7f43,,40.7474165,-73.9772212,7,6,0,People typically spend 45 min to 4 hr here,4.4,949,6,6,170,Murray Hill,480.0,28.8,1.2,0.3,0.7,92
1917,50062487,MUGHLAI,"6 CLINTON STREET, MANHATTAN, NY 10002",Mughlai Grill,0x89c25999a9826151:0x69731c4c31cf8f46,,40.7210336,-73.9838523,7,6,0,People typically spend 1-2 hours here,4.5,663,6,6,232,Two Bridges/Seward Park,480.0,26.4,1.0,0.15,0.85,29
1918,50062530,MARKET CRATES,"224 WEST   35 STREET, MANHATTAN, NY 10001",Market Crates,0x89c259ac2fdd136d:0x3e6f2020122d222b,,40.751967,-73.99124069999999,7,5,0,,4.5,347,6,6,100,Garment District,1434.48,86.0688,1.2,0.2,0.8,63
1919,50062554,LA CASA DEL POLLO AND JUICE BAR,"4231 BROADWAY, MANHATTAN, NY 10033",La Casa Del Pollo Restaurant,0x89c2f6a0646c03c7:0x478d17233516b419,,40.8493659,-73.93697039999999,7,6,0,People typically spend 25 min to 4 hr here,4.4,328,6,6,244,Washington Heights South,1600.0,88.0,0.9,0.1,0.9,149
1920,50062669,AMELIE WINE BAR,"566 AMSTERDAM AVENUE, MANHATTAN, NY 10024",Amélie Upper West Side Bistro & Wine Bar,0x89c2588386bb5d05:0x4b7590bb846242db,,40.788696,-73.97448829999999,7,6,0,People typically spend 1-2 hours here,4.5,602,6,6,238,Upper West Side North,1645.6,82.28,0.8,0.05,0.95,84
1921,50062852,LILLY'S CRAFT AND KITCHEN,"675B 9TH AVE, MANHATTAN, NY 10036",Lilly's Craft and Kitchen,0x89c2585166ada87b:0x8bdddf475cf1b749,,40.7615004,-73.99079619999999,7,6,0,People typically spend 1-3 hours here,4.2,1260,6,6,48,Clinton East,200.0,12.0,1.2,0.2,0.8,130
1922,50063071,ITAEWON POCHA,"28 WEST   32 STREET, MANHATTAN, NY 10001",Itaewon Pocha,0x89c259a8e5c07b5f:0x535c8636b367d677,,40.7477111,-73.9870834,7,6,0,,4.2,730,6,6,164,Midtown South,1883.333333333333,103.5833333333333,1.0,0.15,0.85,49
1923,50063152,TSQ FOOD COURT,"163 WEST   48 STREET, MANHATTAN, NY 10036",T.S.Q. Food Court,0x89c25943601f6e63:0x8f7153379958d54b,,40.7598271,-73.98353709999999,7,4,50,,3.6,55,6,6,230,Times Sq/Theatre District,843.75,70.03125,2.5,0.6,0.4,244
1924,50063627,JOE & THE JUICE,"1350 AVENUE OF THE AMERICAS, MANHATTAN, NY 10019",Joe & The Juice,0x89c2599fb08fd477:0x118125a1a2c83dd3,,40.7627317,-73.9780483,7,6,0,,2.6,225,6,6,161,Midtown Center,2059.92,170.97336,3.0,0.8,0.1999999999999999,88
1925,50063629,JOE & THE JUICE,"430 PARK AVENUE, MANHATTAN, NY 10022",JOE & THE JUICE,0x89c2595b8b47df6b:0x78f20f732bb96db5,,40.7607551,-73.97178509999999,7,6,0,,3.7,242,6,6,161,Midtown Center,2331.15,193.48545,2.5,0.6,0.4,88
1926,50063685,EMILY,"35 DOWNING STREET, MANHATTAN, NY 10014",Emily,0x89c259928bcbe085:0x12f2b3aa186a89de,,40.7295276,-74.0038462,7,6,0,People typically spend 1-2 hours here,4.5,3618,6,6,249,West Village,1136.0,76.11200000000001,1.8,0.5,0.5,30
1927,50064045,TOMINO - TABERNA GALLEGA,"192 GRAND STREET, MANHATTAN, NY 10013",Tomiño Taberna Gallega,0x89c259885aacf9b7:0x5ac4f0cc0e235d95,,40.7195091,-73.9968921,7,6,0,People typically spend 1.5-4 hours here,4.6,2334,6,6,144,Little Italy/NoLiTa,1980.0,108.9,0.9,0.1,0.9,16
1928,50064099,FOK NOODLES,"5 CATHERINE STREET, MANHATTAN, NY 10038",Fok Noodles,0x89c25b004ea85bf5:0x89457d255180fb89,,40.7138196,-73.9972913,7,6,0,,4.8,181,6,6,45,Chinatown,1358.8,81.52799999999999,1.2,0.3,0.7,14
1929,50064289,THE MILL,"140 EAST   52 STREET, MANHATTAN, NY 10022",The Mill,0x89c258fcb34c1a03:0x9a3e65bb4159dbcc,,40.757499,-73.97126899999999,1,5,0,People typically spend 25 min to 4 hr here,4.2,655,0,6,162,Midtown East,529.8571428571429,31.79142857142857,1.2,0.2,0.8,139
1930,50064425,LUKE'S LOBSTER,"124 UNIVERSITY PLACE, MANHATTAN, NY 10003",Luke's Lobster Union Square,0x89c259985a6b4e29:0xb9df668ecf91fab3,,40.734805,-73.9922531,7,6,0,,4.5,504,6,6,113,Greenwich Village North,515.8,25.79,0.8,0.05,0.95,25
1931,50064572,SOCIETY CAFE,"52 WEST   13 STREET, MANHATTAN, NY 10011",Society Cafe,0x89c25997c6cb2157:0x74168f52ad5975c1,,40.73618,-73.9966,7,6,0,People typically spend 10 min to 1.5 hr here,4.5,699,6,6,113,Greenwich Village North,5000.0,300.0,1.2,0.2,0.8,25
1932,50065575,SWEETGREEN,"2460 BROADWAY, MANHATTAN, NY 10025","sweetgreen - Healthy Salads, Wraps, and Bowls",0x89c25882f0e81a5d:0x1c52ebca4b99450b,,40.7914678,-73.97376369999999,7,6,0,People typically spend 15 min to 2 hr here,3.5,419,6,6,238,Upper West Side North,795.7333333333335,66.04586666666668,2.5,0.6,0.4,84
1933,50065904,BARROW STREET ALE HOUSE,"15 BARROW STREET, MANHATTAN, NY 10014",Barrow Street Ale House,0x89c2599391fb26b9:0xf06d909282fb52c8,,40.7326444,-74.0025296,7,6,0,People typically spend 30 min to 3 hr here,3.8,198,6,6,249,West Village,1750.5,105.03,1.2,0.2,0.8,30
1934,50066240,KO SUSHI,"1329 2 AVENUE, MANHATTAN, NY 10021",Ko Sushi,0x89c259c37a551fc7:0x6aa9dd58d8aef357,,40.7677359,-73.95944329999999,7,6,0,People typically spend 10 min to 1.5 hr here,4.3,209,6,6,141,Lenox Hill West,1835.25,100.93875,1.0,0.15,0.85,83
1935,50066417,CHAZZ PALMINTERI ITALIAN RESTAURANT,"30 WEST   46 STREET, MANHATTAN, NY 10036",Chazz Palminteri Italian Restaurant,0x89c258e29e042419:0xb06be7983c2ecb4d,,40.7564645,-73.980563,7,6,0,People typically spend 15 min to 2.5 hr here,4.7,2192,6,6,161,Midtown Center,1280.0,70.4,1.0,0.1,0.9,88
1936,50066588,CAP'T LOUI,"3147 BROADWAY, MANHATTAN, NY 10027",Cap't Loui Broadway - Cajun Seafood Boil,0x89c2f641d974d2c3:0x1a06873f0395ce0f,,40.8143152,-73.9597825,7,6,0,People typically spend 1-2.5 hours here,4.3,988,6,6,166,Morningside Heights,1440.0,72.0,0.8,0.05,0.95,61
1937,50067394,BURGERS AND GRILL,"2543 AMSTERDAM AVENUE, MANHATTAN, NY 10033",BURGERS & GRILL,0x89c2f41bdc1e0333:0x8338468483d20472,,40.851325,-73.9282712,7,6,0,,4.4,267,6,6,243,Washington Heights North,750.0,45.0,1.1,0.15,0.85,24
1938,50067426,MONTAGU'S GUSTO,"645 2 AVENUE, MANHATTAN, NY 10016",Montagu's Gusto,0x89c25905b8d5f005:0x91afc959b05ad48c,,40.745711,-73.975531,1,6,0,People typically spend 15 min to 4 hr here,4.4,421,0,6,170,Murray Hill,386.0,23.16,1.2,0.2,0.8,238
1939,50067618,HAAGEN - DAZS,"263 AMSTERDAM AVENUE, MANHATTAN, NY 10023",Häagen-Dazs,0x89c259a93a3a0de7:0x47a4257c87523262,,40.7787562,-73.9812863,7,6,0,,3.8,173,6,6,142,Lincoln Square East,1014.1,84.17030000000001,3.0,0.8,0.1999999999999999,99
1940,50068448,KUNG FU LITTLE STEAMED BUNS RAMEN,"146 EAST   55 STREET, MANHATTAN, NY 10022",Kung Fu Little Steamed Buns Ramen,0x89c258e49358c00b:0x43014eae1b518aea,,40.7592053,-73.9695124,7,6,0,,4.2,807,6,6,162,Midtown East,1532.75,91.965,1.2,0.3,0.7,108
1941,50068736,IPPUDO,"24 WEST   46 STREET, MANHATTAN, NY 10036",IPPUDO 5th Avenue,0x89c258ffb16451bf:0x410a4f43b0eb6416,,40.7564032,-73.9804594,7,6,0,People typically spend 45 min to 1 hr here,4.3,2215,6,6,161,Midtown Center,8000.0,440.0,1.0,0.15,0.85,88
1942,50068912,ROEY'S,"1 PERRY STREET, MANHATTAN, NY 10014",Roey's,0x89c259cf041008bb:0x354d700db9f4d2fe,,40.7359857,-74.00098919999999,7,6,0,People typically spend 45 min to 2 hr here,4.3,769,6,6,249,West Village,480.0,26.4,1.0,0.1,0.9,30
1943,50070066,MCDONALD'S,"966 3 AVENUE, MANHATTAN, NY 10022",McDonald's,0x89c258e5b733895d:0x30af0375dd30b160,,40.7608555,-73.9673498,7,3,0,People typically spend 10-45 min here,3.9,2533,6,6,162,Midtown East,3561.5,295.6045,2.5,0.6,0.4,269
1944,50070258,MAMA'S FRIED CHICKEN,"2925 8 AVENUE, MANHATTAN, NY 10039",Mama's Fried Chicken,0x89c2f68040cf61a5:0xfecc91e399e0e59d,,40.8291253,-73.9375732,7,6,0,,3.6,48,6,6,42,Central Harlem North,1890.5,126.6635,2.0,0.5,0.5,70
1945,50070479,MIRAJ HEALTHY GRILL,"120 EAST   34 STREET, MANHATTAN, NY 10016",Miraj Healthy Grill,0x89c26289ed22595b:0xf2c73eaa64ce31ea,,40.7463656,-73.9803215,7,6,0,People typically spend 30 min to 2.5 hr here,4.4,1641,6,6,170,Murray Hill,2146.5,128.79,1.2,0.2,0.8,92
1946,50070560,HO FOODS NYC,"110 EAST    7 STREET, MANHATTAN, NY 10009",Ho Foods,0x89c2599d374d857b:0x64d66138307f4738,,40.7262861,-73.9848252,7,6,0,,4.3,746,6,6,79,East Village,400.0,24.0,1.2,0.3,0.7,63
1947,50070575,THE LOBSTER CLUB,"99 EAST   52 STREET, MANHATTAN, NY 10022",The Lobster Club,0x89c258fb5c54793b:0xc6bd0af7603fc51d,,40.7585133,-73.9718852,1,6,0,People typically spend 1.5-4 hours here,4.4,415,0,6,162,Midtown East,8000.0,440.0,1.0,0.15,0.85,513
1948,50070927,PAPA JOHN'S PIZZA,"343 GRAND STREET, MANHATTAN, NY 10002",Papa Johns Pizza,0x89c25983ffa61141:0xb771c0d909f042a8,,40.7167849,-73.9898441,7,6,0,People typically spend 10 min to 1 hr here,3.4,368,6,6,148,Lower East Side,1284.8,86.08160000000002,1.8,0.5,0.5,43
1949,50070940,PAPA JOHN'S PIZZA,"896 AMSTERDAM AVENUE, MANHATTAN, NY 10025",Papa Johns Pizza,0x89c2f62442adf40d:0xb0939da3867f8442,,40.7991634,-73.96702429999999,7,6,0,People typically spend 15 min to 1.5 hr here,3.9,379,6,6,151,Manhattan Valley,666.6666666666666,44.66666666666666,1.8,0.5,0.5,38
1950,50070989,LA PECORA BIANCA,"950 2 AVENUE, MANHATTAN, NY 10022",La Pecora Bianca Midtown,0x89c258e256e69659:0x5b619dd661260a7,,40.7549194,-73.9682485,7,6,0,People typically spend 20 min to 2 hr here,4.8,4150,6,6,229,Sutton Place/Turtle Bay North,4088.5,224.8675,1.0,0.1,0.9,48
1951,50071103,FRESH & CO,"444 10 AVENUE, MANHATTAN, NY 10001",fresh&co,0x89c259b306373a6b:0x674125519baa1d4e,,40.7550288,-73.9984704,7,6,0,People typically spend 15 min to 1 hr here,4.2,453,6,6,68,East Chelsea,680.0,56.44,2.5,0.6,0.4,303
1952,50071707,KITH RETAIL,"337 LAFAYETTE STREET, MANHATTAN, NY 10012",Kith Manhattan,0x89c2598ff040cb61:0x3dbdf07ffd24d337,,40.7260327,-73.99432019999999,7,6,0,People typically spend 25 min to 1 hr here,4.1,2206,6,6,114,Greenwich Village South,1220.625,101.311875,3.0,0.8,0.1999999999999999,15
1953,50071792,PANDA EXPRESS # 2792,"2852 BROADWAY, MANHATTAN, NY 10025",Panda Express,0x89c2f63b82a75603:0xacabc4c5d56c1e5a,,40.8045338,-73.96603879999999,7,6,0,People typically spend 15-45 min here,3.8,617,6,6,166,Morningside Heights,1557.5,93.45,1.2,0.3,0.7,61
1954,50072316,BUTTERCUP BAKESHOP,"973 2 AVENUE, MANHATTAN, NY 10022",Buttercup BakeShop,0x89c258e3aecd4169:0x580f6a661d1481c7,,40.755938,-73.968057,7,6,0,People typically spend 10 min here,4.8,1224,6,6,229,Sutton Place/Turtle Bay North,960.0,79.68,3.0,0.7,0.3,48
1955,50072352,WOK WOK RESTAURANT,"11 MOTT STREET, MANHATTAN, NY 10013",Wok Wok Malaysian Cuisine,0x89c25a2694c3ffff:0xf440483b09f0bf1d,,40.7140559,-73.9988387,7,6,0,People typically spend 45 min to 2 hr here,4.2,1194,6,6,45,Chinatown,200.0,12.0,1.1,0.2,0.8,14
1956,50072570,FRENCHETTE,"241 WEST BROADWAY, MANHATTAN, NY 10013",Frenchette,0x89c2598aba48babb:0x85834f8875278bbc,,40.7196192,-74.0056937,7,6,0,People typically spend 1.5-4 hours here,4.3,1297,6,6,231,TriBeCa/Civic Center,3261.15,163.0575,0.8,0.05,0.95,50
1957,50073168,LET'S MEAT,"307 5 AVENUE, MANHATTAN, NY 10016",Let's Meat BBQ,0x89c259a85dbf8c27:0x28ec008c9528ef80,,40.7466912,-73.985548,7,6,0,People typically spend 1-2 hours here,4.3,2866,6,6,164,Midtown South,2227.0,122.485,1.0,0.15,0.85,49
1958,50073387,YUMMY CITY,"1557 LEXINGTON AVENUE, MANHATTAN, NY 10029",Yummy City,0x89c258a7c7891595:0xae5cdd35e3a21721,,40.7880204,-73.9492087,7,6,0,People typically spend 10 min to 1.5 hr here,4.4,195,6,6,75,East Harlem South,800.0,48.0,1.2,0.3,0.7,186
1959,50073537,MAMAN,"22 WEST   25 STREET, MANHATTAN, NY 10010",maman,0x89c259a437bc1f3d:0xcca9dd4dfaebfa3a,,40.7432672,-73.9901338,7,6,0,People typically spend 30 min to 4 hr here,4.3,1325,6,6,234,Union Sq,800.0,40.0,0.8,0.05,0.95,50
1960,50073613,LE REVEIL COFFEE SHOP,"1322 2 AVENUE, MANHATTAN, NY 10021",Le Reveil Coffee,0x89c258c1e3340001:0xf3621dd20582a64d,,40.767191,-73.9592985,7,6,0,People typically spend 30 min to 3 hr here,4.4,327,6,6,141,Lenox Hill West,450.0,37.35,3.0,0.7,0.3,83
1961,50073822,ALIMAMA TEA CAFE,"89 BAYARD STREET, MANHATTAN, NY 10013",Alimama Tea,0x89c25a2718a91d8b:0xfafa2922aaafa05f,,40.7158089,-73.9991885,7,6,0,,4.6,1800,6,6,45,Chinatown,500.0,41.5,3.0,0.7,0.3,14
1962,50074148,JUICE GENERATION,"4 ASTOR PLACE, MANHATTAN, NY 10003",Juice Generation,0x89c2599a50231f39:0x5c3c04516693a682,,40.7298469,-73.9924724,7,6,0,,4.1,83,6,6,113,Greenwich Village North,1445.1,119.9433,3.0,0.8,0.1999999999999999,25
1963,50074248,BAKE CULTURE,"48 BOWERY, MANHATTAN, NY 10013",Bake Culture,0x89c25a27ba36d40d:0xfcb2aecc716cbef,,40.7157751,-73.9966627,7,6,0,,4.4,374,6,6,45,Chinatown,300.0,24.9,3.0,0.7,0.3,14
1964,50074795,MANHATTANVILLE COFFEE,"142 EDGECOMBE AVENUE, MANHATTAN, NY 10030",Manhattanville Coffee,0x89c2f67bab660b43:0x788501c1e5f1e834,,40.8212995,-73.9444725,7,6,0,People typically spend 10 min to 1 hr here,4.6,788,6,6,42,Central Harlem North,1242.24,103.10592,3.0,0.7,0.3,70
1965,50074801,OUTRO,"816 BROADWAY, MANHATTAN, NY 10003",outro nyc,0x89c2599912d20195:0xf05f25545c3910be,,40.7327739,-73.9909553,7,6,0,People typically spend 45 min to 1.5 hr here,4.4,532,6,6,113,Greenwich Village North,2157.5,179.0725,3.0,0.7,0.3,25
1966,50074873,DAVELLE,"102 SUFFOLK STREET, MANHATTAN, NY 10002",Davelle,0x89c2598100395b93:0x51584ab8d26b63ca,,40.7185385,-73.9860676,7,6,0,,4.3,695,6,6,232,Two Bridges/Seward Park,2365.92,130.1256,1.0,0.15,0.85,29
1967,50074977,WOKUNI,"327 LEXINGTON AVENUE, MANHATTAN, NY 10016",WOKUNI,0x89c25906aba86c41:0x182db789a4b9cc6e,,40.749296,-73.977447,7,6,0,People typically spend 20 min to 3 hr here,4.5,1281,6,6,170,Murray Hill,1590.0,87.45,1.0,0.15,0.85,92
1968,50075332,SONY HALL,"235 WEST   46 STREET, MANHATTAN, NY 10036",Sony Hall,0x89c2585439335099:0xbfa7d645eb79d6cf,,40.759608,-73.98719539999999,7,6,0,,4.5,2942,6,6,230,Times Sq/Theatre District,696.285,41.7771,1.2,0.2,0.8,118
1969,50075440,BRASSERIE TOAST CAFE,"968 AVENUE OF THE AMERICAS, MANHATTAN, NY 10018",Toast Cafe Brasserie,0x89c259a962a40001:0x5f29083563a5fd21,,40.7506692,-73.9867448,7,4,10,People typically spend 30 min to 3.5 hr here,4.0,966,6,6,164,Midtown South,3086.0,185.16,1.2,0.2,0.8,219
1970,50075450,NO.1 CALLE 191 PESCADERIA,"1609 SAINT NICHOLAS AVENUE, MANHATTAN, NY 10040",Calle 191 Pescaderia,0x89c2f41b5b6a48ab:0xf56998cd5ed7d806,,40.8552354,-73.929654,7,4,41,People typically spend 20 min to 2 hr here,4.3,1016,6,6,243,Washington Heights North,1000.0,50.0,0.8,0.05,0.95,101
1971,50075750,VARIETY COFFEE ROASTERS (LOCATED AT 1269 LEXINGTON AVENUE),"150 EAST   86 STREET, MANHATTAN, NY 10028",Variety Coffee Roasters,0x89c258bcefd9db3d:0x6f5aa1bf6489d409,,40.7788574,-73.9558565,7,6,0,People typically spend 15 min to 2 hr here,4.4,616,6,6,236,Upper East Side North,4758.3,394.9389000000001,3.0,0.7,0.3,115
1972,50076107,LUCKY,"168 AVENUE B, MANHATTAN, NY 10009",Lucky,0x89c259770119be7b:0x2a8ee12af6c0a5de,,40.727255,-73.9798419,7,6,0,People typically spend 45 min to 2.5 hr here,4.4,317,6,6,79,East Village,400.0,24.0,1.1,0.2,0.8,63
1973,50076290,TORO LOCO,"15 STONE STREET, MANHATTAN, NY 10004",Toro Loco,0x89c25a1408d344a3:0x3195976a53adf342,,40.704207,-74.0121255,7,6,0,People typically spend 1-3 hours here,4.7,3612,6,6,88,Financial District South,307.5,20.6025,1.8,0.4,0.6,24
1974,50076334,DUNKIN,"1104 LEXINGTON AVENUE, MANHATTAN, NY 10075",Dunkin',0x89c2590f950b834f:0xf6baf1e777425708,,40.773924,-73.95989399999999,7,4,22,,3.7,120,6,6,236,Upper East Side North,306.5,25.4395,3.0,0.8,0.1999999999999999,137
1975,50076577,BROOKLYN PIZZA MASTERS,"1055 1 AVENUE, MANHATTAN, NY 10022",Brooklyn Pizza Masters,0x89c259b30159ca43:0xfa9f99650a766c02,,40.7586945,-73.9629144,7,6,0,People typically spend 20 min to 1.5 hr here,4.6,508,6,6,229,Sutton Place/Turtle Bay North,928.0,62.176,1.8,0.5,0.5,48
1976,50076967,RICH AROMA,"465 WEST  125 STREET, MANHATTAN, NY 10027",Rich Aroma,0x89c2f66ba8a1fd03:0xa2df2d50837d26f,,40.813198,-73.9558,7,6,0,,3.4,179,6,6,166,Morningside Heights,1600.0,96.0,1.2,0.3,0.7,61
1977,50077077,THE TAILOR PUBLIC HOUSE,"505 8 AVENUE, MANHATTAN, NY 10018",The Tailor Public House,0x89c2589cae03a8ef:0x967de3158c1a9762,,40.7532256,-73.992946,7,6,0,People typically spend 1-3 hours here,4.4,1626,6,6,68,East Chelsea,8000.0,400.0,0.8,0.05,0.95,303
1978,50077108,LA NACIONAL,"239 WEST   14 STREET, MANHATTAN, NY 10011",La Nacional,0x89c259be717aa72d:0x2b7fac0eae785949,,40.7394905,-74.0011761,7,6,0,People typically spend 1.5-4 hours here,4.5,1197,6,6,90,Flatiron,270.0,14.85,0.9,0.1,0.9,31
1979,50077169,SERENDIPITY 3,"225 EAST   60 STREET, MANHATTAN, NY 10022",Serendipity 3 - Upper East Side,0x89c259a9a94054ed:0xccbfde5942dbc6e3,,40.761848,-73.964894,7,6,0,People typically spend 45 min to 2 hr here,4.1,6606,6,6,141,Lenox Hill West,1680.0,100.8,1.2,0.2,0.8,83
1980,50077336,EL ENCANTO DE LOLA 2,"175 LENOX AVENUE, MANHATTAN, NY 10026",El Encanto De Lola 2,0x89c2f7df0ab285e9:0xcf9f99c3a81420b9,,40.8039442,-73.9486336,7,6,0,People typically spend 1-4 hours here,4.2,646,6,6,41,Central Harlem,949.0,63.58300000000001,1.8,0.4,0.6,44
1981,50077890,GREEN KITCHEN,"1619 2 AVENUE, MANHATTAN, NY 10028",Green Kitchen 84,0x89c2599c8924da5b:0xa4aff1ac02b9ca27,,40.7768094,-73.952953,7,6,0,People typically spend 45 min to 2.5 hr here,4.3,1209,6,6,263,Yorkville West,1641.6,98.496,1.2,0.2,0.8,73
1982,50078037,TOKUYAMA CAFE,"627 EAST    6 STREET, MANHATTAN, NY 10009",TOKUYAMATCHA & ONIGIRAZU BAR- E 6th St.,0x89c259147104e00d:0xd553cfe39464aa8a,,40.7239875,-73.9801793,7,6,0,People typically spend 15 min to 2.5 hr here,4.4,450,6,6,4,Alphabet City,1676.4,92.202,1.0,0.15,0.85,15
1983,50078464,GLAZE,"643 LEXINGTON AVENUE, MANHATTAN, NY 10022",Glaze Teriyaki,0x89c258e4b9a33537:0x1becd2ac833e65a6,,40.7592527,-73.9701467,7,6,0,People typically spend 10-45 min here,4.1,432,6,6,162,Midtown East,660.63,36.33465,1.0,0.15,0.85,108
1984,50078577,FLEMING BY LE BILBOQUET,"27 EAST   62 STREET, MANHATTAN, NY 10065",Fleming by Le Bilboquet,0x89c25921b35b3315:0x6f9dbfc6ab206f5f,,40.7654484,-73.96949479999999,7,6,0,People typically spend 2-4 hours here,4.1,102,6,6,237,Upper East Side South,3551.25,213.075,1.2,0.2,0.8,131
1985,50078895,HAWA SMOOTHIES & BUBBLE TEA,"1293 1 AVENUE, MANHATTAN, NY 10021",Hawa Smoothies & Bubble Tea,0x89c259e779271f81:0x25ce7a32f0a5c75d,,40.7663427,-73.9574506,7,6,0,,4.4,107,6,6,141,Lenox Hill West,1240.0,102.92,3.0,0.8,0.1999999999999999,83
1986,50079290,886,"26 SAINT MARKS PLACE, MANHATTAN, NY 10003",886,0x89c2599c7fcbb829:0x7b5e34986081ae61,,40.7287968,-73.9887127,7,6,0,People typically spend 1-2.5 hours here,4.2,931,6,6,79,East Village,960.0,57.6,1.1,0.2,0.8,63
1987,50079366,MARINARA,"985 1 AVENUE, MANHATTAN, NY 10022",Marinara Pizza,0x89c25936d2aa68cd:0x8224df70c5c4465,,40.7565443,-73.9644304,7,6,0,People typically spend 10 min to 1 hr here,4.1,407,6,6,229,Sutton Place/Turtle Bay North,448.75,30.06625,1.8,0.5,0.5,48
1988,50079705,DIG INN,"100 WEST   67 STREET, MANHATTAN, NY 10023",Dig Inn,0x89c2591ba9aa6e15:0x43147182f27719a1,,40.7743892,-73.98167579999999,7,6,0,,4.3,467,6,6,142,Lincoln Square East,720.0,43.2,1.2,0.2,0.8,99
1989,50080388,MACE,"35 WEST    8 STREET, MANHATTAN, NY 10011",Mace,0x89c25977448ab0db:0xb5f9e20a45e1c900,,40.7330955,-73.9981009,7,6,0,People typically spend 1-2.5 hours here,4.4,1078,6,6,113,Greenwich Village North,852.0,42.6,0.8,0.05,0.95,25
1990,50080673,RALPH'S FAMOUS ITALIAN ICES,"370 2 AVENUE, MANHATTAN, NY 10010",Ralph’s Famous Italian Ices,0x89c259ed07970f47:0xbf9aab416cccece4,,40.7368146,-73.98146899999999,7,6,0,,4.3,201,6,6,107,Gramercy,2345.0,194.635,3.0,0.8,0.1999999999999999,46
1991,50080692,GONG CHA,"2810 BROADWAY, MANHATTAN, NY 10025",Gong Cha,0x89c2f76c5ea87dc3:0xadc7049c7900ebba,,40.8031948,-73.96707649999999,7,6,0,,4.5,285,6,6,24,Bloomingdale,894.625,74.25387500000001,3.0,0.8,0.1999999999999999,25
1992,50080782,CANTEEN M / COFFEE M,"189 BOWERY, MANHATTAN, NY 10002",canteenM,0x89c259863fab4da3:0xdfc9654f3219b645,,40.720619,-73.99347,7,4,30,,4.2,12,6,6,148,Lower East Side,1182.4,70.944,1.2,0.2,0.8,232
1993,50080876,DUNKIN,"800 2 AVENUE, MANHATTAN, NY 10017",Dunkin',0x89c2590338213bc3:0x40be280b62980a32,,40.7502663,-73.97161059999999,7,5,0,,3.9,378,6,6,233,UN/Turtle Bay South,1767.6,146.7108,3.0,0.8,0.1999999999999999,64
1994,50080882,DUNKIN',"875 3 AVENUE, MANHATTAN, NY 10022",Dunkin',0x89c258e36923a371:0x14bb2e95634239ac,,40.75711,-73.96956999999999,1,4,0,People typically spend 5-45 min here,3.8,265,0,6,229,Sutton Place/Turtle Bay North,1362.216666666667,113.0639833333333,3.0,0.8,0.1999999999999999,28
1995,50081485,BUENA VISTA RESTAURANT & BAR,"536 9 AVENUE, MANHATTAN, NY 10018",Buena Vista Restaurant & Bar,0x89c25852b433ffff:0x4bde1e9afa756c9b,,40.7568372,-73.9934938,7,6,0,,4.7,1468,6,6,48,Clinton East,347.2,19.096,0.9,0.1,0.9,130
1996,50082140,KOBEQUE,"11 WEST   32 STREET, MANHATTAN, NY 10001",Kobeque,0x89c259a8f9728e9d:0xc03f8ff9f51998db,,40.7477348,-73.9861939,7,6,0,,3.9,132,6,6,164,Midtown South,474.7058823529412,26.10882352941177,1.0,0.15,0.85,49
1997,50082146,SWEET CHURROS,"11 WEST   32 STREET, MANHATTAN, NY 10001",Sweet Churros,0x89c259d241cbbb3d:0xf3ea46001d7bccb1,,40.7477348,-73.9861939,7,6,0,,4.0,195,6,6,164,Midtown South,474.7058823529412,39.40058823529412,3.0,0.8,0.1999999999999999,49
1998,50082812,SPACE KARAOKE,"34 WEST   32 STREET, MANHATTAN, NY 10001",Space Karaoke Bar & Lounge | Koreatown NYC,0x89c259a8e8750a63:0x46ac319b0cf05039,,40.7477373,-73.9873485,7,6,0,,4.8,3479,6,6,164,Midtown South,659.6999999999999,39.582,1.2,0.2,0.8,49
1999,50082813,WOK 88,"1570 3 AVENUE, MANHATTAN, NY 10128",Wok 88,0x89c258bb539a36c1:0xe2c877d0a50a8fee,,40.7803949,-73.95318,7,6,0,People typically spend 20 min to 1 hr here,4.2,1080,6,6,236,Upper East Side North,666.6666666666666,39.99999999999999,1.2,0.3,0.7,115
2000,50082831,FELIX ROASTING CO,"450 PARK AVENUE SOUTH, MANHATTAN, NY 10016",Felix Roasting Co.,0x89c259842c91df7f:0x23aedc4176edcb8d,,40.7450345,-73.9831581,7,6,0,People typically spend 25 min to 1 hr here,4.4,789,6,6,164,Midtown South,7214.25,598.7827500000001,3.0,0.7,0.3,49
2001,50082996,NY FRESH PIZZA,"109B LAFAYETTE STREET, MANHATTAN, NY 10013",NY 99 Cents Pizza,0x89c25bb3b94a28c1:0xe8c8cd428afeee95,,40.7179976,-74.0007299,7,6,0,,4.1,214,6,6,231,TriBeCa/Civic Center,8000.0,536.0,1.8,0.5,0.5,50
2002,50083089,BUONA NOTTE,"120 MULBERRY STREET, MANHATTAN, NY 10013",Buona Notte,0x89c25989d432ef1f:0x90b13821b661c011,,40.7177496,-73.9979524,7,6,0,,4.5,1760,6,6,144,Little Italy/NoLiTa,340.0,18.7,1.0,0.1,0.9,16
2003,50083181,CLOUD M,"189 BOWERY, MANHATTAN, NY 10002",cloudM New York Bowery,0x89c2592075386ebf:0xe0b2929db7eaa6b2,,40.720661,-73.9934747,7,6,0,People typically spend 10 min to 1.5 hr here,4.2,379,6,6,148,Lower East Side,1182.4,70.944,1.2,0.2,0.8,43
2004,50083579,SHAKE SHACK (INNOVATION KITCHEN),"225 VARICK STREET, MANHATTAN, NY 10014",Shake Shack West Village,0x89c25962d31f3401:0x622ad19a6472fe26,,40.7292192,-74.00545939999999,7,6,0,People typically spend 15-45 min here,4.4,1929,6,6,249,West Village,200.0,12.0,1.2,0.2,0.8,30
2005,50083696,CAVA,"11 WEST   42 STREET, MANHATTAN, NY 10036",CAVA,0x89c259a4057bfb5b:0xdab9ebbe01f3b4ca,,40.7541476,-73.9818586,7,6,0,,4.5,1472,6,6,161,Midtown Center,4708.014285714286,282.4808571428571,1.2,0.2,0.8,88
2006,50083936,ROCKBAR,"185 CHRISTOPHER STREET, MANHATTAN, NY 10014",Rockbar NYC,0x89c259ec5eea0797:0x773f86f45b3584e,,40.7327194,-74.0097278,7,6,0,People typically spend 1.5-3.5 hours here,4.4,541,6,6,158,Meatpacking/West Village West,1421.6,85.29599999999999,1.2,0.2,0.8,21
2007,50084290,ARIA WEST VILLAGE,"14 BEDFORD STREET, MANHATTAN, NY 10014",Aria Wine Bar,0x89c259eb359fc9bf:0x584dd0598db6b207,,40.7291474,-74.00345469999999,7,6,0,People typically spend 45 min to 2.5 hr here,4.3,693,6,6,249,West Village,480.0,26.4,1.0,0.1,0.9,30
2008,50084712,THE INDEPENDENT,"147 WEST   40 STREET, MANHATTAN, NY 10018",The Independent,0x89c259a8fc446bbd:0xfbb859cf5db9b4f5,,40.7547596,-73.98743499999999,7,6,0,,4.5,925,6,6,100,Garment District,3764.5,225.87,1.2,0.2,0.8,73
2009,50084796,TANDOOR OVEN,"175 EAST   83 STREET, MANHATTAN, NY 10028",Tandoor Oven,0x89c258bc3814ff9d:0x32166a5bcb2509b6,,40.7771374,-73.95569809999999,7,6,0,People typically spend 45 min to 2 hr here,4.6,671,6,6,236,Upper East Side North,1493.52,82.1436,1.0,0.15,0.85,115
2010,50084999,HARBS,"465 WEST BROADWAY, MANHATTAN, NY 10012",Harbs SoHo,0x89c259667ad41d2b:0x33674f337b0f9ae7,,40.7264131,-74.0000264,7,6,0,People typically spend 1-1.5 hours here,3.7,606,6,6,211,SoHo,520.0,43.16,3.0,0.7,0.3,26
2011,50086248,JOE & THE JUICE,"2460 BROADWAY, MANHATTAN, NY 10025",JOE & THE JUICE,0x89c2594b0b612d1f:0x65b82f7ec6290c8f,,40.7915923,-73.9736861,7,6,0,,3.4,118,6,6,238,Upper West Side North,795.7333333333335,66.04586666666668,3.0,0.8,0.1999999999999999,84
2012,50086385,$1 PIZZA,"832 6 AVENUE, MANHATTAN, NY 10001",$1 Pizza,0x89c259af591999d9:0x64ed2cb41a821369,,40.7464708,-73.9899856,7,6,0,People typically spend 20 min to 2 hr here,4.3,763,6,6,164,Midtown South,2800.0,187.6,1.8,0.5,0.5,49
2013,50086390,THE TERRACE,"701 7 AVENUE, MANHATTAN, NY 10036",The Terrace and Outdoor Gardens at the Times Square EDITION,0x89c2596355b90f9f:0x31c140199ef7e6c9,,40.759149,-73.98416399999999,7,6,0,People typically spend 10 min to 4 hr here,4.4,996,6,6,230,Times Sq/Theatre District,5774.849999999999,346.491,1.2,0.2,0.8,118
2014,50086458,PIZZA PLUS,"4 SOUTH STREET, MANHATTAN, NY 10004",Pizza Plus,0x89c25bc35ce12ba1:0x60b894db60d5a950,,40.701009,-74.0130246,7,6,0,,4.7,272,6,6,88,Financial District South,6293.753333333333,421.6814733333333,1.8,0.5,0.5,24
2015,50086611,MODERN BREAD AND BAGEL,"472 COLUMBUS AVENUE, MANHATTAN, NY 10024",Modern Bread and Bagel,0x89c2596e0d48cf01:0x3dfeafa70f43c8d7,,40.7844487,-73.9740089,7,6,0,People typically spend 10-45 min here,4.3,1741,6,6,239,Upper West Side South,600.0,36.0,1.1,0.15,0.85,75
2016,50086635,INSOMNIA COOKIES,"17 WEST  125 STREET, MANHATTAN, NY 10027",Insomnia Cookies,0x89c2f7efe88aba03:0xa941f739a88561ca,,40.8071102,-73.94307429999999,7,6,0,,4.0,499,6,6,41,Central Harlem,2557.6,212.2808,3.0,0.7,0.3,44
2017,50086808,HOLY SCHNITZEL,"654 AMSTERDAM AVENUE, MANHATTAN, NY 10025",Holy Schnitzel (Upper West Side),0x89c259932755d445:0xebe3ff7823d551e9,,40.7915497,-73.9726115,7,6,0,People typically spend 30 min to 4 hr here,4.7,1321,6,6,238,Upper West Side North,960.0,57.6,1.1,0.15,0.85,84
2018,50087052,KOKO SEAFOOD SALAD & GRILL,"92 NAGLE AVENUE, MANHATTAN, NY 10040",Casa Koko Restaurant,0x89c2f57b7b5ab0e9:0xc47897432c1ccb5,,40.860707,-73.9278011,7,6,0,People typically spend 30 min to 1.5 hr here,4.3,109,6,6,243,Washington Heights North,985.6,54.208,0.9,0.1,0.9,24
2019,50087434,JOE & THE JUICE,"1400 MADISON AVENUE, MANHATTAN, NY 10029",JOE & THE JUICE,0x89c25991433aebf1:0x1980dc1dc2a90753,,40.7881444,-73.95367639999999,7,6,0,,3.1,186,6,6,75,East Harlem South,1950.0,161.85,3.0,0.8,0.1999999999999999,186
2020,50087508,MATTO ESPRESSO,"8 WEST   46 STREET, MANHATTAN, NY 10036",Matto Espresso,0x89c258fe4b98a199:0xfd25988f4eba83ed,,40.7561822,-73.9797822,7,6,0,,4.6,624,6,6,161,Midtown Center,2961.55,245.80865,2.5,0.6,0.4,88
2021,50087558,YI JI SHI MO NOODLE,"88 ELIZABETH STREET, MANHATTAN, NY 10013",Yi Ji Shi Mo,0x89c259d3a01fbb6f:0x92bb1b26cfb59bd5,,40.7181923,-73.99574729999999,7,6,0,People typically spend 15 min to 1.5 hr here,4.7,624,6,6,144,Little Italy/NoLiTa,1200.0,72.0,1.2,0.3,0.7,16
2022,50087667,KOREAN EXPRESS,"807 LEXINGTON AVENUE, MANHATTAN, NY 10065",Korean Express,0x89c258ef3c016cb1:0x1c229f0388a645d4,,40.764211,-73.966533,7,6,0,People typically spend 25 min to 1 hr here,4.2,611,6,6,237,Upper East Side South,1780.0,97.9,1.0,0.15,0.85,131
2023,50087688,ANGAAR,"283 COLUMBUS AVENUE, MANHATTAN, NY 10023",Angaar,0x89c2591fe385e15d:0x7fbfb810dd46cd2e,,40.7782279,-73.97799069999999,7,6,0,,4.4,566,6,6,142,Lincoln Square East,960.0,52.8,1.0,0.15,0.85,99
2024,50087721,LONG ACRE TAVERN,"146 WEST   47 STREET, MANHATTAN, NY 10036",The Long Acre Tavern,0x89c259dcfdc648ed:0x56ab9de6ed503588,,40.7586546,-73.9836163,7,6,0,People typically spend 45 min to 3 hr here,4.4,966,6,6,230,Times Sq/Theatre District,748.0,44.88,1.2,0.2,0.8,118
2025,50087778,99C PIZZA,"177 EAST HOUSTON STREET, MANHATTAN, NY 10002",99¢ Pizza,0x89c2599697f44c6f:0x12fea55cf1dd0a0e,,40.7226788,-73.988438,7,6,0,,3.1,76,6,6,148,Lower East Side,1467.2,98.3024,1.8,0.5,0.5,43
2026,50088012,SUGARFISH BY SUSHI NOZAWA,"202 SPRING STREET, MANHATTAN, NY 10012",SUGARFISH by sushi nozawa,0x89c259ef6737218f:0x2a8c2124ad1431b9,,40.7251238,-74.003638,7,6,0,People typically spend 1-2 hours here,4.5,1150,6,6,211,SoHo,270.4,14.872,1.0,0.15,0.85,26
2027,50088153,FUMO,"2791 BROADWAY, MANHATTAN, NY 10025",Fumo Upper West Side,0x89c2f71a15315f4d:0xfc74e64d3ca5d2be,,40.8028379,-73.9681172,7,6,0,People typically spend 1-4 hours here,4.4,846,6,6,24,Bloomingdale,2950.0,162.25,1.0,0.1,0.9,25
2028,50088409,VAN LEEUWEN ICE CREAM,"448 AMSTERDAM AVENUE, MANHATTAN, NY 10024",Van Leeuwen Ice Cream,0x89c2592cc2cb06d3:0x5acc1cd8a0ce0319,,40.784914,-73.977378,7,6,0,,4.4,458,6,6,239,Upper West Side South,200.0,16.6,3.0,0.8,0.1999999999999999,75
2029,50088441,VAN LEEUWEN ICE CREAM,"48 1/2 EAST    7 STREET, MANHATTAN, NY 10003",Van Leeuwen Ice Cream,0x89c25a51e0e03817:0x1356e73a1bedadce,,40.727692,-73.987691,7,6,0,People typically spend 20 min to 2 hr here,4.5,1551,6,6,79,East Village,848.8000000000001,70.45040000000002,3.0,0.8,0.1999999999999999,63
2030,50088970,CHINA XIANG,"360 WEST   42 STREET, MANHATTAN, NY 10036",China Xiang,0x89c25852f259f5cb:0x91b6c0fe2fec4878,,40.7581352,-73.9922857,7,6,0,People typically spend 30 min to 2 hr here,4.0,826,6,6,48,Clinton East,559.0,33.54,1.2,0.3,0.7,130
2031,50089139,PENNY JO'S,"3898 BROADWAY, MANHATTAN, NY 10032",Penny Jo's,0x89c2f7448e10e217:0x706eedd2373eacae,,40.8375631,-73.9419549,7,6,0,People typically spend 45 min to 2.5 hr here,4.8,143,6,6,244,Washington Heights South,1672.25,138.79675,2.5,0.6,0.4,149
2032,50089142,RPM UNDERGROUND,"244 WEST   54 STREET, MANHATTAN, NY 10019",RPM Underground,0x89c2599478dc6a21:0xc0f6d80201ea1507,,40.7642792,-73.9834528,7,6,0,People typically spend 1.5-3.5 hours here,4.5,607,6,6,230,Times Sq/Theatre District,1047.5,62.85,1.2,0.2,0.8,118
2033,50089189,DUNKIN,"208 EAST   14 STREET, MANHATTAN, NY 10003",Dunkin',0x89c2599ee4ae94c5:0xd3435ad39057a98,,40.7329007,-73.9868347,7,6,0,,3.3,185,6,6,79,East Village,420.5,34.9015,3.0,0.7,0.3,63
2034,50089195,DUNKIN',"455 PARK AVENUE SOUTH, MANHATTAN, NY 10016",Dunkin',0x89c25908012f8c9d:0xded51b49f7fc16f4,,40.7449559,-73.9826583,7,6,0,,3.9,201,6,6,170,Murray Hill,981.25,81.44375000000001,3.0,0.8,0.1999999999999999,92
2035,50089200,DUNKIN,"638 LEXINGTON AVENUE, MANHATTAN, NY 10022",Dunkin',0x89c258e4b9a33537:0x563f2ba7e8694607,,40.7592561,-73.970615,7,5,0,,3.6,214,6,6,162,Midtown East,660.63,54.83229,3.0,0.8,0.1999999999999999,75
2036,50089204,DUNKIN,"101 EAST   16 STREET, MANHATTAN, NY 10003",Dunkin',0x89c259a4e8d70deb:0x93b72fc1f1371035,,40.7361736,-73.9890344,7,5,0,,3.3,216,6,6,107,Gramercy,1625.0,134.875,3.0,0.8,0.1999999999999999,64
2037,50089234,AU CHEVAL DINER,"79 WALKER STREET, MANHATTAN, NY 10013",Au Cheval,0x89c25bb44ec0f1b7:0x4cfe753b3a1f111,,40.7181205,-74.00179419999999,7,6,0,People typically spend 1-2.5 hours here,4.7,6613,6,6,231,TriBeCa/Civic Center,7401.599999999999,444.096,1.2,0.2,0.8,50
2038,50089256,DUNKIN,"687 AMSTERDAM AVENUE, MANHATTAN, NY 10025",Dunkin',0x89c259288270a865:0x6949deb5ab75757d,,40.7922978,-73.9714132,7,5,0,People typically spend 15 min to 1.5 hr here,3.8,276,6,6,238,Upper West Side North,850.0,70.55,3.0,0.8,0.1999999999999999,81
2039,50089257,DUNKIN,"535 AMSTERDAM AVENUE, MANHATTAN, NY 10024",Dunkin',0x89c259fa9a9c16fb:0xc60175f238a549ed,,40.7874265,-73.9749602,7,5,0,,3.4,57,6,6,239,Upper West Side South,4953.5,411.1405,3.0,0.8,0.1999999999999999,61
2040,50089328,SHAKE SHACK,"500 WEST   33 STREET, MANHATTAN, NY 10001",Shake Shack Hudson Yards,0x89c25965d2a160b3:0x432b47a30ebbed96,,40.7539009,-74.00013229999999,7,6,0,,4.2,1475,6,6,246,West Chelsea/Hudson Yards,8000.0,664.0,2.5,0.6,0.4,114
2041,50089700,LUDLOW HOUSE,"139 LUDLOW STREET, MANHATTAN, NY 10002",Ludlow House,0x89c259814e593579:0x77fe9614771c013a,,40.7205409,-73.9883859,7,6,0,,4.6,676,6,6,148,Lower East Side,200.0,10.0,0.8,0.05,0.95,43
2042,50089808,SUSHI OF GARI,"370 COLUMBUS AVENUE, MANHATTAN, NY 10024",Sushi of Gari UWS (Gari Columbus),0x89c2588ed124fd45:0xb6dce514207618ee,,40.7811711,-73.97633979999999,7,6,0,,4.5,372,6,6,239,Upper West Side South,548.8000000000001,30.184,1.0,0.15,0.85,75
2043,50089980,THE CALAVERAS,"949 COLUMBUS AVENUE, MANHATTAN, NY 10025",The Calaveras NYC,0x89c2f7e2310e3dcf:0xd31da46e77075802,,40.7995718,-73.9623648,7,6,0,People typically spend 1.5 hours here,4.6,594,6,6,24,Bloomingdale,480.0,32.16,1.8,0.4,0.6,25
2044,50090073,EL NUEVO VALLE SEAFOOD RESTAURANT,"231 SHERMAN AVENUE, MANHATTAN, NY 10034",El Nuevo Valle Seafood Restaurant,0x89c2f3f614bffdd5:0x8e8120630138a0fc,,40.8656883,-73.9196552,7,6,0,,3.8,207,6,6,127,Inwood,1625.0,97.5,1.2,0.2,0.8,16
2045,50090321,FIELDTRIP,"109 LENOX AVENUE, MANHATTAN, NY 10026",FIELDTRIP,0x89c2f7befc2d351d:0x863e1eaf63b04c06,,40.801684,-73.95027499999999,7,6,0,People typically spend 15 min to 1 hr here,4.5,577,6,6,41,Central Harlem,1900.0,114.0,1.2,0.2,0.8,44
2046,50091040,PINKBERRY,"1039 2 AVENUE, MANHATTAN, NY 10022",Pinkberry,0x89c258e409f1ab7d:0x3b76b757cb9a679,,40.757886,-73.9666127,7,6,0,People typically spend 15 min to 1 hr here,4.2,309,6,6,229,Sutton Place/Turtle Bay North,819.2,67.9936,3.0,0.8,0.1999999999999999,48
2047,50091401,KUNG FU TEA,"4053 BROADWAY, MANHATTAN, NY 10032",Kung Fu Tea,0x89c2f708fb917f81:0x686c2aeb6d0a8984,,40.84302,-73.93941819999999,7,6,0,,4.3,349,6,6,244,Washington Heights South,1118.25,67.095,1.1,0.2,0.8,149
2048,50091419,WHISTLE & FIZZ,"254 GREENE STREET, MANHATTAN, NY 10003",Whistle & Fizz,0x89c2590f540f8691:0xcbe45b9a80dfb235,,40.7306353,-73.9943779,7,6,0,,4.7,354,6,6,113,Greenwich Village North,8000.0,664.0,3.0,0.7,0.3,25
2049,50091469,CHICK-FIL-A,"711 LEXINGTON AVENUE, MANHATTAN, NY 10022",Chick-fil-A,0x89c259026420b48b:0x9ed35c2b97c8f710,,40.761171,-73.96858499999999,1,5,0,People typically spend 15 min to 1 hr here,4.2,1124,0,6,162,Midtown East,784.0,52.52800000000001,2.0,0.5,0.5,139
2050,50091978,CROWN FRIED CHICKEN & PIZZA,"2333 1 AVENUE, MANHATTAN, NY 10035",Kennedy's Fried Chicken & Pizza,0x89c2f5e2c40d0977:0xb56b3b9e393e8645,,40.7984572,-73.9339198,7,6,0,,3.5,48,6,6,74,East Harlem North,660.0,44.22000000000001,2.0,0.5,0.5,101
2051,50092650,JACKDAW,"213 2 AVENUE, MANHATTAN, NY 10003",Jackdaw,0x89c259e5a40d5e0b:0x9533d70673351dbe,,40.7318571,-73.9855862,7,6,0,People typically spend 1-4 hours here,4.3,700,6,6,79,East Village,1484.0,89.03999999999999,1.2,0.2,0.8,63
2052,50092698,OLLIES TO GO,"307 EAST   77 STREET, MANHATTAN, NY 10075",Ollie’s To Go: Upper East Side,0x89c259deb2bf1915:0x43cba41b31b60bf1,,40.77201,-73.955404,7,6,0,,4.3,437,6,6,141,Lenox Hill West,1400.8,84.048,1.2,0.3,0.7,83
2053,50092790,QUALITY BISTRO,"1345 AVENUE OF THE AMERICAS, MANHATTAN, NY 10105",Quality Bistro,0x89c259a889b2d7f1:0x342ab7d840205686,,40.7632028,-73.97916699999999,7,6,0,People typically spend 1.5-4 hours here,4.5,1559,6,6,163,Midtown North,2059.92,102.996,0.8,0.05,0.95,74
2054,50092940,PERLA NEGRA BAR,"3454 BROADWAY, MANHATTAN, NY 10031",Cocteleria Perla Negra,0x89c2f74a4fc61c9d:0x971bca4c9f3ec901,,40.8236484,-73.9521055,7,6,0,People typically spend 1-3.5 hours here,4.7,189,6,6,116,Hamilton Heights,600.0,33.0,0.9,0.1,0.9,42
2055,50093375,BURGER KING,"146 DELANCEY STREET, MANHATTAN, NY 10002",Burger King,0x89c25980fcbcfc41:0xbfba1c641d67841c,,40.7183815,-73.9865567,7,6,0,People typically spend 20 min here,3.4,777,6,6,232,Two Bridges/Seward Park,1510.75,125.39225,2.5,0.6,0.4,29
2056,50093726,LE CAFE COFFEE,"1440 BROADWAY, MANHATTAN, NY 10018",Le Cafe Coffee,0x89c259e62b0e0b63:0x8b9d0d06233fcb48,,40.7541658,-73.98617209999999,7,6,0,,4.5,330,6,6,100,Garment District,761.8333333333334,63.23216666666667,3.0,0.7,0.3,73
2057,50093783,EL VALLE LENOX,"588 LENOX AVENUE, MANHATTAN, NY 10037",El Valle,0x89c2f677993feacb:0xf48b13a87834493f,,40.8168755,-73.93846769999999,7,6,0,People typically spend 10 min to 3.5 hr here,3.6,272,6,6,42,Central Harlem North,7201.2,396.066,0.9,0.1,0.9,70
2058,50094262,STAGE DOOR DELI,"26 VESEY STREET, MANHATTAN, NY 10007",Stage Door Delicatessen,0x89c25a19074a384d:0xe3e365f50791929d,,40.712115,-74.0097029,7,4,0,,4.5,1858,6,6,231,TriBeCa/Civic Center,915.0,75.94500000000001,2.5,0.6,0.4,191
2059,50094531,AYADA,"75 9 AVENUE, MANHATTAN, NY 10011",Ayada,0x89c259a41956e1e5:0xa8f7a23fcd913c43,,40.7426716,-74.0061623,7,6,0,People typically spend 25 min to 3 hr here,4.2,852,6,6,68,East Chelsea,200.0,11.0,1.0,0.15,0.85,303
2060,50094598,DA ANDREA,"35 WEST   13 STREET, MANHATTAN, NY 10011",Da Andrea Greenwich Village,0x89c25994cdac5b4b:0x639da12ecdd3a36c,,40.7361918,-73.9958515,7,6,0,People typically spend 1-2.5 hours here,4.6,2655,6,6,113,Greenwich Village North,1313.5,72.2425,1.0,0.1,0.9,25
2061,50094883,LEVAIN BAKERY,"1484 3 AVENUE, MANHATTAN, NY 10028",Levain Bakery,0x89c259ff4563b743:0xf3755323f76bb77a,,40.7773553,-73.9552613,7,6,0,People typically spend 15 min here,4.6,2483,6,6,236,Upper East Side North,625.0,51.875,3.0,0.7,0.3,115
2062,50095033,RIVER THAI & BEYOND,"1766 AMSTERDAM AVENUE, MANHATTAN, NY 10031",River,0x89c2f7bbafad0a1f:0xb733437b8bb33de7,,40.826852,-73.9466563,7,6,0,,4.6,199,6,6,116,Hamilton Heights,495.6,27.258,1.0,0.15,0.85,42
2063,50095141,SUSHI & CO,"67 NASSAU STREET, MANHATTAN, NY 10038",Sushi & Co-Downtown,0x89c25b365281e82b:0xb7a26d03db775ea,,40.7095068,-74.00858769999999,7,6,0,,4.6,765,6,6,87,Financial District North,1896.0,113.76,1.1,0.2,0.8,29
2064,50095254,THE BEST SICHUAN,"47 WEST   39 STREET, MANHATTAN, NY 10018",The Best Sichuan 39 一品成都,0x89c259abaa3f364b:0xfda6ee6f2f8bbc88,,40.7527574,-73.9845295,7,6,0,,4.7,3541,6,6,164,Midtown South,533.3333333333334,32.0,1.2,0.3,0.7,49
2065,50095294,DUNKIN,"693 9 AVENUE, MANHATTAN, NY 10036",Dunkin',0x89c259b50d1a2ad5:0x4c8ddcf2e02340c9,,40.7621077,-73.9902549,7,6,0,,3.4,276,6,6,48,Clinton East,800.0,66.4,3.0,0.8,0.1999999999999999,130
2066,50095781,CHICK-FIL-A,"700 AVENUE OF THE AMERICAS, MANHATTAN, NY 10010",Chick-fil-A,0x89c259ee9acc9e9f:0x22effa76e4f0a0ae,,40.7422926,-73.9928245,1,5,0,People typically spend 15-45 min here,4.2,791,0,6,234,Union Sq,4661.25,312.30375,2.0,0.5,0.5,91
2067,50095962,GREEN GARDEN VILLAGE,"216 GRAND STREET, MANHATTAN, NY 10013",Green Garden Village,0x89c259dfea1200e7:0x7e9506ea4495866f,,40.7190531,-73.9959787,7,6,0,People typically spend 30 min to 1.5 hr here,4.0,217,6,6,144,Little Italy/NoLiTa,2080.0,124.8,1.2,0.3,0.7,16
2068,50096047,NAMI NORI,"33 CARMINE STREET, MANHATTAN, NY 10014",Nami Nori West Village,0x89c25953a8f2f671:0xcde10862f74f8052,,40.7302914,-74.0032496,7,6,0,People typically spend 1-2 hours here,4.4,1859,6,6,249,West Village,516.0,28.38,1.0,0.15,0.85,30
2069,50096203,KORONET PIZZA,"1110 LEXINGTON AVENUE, MANHATTAN, NY 10075",Koronet Pizza,0x89c2599848856d9d:0xe47c60dbd9ebfd47,,40.7740366,-73.9598039,7,6,0,,4.4,235,6,6,236,Upper East Side North,1777.75,119.10925,1.8,0.5,0.5,115
2070,50096488,JIANG NAN NYC,"103 BOWERY, MANHATTAN, NY 10002",Jiang Nan NYC,0x89c2592469474683:0x9928600fb796291f,,40.7175581,-73.9949693,7,6,0,People typically spend 1-2 hours here,4.8,2042,6,6,148,Lower East Side,2048.0,122.88,1.2,0.3,0.7,43
2071,50096554,LOS TACOS NO.1,"136 CHURCH STREET, MANHATTAN, NY 10007",LOS TACOS No.1,0x89c25be1364ed3b1:0xc96fe327bab2cf2c,,40.7142906,-74.00871029999999,7,6,0,People typically spend 25 min here,4.8,3354,6,6,231,TriBeCa/Civic Center,703.1666666666666,47.11216666666667,1.8,0.4,0.6,50
2072,50097025,DIM SUM PALACE,"33 WEST   33 STREET, MANHATTAN, NY 10001",Dim Sum Palace,0x89c2590b17b46673:0xd641930298243412,,40.7485991,-73.98676139999999,7,6,0,People typically spend 45 min to 1.5 hr here,4.5,762,6,6,164,Midtown South,1737.75,104.265,1.2,0.3,0.7,49
2073,50097395,ARTICHOKE BASILLE'S PIZZA,"1410 BROADWAY, MANHATTAN, NY 10018",Artichoke Basille's Pizza,0x89c2590fe4f6da51:0xca249dbdd21c15d9,,40.7533252,-73.98672619999999,7,6,0,People typically spend 25 min here,4.1,2139,6,6,100,Garment District,1020.033333333333,68.34223333333334,1.8,0.5,0.5,73
2074,50097403,SWEETGREEN,"606 1 AVENUE, MANHATTAN, NY 10016","sweetgreen - Healthy Salads, Wraps, and Bowls",0x89c259a4ed081e15:0x7e3e1db1b0bffa38,,40.7442426,-73.9729059,7,6,0,People typically spend 20 min here,3.8,233,6,6,233,UN/Turtle Bay South,5458.679999999999,453.07044,2.5,0.6,0.4,73
2075,50097492,LITTLE BRANCH,"20 7 AVENUE SOUTH, MANHATTAN, NY 10014",Little Branch,0x89c25992e9f28e8d:0xe297f8f503425e5c,,40.730118,-74.0050449,7,6,0,People typically spend 30 min to 3 hr here,4.4,915,6,6,249,West Village,448.8,26.928,1.2,0.2,0.8,30
2076,50097645,HAVANA TACOS,"210 NAGLE AVENUE, MANHATTAN, NY 10034",Havana Tacos,0x89c2f522519302f9:0x8da84928ce4fa550,,40.8624228,-73.9230101,7,6,0,People typically spend 25 min to 4 hr here,4.3,233,6,6,127,Inwood,2500.0,167.5,1.8,0.4,0.6,16
2077,50097856,DUNKIN DONUTS,"900 2 AVENUE, MANHATTAN, NY 10017",Dunkin',0x89c259ce92012531:0x2ae7a0db1da4016,,40.7533883,-73.9693322,7,5,0,People typically spend 15 min to 1 hr here,3.8,54,6,6,233,UN/Turtle Bay South,5171.7,429.2511,3.0,0.8,0.1999999999999999,64
2078,50097986,BAODEGA,"7 WEST   20 STREET, MANHATTAN, NY 10011",Baodega 小杨生煎,0x89c25968740026cb:0x17e1b4c628b1a0c9,,40.7401851,-73.9917492,7,6,0,People typically spend 45 min to 1.5 hr here,4.6,1558,6,6,234,Union Sq,8000.0,480.0,1.2,0.3,0.7,50
2079,50098653,TACO BELL,"230 VARICK STREET, MANHATTAN, NY 10014",Taco Bell,0x89c25956645cf1b5:0x30e9fc750423f9ac,,40.729173,-74.005015,7,4,0,People typically spend 25 min to 2.5 hr here,3.5,374,6,6,249,West Village,200.0,13.4,1.8,0.4,0.6,220
2080,50098700,D K,"207 WEST   36 STREET, MANHATTAN, NY 10018",DK Restaurant NYC,0x89c259ac6a4cc1ed:0xb0a57c53202e0c8b,,40.7526884,-73.9905028,1,6,0,People typically spend 1.5-4 hours here,4.3,643,0,6,100,Garment District,6343.125,380.5875,1.2,0.2,0.8,137
2081,50098705,VITO'S SLICES AND ICES,"464 9 AVENUE, MANHATTAN, NY 10018",Vito's Slices and Ices,0x89c25958b189f29f:0x61bc4abc0aa53a9e,,40.7545009,-73.9952318,7,6,0,People typically spend 15-45 min here,4.7,2180,6,6,68,East Chelsea,714.2857142857143,47.85714285714286,1.8,0.5,0.5,303
2082,50098735,L&Y HAWA JUICE STORE,"1151 2 AVENUE, MANHATTAN, NY 10065",Hawa Smoothies & Bubble Tea,0x89c25934f23f9391:0x6931bf56aaa946f5,,40.7616583,-73.9638006,7,6,0,,3.8,60,6,6,141,Lenox Hill West,1168.0,96.944,3.0,0.8,0.1999999999999999,83
2083,50099463,BAREBURGER,"2233 BROADWAY, MANHATTAN, NY 10024",Bareburger,0x89c259e477c24cb3:0x15624cec67791ccd,,40.7844643,-73.979889,7,6,0,People typically spend 30 min to 1 hr here,4.9,3046,6,6,239,Upper West Side South,8000.0,664.0,2.5,0.6,0.4,75
2084,50099626,I'MILKY,"992 6 AVENUE, MANHATTAN, NY 10018",I’Milky 沐白 - Midtown,0x89c259f3ac622b61:0x2b2b6eee4b5c08f4,,40.7514345,-73.98622739999999,7,6,0,,4.5,790,6,6,164,Midtown South,3103.875,257.621625,3.0,0.7,0.3,49
2085,50099859,CHIP CITY,"298 BLEECKER STREET, MANHATTAN, NY 10014",Chip City,0x89c25989c94d5107:0xa49c62d7ebd0d3fa,,40.7324103,-74.0037861,7,6,0,,4.5,631,6,6,249,West Village,200.0,16.6,3.0,0.7,0.3,30
2086,50099890,MILK BAR,"1186 BROADWAY, MANHATTAN, NY 10001",Milk Bar,0x89c2598590a04521:0x7d853708fe697388,,40.7458208,-73.9883921,7,6,0,People typically spend 10-45 min here,4.6,3461,6,6,164,Midtown South,1401.825,84.1095,1.2,0.2,0.8,49
2087,50099941,CHEZ NICK,"1737 YORK AVENUE, MANHATTAN, NY 10128",Chez Nick,0x89c259f1028842cb:0x78c1d216fe059a16,,40.7790105,-73.9452127,7,6,0,People typically spend 1.5-4 hours here,4.5,521,6,6,262,Yorkville East,2373.5,142.41,1.2,0.2,0.8,38
2088,50099969,THE CONSULATE,"519 COLUMBUS AVENUE, MANHATTAN, NY 10024",The Consulate - UWS,0x89c259c19f56b1f1:0xd84c3487c9324ba1,,40.7858323,-73.9724287,7,6,0,People typically spend 1.5-4 hours here,4.7,2036,6,6,239,Upper West Side South,1316.666666666667,65.83333333333334,0.8,0.05,0.95,75
2089,50100152,STARBUCKS COFFEE #58455,"572 11 AVENUE, MANHATTAN, NY 10036",Starbucks,0x89c25968e613c1b3:0x348c1667384186fd,,40.7616087,-73.9974723,7,4,0,People typically spend 10-45 min here,4.0,310,6,6,50,Clinton West,4930.5,409.2315,3.0,0.7,0.3,326
2090,50100616,ITALIAN VILLAGE,"1494 1 AVENUE, MANHATTAN, NY 10075",Italian Village Pizza & Restaurant,0x89c258b8e07421f3:0x49229ec672eda8,,40.7714577,-73.9529963,7,6,0,People typically spend 20 min to 1.5 hr here,4.4,529,6,6,140,Lenox Hill East,720.0,48.24,1.8,0.5,0.5,218
2091,50100791,EL AZTECA Y EL GUANACO,"4195 BROADWAY, MANHATTAN, NY 10033",El Azteca & El Guanaco,0x89c2f6a03bacc3cf:0x8c067fddbf201447,,40.8482143,-73.938026,7,6,0,People typically spend 1.5-4 hours here,3.9,226,6,6,244,Washington Heights South,603.5833333333334,36.215,1.2,0.2,0.8,149
2092,50101251,THAI SUPER,"166 EAST  118 STREET, MANHATTAN, NY 10035",Thai Super,0x89c2f771e3a5d80b:0xd69dfea3bb47d6b,,40.7993943,-73.9397729,7,6,0,,4.3,139,6,6,74,East Harlem North,2925.0,160.875,1.0,0.15,0.85,101
2093,50101330,TONII'S RICE NOODLE,"83 BAYARD STREET, MANHATTAN, NY 10013",Tonii's Fresh Rice Noodle,0x89c25bb3a7094f93:0x330b66b8d277fbe,,40.7156143,-73.99896199999999,7,6,0,,4.4,343,6,6,45,Chinatown,600.0,36.0,1.2,0.3,0.7,14
2094,50101367,UDON LAB,"43 WEST   32 STREET, MANHATTAN, NY 10001",Udon Lab,0x89c2598670da9b77:0xefd42980f8851f4e,,40.7482035,-73.9874565,7,6,0,,4.3,1508,6,6,164,Midtown South,1576.333333333333,86.69833333333332,1.0,0.15,0.85,49
2095,50101533,REMI43 FLOWER & COFFEE,"810 2 AVENUE, MANHATTAN, NY 10017",Remi43 Flower & Coffee,0x89c259ee0b9b8e37:0x16e09213d055b1d6,,40.7506224,-73.9713282,7,6,0,People typically spend 20 min to 1.5 hr here,4.5,744,6,6,233,UN/Turtle Bay South,4864.0,403.7120000000001,3.0,0.7,0.3,73
2096,50101593,LUCKY GRAND BAKERY,"280 GRAND STREET, MANHATTAN, NY 10002",Lucky King,0x89c259879748d3c5:0xbf5b971a30e45109,,40.7178955,-73.992569,7,5,0,People typically spend 20 min to 1.5 hr here,4.1,231,6,6,148,Lower East Side,1047.375,62.8425,1.2,0.3,0.7,80
2097,50101986,DUNKIN,"150 WEST   47 STREET, MANHATTAN, NY 10036",Dunkin',0x89c259474a595303:0x3b62d1be38b0e659,,40.7587123,-73.9838173,7,0,56,,3.9,156,6,6,230,Times Sq/Theatre District,748.0,62.084,3.0,0.8,0.1999999999999999,34
2098,50102026,PARIS BAGUETTE,"371 7 AVENUE, MANHATTAN, NY 10001",Paris Baguette,0x89c259da9f2fb217:0xb8ef8191a428d788,,40.7488133,-73.99187719999999,7,4,0,People typically spend 15-45 min here,4.4,570,6,6,186,Penn Station/Madison Sq West,1094.625,90.853875,3.0,0.7,0.3,216
2099,50102339,ONE TWO THAI,"153 EAST   33 STREET, MANHATTAN, NY 10016",One Two Thai,0x89c2597162f8ee17:0xc2f0ec0446424fce,,40.7455946,-73.9794371,7,6,0,People typically spend 30 min to 1.5 hr here,4.4,463,6,6,170,Murray Hill,200.0,11.0,1.0,0.15,0.85,92
2100,50102435,DIM SUM CHELSEA,"236 8 AVENUE, MANHATTAN, NY 10011",Dim Sum Chelsea,0x89c2595b8e4e6675:0x982dc25651b3d918,,40.7446121,-73.998629,7,6,0,People typically spend 45 min to 1.5 hr here,4.4,460,6,6,90,Flatiron,1040.0,62.4,1.2,0.3,0.7,31
2101,50102459,RAKU IT'S JAPANESE,"212 EAST   52 STREET, MANHATTAN, NY 10022",Raku it's Japanese,0x89c25934527af711:0xd3ae14b2ce1ac569,,40.7566056,-73.9693108,7,6,0,,4.0,230,6,6,229,Sutton Place/Turtle Bay North,1519.56,83.5758,1.0,0.15,0.85,48
2102,50102460,GONG CHA,"1600 BROADWAY, MANHATTAN, NY 10019",Gong Cha,0x89c259aac3c153df:0x74ccd524a0f19dfc,,40.7602454,-73.9843654,7,6,0,,4.1,345,6,6,230,Times Sq/Theatre District,8000.0,664.0,3.0,0.7,0.3,118
2103,50102810,SOOM SOOM,"1108 LEXINGTON AVENUE, MANHATTAN, NY 10075",Soom Soom,0x89c2598bed8cb213:0x18ee070b107b166d,,40.7739882,-73.9597802,7,6,0,People typically spend 15 min to 1 hr here,4.7,741,6,6,236,Upper East Side North,306.5,18.39,1.2,0.2,0.8,115
2104,50102879,IZAKAYA TORIBAR,"164 EAST   56 STREET, MANHATTAN, NY 10022",Izakaya Toribar,0x89c259c58bd2b939:0x28f64c8265c69914,,40.759641,-73.96855579999999,7,6,0,People typically spend 1.5 hours here,4.3,456,6,6,162,Midtown East,3600.0,216.0,1.1,0.2,0.8,108
2105,50102974,GREGORYS COFFEE,"775 6 AVENUE, MANHATTAN, NY 10001",Gregorys Coffee,0x89c259acbebaaa63:0x455ac4adc66a7ddd,,40.745009,-73.9915697,7,6,0,People typically spend 20 min to 1 hr here,4.1,388,6,6,186,Penn Station/Madison Sq West,800.0,66.4,3.0,0.7,0.3,221
2106,50102998,ROSIE DUNN,"729 3 AVENUE, MANHATTAN, NY 10017",Rosie Dunn's Victorian Pub,0x89c259e654aca6b9:0x2b6a558c1380bd90,,40.752866,-73.972571,7,6,0,People typically spend 45 min to 2 hr here,4.5,355,6,6,233,UN/Turtle Bay South,1800.0,99.0,1.0,0.1,0.9,73
2107,50103721,LENWICH,"120 UNIVERSITY PLACE, MANHATTAN, NY 10003",LENWICH,0x89c259b774c2c177:0xb047cfb42448b4c7,,40.7347098,-73.9923558,7,6,0,People typically spend 20 min to 3.5 hr here,4.0,226,6,6,113,Greenwich Village North,515.8,42.8114,2.5,0.6,0.4,25
2108,50103992,DAGON,"2454 BROADWAY, MANHATTAN, NY 10024",Dagon,0x89c25882feb54c4b:0xa0c07cde88e255a7,,40.7912711,-73.9738886,7,6,0,People typically spend 1-2.5 hours here,4.8,2497,6,6,238,Upper West Side North,1300.0,78.0,1.2,0.2,0.8,84
2109,50104041,JANE DOE LOUNGE,"12 WEST   44 STREET, MANHATTAN, NY 10036",Jane Doe Bar & Restaurant,0x89c2598cf5093e31:0x8a9b427113f8c276,,40.7550775,-73.9810571,7,6,0,People typically spend 45 min to 3 hr here,4.4,465,6,6,161,Midtown Center,2642.55,158.553,1.2,0.2,0.8,88
2110,50104478,VILLAGE CREPERIE,"445 EAST    9 STREET, MANHATTAN, NY 10009",Village creperie,0x89c259eb9b987885:0x934155577d60c81b,,40.7274432,-73.98282069999999,7,6,0,,4.7,253,6,6,79,East Village,290.4,24.1032,3.0,0.7,0.3,63
2111,50104496,PARIS BAGUETTE,"888 10 AVENUE, MANHATTAN, NY 10019",Paris Baguette,0x89c259c10a6cebd7:0xfc07f41891a64b09,,40.7695806,-73.98784669999999,7,4,0,People typically spend 10 min to 1 hr here,4.4,643,6,6,48,Clinton East,1618.5,134.3355,3.0,0.7,0.3,435
2112,50104682,SOOTHR,"204 EAST   13 STREET, MANHATTAN, NY 10003",Soothr,0x89c25923d7bca4d1:0x5bbeae84d9924f22,,40.7323017,-73.9873417,7,6,0,People typically spend 1-2 hours here,4.8,6819,6,6,79,East Village,1104.0,60.72,1.0,0.15,0.85,63
2113,50104728,EL GALLO TAQUERIA,"369 BROOME STREET, MANHATTAN, NY 10013",El Gallo Taqueria,0x89c25986d2d1c227:0xfcf7a312e14f6fad,,40.7200102,-73.9958972,7,6,0,,4.7,923,6,6,144,Little Italy/NoLiTa,1198.75,80.31625000000001,1.8,0.4,0.6,16
2114,50104806,SENN THAI COMFORT FOOD,"452 AMSTERDAM AVENUE, MANHATTAN, NY 10024",Senn Thai Comfort Food,0x89c258860ae1fa75:0x4ecf7117623d185b,,40.7850624,-73.9773326,7,6,0,,4.4,598,6,6,239,Upper West Side South,200.0,11.0,1.0,0.15,0.85,75
2115,50104853,KARAMELO BAR & KITCHEN,"141 NAGLE AVENUE, MANHATTAN, NY 10040",Karamelo,0x89c2f5bd1d6cf8bb:0xf1ca95bd7b03b504,,40.8608956,-73.9260748,7,6,0,,4.1,100,6,6,243,Washington Heights North,2775.0,166.5,1.2,0.2,0.8,24
2116,50105185,SALENTO COLOMBIAN CAFE & RESTAURANT,"2112 AMSTERDAM AVENUE, MANHATTAN, NY 10032","Salento Colombian Restaurant, Coffee & Bakery",0x89c2f78cd3919d77:0x6111ab31e9eb65be,,40.8378633,-73.9386304,7,5,0,People typically spend 10-45 min here,4.4,492,6,6,244,Washington Heights South,1720.0,142.76,3.0,0.7,0.3,95
2117,50105204,OST CAFE,"511 GRAND STREET, MANHATTAN, NY 10002",Ost Cafe,0x89c25bd5466777b7:0x1c85e6819d6ada57,,40.7144614,-73.9821403,7,6,0,People typically spend 25 min to 1 hr here,4.4,225,6,6,232,Two Bridges/Seward Park,1807.2,149.9976,3.0,0.7,0.3,29
2118,50105206,JAJAJA MEXICANA,"63 CARMINE STREET, MANHATTAN, NY 10014",Jajaja Mexicana,0x89c259d36038eb87:0xa61e45feac17ec2a,,40.7298848,-74.00460389999999,7,6,0,People typically spend 1-2.5 hours here,4.6,1792,6,6,249,West Village,449.28,30.10176,1.8,0.4,0.6,30
2119,50105374,LE PAIN QUOTIDIEN,"1309 LEXINGTON AVENUE, MANHATTAN, NY 10128",Le Pain Quotidien,0x89c258a72a81fc09:0x620fcd7770aff2a8,,40.7806119,-73.9545766,7,6,0,People typically spend 25 min to 1.5 hr here,4.1,545,6,6,236,Upper East Side North,3184.0,159.2,0.8,0.05,0.95,115
2120,50105429,THE GOOD GOOD,"1694 PARK AVENUE, MANHATTAN, NY 10035",The Good Good,0x89c2f7773bc0daaf:0xe65f2b5b16afb783,,40.8013042,-73.9422367,7,6,0,People typically spend 1.5-3 hours here,4.8,406,6,6,74,East Harlem North,1940.0,116.4,1.2,0.2,0.8,101
2121,50105549,16 HANDLES,"155 CHAMBERS STREET, MANHATTAN, NY 10007",16 Handles,0x89c25b2f07938be7:0x22fc2a3da577239,,40.7159923,-74.0100384,7,6,0,,3.7,110,6,6,231,TriBeCa/Civic Center,1431.2,118.7896,3.0,0.8,0.1999999999999999,50
2122,50105559,LE PAIN QUOTIDIEN,"60 WEST   65 STREET, MANHATTAN, NY 10023",Le Pain Quotidien,0x89c258f572c0118b:0x8893581423f011,,40.7726566,-73.9816386,7,6,0,People typically spend 45 min to 2 hr here,4.0,567,6,6,142,Lincoln Square East,1716.0,85.80000000000001,0.8,0.05,0.95,99
2123,50105604,GRIND NYC COFFEE SHOP,"602 9 AVENUE, MANHATTAN, NY 10036",GRIND THE NYC COFFEE SHOP & BAGEL HOUSE,0x89c259125a931087:0x3d471d4575240620,,40.7590839,-73.9918101,7,6,0,People typically spend 20-45 min here,4.8,2582,6,6,48,Clinton East,790.4000000000001,65.60320000000002,3.0,0.7,0.3,130
2124,50105982,CKA KA QELLUE,"118 EAST   31 STREET, MANHATTAN, NY 10016",Çka Ka Qëllue,0x89c259a4ac77af25:0x35e85afb73a6833e,,40.7446105,-73.98189529999999,7,6,0,People typically spend 1-2 hours here,4.7,1829,6,6,170,Murray Hill,930.0,55.8,1.2,0.2,0.8,92
2125,50105997,LE PAIN QUOTIDIEN,"250 WEST   55 STREET, MANHATTAN, NY 10019",Le Pain Quotidien,0x89c25857f8c6efb3:0xc6a38927744d8304,,40.7651275,-73.9834024,7,6,0,,4.1,893,6,6,163,Midtown North,369.6,18.48,0.8,0.05,0.95,74
2126,50106065,CALAVERAS CORNER,"936 AMSTERDAM AVENUE, MANHATTAN, NY 10025",Calaveras Corner,0x89c2f7d1f7867cb3:0x57894ef6d72e9219,,40.8006579,-73.9658425,7,6,0,People typically spend 1-2.5 hours here,4.4,241,6,6,24,Bloomingdale,956.0,64.052,1.8,0.4,0.6,25
2127,50106067,EMPANADA MAMA,"200B WEST   40 STREET, MANHATTAN, NY 10018",Empanada Mama Times Square (40th St),0x89c2591e85be6f21:0x2b1c229c9b94d65a,,40.7548424,-73.98834339999999,7,6,0,,4.2,631,6,6,100,Garment District,1209.833333333333,72.58999999999999,1.2,0.2,0.8,73
2128,50106095,BLUE WILLOW,"40 WEST   56 STREET, MANHATTAN, NY 10019",Blue Willow 夜来湘,0x89c259bdd1c5dd0d:0x86238121a190886,,40.762918,-73.9765271,7,6,0,People typically spend 45 min to 1.5 hr here,4.5,2125,6,6,161,Midtown Center,1000.0,60.0,1.2,0.3,0.7,88
2129,50106171,SMOOVE ICE CREAM,"279 GRAND STREET, MANHATTAN, NY 10002",Smoove Ice Cream,0x89c259e6a686f617:0x2e0ca7f1b8d4bd44,,40.7176943,-73.9927292,7,6,0,,4.7,598,6,6,148,Lower East Side,1047.375,86.932125,3.0,0.7,0.3,43
2130,50106213,ROYAL SEAFOOD CAFE,"103 MOTT STREET, MANHATTAN, NY 10013",Royal Seafood,0x89c25a278199977f:0x356aea835ff05c30,,40.7173032,-73.9976916,7,6,0,People typically spend 1-2 hours here,3.9,1420,6,6,144,Little Italy/NoLiTa,987.5,59.25,1.2,0.3,0.7,16
2131,50106343,SUPREME RESTAURANT,"100 MOTT STREET, MANHATTAN, NY 10013",Supreme Restaurant,0x89c25a2786883d1d:0xc96f10e2474bd8db,,40.717267,-73.99723399999999,7,6,0,People typically spend 45 min to 1.5 hr here,4.2,1988,6,6,144,Little Italy/NoLiTa,987.5,59.25,1.2,0.3,0.7,16
2132,50106381,FRENCHETTE BAKERY,"220 CHURCH STREET, MANHATTAN, NY 10013",Frenchette Bakery,0x89c25b4f39932b41:0xce7975e874539251,,40.7169382,-74.0069604,7,6,0,,4.5,300,6,6,231,TriBeCa/Civic Center,8000.0,664.0,3.0,0.7,0.3,50
2133,50106481,OSTERIA LA BAIA,"129 WEST   52 STREET, MANHATTAN, NY 10019",Osteria La Baia,0x89c25930bc53d1a3:0xe92edb888b740614,,40.7618881,-73.9809702,7,6,0,People typically spend 1.5-4 hours here,4.9,6855,6,6,230,Times Sq/Theatre District,8000.0,440.0,1.0,0.1,0.9,118
2134,50106592,POPEYES LOUISIANA KITCHEN,"39 1 AVENUE, MANHATTAN, NY 10003",Popeyes Louisiana Kitchen,0x89c259d251903aa5:0x21db198a6ee1d98b,,40.72434,-73.98812,7,6,0,People typically spend 10 min to 1 hr here,3.9,501,6,6,79,East Village,783.2,52.4744,2.0,0.5,0.5,63
2135,50106774,LONGO BROS,"474 9 AVENUE, MANHATTAN, NY 10018",Longo Bros,0x89c259a292452753:0xe71aa23cd4076c0,,40.7548972,-73.9950052,7,6,0,People typically spend 1-2.5 hours here,4.4,657,6,6,68,East Chelsea,2330.4,128.172,1.0,0.1,0.9,303
2136,50107169,YARD HOUSE #8389,"575 7 AVENUE, MANHATTAN, NY 10018",Yard House,0x89c259bee9101fd3:0xac438967ec6b2531,,40.75509,-73.98727,7,6,0,People typically spend 1-2 hours here,4.5,4471,6,6,100,Garment District,1037.25,62.235,1.2,0.2,0.8,73
2137,50107397,NY SAL'S PIZZA,"536 EAST   14 STREET, MANHATTAN, NY 10009",New York Sal's Pizza II,0x89c2592ffc2aea17:0x70abdaefbf9cc28f,,40.7295,-73.9787559,7,6,0,,4.4,82,6,6,79,East Village,1416.1,94.8787,1.8,0.5,0.5,63
2138,50107403,WINGSTOP,"4051 BROADWAY, MANHATTAN, NY 10032",Wingstop,0x89c2f7af78ffeff1:0x9f37e8735ff22d04,,40.8430212,-73.9394592,7,6,0,,4.1,462,6,6,244,Washington Heights South,1118.25,74.92275000000001,2.0,0.5,0.5,149
2139,50107405,THE LITTLE BEET,"1291 1 AVENUE, MANHATTAN, NY 10021",Little Beet,0x89c2596f16a8b997:0x82264eff4b71edb4,,40.7662649,-73.95746609999999,7,6,0,,4.2,133,6,6,141,Lenox Hill West,1240.0,74.39999999999999,1.2,0.2,0.8,83
2140,50107525,TARA ROSE,"384 3 AVENUE, MANHATTAN, NY 10016",Tara Rose | NYC,0x89c259d6e8ee1fa7:0x6ce5c49aa0b108d2,,40.7417855,-73.9812353,7,6,0,People typically spend 1-3 hours here,4.7,1256,6,6,107,Gramercy,720.4000000000001,43.224,1.2,0.2,0.8,46
2141,50107573,TACO BELL,"1501 BROADWAY, MANHATTAN, NY 10036",Taco Bell Cantina,0x89c2595de397df0b:0x978cf66cb3ed7d6c,,40.7572062,-73.9865921,7,6,0,,3.7,602,6,6,230,Times Sq/Theatre District,3814.461111111111,255.5688944444445,1.8,0.4,0.6,118
2142,50107638,TERRIFIC WINGS TACOS 'N' THINGS,"2131 3 AVENUE, MANHATTAN, NY 10035",Terrific Wings Tacos & Things,0x89c2f608e9dbffff:0xa729dcf71461f7fb,,40.798183,-73.9395856,7,6,0,,4.0,153,6,6,74,East Harlem North,1104.0,66.24,1.2,0.2,0.8,101
2143,50107674,WIMPY'S RESTAURANT,"2334 2 AVENUE, MANHATTAN, NY 10035",Wimpys,0x89c2f5e29e91ede9:0x4fb1b432604493b4,,40.7992828,-73.93577549999999,7,6,0,People typically spend 15 min to 1 hr here,4.0,222,6,6,74,East Harlem North,768.0,51.456,1.8,0.4,0.6,101
2144,50107686,NOI DUE CAFE,"491 COLUMBUS AVENUE, MANHATTAN, NY 10024",Noi Due Cafe,0x89c2588a934f97df:0xf8b6aae16508c16d,,40.7849326,-73.97305949999999,7,6,0,People typically spend 45 min to 4 hr here,4.6,2025,6,6,239,Upper West Side South,1600.0,88.0,1.0,0.1,0.9,75
2145,50107871,CHAMPION PIZZA,"2 WEST   14 STREET, MANHATTAN, NY 10011",Champion Pizza - 5th Ave,0x89c2599817371b6f:0xdbc7105203dc91cb,,40.7359258,-73.9939151,7,6,0,,4.0,814,6,6,113,Greenwich Village North,2112.6,141.5442,1.8,0.5,0.5,25
2146,50107904,BANH,"942 AMSTERDAM AVENUE, MANHATTAN, NY 10025",Bánh,0x89c2f79ec93dfdb3:0x7f9cb46cb7b7e20f,,40.8008758,-73.96567759999999,5,6,0,People typically spend 45 min to 1.5 hr here,4.5,649,4,6,24,Bloomingdale,1360.0,81.6,1.1,0.2,0.8,15
2147,50107906,OM RESTAURANT,"1531 YORK AVENUE, MANHATTAN, NY 10028",OM,0x89c258bbff0ebe97:0x4346de8c4f4dd66,,40.7726799,-73.9497983,7,6,0,,4.3,348,6,6,262,Yorkville East,1200.0,66.0,1.0,0.15,0.85,38
2148,50107981,COUNTER & BODEGA,"216 7TH AVE, MANHATTAN, NY 10011",Counter & Bodega,0x89c259e3e27aa855:0x7b7351162221a009,,40.7438248,-73.9962761,7,6,0,,4.4,752,6,6,90,Flatiron,1166.666666666667,70.0,1.2,0.2,0.8,31
2149,50108065,CHICK-FIL-A,"1536 3 AVENUE, MANHATTAN, NY 10028",Chick-fil-A,0x89c2598c60fbd071:0xc5dd2304200fed3f,,40.7792555,-73.9539523,1,5,0,People typically spend 10-45 min here,4.4,1516,0,6,236,Upper East Side North,682.0,45.694,2.0,0.5,0.5,59
2150,50108087,5IVE SPICE,"227 MULBERRY STREET, MANHATTAN, NY 10012",5ive Spice Tacos & Banh Mi,0x89c25908d8f65f3b:0x24607f742277ab9b,,40.7225831,-73.9962714,7,6,0,,4.6,979,6,6,144,Little Italy/NoLiTa,7068.3,424.098,1.1,0.2,0.8,16
2151,50108317,KFC,"242 EAST   14 STREET, MANHATTAN, NY 10003",KFC,0x89c2599e5a0fa77f:0xb5c1843dfce31246,,40.7323158,-73.9853406,7,6,0,People typically spend 20 min here,3.4,1551,6,6,79,East Village,663.96,44.48532000000001,2.0,0.5,0.5,63
2152,50108333,HAY HAY ROASTED,"81 MOTT STREET, MANHATTAN, NY 10013",Hay Hay Roasted,0x89c25b49006982c7:0xd4c262d1f1f9f62f,,40.7165791,-73.9980362,7,6,0,People typically spend 15-45 min here,4.3,664,6,6,45,Chinatown,460.0,27.6,1.2,0.3,0.7,14
2153,50108675,ROCCO'S PIZZA,"148 8 AVENUE, MANHATTAN, NY 10011",ROCCO'S PIZZA,0x89c259bc8389fd35:0x5670b57af9fe0810,,40.741757,-74.000708,7,6,0,,3.7,323,6,6,90,Flatiron,2400.0,160.8,1.8,0.5,0.5,31
2154,50108809,ZUCKER'S BAGELS & SMOKED FISH,"125 FULTON STREET, MANHATTAN, NY 10038",Zucker’s Bagels & Smoked Fish,0x89c25b8289d83995:0xa5b607526ac39aff,,40.7102112,-74.007182,7,5,0,,4.0,557,6,6,209,Seaport,662.3333333333334,54.97366666666667,3.0,0.8,0.1999999999999999,18
2155,50108855,STOUT NYC,"109 WEST   39 STREET, MANHATTAN, NY 10018",Stout NYC,0x89c25965a69ec0fd:0x9a38c950d92a7e95,,40.7533433,-73.986043,7,6,0,People typically spend 45 min to 2.5 hr here,4.6,882,6,6,100,Garment District,2973.725,178.4235,1.2,0.2,0.8,73
2156,50108977,CHEF YU,"520 8 AVENUE, MANHATTAN, NY 10018",Chef Yu,0x89c259adab5d38ad:0xf6f61c1def7a611e,,40.7535052,-73.99231139999999,7,6,0,People typically spend 45 min to 1.5 hr here,4.1,1550,6,6,100,Garment District,1480.11,88.80659999999997,1.2,0.3,0.7,73
2157,50109092,MILK & HOPS,"166 9 AVENUE, MANHATTAN, NY 10011",Milk & Hops,0x89c259b913afa637:0xa67ff555a81db866,,40.7446831,-74.00232079999999,7,6,0,People typically spend 45 min to 2.5 hr here,4.7,755,6,6,68,East Chelsea,666.6666666666666,39.99999999999999,1.2,0.2,0.8,303
2158,50109386,UPSIDE PIZZA,"51 SPRING STREET, MANHATTAN, NY 10012",Upside Pizza,0x89c25959c45a8427:0x7de477bb7792163e,,40.7220642,-73.9963255,7,6,0,People typically spend 20 min to 1.5 hr here,4.3,942,6,6,144,Little Italy/NoLiTa,200.0,13.4,1.8,0.5,0.5,16
2159,50109521,BURGERMANIA,"274 WEST   40 STREET, MANHATTAN, NY 10018",Burgermania,0x89c2597a0754e1c3:0x9ece873ac705a039,,40.7557265,-73.99051519999999,7,6,0,,4.5,1570,6,6,100,Garment District,8000.0,664.0,2.5,0.6,0.4,73
2160,50109601,INSOMNIA COOKIES,"125 CHURCH STREET, MANHATTAN, NY 10007",Insomnia Cookies,0x89c25b4093a82cd1:0xf07ff5b01c7f9421,,40.7140133,-74.0083461,7,6,0,,4.4,250,6,6,231,TriBeCa/Civic Center,741.6666666666666,44.49999999999999,1.2,0.2,0.8,50
2161,50109699,MR. LEE'S BAKERY,"283 WEST  118 STREET, MANHATTAN, NY 10026",Lee Lee's Baked Goods,0x89c2f614041f2bc3:0x19b5d50daffec30e,,40.8056949,-73.9539762,7,6,0,,4.8,426,6,6,41,Central Harlem,2055.6,170.6148,3.0,0.7,0.3,44
2162,50109998,BAYA BAR,"232 MULBERRY STREET, MANHATTAN, NY 10012",Baya Bar - Acai & Smoothie Shop,0x89c2591527bdf88f:0x3fc4ccaa0ded6e50,,40.7224981,-73.995728,7,6,0,,4.6,226,6,6,144,Little Italy/NoLiTa,1152.0,95.616,3.0,0.8,0.1999999999999999,16
2163,50110113,NELLY'S CHICKEN & PIZZA,"2236 AMSTERDAM AVENUE, MANHATTAN, NY 10032",Nelly’s Chicken & Pizza,0x89c2f526eff6e53d:0x43672c80aaf30036,,40.841938,-73.93564049999999,7,6,0,People typically spend 15 min to 2.5 hr here,4.6,108,6,6,244,Washington Heights South,520.0,34.84,2.0,0.5,0.5,149
2164,50110386,MAGNOLIA BAKERY,"383 WEST   31 STREET, MANHATTAN, NY 10001",Magnolia Bakery - Moynihan Train Hall,0x89c259b4d0b1ca29:0x862edab9491c5a0e,,40.7516267,-73.9954372,7,6,0,,4.0,541,6,6,68,East Chelsea,1185.0,98.355,3.0,0.7,0.3,303
2165,50110540,ELECTRIC BURRITO,"81 SAINT MARKS PLACE, MANHATTAN, NY 10003",Electric Burrito,0x89c2596e2ea06b97:0x88932bc92af52c34,,40.7278725,-73.9854694,7,6,0,,4.4,545,6,6,79,East Village,426.6666666666667,28.58666666666667,1.8,0.4,0.6,63
2166,50110563,WOK IN THE CLOUDS,"127 EAST   28 STREET, MANHATTAN, NY 10016",WOK IN THE CLOUDS,0x89c2595d488e448b:0xa1354a0b7af59a9b,,40.742965,-73.9827576,7,6,0,,4.5,398,6,6,170,Murray Hill,933.84,51.3612,1.0,0.15,0.85,92
2167,50110603,LE PAIN QUOTIDIEN,"370 LEXINGTON AVENUE, MANHATTAN, NY 10017",Le Pain Quotidien,0x89c259604c2b8811:0xcd8ad1ad0d301a69,,40.7508041,-73.97693679999999,7,6,0,,3.8,240,6,6,170,Murray Hill,658.8166666666667,54.68178333333334,2.5,0.6,0.4,92
2168,50110682,SPICE MANTRA,"1047 2 AVENUE, MANHATTAN, NY 10022",Spice Mantra,0x89c25947c6b3fe6d:0xe17bf696afeb6796,,40.7582549,-73.96627749999999,7,6,0,People typically spend 45 min to 1.5 hr here,4.7,475,6,6,229,Sutton Place/Turtle Bay North,1980.8,108.944,1.0,0.15,0.85,48
2169,50110716,GABBY O'HARAS,"123 WEST   39 STREET, MANHATTAN, NY 10018",Gabby O'Haras,0x89c259ab069e08bf:0x33ff503d7d6129d7,,40.7535778,-73.9863984,7,6,0,People typically spend 45 min to 2.5 hr here,4.4,974,6,6,100,Garment District,1020.033333333333,56.10183333333334,1.0,0.1,0.9,73
2170,50110739,BONSAII CAFE,"127 EAST   55 STREET, MANHATTAN, NY 10022",BONSAII Tapas & Wine Bar,0x89c259956941f975:0x50d2166699841d27,,40.7600087,-73.9704053,7,6,0,People typically spend 10-45 min here,4.8,807,6,6,162,Midtown East,8000.0,664.0,3.0,0.7,0.3,108
2171,50110918,IL POSTINO RISTORANTE,"133 EAST   61 STREET, MANHATTAN, NY 10065",IL Postino,0x89c258e268d64569:0x460d8901d76d8d8,,40.7638212,-73.96758419999999,7,6,0,People typically spend 4 hours here,4.4,313,6,6,237,Upper East Side South,2124.0,116.82,1.0,0.1,0.9,131
2172,50111048,SUGARFISH,"152 EAST   53 STREET, MANHATTAN, NY 10022",SUGARFISH by sushi nozawa,0x89c2597eb1eeaec5:0x6ed870b0000a14b5,,40.7579493,-73.9703377,7,6,0,People typically spend 1-2 hours here,4.4,615,6,6,162,Midtown East,5790.3,318.4665,1.0,0.15,0.85,108
2173,50111188,BLUESTONE LANE,"55 HUDSON YARDS, MANHATTAN, NY 10001",Bluestone Lane 55 Hudson Yards Café,0x89c259abb076cfd5:0xab8f3a2dd95dfb59,,40.7551684,-74.0015389,7,6,0,People typically spend 45 min to 4 hr here,4.6,1173,6,6,246,West Chelsea/Hudson Yards,8000.0,480.0,1.2,0.2,0.8,114
2174,50111267,CAFE LUNA,"628 HUDSON STREET, MANHATTAN, NY 10014",Cafe Luna,0x89c2596fcedfcf91:0xf0952161b4afbde,,40.7383306,-74.0053786,7,6,0,People typically spend 45 min to 2.5 hr here,4.5,835,6,6,249,West Village,200.0,12.0,1.2,0.2,0.8,30
2175,50111282,ORIENTAL CHINESE FOOD TAKEOUT,"3774 BROADWAY, MANHATTAN, NY 10032",Oriental Chinese Restaurant,0x89c2f685d4dcfcd3:0x7774ae4e1bf0a08f,,40.833751,-73.9448045,7,6,0,,3.5,83,6,6,244,Washington Heights South,1000.0,60.0,1.2,0.3,0.7,149
2176,50112310,DOABA DELI,"945 COLUMBUS AVE, MANHATTAN, NY 10025",Doaba Deli,0x89c2f623027112af:0x294c0106338dcd94,,40.7994716,-73.9624662,7,6,0,People typically spend 15-45 min here,4.6,637,6,6,24,Bloomingdale,480.0,26.4,1.0,0.15,0.85,25
2177,50112425,SURAM,"21 WEST END AVENUE, MANHATTAN, NY 10023",Suram Sushi & Ramen,0x89c2591f9e2e1e1d:0xbb4c158ed3eb5822,,40.7726985,-73.98988969999999,7,6,0,People typically spend 30 min to 3 hr here,4.5,399,6,6,143,Lincoln Square West,2913.6,160.248,1.0,0.15,0.85,52
2178,50112658,DYCKMAN PALACE PIZZA,"121 DYCKMAN STREET, MANHATTAN, NY 10040",Pizza Palace,0x89c2f40630e07791:0x129adb03217cd9e9,,40.8624803,-73.9250818,7,6,0,People typically spend 20 min here,4.8,664,6,6,127,Inwood,3000.0,201.0,1.8,0.5,0.5,16
2179,50112960,CAFE CHINA,"59 WEST   37 STREET, MANHATTAN, NY 10018",Café China,0x89c25900adca7485:0x1d4ea398ad50e0c,,40.7515713,-73.9858221,7,6,0,People typically spend 1-2 hours here,4.3,3114,6,6,164,Midtown South,2282.805,136.9683,1.2,0.3,0.7,49
2180,50112974,TAVERN ON READE,"59 READE STREET, MANHATTAN, NY 10007",Tavern On Reade,0x89c25b6875773f13:0x6e28f99635c65280,,40.7147693,-74.00662849999999,7,6,0,People typically spend 1-3 hours here,4.4,236,6,6,231,TriBeCa/Civic Center,876.6666666666666,52.6,1.2,0.2,0.8,50
2181,50113001,PAQUITA,"242 WEST   10 STREET, MANHATTAN, NY 10014",Paquita,0x89c2591e21e388d5:0x88f3d13c973880eb,,40.7336769,-74.0057112,7,6,0,,4.4,241,6,6,249,West Village,910.8,75.5964,3.0,0.7,0.3,30
2182,50113149,LE PAIN QUOTIDIEN,"1400 BROADWAY, MANHATTAN, NY 10018",Le Pain Quotidien,0x89c2595d8af37405:0x4aa354a70c04e8d0,,40.7529355,-73.98706969999999,7,5,0,,3.8,256,6,6,100,Garment District,1020.033333333333,84.66276666666668,3.0,0.7,0.3,63
2183,50113210,FLAME,"381 3 AVENUE, MANHATTAN, NY 10016",Flame Hibachi,0x89c25909bc9a3bc9:0x9f6c11efbf007e55,,40.7414918,-73.9809179,7,6,0,,4.4,610,6,6,137,Kips Bay,872.5,52.35,1.1,0.2,0.8,188
2184,50113211,BONDI SUSHI,"1140 3 AVENUE, MANHATTAN, NY 10065",Bondi Sushi,0x89c2599eb75263d3:0xcf5950ab4caf3856,,40.766525,-73.9632017,7,6,0,,4.4,424,6,6,237,Upper East Side South,5843.55,321.39525,1.0,0.15,0.85,131
2185,50113213,GUAC TIME,"599 AVENUE OF THE AMERICAS, MANHATTAN, NY 10011",Guac Time Mexican Grill,0x89c259199a5be157:0x4679dcec7410d12,,40.7395675,-73.9955213,7,6,0,People typically spend 15 min to 2.5 hr here,4.1,567,6,6,90,Flatiron,2866.5,192.0555,1.8,0.4,0.6,31
2186,50113217,ARI SUSHI,"402 WEST   44 STREET, MANHATTAN, NY 10036",Ari Sushi,0x89c259cdd828bb21:0x528faa1bc2200e2a,,40.7598385,-73.99216,7,6,0,People typically spend 30 min to 1 hr here,4.5,339,6,6,48,Clinton East,600.0,33.0,1.0,0.15,0.85,130
2187,50113394,CHELSEA BAGEL & PIZZERIA,"62 EAST   34 STREET, MANHATTAN, NY 10016",Chelsea Bagel & pizzeria,0x89c259bd9165e9e9:0x12f8ea4feca30105,,40.7501243,-73.9717727,7,6,0,,4.1,355,6,6,164,Midtown South,3939.75,236.385,1.2,0.2,0.8,49
2188,50113410,THE MARY LANE,"99 BANK STREET, MANHATTAN, NY 10014",The Mary Lane,0x89c2596adc65fabd:0xfcbb8a5e97323af4,,40.7365543,-74.0064596,7,6,0,People typically spend 1-2.5 hours here,4.6,460,6,6,158,Meatpacking/West Village West,480.24,28.8144,1.2,0.2,0.8,21
2189,50113612,ELLA'S CAFE,"1465 2 AVENUE, MANHATTAN, NY 10075",Ella's Cafe Espresso & Wine Bar,0x89c259b2c6173e25:0xa70ce622ea83bdb3,,40.771602,-73.95658279999999,7,6,0,People typically spend 20 min to 1.5 hr here,4.7,545,6,6,141,Lenox Hill West,780.0,64.74000000000001,3.0,0.7,0.3,83
2190,50113658,STEAK & HOAGIES,"1657 MADISON AVENUE, MANHATTAN, NY 10029",Steak & Hoagies,0x89c2f77022009ac5:0x50b60c17f4e9fe4f,,40.7963698,-73.9472158,7,6,0,,3.7,37,6,6,75,East Harlem South,1440.0,86.39999999999999,1.2,0.3,0.7,186
2191,50113868,DAILY PROVISIONS,"29 BEDFORD STREET, MANHATTAN, NY 10014",Daily Provisions,0x89c259aeb903543f:0xd09e2fef0cf5d06d,,40.7292206,-74.0037316,7,6,0,People typically spend 15 min to 3.5 hr here,4.5,306,6,6,249,West Village,1200.0,72.0,1.2,0.2,0.8,30
2192,50113973,BELLA UNION,"411 3 AVENUE, MANHATTAN, NY 10016",Bella Union,0x89c259512ff26285:0x1d631662c3bf97ab,,40.7423712,-73.9801834,7,6,0,People typically spend 1-2.5 hours here,4.4,469,6,6,137,Kips Bay,844.3333333333334,50.66,1.2,0.2,0.8,188
2193,50114313,EL GALLO TAQUERIA,"502 AMSTERDAM AVENUE, MANHATTAN, NY 10024",El Gallo Taqueria,0x89c259d241073f3b:0x5b45f64e2e4b189a,,40.7866992,-73.9760929,7,6,0,,4.8,2626,6,6,239,Upper West Side South,1000.0,67.0,1.8,0.4,0.6,75
2194,50114358,DUNKIN DONUTS,"1006 1 AVENUE, MANHATTAN, NY 10022",Dunkin',0x89c2596132edcf39:0x9ecda36bbb94b233,,40.7571581,-73.9634713,7,5,0,,4.0,35,6,6,229,Sutton Place/Turtle Bay North,3325.0,199.5,1.2,0.2,0.8,78
2195,50114601,EMMETT'S ON GROVE,"39 GROVE STREET, MANHATTAN, NY 10014",Emmett's on Grove,0x89c2593b38964921:0xca15ababdded7d73,,40.732921,-74.0045142,7,6,0,People typically spend 1.5-4 hours here,4.3,396,6,6,249,West Village,1080.0,72.36,1.8,0.5,0.5,30
2196,50114708,HOUSE OF JOY,"28 PELL STREET, MANHATTAN, NY 10013",House of Joy,0x89c25b173ebfe4f9:0xd51988199685508e,,40.7150183,-73.9984912,7,6,0,People typically spend 1-2.5 hours here,4.1,1426,6,6,45,Chinatown,380.0,22.8,1.2,0.3,0.7,14
2197,50115043,ALL & SUNDRY,"312 W 58TH ST, MANHATTAN, NY 10019",all & sundry,0x89c259f705817e09:0xb5be362fc8a2a805,,40.7675444,-73.9832993,7,6,0,People typically spend 3.5 hours here,4.5,348,6,6,48,Clinton East,1008.9,60.534,1.2,0.2,0.8,130
2198,50115279,ZOU ZOU'S,"438 WEST   33 STREET, MANHATTAN, NY 10001",Zou Zou’s,0x89c25995efe75629:0xd56e6bee5941d92d,,40.7529706,-73.9986785,7,6,0,People typically spend 1.5-4 hours here,4.3,1390,6,6,68,East Chelsea,2230.75,133.845,1.2,0.2,0.8,303
2199,50115702,SEFTON,"1373 1 AVENUE, MANHATTAN, NY 10021",Sefton,0x89c2599c61417dc9:0x602bd1fb40604082,,40.7690659,-73.955394,7,6,0,People typically spend 30 min to 2 hr here,4.5,283,6,6,141,Lenox Hill West,960.0,57.6,1.2,0.2,0.8,83
2200,50115750,STARBUCKS COFFEE #62547,"435 WEST   31 STREET, MANHATTAN, NY 10001",Starbucks Coffee Company,0x89c25995985f2ec9:0x740c92b5a122770a,,40.7521,-73.99831,7,4,0,,3.8,100,6,6,68,East Chelsea,2923.965,242.689095,3.0,0.7,0.3,286
2201,50115793,TU SABOR LATINO,"3881 BROADWAY, MANHATTAN, NY 10032",Tu Sabor Latino Restaurant,0x89c2f7f0ef5cbdcd:0x8f6b05b1d5097e5e,,40.8374253,-73.9427358,7,6,0,,3.2,19,6,6,244,Washington Heights South,3000.0,180.0,1.2,0.2,0.8,149
2202,50115887,TERIYAKI R US,"150 WEST   49 STREET, MANHATTAN, NY 10019",Teriyaki R Us - Times Square,0x89c259776e122ccd:0xfede966819bf9032,,40.7601233,-73.9832438,7,6,0,,4.6,1129,6,6,230,Times Sq/Theatre District,1200.0,72.0,1.1,0.2,0.8,118
2203,50115902,AVOCA,"1678 1 AVENUE, MANHATTAN, NY 10128",Avoca,0x89c25995b4dced0d:0xd24249747e8e7113,,40.7778508,-73.94831239999999,7,6,0,People typically spend 45 min to 3.5 hr here,4.8,1809,6,6,262,Yorkville East,320.0,19.2,1.2,0.2,0.8,38
2204,50115905,JIANG KITCHEN,"65 SAINT MARKS PLACE, MANHATTAN, NY 10003",Jiang's Kitchen 疆湖 - Halal Chinese Food,0x89c2594d16902583:0x520c4b13fed36ee2,,40.7281888,-73.9860631,7,6,0,People typically spend 45 min to 2 hr here,4.6,676,6,6,79,East Village,1500.0,90.0,1.2,0.3,0.7,63
2205,50115927,SUSHI W,"2673 BROADWAY, MANHATTAN, NY 10025",Sushi W - UWS,0x89c2f789140f4531:0x573f174d4f33cdc0,,40.7984531,-73.9693977,7,6,0,People typically spend 1-3 hours here,4.8,635,6,6,151,Manhattan Valley,400.0,22.0,1.0,0.15,0.85,38
2206,50115959,SOHO ROOM,"201 SPRING STREET, MANHATTAN, NY 10012",Soho Room,0x89c25955566287a5:0xfc66a14f9c3237e2,,40.7254295,-74.0034103,7,6,0,People typically spend 45 min to 2.5 hr here,4.1,420,6,6,211,SoHo,270.4,16.224,1.2,0.2,0.8,26
2207,50116168,SAUCE PIZZERIA,"421 8 AVENUE, MANHATTAN, NY 10001",Sauce Pizzeria - Moynihan Food Hall,0x89c259230015cad1:0xf2b764df70e50a52,,40.7519557,-73.9959075,7,6,0,,3.3,334,6,6,68,East Chelsea,1150.0,77.05000000000001,1.8,0.5,0.5,303
2208,50116365,BURGER JOINT,"383 WEST   31 STREET, MANHATTAN, NY 10001",Burger Joint,0x89c25977467b7dbb:0xf850fcb253e485d3,,40.7517186,-73.99570469999999,7,6,0,,3.3,179,6,6,68,East Chelsea,1185.0,98.355,2.5,0.6,0.4,303
2209,50116606,PETITE MAMAN,"441 8 AVENUE, MANHATTAN, NY 10001",{petite} maman,0x89c2590079cca0e1:0x6dd16e5b9e6cb1d3,,40.751483,-73.995825,7,6,0,,4.3,281,6,6,68,East Chelsea,530.4375,44.0263125,2.5,0.6,0.4,303
2210,50116612,ALIDORO,"383 WEST   31 STREET, MANHATTAN, NY 10001",ALIDORO,0x89c259bea31d9aaf:0x2e1ca939815508e0,,40.7517213,-73.995863,7,6,0,,3.4,144,6,6,68,East Chelsea,1185.0,65.175,1.0,0.1,0.9,303
2211,50116638,BARRY'S EAST 86TH,"241 EAST   86 STREET, MANHATTAN, NY 10028",Barry's East 86th,0x89c259eed89482b7:0x235b411bb3bf45e7,,40.7783943,-73.95239339999999,7,6,0,People typically spend 1-2 hours here,4.6,111,6,6,263,Yorkville West,1776.8,147.4744,3.0,0.8,0.1999999999999999,73
2212,50116690,SMASHBURGER #1747,"804 LEXINGTON AVENUE, MANHATTAN, NY 10065",Smashburger,0x89c259921a684327:0x573f667acdaedc3e,,40.7643089,-73.96697499999999,7,6,0,People typically spend 20 min to 1 hr here,4.3,774,6,6,237,Upper East Side South,816.5,67.76950000000001,2.5,0.6,0.4,131
2213,50116749,T-SWIRL CREPE,"2 MOTT STREET, MANHATTAN, NY 10013",T-swirl Crepe,0x89c25a2692465747:0xcccacc37dc22f70a,,40.713843,-73.99855699999999,7,6,0,,4.6,350,6,6,45,Chinatown,3887.775,322.685325,2.5,0.6,0.4,14
2214,50116774,TROPICAL SENSATION,"953 AMSTERDAM AVENUE, MANHATTAN, NY 10025",Tropical Sensation,0x89c2f6235ee782e5:0x5348229b1dad6713,,40.800894,-73.965154,7,6,0,People typically spend 10 min to 1 hr here,4.3,732,6,6,24,Bloomingdale,877.75,52.665,1.2,0.2,0.8,25
2215,50117018,XI'AN FAMOUS FOODS,"8 LIBERTY PLACE, MANHATTAN, NY 10038",Xi'an Famous Foods 西安名吃 | Financial District,0x89c25b983f12f9af:0x97cbe95d20a93e08,,40.7091987,-74.0092858,7,6,0,People typically spend 25 min here,4.5,1112,6,6,87,Financial District North,800.0,48.0,1.2,0.3,0.7,29
2216,50117123,THE LONG POUR,"155 2 AVENUE, MANHATTAN, NY 10003",The Long Pour,0x89c2594545cb9c6f:0x70807ac63b158fe4,,40.7296506,-73.9871459,7,6,0,,4.4,142,6,6,79,East Village,1680.0,100.8,1.2,0.2,0.8,63
2217,50117129,DUNKIN,"1590 MADISON AVENUE, MANHATTAN, NY 10029",Dunkin',0x89c2f787aae79eab:0xbf86f399db7d2098,,40.7939981,-73.94950039999999,7,5,0,,4.2,82,6,6,75,East Harlem South,8000.0,664.0,3.0,0.8,0.1999999999999999,106
2218,50117248,MEZCALI,"83 MAIDEN LANE, MANHATTAN, NY 10038",Mezcali,0x89c25bdabea55d03:0x83a4f2f3dc3b58c7,,40.7074546,-74.0074691,7,6,0,People typically spend 45 min to 2.5 hr here,4.8,2819,6,6,87,Financial District North,1943.125,130.189375,1.8,0.4,0.6,29
2219,50117320,ANYTIME STREET,"34 SAINT MARKS PLACE, MANHATTAN, NY 10003",Anytime Street,0x89c25915192cf8e3:0x5120867e82d79a53,,40.7287257,-73.98830339999999,7,6,0,,4.7,311,6,6,79,East Village,778.6666666666666,42.82666666666667,1.0,0.15,0.85,63
2220,50117354,VESUVIO BAKERY,"441 8TH AVE, MANHATTAN, NY 10001",Vesuvio Bakery Moynihan Train Hall,0x89c2599d22096ead:0xf0be279cf70bed09,,40.7516254,-73.9948885,7,5,0,,4.0,73,6,6,68,East Chelsea,530.4375,44.0263125,3.0,0.7,0.3,182
2221,50117428,GADFLY BAR,"258 WEST   15 STREET, MANHATTAN, NY 10011",Gadfly Bar,0x89c259478010451b:0xf4429b79d841a334,,40.7400647,-74.0016637,7,6,0,People typically spend 1.5-4 hours here,4.6,253,6,6,90,Flatiron,537.6,32.256,1.2,0.2,0.8,31
2222,50117581,MAESTRO,"102 MACDOUGAL STREET, MANHATTAN, NY 10012",Maestro,0x89c2592e64ff30af:0xcab4c7475ba08a9f,,40.7293927,-74.0009164,7,6,0,People typically spend 1-4 hours here,4.6,1618,6,6,114,Greenwich Village South,246.4285714285714,13.55357142857143,1.0,0.1,0.9,15
2223,50117886,LUMLUM,"404 W 49TH ST, MANHATTAN, NY 10019",LumLum,0x89c25916ef560c79:0xdc6aa043aeab7d87,,40.7629548,-73.9898444,7,6,0,People typically spend 45 min to 1.5 hr here,4.8,4968,6,6,48,Clinton East,864.24,47.5332,1.0,0.15,0.85,130
2224,50117959,SOL MAYA RESTAURANT,"2061 2 AVENUE, MANHATTAN, NY 10029",Sol Maya Restaurant,0x89c2f75e1f69d9c9:0xc8178fb61f6fbfd1,,40.790568,-73.942769,7,6,0,People typically spend 45 min to 1.5 hr here,4.4,246,6,6,75,East Harlem South,360.0,24.12,1.8,0.4,0.6,186
2225,50117985,MCDONALD'S,"39 UNION SQUARE WEST, MANHATTAN, NY 10003",McDonald's,0x89c259a1f97f7da5:0x8cca2a0e970cea64,,40.7370075,-73.9905983,7,4,0,People typically spend 25 min here,3.6,2171,6,6,234,Union Sq,5830.2,483.9066,2.5,0.6,0.4,139
2226,50118072,BIRRIA L.E.S.,"127 RIVINGTON STREET, MANHATTAN, NY 10002",Birria LES,0x89c25901e9d29231:0x57ef16a3a0817187,,40.7196344,-73.9871106,7,6,0,,4.6,1131,6,6,148,Lower East Side,800.0,53.6,1.8,0.4,0.6,43
2227,50118086,FASANO,"280 PARK AVENUE, MANHATTAN, NY 10017",Fasano Restaurant New York,0x89c259422bccd341:0xa0ad52fb7203ae92,,40.7567686,-73.97552759999999,1,6,0,People typically spend 1.5-4 hours here,4.6,360,0,6,161,Midtown Center,4827.075,265.489125,1.0,0.1,0.9,793
2228,50118276,IPIZZANY,"658 9 AVENUE, MANHATTAN, NY 10036",iPizzaNY- Times Square,0x89c2594089d0813b:0x4787e672080516b2,,40.7608035,-73.9906251,7,6,0,,4.4,388,6,6,48,Clinton East,832.0,55.744,1.8,0.5,0.5,130
2229,50118311,NOGLU,"21 EAST   90 STREET, MANHATTAN, NY 10128",Noglu,0x89c258a253c5fb3b:0xebc60d483b19dd72,,40.7835846,-73.9570232,7,6,0,,3.3,887,6,6,236,Upper East Side North,3824.1,317.4003,3.0,0.7,0.3,115
2230,50118540,DADDIES,"450 HUDSON STREET, MANHATTAN, NY 10014",Daddies,0x89c259cc5116d119:0x7def210ab8f8d3d6,,40.7312196,-74.0065106,7,6,0,People typically spend 25 min to 2.5 hr here,4.2,239,6,6,249,West Village,696.0,38.28,1.0,0.1,0.9,30
2231,50118553,TEN THOUSAND,"1410 BROADWAY, MANHATTAN, NY 10018",Ten Thousand Coffee,0x89c259ea0e6d39f9:0x5ce07a69de5ef70d,,40.7532395,-73.9869855,7,6,0,People typically spend 15 min to 2.5 hr here,4.2,762,6,6,100,Garment District,1020.033333333333,84.66276666666668,3.0,0.7,0.3,73
2232,50118554,ROTHSCHILD TLV,"1129 LEXINGTON AVENUE, MANHATTAN, NY 10075",Rothschild TLV,0x89c259242cd4e1b9:0x47696225bf03c10a,,40.7744784,-73.9589774,7,6,0,People typically spend 1.5-4 hours here,4.6,492,6,6,236,Upper East Side North,1080.4,64.824,1.1,0.15,0.85,115
2233,50118576,HAWA SMOOTHIE & BUBBLE TEA,"850 9 AVENUE, MANHATTAN, NY 10019",Hawa Smoothies & Bubble Tea,0x89c2590919a1b699:0x75e77e816b27662e,,40.766796,-73.98631859999999,7,6,0,,4.6,86,6,6,48,Clinton East,400.0,33.2,3.0,0.8,0.1999999999999999,130
2234,50118585,ZAZA GREENWICH ST,"104 GREENWICH STREET, MANHATTAN, NY 10006",ZAZA,0x89c259fded265645:0x575087e4182637d8,,40.7084781,-74.013525,7,6,0,People typically spend 45 min to 1.5 hr here,4.5,1682,6,6,261,World Trade Center,578.9333333333334,34.736,1.2,0.2,0.8,23
2235,50118694,SUBWAY,"113 EAST   14 STREET, MANHATTAN, NY 10003",Subway,0x89c25998ca036c7f:0xf9809eb091d665b1,,40.7343223,-73.9889831,7,6,0,People typically spend 30 min to 3.5 hr here,4.4,452,6,6,107,Gramercy,1488.042857142857,123.5075571428571,2.5,0.6,0.4,46
2236,50118808,THE NAKED PIG,"922 3 AVENUE, MANHATTAN, NY 10022",The Naked Pig,0x89c25923db6579bb:0x5e1591020c3d243d,,40.7594335,-73.9685214,7,6,0,People typically spend 1-2.5 hours here,4.5,1199,6,6,162,Midtown East,1200.0,72.0,1.2,0.2,0.8,108
2237,50118912,RICE TO RICHES,"37 SPRING STREET, MANHATTAN, NY 10012",Rice To Riches,0x89c25988b16d50b7:0x9742f9568a8cafb5,,40.7218528,-73.99580279999999,7,6,0,People typically spend 10-45 min here,4.6,3428,6,6,144,Little Italy/NoLiTa,915.2,54.912,1.1,0.2,0.8,16
2238,50118931,MOMOYA SOHO,"47 PRINCE STREET, MANHATTAN, NY 10012",Momoya SoHo,0x89c25958b13b1ce1:0x806f238d4899e426,,40.7235132,-73.9958467,7,6,0,People typically spend 1.5-4 hours here,4.6,1517,6,6,144,Little Italy/NoLiTa,2285.0,125.675,1.0,0.15,0.85,16
2239,50119000,LE DIVE,"37 CANAL STREET, MANHATTAN, NY 10002",Le Dive,0x89c25b44d3d085a3:0xced6a4583d9f6aa2,,40.71476,-73.99094339999999,7,6,0,People typically spend 1-4 hours here,4.0,359,6,6,148,Lower East Side,501.6,25.08,0.8,0.05,0.95,43
2240,50119094,ORAI RECORD BAR,"212 EAST   52 STREET, MANHATTAN, NY 10022",Bar Orai,0x89c2597fe23aed45:0x86ebb7ccf68723cb,,40.7566694,-73.9692585,2,6,0,People typically spend 45 min to 3 hr here,4.5,201,1,6,229,Sutton Place/Turtle Bay North,1519.56,83.5758,1.0,0.15,0.85,78
2241,50119095,RAJ'S INDIAN KITCHEN,"53 NASSAU STREET, MANHATTAN, NY 10038",Raj's Indian Kitchen FiDi,0x89c25bf527440cb1:0xb88b82611007823,,40.7090337,-74.0091413,1,6,0,People typically spend 10-45 min here,4.2,324,0,6,87,Financial District North,2289.5,125.9225,1.0,0.15,0.85,50
2242,50119217,WEST NEW MALAYSIA RESTAURANT,"69 BAYARD STREET, MANHATTAN, NY 10013",West New Malaysia,0x89c259d45b5aa6f7:0x5ce6fed75434dcff,,40.71548,-73.9983019,7,6,0,People typically spend 30 min to 1 hr here,4.5,590,6,6,45,Chinatown,1000.0,60.0,1.1,0.2,0.8,14
2243,50119264,KORE COFFEE,"26A ELIZABETH STREET, MANHATTAN, NY 10013",Koré Coffee,0x89c25b3c53ecbe67:0x3bccb739cc89dafe,,40.7161808,-73.9970865,7,6,0,People typically spend 20 min to 1.5 hr here,4.7,593,6,6,45,Chinatown,2395.5,198.8265,3.0,0.7,0.3,14
2244,50119316,EL LINAJE RESTAURANT,"2023 AMSTERDAM AVENUE, MANHATTAN, NY 10032",El Linaje,0x89c2f79d5ec93101:0x345bde3197ce445a,,40.8348636,-73.9403648,7,6,0,,4.7,69,6,6,244,Washington Heights South,1000.0,55.0,0.9,0.1,0.9,149
2245,50119329,DD SOUP DUMPLING,"321A W 42ND ST, MANHATTAN, NY 10036",DD Soup Dumpling & FuJi Hibachi,0x89c2595fb6b02e9d:0xd6f3fd001891a5da,,40.757913,-73.99069999999999,7,6,0,,4.7,2914,6,6,48,Clinton East,426.6666666666667,25.6,1.1,0.2,0.8,130
2246,50119509,WHITE CASTLE,"539 8 AVENUE, MANHATTAN, NY 10018",White Castle,0x89c259b86e3d110d:0xc8b652d2ac9a28a8,,40.7542519,-73.9921913,7,6,0,People typically spend 20 min to 1.5 hr here,3.5,580,6,6,68,East Chelsea,958.8333333333334,79.58316666666667,2.5,0.6,0.4,303
2247,50119540,CHICK-FIL-A,"601 WEST  181 STREET, MANHATTAN, NY 10033",Chick-fil-A,0x89c2f547d66a595b:0x5ad09efbaf61bb6,,40.8495876,-73.9338677,1,5,0,People typically spend 15 min here,4.3,422,0,6,243,Washington Heights North,3920.1,262.6467,2.0,0.5,0.5,17
2248,50119562,PLAYA BOWLS,"2327 BROADWAY, MANHATTAN, NY 10024",Playa Bowls,0x89c259e13142f2bb:0x3165d7df296d25c1,,40.7874282,-73.9776186,7,6,0,,4.7,345,6,6,239,Upper West Side South,1406.77,116.76191,3.0,0.8,0.1999999999999999,75
2249,50119564,HOMEMADE TAQUERIA,"999 COLUMBUS AVENUE, MANHATTAN, NY 10025",Homemade Taqueria Columbus,0x89c2f79b16ac47ef:0x61639f7813e01d8f,,40.8011736,-73.9612121,7,6,0,People typically spend 45 min to 4 hr here,4.6,447,6,6,24,Bloomingdale,200.0,13.4,1.8,0.4,0.6,25
2250,50119717,CHARLOTTE CAFE,"605 2 AVENUE, MANHATTAN, NY 10016",Charlotte Cafe,0x89c2595b6f576385:0xbaddfaa9b151bac8,,40.744364,-73.97650089999999,7,6,0,People typically spend 20 min to 1.5 hr here,4.9,1220,6,6,137,Kips Bay,960.0,57.6,1.2,0.2,0.8,188
2251,50119872,OXFORD CAFE,"119 EAST   60 STREET, MANHATTAN, NY 10022",Oxford Cafe,0x89c258e5647ed251:0xdbaf653474e68e6a,,40.7633427,-73.9684221,1,5,0,People typically spend 45 min to 4 hr here,4.1,276,0,6,237,Upper East Side South,936.0,56.16,1.2,0.2,0.8,103
2252,50119988,IL MONELLO,"337 EAST   49 STREET, MANHATTAN, NY 10017",Il Monello,0x89c258e26f393e2b:0x6aa46e4a92429425,,40.7537641,-73.9674672,7,6,0,People typically spend 4 hours here,4.7,148,6,6,229,Sutton Place/Turtle Bay North,1840.0,101.2,1.0,0.1,0.9,48
2253,50119996,POPEYES,"1411 SAINT NICHOLAS AVENUE, MANHATTAN, NY 10033",Popeyes Louisiana Kitchen,0x89c2f5364c1a424b:0x68b39722d152329c,,40.8488632,-73.9337728,7,6,0,,3.7,75,6,6,243,Washington Heights North,2500.0,167.5,2.0,0.5,0.5,24
2254,50120088,LISSETTE RESTAURANT,"501 WEST  145 STREET, MANHATTAN, NY 10031",Lissette Restaurant,0x89c2f6633523ebdf:0xd6912b99d4f682e6,,40.8255471,-73.9478341,7,6,0,People typically spend 10 min to 3.5 hr here,3.9,210,6,6,116,Hamilton Heights,3324.0,222.708,1.8,0.4,0.6,42
2255,50120168,LA MARCHANDE,"88 WALL STREET, MANHATTAN, NY 10005",La Marchande,0x89c25b2a119ad09b:0xb8200bb7f84a0249,,40.7054649,-74.0076406,7,6,0,People typically spend 25 min to 4 hr here,4.3,237,6,6,87,Financial District North,3664.71,183.2355,0.8,0.05,0.95,29
2256,50120274,SUPER NICE COFFEE AND BAKERY,"196 WEST  108 STREET, MANHATTAN, NY 10025",Super Nice Coffee and Bakery,0x89c2f76869e419db:0x33f07fe5f610bbc7,,40.8015048,-73.96451119999999,7,6,0,People typically spend 10 min to 4 hr here,4.6,410,6,6,24,Bloomingdale,720.0,59.76000000000001,3.0,0.7,0.3,25
2257,50120357,MCDONALD'S,"208 VARICK STREET, MANHATTAN, NY 10014",McDonald's,0x89c25992a0fd3bc7:0x563da881a254244d,,40.728794,-74.00509,7,4,5,People typically spend 10-45 min here,3.2,801,6,6,249,West Village,952.5,57.15,1.2,0.2,0.8,220
2258,50120409,GAI CHICKEN & RICE,"118 FULTON STREET, MANHATTAN, NY 10038",Gai Chicken & Rice,0x89c25b3e0da4822f:0x386426ceb5c31d98,,40.7098866,-74.0074777,7,6,0,,4.2,232,6,6,87,Financial District North,662.3333333333334,36.42833333333333,1.0,0.15,0.85,29
2259,50120411,GENKI OMAKASE,"552 LAGUARDIA PLACE, MANHATTAN, NY 10012",Genki Omakase | Sushi • Japanese,0x89c259df9af66dc7:0xbdaa69c5cf8bcbec,,40.729163,-73.9982903,7,6,0,,4.8,1406,6,6,114,Greenwich Village South,208.0,11.44,1.0,0.15,0.85,15
2260,50120453,NUBIANI,"315 5 AVENUE, MANHATTAN, NY 10016",NUBIANI - Koreatown,0x89c2596ca1d4ed5b:0xda65d8979ab658ae,,40.7469941,-73.9854149,7,6,0,People typically spend 1.5-2 hours here,4.5,1022,6,6,164,Midtown South,670.7571428571429,36.89164285714286,1.0,0.15,0.85,49
2261,50120763,ARTHUR'S TAVERN,"57 GROVE STREET, MANHATTAN, NY 10014",Arthur's Tavern,0x89c259938041998d:0xac3a5137c421e255,,40.7332013,-74.0034518,7,6,0,People typically spend 1-3 hours here,4.3,1058,6,6,249,West Village,355.2,21.312,1.2,0.2,0.8,30
2262,50120780,BAGEL PUB,"418 6 AVENUE, MANHATTAN, NY 10011",Bagel Pub,0x89c2591245e597dd:0xa1e35ddada3e1308,,40.7340176,-73.9990267,7,5,0,People typically spend 25 min to 2.5 hr here,4.5,359,6,6,113,Greenwich Village North,2240.0,185.92,3.0,0.8,0.1999999999999999,41
2263,50120967,BLANK STREET COFFEE,"181 PRINCE STREET, MANHATTAN, NY 10012",Blank Street,0x89c259e58840ac09:0xaa1a336ca0512367,,40.7265166,-74.0019816,7,6,0,,4.7,558,6,6,211,SoHo,200.0,16.6,3.0,0.7,0.3,26
2264,50120970,BLANK STREET,"19 8 AVENUE, MANHATTAN, NY 10014",Blank Street,0x89c259c287dc2ebd:0xfec7bb594b6e4e4e,,40.73782,-74.0047507,7,6,0,,4.8,560,6,6,249,West Village,960.0,79.68,3.0,0.7,0.3,30
2265,50121050,STEAM,"470 6 AVENUE, MANHATTAN, NY 10011",Steam,0x89c259bb624b8425:0x81690f73beae19b9,,40.7355572,-73.9977961,7,6,0,People typically spend 45 min to 1.5 hr here,4.5,529,6,6,113,Greenwich Village North,1760.0,105.6,1.1,0.2,0.8,25
2266,50121127,BEAR DONUT,"40 WEST   31 STREET, MANHATTAN, NY 10001",Bear Donut,0x89c259a0fa253945:0xa4f28193f24957dc,,40.747209,-73.9880577,7,6,0,,4.7,655,6,6,164,Midtown South,5100.0,423.3,3.0,0.8,0.1999999999999999,49
2267,50121179,AJI SUSHI,"838 2 AVENUE, MANHATTAN, NY 10017",Aji Sushi,0x89c25974b039c733:0x9cc2b4eafbe08f5d,,40.751445,-73.97076349999999,7,6,0,,4.6,180,6,6,233,UN/Turtle Bay South,880.0,48.4,1.0,0.15,0.85,73
2268,50121215,J'S KITCHEN NEW YORK,"261 1 AVENUE, MANHATTAN, NY 10003",J's Kitchen New York,0x89c25936c0a7d8f9:0xd1fbe743d1caf4fc,,40.732299,-73.982246,7,6,0,,4.7,607,6,6,107,Gramercy,1825.0,100.375,1.0,0.15,0.85,46
2269,50121439,JUST SALAD,"56 WEST  125 STREET, MANHATTAN, NY 10027",Just Salad,0x89c2f7ab81f0da55:0x7bb54a8843e93a47,,40.8070842,-73.9443917,7,6,0,,4.0,274,6,6,41,Central Harlem,1197.66,99.40578,2.5,0.6,0.4,44
2270,50121605,ENLY,"227 MOTT STREET, MANHATTAN, NY 10012",ENLY,0x89c2599b43264173:0x1ad925117415a479,,40.722527,-73.995468,7,6,0,,4.3,710,6,6,144,Little Italy/NoLiTa,357.2,29.6476,3.0,0.7,0.3,16
2271,50121796,HONG KONG CHINESE RESTAURANT,"1703 LEXINGTON AVENUE, MANHATTAN, NY 10029",Great Hong Kong,0x89c2f60313cd1f8b:0x282cbd256f8b2abd,,40.7927036,-73.9457722,7,6,0,,4.1,193,6,6,75,East Harlem South,1440.0,86.39999999999999,1.2,0.3,0.7,186
2272,50122064,KRUNCHY CUERITOS,"134 NAGLE AVENUE, MANHATTAN, NY 10040",Krunchy Cueritos,0x89c2f55481ac9593:0xcfc8b0c581e8d3b7,,40.861278,-73.9262265,7,6,0,People typically spend 15 min to 1 hr here,4.5,325,6,6,243,Washington Heights North,2250.0,135.0,1.2,0.2,0.8,24
2273,50122132,MOCHI DOLCI,"222 WEST   79 STREET, MANHATTAN, NY 10024",Mochi Dolci,0x89c2591bc898c6df:0xbb3555dd94340cc6,,40.7833293,-73.9794561,7,6,0,,4.3,230,6,6,239,Upper West Side South,880.0,52.8,1.1,0.2,0.8,75
2274,50122147,TADA,"70 BAYARD STREET, MANHATTAN, NY 10013",Tada,0x89c25b8e4e1883af:0x1dd33fd90f1b79f0,,40.7156513,-73.9981356,7,6,0,,4.6,432,6,6,45,Chinatown,1000.0,55.0,1.0,0.15,0.85,14
2275,50122151,BIRD IN HAND,"3569 BROADWAY, MANHATTAN, NY 10031",Bird In Hand,0x89c2f7d0378f61ad:0xa0d99db8318c0f6b,,40.8273279,-73.9501786,7,6,0,People typically spend 1-2.5 hours here,4.5,369,6,6,116,Hamilton Heights,3354.0,201.24,1.2,0.2,0.8,42
2276,50122257,GARDEN CAFE,"4961 BROADWAY, MANHATTAN, NY 10034",Garden Cafe,0x89c2f3f6e89330e9:0x693585456c54c67e,,40.8681653,-73.92052799999999,7,6,0,People typically spend 45 min to 4 hr here,4.5,495,6,6,127,Inwood,680.0,37.4,1.0,0.1,0.9,16
2277,50122279,HAWA SMOOTHIE,"201 EAST   33 STREET, MANHATTAN, NY 10016",Hawa Smoothie & Bubble Tea,0x89c25903f9358fdb:0x2150fadbee1cbf9c,,40.7450577,-73.9781495,7,6,0,,4.8,75,6,6,137,Kips Bay,828.125,68.734375,3.0,0.8,0.1999999999999999,188
2278,50122639,CRISPIANO,"130 SAINT MARKS PLACE, MANHATTAN, NY 10009",Crispiano,0x89c259e632e92489:0x280392d9c584a492,,40.7267725,-73.98358209999999,7,6,0,People typically spend 1.5-4 hours here,4.6,313,6,6,79,East Village,1288.2,86.30940000000001,1.8,0.5,0.5,63
2279,50122869,DOMINO'S PIZZA,"153 EAST  116 STREET, MANHATTAN, NY 10029",Domino's Pizza,0x89c2f608a81656b5:0x7a1063abbc600c2,,40.7986495,-73.9411238,7,6,0,,3.3,512,6,6,74,East Harlem North,1523.2,102.0544,1.8,0.5,0.5,101
2280,50122870,DOMINO'S PIZZA #3687,"464 3 AVENUE, MANHATTAN, NY 10016",Domino's Pizza,0x89c2590884f76b13:0xb9cc30a21a67efb2,,40.7443645,-73.9794723,7,6,0,,3.0,317,6,6,170,Murray Hill,8000.0,536.0,1.8,0.5,0.5,92
2281,50123009,YOI RAMEN & TEA,"573 2 AVENUE, MANHATTAN, NY 10016",Yoi Ramen & tea,0x89c259e3f4179ed9:0xf3c9aad2d7e11d7f,,40.7433013,-73.97730469999999,7,6,0,,4.5,139,6,6,137,Kips Bay,304.0,16.72,1.0,0.15,0.85,188
2282,50123155,CAZUELA MEXICANA,"207 EAST  117 STREET, MANHATTAN, NY 10035",Cazuela Mexicana,0x89c2f78da6c0c077:0x59006e1e63e6f9c9,,40.7985322,-73.93889829999999,7,6,0,,4.4,59,6,6,74,East Harlem North,2152.0,144.184,1.8,0.4,0.6,101
2283,50123174,MAY REE,"58 EAST    1 STREET, MANHATTAN, NY 10003",MayRee,0x89c259a270230d8f:0xfe7f6f3d7fda8ae,,40.7238424,-73.9892241,7,6,0,People typically spend 1-3 hours here,4.7,465,6,6,79,East Village,1710.0,94.05,1.0,0.15,0.85,63
2284,50123232,MODERN BREAD & BAGEL,"139 WEST   14 STREET, MANHATTAN, NY 10011",Modern Bread and Bagel,0x89c2592d3629c0df:0xe7a7c7929cf603b5,,40.7383176,-73.9984521,7,6,0,People typically spend 15-45 min here,4.4,839,6,6,90,Flatiron,3170.0,263.11,3.0,0.8,0.1999999999999999,31
2285,50123319,LYSEE,"44 EAST   21 STREET, MANHATTAN, NY 10010",Lysée,0x89c2596ac07cd8c3:0xb8aa92d60c6bd28a,,40.7391283,-73.9881953,7,6,0,People typically spend 15 min to 1 hr here,4.4,805,6,6,234,Union Sq,4542.0,376.9860000000001,3.0,0.7,0.3,50
2286,50123476,STARBUCKS MARQUIS,"1535 BROADWAY, MANHATTAN, NY 10036",Starbucks Coffee Company,0x89c258fdc78c6dc5:0xecf592e4e7586365,,40.75857,-73.98585,7,5,0,,2.6,113,6,6,230,Times Sq/Theatre District,403.5,33.4905,3.0,0.7,0.3,112
2287,50123489,TRUDY'S ICE CREAM,"975 COLUMBUS AVENUE, MANHATTAN, NY 10025",Trudy's Ice Cream,0x89c2f71fa281a16f:0x3b50b06477e61204,,40.8004061,-73.96181419999999,7,6,0,,4.6,154,6,6,24,Bloomingdale,1600.0,132.8,3.0,0.8,0.1999999999999999,25
2288,50123542,CAFE GRUMPY,"63 MADISON AVENUE, MANHATTAN, NY 10016",Cafe Grumpy,0x89c2591991ad8ee1:0x1075410c037a0f89,,40.7438029,-73.9855747,7,6,0,People typically spend 10-45 min here,4.1,29,6,6,234,Union Sq,352.0,21.12,1.2,0.2,0.8,50
2289,50123568,BLANK STREET COFFEE,"2345 BROADWAY, MANHATTAN, NY 10024",Blank Street,0x89c2596a59214ea9:0x908205d7507d82da,,40.7880912,-73.9771422,7,6,0,,4.5,152,6,6,239,Upper West Side South,1250.0,103.75,3.0,0.7,0.3,75
2290,50123745,BLANK STREET COFFEE,"125 CHURCH STREET, MANHATTAN, NY 10007",Blank Street,0x89c25b00cd2640b1:0xd5f8639bea64ce6a,,40.7140224,-74.0084821,7,6,0,,4.8,347,6,6,231,TriBeCa/Civic Center,741.6666666666666,61.55833333333333,3.0,0.7,0.3,50
2291,50123748,BLANK STREET COFFEE,"298 5 AVENUE, MANHATTAN, NY 10001",Blank Street,0x89c2592e75611fcb:0x2313790806ec5137,,40.746546,-73.98621039999999,7,6,0,People typically spend 15 min here,4.4,673,6,6,164,Midtown South,694.5,57.6435,3.0,0.7,0.3,49
2292,50123999,ALAMO DRAFTHOUSE CINEMAS,"28 LIBERTY STREET, MANHATTAN, NY 10005",Alamo Drafthouse Cinema Lower Manhattan,0x89c25bc7011184ad:0x4641a221183f93bf,,40.7077585,-74.00885029999999,7,6,0,,4.4,1608,6,6,87,Financial District North,8000.0,480.0,1.2,0.2,0.8,29
2293,50124033,ANGELINA BAKERY,"41 WEST   35 STREET, MANHATTAN, NY 10001",Angelina Bakery HSQ,0x89c259a982bd557f:0x12604dde807a1bd0,,40.7499806,-73.985919,7,6,0,,4.5,557,6,6,164,Midtown South,600.0,49.8,3.0,0.7,0.3,49
2294,50124128,AMORE PIZZA CAFFE,"370 WEST   58 STREET, MANHATTAN, NY 10019",Amore Pizza Café,0x89c25992a2b7ee79:0x11af1e24e07f205f,,40.7683543,-73.985096,7,6,0,People typically spend 30 min to 4 hr here,4.2,656,6,6,48,Clinton East,1696.0,113.632,1.8,0.5,0.5,130
2295,50124355,MATTO ESPRESSO,"299 BROADWAY, MANHATTAN, NY 10007",Matto Espresso,0x89c25bae6815738d:0x3233bc1345aeef4c,,40.7150606,-74.0058265,7,6,0,,4.6,138,6,6,231,TriBeCa/Civic Center,8000.0,664.0,3.0,0.7,0.3,50
2296,50124384,JIN RAMEN,"3599 BROADWAY, MANHATTAN, NY 10031",Jin Ramen Hamilton Heights,0x89c2f7d82ab0cb19:0x244d33cc67cd1e1c,,40.82836,-73.94938069999999,7,6,0,People typically spend 45 min to 4 hr here,4.4,207,6,6,116,Hamilton Heights,1832.4,100.782,1.0,0.15,0.85,42
2297,50124423,MAMAN,"800 WASHINGTON STREET, MANHATTAN, NY 10014",maman,0x89c2590381553405:0xf86ec2722e609909,,40.7389377,-74.0082583,7,6,0,,4.3,400,6,6,158,Meatpacking/West Village West,5956.8,297.84,0.8,0.05,0.95,21
2298,50124488,NAN XIANG XIAO LONG BAO,"20 WEST   33 STREET, MANHATTAN, NY 10001",Nan Xiang Xiao Long Bao,0x89c259fa5be1b5e5:0x60dd8b359d42574b,,40.7482492,-73.9864798,7,6,0,People typically spend 45 min to 1.5 hr here,4.7,2689,6,6,164,Midtown South,3990.0,239.4,1.2,0.3,0.7,49
2299,50124598,MILO COFFEE SHOP,"503 WEST  181 STREET, MANHATTAN, NY 10033",Milo Coffee Shop,0x89c2f5538187c291:0x6c30388b4776dc71,,40.8483274,-73.9309844,7,6,0,People typically spend 10-45 min here,4.7,137,6,6,243,Washington Heights North,2250.0,186.75,2.5,0.6,0.4,24
2300,50124776,FRANCHIA VEGAN CAFE,"12 PARK AVENUE, MANHATTAN, NY 10016",Franchia Vegan Café,0x89c25907a0be03c3:0x5e8ca4e041588443,,40.747576,-73.9812702,7,6,0,People typically spend 30 min to 2 hr here,4.6,1948,6,6,164,Midtown South,4816.5,288.99,1.1,0.2,0.8,49
2301,50124799,JUICE VITALITY,"192 1 AVENUE, MANHATTAN, NY 10009",Juice Vitality,0x89c2599df12c730f:0x472e2e58b163b80b,,40.7296968,-73.9834738,7,6,0,,4.8,285,6,6,79,East Village,363.7333333333333,30.18986666666667,3.0,0.8,0.1999999999999999,63
2302,50124827,MAISON CLOSE,"15 WATTS STREET, MANHATTAN, NY 10013",Maison Close Restaurant,0x89c259476b9ac1b1:0x5543d23f1f22ff70,,40.7232542,-74.0037064,7,6,0,People typically spend 4 hours here,4.7,1785,6,6,211,SoHo,8000.0,400.0,0.8,0.05,0.95,26
2303,50124829,DUNKIN,"303 WEST   42 STREET, MANHATTAN, NY 10036",Dunkin',0x89c25918e89287ef:0x9b060f124c4fa240,,40.7576674,-73.9900573,7,5,0,,2.6,51,6,6,48,Clinton East,774.3,64.26689999999999,3.0,0.8,0.1999999999999999,171
2304,50125184,ALLORA,"292 5 AVENUE, MANHATTAN, NY 10001",Allora Fifth Ave,0x89c259a88f6c6d33:0x6da80b5135cfb959,,40.7463831,-73.98642679999999,7,5,0,,4.4,255,6,6,164,Midtown South,694.5,38.1975,1.0,0.1,0.9,65
2305,50125243,STAGE STAR DELI,"105 WEST   55 STREET, MANHATTAN, NY 10019",Stage Star Deli,0x89c258f9c118115d:0x11c4858d7077ccaa,,40.7634171,-73.9786933,7,6,0,,4.3,390,6,6,163,Midtown North,2000.0,120.0,1.2,0.2,0.8,74
2306,50125399,PICO DE GALLO BAR & KITCHEN,"768 AMSTERDAM AVENUE, MANHATTAN, NY 10025",Pico De Gallo Bar & Kitchen,0x89c2f627cacda25b:0x701065222b8da8d2,,40.7951789,-73.9698463,7,6,0,People typically spend 1-2.5 hours here,4.4,665,6,6,238,Upper West Side North,1120.0,75.04,1.8,0.4,0.6,84
2307,50125601,BURGER & SHAKE CO,"1625 AMSTERDAM AVENUE, MANHATTAN, NY 10031",Burger & Shake Co.,0x89c2f7cc17909df9:0xb11436a2a9a2c288,,40.8222906,-73.9495254,7,6,0,,4.6,292,6,6,116,Hamilton Heights,460.0,27.6,1.2,0.2,0.8,42
2308,50125614,KYURAMEN & TBAAR,"315 WEST   46 STREET, MANHATTAN, NY 10036",Kyuramen - Times Square,0x89c259a794ec205f:0x58b5528116b68683,,40.7602846,-73.9886576,7,6,0,People typically spend 30 min to 1 hr here,4.3,851,6,6,48,Clinton East,1585.25,87.18875,1.0,0.15,0.85,130
2309,50125649,HANG LEE RESTAURANT,"666 WEST  204 STREET, MANHATTAN, NY 10034",Hang Lee,0x89c2f3f79cceacd1:0x1f0a801e99b3bf7,,40.8672951,-73.9234577,7,6,0,People typically spend 15 min to 2.5 hr here,4.1,135,6,6,127,Inwood,700.0,42.0,1.2,0.3,0.7,16
2310,50125715,TACO BELL,"18 EAST   14 STREET, MANHATTAN, NY 10003",Taco Bell,0x89c25998682fce65:0x262f915300533579,,40.735465,-73.9927488,7,6,0,People typically spend 20 min to 1 hr here,4.0,2085,6,6,113,Greenwich Village North,6906.3,462.7221,1.8,0.4,0.6,25
2311,50125741,MUGHLAI INDIAN CUISINE,"120 CEDAR STREET, MANHATTAN, NY 10006",Mughlai Indian Cuisine,0x89c25badafeda3b7:0xd5b816acfcfc81c2,,40.7095408,-74.0127065,7,6,0,,4.2,725,6,6,261,World Trade Center,480.0,26.4,1.0,0.15,0.85,23
2312,50125838,VAN LEEUWEN ICE CREAM,"258 WEST   16 STREET, MANHATTAN, NY 10011",Van Leeuwen Ice Cream,0x89c2597c7acd704b:0x58cb42ce5abe56fe,,40.7408459,-74.001222,7,6,0,,4.6,138,6,6,90,Flatiron,2575.35,213.75405,3.0,0.8,0.1999999999999999,31
2313,50125874,DUNKIN DONUTS,"471 LEXINGTON AVENUE, MANHATTAN, NY 10017",Dunkin',0x89c2593adae20fcf:0x8950c1a895542f5b,,40.753774,-73.9741542,7,6,0,,3.8,113,6,6,162,Midtown East,3504.0,290.832,3.0,0.8,0.1999999999999999,108
2314,50125883,BURGEROLOGY,"320 WEST   36 STREET, MANHATTAN, NY 10018",Burgerology Midtown,0x89c259a4dd8d4537:0x9e007307e63af441,,40.7538757,-73.99370569999999,7,6,0,,4.2,729,6,6,68,East Chelsea,800.0,66.4,2.5,0.6,0.4,303
2315,50125950,5 ESTRELLAS BAKERY AND RESTAURANT,"3451 BROADWAY, MANHATTAN, NY 10031",5 Estrellas Bakery & Cafe,0x89c2f66416ffefdb:0xa9163c41eeb2c073,,40.8237713,-73.9527213,7,5,0,People typically spend 15 min here,4.2,151,6,6,116,Hamilton Heights,600.0,33.0,0.9,0.1,0.9,59
2316,50125963,AINSLIE BOWERY,"199 BOWERY, MANHATTAN, NY 10002",Ainslie Bowery,0x89c259a4fa2e7e61:0xf3d2cceaf2f549cc,,40.7209818,-73.9931495,7,6,0,People typically spend 2-4 hours here,4.4,520,6,6,148,Lower East Side,4833.3,289.998,1.2,0.2,0.8,43
2317,50126118,DUNKIN DONUTS,"157 WEST   50 STREET, MANHATTAN, NY 10020",Dunkin',0x89c25936d5192333:0x83ab39a45d9caa48,,40.7610778,-73.9828077,7,5,0,,3.2,56,6,6,230,Times Sq/Theatre District,8000.0,664.0,3.0,0.8,0.1999999999999999,112
2318,50126424,BANGRAK THAI CUISINE,"1750 2 AVENUE, MANHATTAN, NY 10128",Bangrak - Thai Cuisine,0x89c259e7def57019:0x13c4bf8efc7d26c,,40.7811505,-73.9491365,7,6,0,,4.7,193,6,6,263,Yorkville West,520.0,28.6,1.0,0.15,0.85,73
2319,50126499,GEORGE BANG BANG,"13 EAST   30 STREET, MANHATTAN, NY 10016",George Bang Bang,0x89c259af0ab6fcf7:0xcaf743794204aeba,,40.7456944,-73.9853743,7,6,0,People typically spend 30 min to 1.5 hr here,4.5,354,6,6,164,Midtown South,1256.0,69.08,1.0,0.15,0.85,49
2320,50126641,BOURKE STREET BAKERY (LOCATED IN GRAND CENTRAL TERMINAL),"89 EAST   42 STREET, MANHATTAN, NY 10017",Bourke Street Bakery,0x89c25994b688f1fb:0x9a8d170367bd55a1,,40.752196,-73.9768016,7,5,0,,3.6,134,6,6,162,Midtown East,239.0625,19.8421875,3.0,0.7,0.3,75
2321,50126707,SUBWAY,"852 10 AVENUE, MANHATTAN, NY 10019",Subway,0x89c258597e517b3f:0x4f25045c836bf7c,,40.7684647,-73.98876899999999,7,6,0,,3.6,150,6,6,48,Clinton East,1992.0,165.336,2.5,0.6,0.4,130
2322,50126765,BB JUICE BAR,"145 EAST  116 STREET, MANHATTAN, NY 10029",BB Juice Bar Empanadas,0x89c2f74cfd4ee017:0xd767df7d770bf384,,40.7987358,-73.94134369999999,7,6,0,,4.5,29,6,6,74,East Harlem North,884.0,73.372,3.0,0.8,0.1999999999999999,101
2323,50126940,TACO BELL,"24 EAST   23 STREET, MANHATTAN, NY 10010",Taco Bell,0x89c2597fbb8f35bf:0x24a4cda36a9ee539,,40.7406328,-73.9879698,7,6,0,People typically spend 20 min to 3 hr here,3.9,175,6,6,234,Union Sq,494.0,33.098,1.8,0.4,0.6,50
2324,50126944,MITR THAI,"37 WEST   46 STREET, MANHATTAN, NY 10036",Mitr Thai Restaurant,0x89c259c2d782a2dd:0x42f5e1bd339df757,,40.7568769,-73.9804147,7,6,0,People typically spend 1-1.5 hours here,4.9,9709,6,6,161,Midtown Center,2100.0,115.5,1.0,0.15,0.85,88
2325,50127356,LITTLE ITALY PIZZA,"62 WEST   48 STREET, MANHATTAN, NY 10036",Little Italy pizza,0x89c25959f4bee9cb:0x75f8731ad9f65ad6,,40.7581141,-73.98068219999999,7,6,0,,4.2,212,6,6,161,Midtown Center,518.6666666666666,34.75066666666667,1.8,0.5,0.5,88
2326,50127380,DO NOT DISTURB,"285 WEST   12 STREET, MANHATTAN, NY 10014",Do Not Disturb,0x89c2594dd082f3d5:0x39066a8ad806ac69,,40.737697,-74.0041054,7,6,0,People typically spend 1.5-4 hours here,4.6,587,6,6,249,West Village,823.68,41.184,0.8,0.05,0.95,30
2327,50127381,LINDENS,"2 RENWICK STREET, MANHATTAN, NY 10013",Lindens,0x89c2592cc90fea87:0x8e46dd04c7eb3705,,40.7245348,-74.0084684,7,6,0,People typically spend 10 min to 2 hr here,4.8,973,6,6,125,Hudson Sq,200.0,12.0,1.2,0.2,0.8,9
2328,50127495,ALL'ANTICO VINAIO,"225 SULLIVAN STREET, MANHATTAN, NY 10012",All'Antico Vinaio,0x89c259d4955cac01:0x58f4b4fcad58588f,,40.729559,-73.9995126,7,6,0,,4.7,550,6,6,114,Greenwich Village South,2299.2,190.8336,2.5,0.6,0.4,15
2329,50127595,MIKADO,"109 WEST   14 STREET, MANHATTAN, NY 10011",Mikado,0x89c25997d660192d:0x816c52f1109ae132,,40.7377737,-73.997412,7,6,0,People typically spend 30 min to 2 hr here,4.5,1169,6,6,90,Flatiron,1880.0,103.4,1.0,0.15,0.85,31
2330,50127602,SWEET CHICK,"32 EAST   16 STREET, MANHATTAN, NY 10003",Sweet Chick,0x89c259173e11d875:0x6ac56fd7dc8f46ae,,40.7365949,-73.9914235,7,6,0,People typically spend 30 min to 1 hr here,4.1,272,6,6,234,Union Sq,1039.75,62.385,1.2,0.2,0.8,50
2331,50127623,ARTHUR & SONS,"38 8 AVENUE, MANHATTAN, NY 10014",Arthur and Sons NY Italian,0x89c25926b94264c3:0x6d3a519359e7de56,,40.7379921,-74.004053,7,6,0,People typically spend 1.5-4 hours here,3.9,969,6,6,249,West Village,200.0,11.0,1.0,0.1,0.9,30
2332,50127672,TBAR,"116 EAST   60 STREET, MANHATTAN, NY 10022",TBar,0x89c258eaa5d5e061:0x8e09fc36234cafee,,40.763048,-73.96870919999999,7,2,0,People typically spend 1-4 hours here,4.4,400,6,6,237,Upper East Side South,2830.0,169.8,1.2,0.2,0.8,271
2333,50127697,BAR 314,"3143 BROADWAY, MANHATTAN, NY 10027","314 - pizza,pasta&cocktailbar",0x89c2f75f051853c7:0x9fac0a780907e68d,,40.8141969,-73.9598383,7,6,0,People typically spend 1-2.5 hours here,4.6,438,6,6,166,Morningside Heights,1600.0,88.0,1.0,0.1,0.9,61
2334,50128117,LE CAFE COFFEE,"501 7TH AVE, MANHATTAN, NY 10018",Le Cafe Coffee,0x89c259b81676fe21:0xe65458e5d53ee43c,,40.7530665,-73.98883889999999,7,6,0,,4.3,137,6,6,100,Garment District,1290.742857142857,107.1316571428572,3.0,0.7,0.3,73
2335,50128233,THE DICKENS,"783 8 AVENUE, MANHATTAN, NY 10036",The Dickens,0x89c2594e5c503d5f:0x47c821645648022f,,40.760937,-73.9875069,7,6,0,People typically spend 45 min to 2 hr here,4.8,2194,6,6,48,Clinton East,4690.0,281.4,1.2,0.2,0.8,130
2336,50128450,PRANAKHON,"88 UNIVERSITY PLACE, MANHATTAN, NY 10003",Pranakhon,0x89c259c29d3f6979:0xa75b49602df01d5,,40.733751,-73.9932623,7,6,0,People typically spend 1-2 hours here,4.7,3249,6,6,113,Greenwich Village North,556.6666666666666,30.61666666666666,1.0,0.15,0.85,25
2337,50128548,VANILLA GORILLA CAFE,"525 8 AVENUE, MANHATTAN, NY 10018",Vanilla Gorilla Cafe,0x89c2594681b152cb:0x1631088ddc4e673a,,40.7538276,-73.9925288,7,6,0,,4.6,445,6,6,68,East Chelsea,1480.11,122.84913,3.0,0.7,0.3,303
2338,50128563,BAGEL TO SANDWICH,"240 WEST   40 STREET, MANHATTAN, NY 10018",Bagel to Sandwich,0x89c259c23f615717:0xc9f87b3a60e37540,,40.7552667,-73.98958209999999,7,5,0,,4.7,898,6,6,100,Garment District,768.15,63.75645,3.0,0.8,0.1999999999999999,63
2339,50128644,M & D COFFEE CAFE,"215 WEST  116 STREET, MANHATTAN, NY 10026",M&D Cafe,0x89c2f793fce10913:0x966722bf68bc929d,,40.8037712,-73.9534408,7,6,0,,4.1,16,6,6,41,Central Harlem,1375.0,82.5,1.2,0.2,0.8,44
2340,50128678,PIZZA HUT,"932 8 AVENUE, MANHATTAN, NY 10019",Pizza Hut,0x89c259434f101369:0x5ff3cbeb18c8d372,,40.7654583,-73.9834735,7,6,0,,3.5,160,6,6,163,Midtown North,374.4,25.0848,1.8,0.5,0.5,74
2341,50128684,AUBI & RAMSA,"36 LITTLE WEST   12 STREET, MANHATTAN, NY 10014",Aubi & Ramsa,0x89c259e9dfbdfb6b:0x45e993c14102378e,,40.7399703,-74.0076004,7,6,0,,4.7,543,6,6,158,Meatpacking/West Village West,878.8000000000001,72.94040000000001,3.0,0.8,0.1999999999999999,21
2342,50128771,POLLO CAMPERO,"714 LEXINGTON AVENUE, MANHATTAN, NY 10022",Pollo Campero,0x89c2596385f8bbeb:0x7e90241b3b0a4190,,40.7614276,-73.9689571,7,6,0,People typically spend 15 min to 1 hr here,4.8,686,6,6,162,Midtown East,2825.0,169.5,1.2,0.2,0.8,108
2343,50128920,KOJI CHICKEN,"764 9 AVENUE, MANHATTAN, NY 10019",Koji Chicken,0x89c259b7d1baa6e5:0xeefc713a8b470230,,40.7642139,-73.98810859999999,7,6,0,,4.9,917,6,6,48,Clinton East,240.0,13.2,1.0,0.15,0.85,130
2344,50128995,PEAKY BARISTA,"1220 LEXINGTON AVENUE, MANHATTAN, NY 10028",Picky Barista,0x89c25918426119b1:0xae9b3a807e36acca,,40.7773633,-73.9573587,7,6,0,,4.5,344,6,6,236,Upper East Side North,1091.25,90.57375,3.0,0.7,0.3,115
2345,50129089,AURA,"111 1 AVENUE, MANHATTAN, NY 10003",AURA Tapas & Cocktail Bar,0x89c2590b759003e5:0x47ed7de98c7a2d4b,,40.7269506,-73.9860913,7,6,0,People typically spend 1-3 hours here,4.9,393,6,6,79,East Village,800.0,48.0,1.2,0.2,0.8,63
2346,50129333,CAFE BLOOM,"4394 BROADWAY, MANHATTAN, NY 10040",Cafe Bloom,0x89c2f550f01d7203:0xb1d59c119653719d,,40.8547124,-73.9332726,7,6,0,People typically spend 45 min to 2 hr here,4.6,365,6,6,243,Washington Heights North,8000.0,664.0,3.0,0.7,0.3,24
2347,50129420,SUSHI & CO,"980 6 AVENUE, MANHATTAN, NY 10018",Sushi & Co-Midtown,0x89c2593c7391284d:0xc0d5998130a14261,,40.7511256,-73.9865746,7,6,0,People typically spend 15-45 min here,4.7,1294,6,6,164,Midtown South,463.0,25.465,1.0,0.15,0.85,49
2348,50129760,CHALONG,"749 9 AVENUE, MANHATTAN, NY 10019",Chalong Southern Thai,0x89c2591e368c0087:0x99124cb91291893a,,40.7639556,-73.98899449999999,7,6,0,People typically spend 1-2 hours here,4.8,3580,6,6,48,Clinton East,600.0,33.0,1.0,0.15,0.85,130
2349,50129833,ANDY'S RESTAURANT,"2262 3 AVENUE, MANHATTAN, NY 10035",Andy's Restaurant,0x89c2f7d5802afb07:0x6c4d39c80d5ff0fc,,40.8025967,-73.9369121,7,6,0,People typically spend 15 min to 2 hr here,4.0,210,6,6,74,East Harlem North,2400.0,144.0,1.2,0.2,0.8,101
2350,50129878,PANERA BREAD,"110 UNIVERSITY PLACE, MANHATTAN, NY 10003",Panera Bread,0x89c259b60982e7c7:0x21de7f0111060169,,40.7341966,-73.9928029,7,6,0,People typically spend 20 min here,2.9,260,6,6,113,Greenwich Village North,500.0,41.5,2.5,0.6,0.4,25
2351,50129928,RIGOR HILL MARKET,"227 WEST BROADWAY, MANHATTAN, NY 10013",Rigor Hill Market,0x89c259217e74419b:0xb5c3bbe40d63e07e,,40.7192251,-74.0059952,7,6,0,,4.0,186,6,6,231,TriBeCa/Civic Center,568.0,34.08,1.2,0.2,0.8,50
2352,50129940,EL GALLO TAQUERIA,"609 9 AVENUE, MANHATTAN, NY 10036",El Gallo Taqueria,0x89c259d893ac2d9f:0xa420d1d12b6b6208,,40.7593371,-73.9923074,7,6,0,,4.6,711,6,6,48,Clinton East,371.2000000000001,24.87040000000001,1.8,0.4,0.6,130
2353,50129986,7TH STREET BURGER,"424 AMSTERDAM AVENUE, MANHATTAN, NY 10024",7th Street Burger Upper West Side,0x89c259a67e441f37:0x30b10630a50b7825,,40.7841697,-73.97792849999999,7,6,0,,4.5,564,6,6,239,Upper West Side South,400.0,33.2,2.5,0.6,0.4,75
2354,50130050,SCARR'S PIZZA,"35 ORCHARD STREET, MANHATTAN, NY 10002",Scarr's Pizza,0x89c25a29b69a4a39:0xb65f303d4ac5eb82,,40.7157238,-73.99161149999999,7,6,0,People typically spend 20 min to 1.5 hr here,4.4,4791,6,6,148,Lower East Side,1636.0,109.612,1.8,0.5,0.5,43
2355,50130055,STEAK FRITES BISTRO,"496 9 AVENUE, MANHATTAN, NY 10018",Steak Frites Bistro,0x89c259cf9e160c03:0xf56bd07e7004115d,,40.7555857,-73.994415,7,6,0,People typically spend 1.5-4 hours here,4.6,999,6,6,68,East Chelsea,1600.0,80.0,0.8,0.05,0.95,303
2356,50130182,POKE BOWL,"286 MADISON AVENUE, MANHATTAN, NY 10017",Poke Bowl NY,0x89c259e0345dea71:0xc49e4aeb8edcad10,,40.751693,-73.9803106,7,6,0,,4.5,174,6,6,170,Murray Hill,2551.975,140.358625,1.0,0.15,0.85,92
2357,50130211,GREEN MANDALA,"240 EAST   28 STREET, MANHATTAN, NY 10016",Green Mandala,0x89c2595675e62445:0xc5dc2e898e26af7a,,40.7411534,-73.9792211,7,6,0,,5.0,245,6,6,137,Kips Bay,2247.15,186.51345,3.0,0.8,0.1999999999999999,188
2358,50130240,HALF MOON,"50 TRINITY PLACE, MANHATTAN, NY 10006",Half Moon,0x89c25b6d960accaf:0xdccff2fa11fb495b,,40.7076917,-74.013341,7,5,0,,4.7,81,6,6,261,World Trade Center,6693.569999999999,401.6141999999999,1.2,0.2,0.8,40
2359,50130312,KARAKATTA,"230 THOMPSON STREET, MANHATTAN, NY 10012",Karakatta ramen,0x89c25991bb90019f:0x41c9212bc3dde6d2,,40.7293436,-73.9987498,7,6,0,People typically spend 1.5-4 hours here,4.5,862,6,6,114,Greenwich Village South,786.6666666666666,43.26666666666667,1.0,0.15,0.85,15
2360,50130479,DIMSUM PALACE,"27 DIVISION STREET, MANHATTAN, NY 10002",Dim Sum Palace,0x89c25b85873ba59b:0x88d96117a8bb181a,,40.7139743,-73.996116,7,6,0,People typically spend 1-2 hours here,4.3,884,6,6,45,Chinatown,2130.0,127.8,1.2,0.3,0.7,14
2361,50130516,SHAKE SHACK,"131 RIVINGTON STREET, MANHATTAN, NY 10002",Shake Shack Lower East Side,0x89c259965f1d9b0d:0x604a5edf78c660a8,,40.7193681,-73.98669629999999,7,6,0,People typically spend 20 min to 1 hr here,3.9,272,6,6,232,Two Bridges/Seward Park,2262.5,187.7875,2.5,0.6,0.4,29
2362,50130656,TREASURE CLUB,"22 ORCHARD STREET, MANHATTAN, NY 10002",Treasure Club,0x89c25bc00aa23e4f:0xe4f467033afacb0c,,40.7153411,-73.991428,7,6,0,,4.3,55,6,6,148,Lower East Side,580.0,34.8,1.2,0.2,0.8,43
2363,50130683,LA TRAVIATA 2 PIZZERIA,"2753 BROADWAY, MANHATTAN, NY 10025",Traviata Pizza II,0x89c2f7d591b31dd3:0x179b26ff33842d56,,40.8012071,-73.9681677,7,6,0,,4.6,60,6,6,151,Manhattan Valley,2400.0,160.8,1.8,0.5,0.5,38
2364,50130739,PHOSHIME,"165 EAST   33 STREET, MANHATTAN, NY 10016",Phoshime,0x89c259475080aa33:0x6203bcfbad8f3b8e,,40.7454974,-73.9790238,7,6,0,,4.6,222,6,6,170,Murray Hill,200.0,12.0,1.1,0.2,0.8,92
2365,50130935,EAST SEASON RESTAURANT HOUSE,"244 CANAL STREET, MANHATTAN, NY 10013",East Season Restaurant,0x89c25b27f89fad09:0x99c6844c6fedd64a,,40.7180214,-74.0003918,7,6,0,People typically spend 45 min here,4.2,180,6,6,231,TriBeCa/Civic Center,2870.0,172.2,1.2,0.3,0.7,50
2366,50131025,BEDFORD STUDIO,"62 BEDFORD STREET, MANHATTAN, NY 10014",Bedford Studio,0x89c2591b2ccdec6b:0x44afb72569dec2fb,,40.7311177,-74.00460249999999,7,6,0,,4.5,303,6,6,249,West Village,335.52,27.84816,3.0,0.7,0.3,30
2367,50131066,SURAM,"483 10 AVENUE, MANHATTAN, NY 10018",Suram Sushi & Ramen,0x89c259f3a93cf2b3:0xee3b3c5b7e2ae238,,40.7565054,-73.99820249999999,7,6,0,People typically spend 45 min to 4 hr here,4.7,908,6,6,246,West Chelsea/Hudson Yards,937.5,51.5625,1.0,0.15,0.85,114
2368,50131213,SERAFINA,"22 EAST   38 STREET, MANHATTAN, NY 10016",Serafina Madison 38th (Midtown),0x89c2599989f833f1:0xc7c243a991493121,,40.7499675,-73.98117909999999,7,6,0,People typically spend 45 min to 3.5 hr here,4.3,729,6,6,170,Murray Hill,8000.0,480.0,1.2,0.2,0.8,92
2369,50131222,TOMPKINS SQUARE BAGELS,"23 EAST   17 STREET, MANHATTAN, NY 10003",Tompkins Square Bagels | Union Square Bagel Shop,0x89c2594430ab05cf:0x81c4fafee5e12940,,40.7375006,-73.9907455,7,6,0,People typically spend 20 min here,4.5,879,6,6,234,Union Sq,1745.4,144.8682,3.0,0.7,0.3,50
2370,50131347,BREADS BAKERY,"1230 AVENUE OF THE AMERICAS, MANHATTAN, NY 10020",Breads Bakery - Rockefeller Center,0x89c2590f2c8909f9:0x2fdfbe13879bf24f,,40.7587774,-73.9808338,7,6,0,People typically spend 15 min to 4 hr here,4.3,369,6,6,161,Midtown Center,3111.2,258.2296000000001,3.0,0.7,0.3,88
2371,50131350,FIVE IRON GOLF,"1681 3 AVENUE, MANHATTAN, NY 10128",Five Iron Golf,0x89c259bf528f3d2d:0x509203fbc8329acd,,40.7839425,-73.9499197,7,6,0,People typically spend 1-3.5 hours here,4.9,369,6,6,263,Yorkville West,1020.0,61.2,1.2,0.2,0.8,73
2372,50131351,WONDER,"2030 BROADWAY, MANHATTAN, NY 10023",Wonder Upper West Side,0x89c259d2697bbb95:0x759aa66ceb67593b,,40.7767338,-73.9817704,7,5,0,People typically spend 10 min to 4 hr here,4.4,377,6,6,142,Lincoln Square East,4926.0,295.56,1.2,0.2,0.8,73
2373,50131686,LEGACY BAR & GRILL,"4421 BROADWAY, MANHATTAN, NY 10040",Legacy Bar & Grill,0x89c2f55c466574e9:0xf8ce8ace3ac77fbe,,40.8558328,-73.9334101,7,6,0,People typically spend 1.5-3 hours here,4.5,188,6,6,243,Washington Heights North,1504.5,82.7475,0.9,0.1,0.9,24
2374,50131741,TABATA,"1435 2 AVENUE, MANHATTAN, NY 10021",Tabata Ramen,0x89c25852b6c904d5:0x18db4656a30eb9ca,,40.7706692,-73.9572646,7,6,0,,4.4,1538,6,6,141,Lenox Hill West,715.2,39.33600000000001,1.0,0.15,0.85,83
2375,50131838,LTD PIZZA,"225 HUDSON STREET, MANHATTAN, NY 10013",LTD Pizza and Bar,0x89c25995f78cad15:0x817ac225152804ed,,40.7242395,-74.0080928,7,6,0,People typically spend 25 min to 2.5 hr here,4.7,489,6,6,125,Hudson Sq,1078.0,72.226,1.8,0.5,0.5,9
2376,50131861,EFFY'S CAFE,"104 WEST   96 STREET, MANHATTAN, NY 10025",Effy's Cafe,0x89c2f627785f59b1:0x70532b2b562cce94,,40.792959,-73.968184,7,6,0,People typically spend 30 min to 1 hr here,4.4,693,6,6,238,Upper West Side North,800.0,48.0,1.1,0.15,0.85,84
2377,50131933,JOE & THE JUICE,"929 BROADWAY, MANHATTAN, NY 10010",JOE & THE JUICE,0x89c25976bae26889:0xa617fb6470711bce,,40.740278,-73.9896832,7,6,0,,3.0,168,6,6,234,Union Sq,499.2000000000001,41.43360000000001,3.0,0.8,0.1999999999999999,50
2378,50131949,CAFE PARADISO,"144 W 65TH ST, MANHATTAN, NY 10023",Cafe Paradiso,0x89c2596625484969:0xdcf19d6c26e407c2,,40.7733834,-73.9835585,7,6,0,,4.3,300,6,6,142,Lincoln Square East,4501.5,247.5825,1.0,0.1,0.9,99
2379,50132006,ALI BABA MEDITERRANEAN CUISINE,"224 EAST   53 STREET, MANHATTAN, NY 10022",Ali Baba Mediterranean & turkish Cuisine,0x89c2597aeb5fe91f:0x1758ac50895845b6,,40.757136,-73.968488,7,6,0,People typically spend 1-3 hours here,4.7,1333,6,6,229,Sutton Place/Turtle Bay North,573.3333333333334,34.4,1.2,0.2,0.8,48
2380,50132334,LAVISTA PIZZA,"730 10 AVENUE, MANHATTAN, NY 10019",LaVista Pizza (10th Ave),0x89c259ec7b549099:0xf1a321dc7125217e,,40.7644759,-73.9916909,7,6,0,People typically spend 15 min to 4 hr here,4.8,906,6,6,48,Clinton East,1200.0,80.4,1.8,0.5,0.5,130
2381,50132615,DON CEVICHE,"57 1 AVENUE, MANHATTAN, NY 10003",Don Ceviche,0x89c25938de4efd01:0xa9f131f2deea5846,,40.7250557,-73.9874335,7,6,0,People typically spend 45 min to 4 hr here,4.7,463,6,6,79,East Village,1248.0,74.88,1.2,0.2,0.8,63
2382,50132701,RED HOUSE,"203 EAST   14 STREET, MANHATTAN, NY 10003",Red House,0x89c2599efd198a0d:0xfe032c75b2bf6669,,40.7332469,-73.98656129999999,7,6,0,,3.3,92,6,6,107,Gramercy,420.5,25.23,1.2,0.3,0.7,46
2383,50132705,LA COCINA DE MAMA,"154 EAST  109 STREET, MANHATTAN, NY 10029",La Cocina de Mama,0x89c2f709669145e9:0x1464b040d5ba73f0,,40.7939947,-73.94471589999999,7,6,0,People typically spend 15 min to 1 hr here,4.7,223,6,6,75,East Harlem South,960.0,64.32000000000001,1.8,0.4,0.6,186
2384,50132751,GELATOVILLE,"163 1 AVENUE, MANHATTAN, NY 10003",Gelatoville Gelataria & Coffee,0x89c259a03fc9f7b5:0x689f7cab45422f7c,,40.7289568,-73.98457189999999,7,6,0,,4.8,938,6,6,79,East Village,766.4000000000001,63.61120000000001,3.0,0.8,0.1999999999999999,63
2385,50132843,KANYAKUMARI,"20 EAST   17 STREET, MANHATTAN, NY 10003",Kanyakumari,0x89c259003bafb229:0xa8177f6c6e847913,,40.7372719,-73.9912396,7,6,0,People typically spend 1.5 hours here,4.4,859,6,6,234,Union Sq,1835.2,100.936,1.0,0.15,0.85,50
2386,50132845,PANERA BREAD,"1534 3 AVENUE, MANHATTAN, NY 10028",Panera Bread,0x89c258bcde16742f:0xfc3905989d33732f,,40.7791994,-73.9539618,7,6,0,People typically spend 15 min to 2 hr here,3.9,658,6,6,236,Upper East Side North,2043.2,169.5856,2.5,0.6,0.4,115
2387,50132847,CHICK-FIL-A,"918 8 AVENUE, MANHATTAN, NY 10019",Chick-fil-A,0x89c2593fe26aef07:0xb33835a04b6851e1,,40.7650002,-73.9838178,1,5,0,People typically spend 25 min here,4.3,1674,0,6,163,Midtown North,1770.0,118.59,2.0,0.5,0.5,94
2388,50133033,POKE BOWL,"599 LEXINGTON AVENUE, MANHATTAN, NY 10022",Poke Bowl NY,0x89c2596dba5d298b:0x6e517c4cb9d64308,,40.757681,-73.9709322,7,6,0,,4.5,335,6,6,162,Midtown East,200.0,11.0,1.0,0.15,0.85,108
2389,50133051,IMM THAI,"80 NASSAU STREET, MANHATTAN, NY 10038",Imm Thai NYC,0x89c25b11b7dabc2f:0x2dedaab79ce5686,,40.7097915,-74.0079322,7,6,0,,4.6,865,6,6,87,Financial District North,2065.8,113.619,1.0,0.15,0.85,29
2390,50133082,KONG SIHK TONG,"65 BAYARD STREET, MANHATTAN, NY 10013",Kong Sihk Tong,0x89c25b988bd75fd5:0x9529c1c9513fb057,,40.7153773,-73.9981397,7,6,0,People typically spend 30 min to 1 hr here,4.4,1378,6,6,45,Chinatown,480.0,28.8,1.2,0.3,0.7,14
2391,50133164,PLAYA BOWLS,"2841 BROADWAY, MANHATTAN, NY 10025",Playa Bowls,0x89c2f7e3b2ca17ff:0xc7451b6aa898cb1e,,40.8044374,-73.96687399999999,7,6,0,,4.5,257,6,6,166,Morningside Heights,4340.0,360.22,3.0,0.8,0.1999999999999999,61
2392,50133389,HAAGEN-DAZS,"1306 2 AVENUE, MANHATTAN, NY 10065",Häagen-Dazs,0x89c259964960f24d:0xc889d2e4c20fd180,,40.7665793,-73.95969649999999,7,6,0,,4.4,125,6,6,141,Lenox Hill West,470.1333333333334,39.02106666666667,3.0,0.8,0.1999999999999999,83
2393,50133483,7TH STREET BURGER,"173 ORCHARD STREET, MANHATTAN, NY 10002",7th Street Burger,0x89c25971d2c72035:0xa30b4b4922ad4ab6,,40.7216176,-73.9886293,7,6,0,,4.6,604,6,6,148,Lower East Side,226.6666666666666,18.81333333333333,2.5,0.6,0.4,43
2394,50133729,SUBWAY,"66 DELANCEY STREET, MANHATTAN, NY 10002",Subway,0x89c2598d4765d9d7:0xcdfb4a85fa81b6d0,,40.7195089,-73.99051829999999,7,4,35,,3.8,179,6,6,148,Lower East Side,1766.4,146.6112000000001,2.5,0.6,0.4,232
2395,50134144,FRESH KITCHEN,"265 MADISON AVENUE, MANHATTAN, NY 10016",Fresh Kitchen,0x89c25900e63590d1:0xc7c2213414390d18,,40.7509203,-73.9803223,1,5,0,,3.9,206,0,6,170,Murray Hill,2361.9,141.714,1.2,0.2,0.8,81
2396,50134151,POPUP BAGELS,"177 THOMPSON STREET, MANHATTAN, NY 10012",Popup Bagels,0x89c2598626928527:0x5a9f4b3569495225,,40.7279221,-74.00025289999999,7,6,0,People typically spend 20 min here,4.5,1136,6,6,114,Greenwich Village South,1686.15,139.95045,3.0,0.8,0.1999999999999999,15
2397,50134156,CANTINA CUBANA,"17 AVENUE B, MANHATTAN, NY 10009",Cantina Cubana,0x89c2594df27a85fb:0x27783bce9d59425d,,40.7220664,-73.983276,7,6,0,,4.6,145,6,6,4,Alphabet City,563.2,30.976,0.9,0.1,0.9,15
2398,50134210,MATCHAFUL,"184 PRINCE STREET, MANHATTAN, NY 10012",Matchaful,0x89c259a4e593edf5:0x468ae92189fe5962,,40.7262927,-74.0021651,7,6,0,,4.4,613,6,6,211,SoHo,200.0,16.6,3.0,0.7,0.3,26
2399,50134264,SENZA GLUTEN BY JEMIKO,"626 10 AVENUE, MANHATTAN, NY 10036",Senza Gluten by Jemiko - 100% Gluten Free Restaurant,0x89c258521acd622b:0xd90e72c6331e3be9,,40.7611337,-73.99404,7,6,0,,4.7,573,6,6,48,Clinton East,400.0,22.0,1.0,0.1,0.9,130
2400,50134488,MOONO,"29 EAST   32 STREET, MANHATTAN, NY 10016",Moono,0x89c259fa034b6069:0x1affa8a2058605f,,40.7464411,-73.98330729999999,7,6,0,People typically spend 1.5-2.5 hours here,4.4,520,6,6,164,Midtown South,1190.06,65.4533,1.0,0.15,0.85,49
2401,50134578,THAI FOOD NEAR ME,"625 2 AVENUE, MANHATTAN, NY 10016",Thai Food Near Me,0x89c259c445f0adcb:0xf1305ca97056d6b3,,40.7450568,-73.97591,7,6,0,People typically spend 30 min to 1 hr here,4.8,961,6,6,170,Murray Hill,526.0,28.93,1.0,0.15,0.85,92
2402,50134600,PADDY REILLY'S MUSIC BAR,"519 2 AVENUE, MANHATTAN, NY 10016",Paddy Reilly's Music Bar,0x89c259092469387d:0x23e1bd25bc279c88,,40.741658,-73.978516,7,6,0,People typically spend 45 min to 3 hr here,4.5,551,6,6,137,Kips Bay,636.0,34.98,1.0,0.1,0.9,188
2403,50134607,MAMA MEZZE,"1123 BROADWAY, MANHATTAN, NY 10010",Mama Mezze,0x89c259005f71e70f:0x60d57973db26e3db,,40.7432459,-73.9892711,7,6,0,People typically spend 1-2.5 hours here,4.9,2366,6,6,234,Union Sq,1517.1,83.4405,1.0,0.1,0.9,50
2404,50134704,NUEVO RINCON DEL SABOR RESTAURANT,"1047 SAINT NICHOLAS AVENUE, MANHATTAN, NY 10032",El Nuevo Rincon Del Sabor,0x89c2f6831426b93f:0xa24cec086a9c5fe,,40.8366962,-73.9401669,7,6,0,,4.7,28,6,6,244,Washington Heights South,500.0,30.0,1.2,0.2,0.8,149
2405,50134858,IPIZZANY,"3801 BROADWAY, MANHATTAN, NY 10032",iPizzaNY,0x89c2f77017441fc3:0xb158ea909b4b2864,,40.8348978,-73.9446358,7,6,0,,4.0,74,6,6,244,Washington Heights South,2337.75,156.62925,1.8,0.5,0.5,149
2406,50134929,GREGORY'S COFFEE,"200 VARICK STREET, MANHATTAN, NY 10014",Gregorys Coffee,0x89c259bc799c8a5b:0xfb3574febc9daab4,,40.7282898,-74.00511949999999,1,5,0,,4.1,71,0,6,125,Hudson Sq,4880.825,405.108475,3.0,0.7,0.3,34
2407,50134981,SONG' E NAPULE,"132 WEST HOUSTON STREET, MANHATTAN, NY 10012",Song' E Napule,0x89c2598df58a8ad3:0x694ff9c48d50f83,,40.7279216,-74.0014088,7,6,0,People typically spend 45 min to 2 hr here,4.7,2611,6,6,114,Greenwich Village South,1212.0,66.66,1.0,0.1,0.9,15
2408,50135000,BRAVO PIZZA,"378 5 AVENUE, MANHATTAN, NY 10018",Bravo Pizza (K),0x89c25900460285e3:0x403e63fcf31c1aca,,40.7494435,-73.98409529999999,7,6,0,People typically spend 15-45 min here,4.3,3122,6,6,164,Midtown South,4042.5,242.55,1.1,0.15,0.85,49
2409,50135137,MAMAZUL,"1155 BROADWAY, MANHATTAN, NY 10001",Mamazul Mexican Grill,0x89c2599cc6bcf769:0x6b2da9307b152f32,,40.7444421,-73.9892065,7,6,0,People typically spend 45 min to 3.5 hr here,4.5,1720,6,6,234,Union Sq,3198.6,214.3062,1.8,0.4,0.6,50
2410,50135192,KONA COFFEE ROASTERS,"100 PARK AVENUE, MANHATTAN, NY 10017",Kona Coffee Roasters | Midtown,0x89c25958a72ba70b:0xd6e4cfe2ec9b1a71,,40.751407,-73.97861499999999,7,6,0,People typically spend 15 min to 2.5 hr here,4.4,380,6,6,170,Murray Hill,6485.025000000001,538.2570750000001,3.0,0.7,0.3,92
2411,50135210,MABU CAFE NYC,"18 DOYERS STREET, MANHATTAN, NY 10013",Mabu,0x89c25b5aa0baaa2b:0x111974c289bd6d49,,40.7147002,-73.9980305,7,6,0,People typically spend 30 min to 1 hr here,4.1,599,6,6,45,Chinatown,266.0,15.96,1.2,0.3,0.7,14
2412,50135264,SOGNO TOSCANO,"508 WEST   28 STREET, MANHATTAN, NY 10001",Sogno Toscano Cafe´& Wine Bar,0x89c2591ff150a107:0x551a83ac6d794c74,,40.7509422,-74.0024686,7,6,0,People typically spend 1-2 hours here,4.9,646,6,6,246,West Chelsea/Hudson Yards,800.0,44.0,1.0,0.1,0.9,114
2413,50135273,JADE GARDEN,"4028 BROADWAY, MANHATTAN, NY 10032",Jade Garden,0x89c2f69c35bf4f4f:0x90b5cde7bc579551,,40.8418106,-73.93892509999999,7,6,0,People typically spend 15 min here,3.9,383,6,6,244,Washington Heights South,880.0,52.8,1.2,0.3,0.7,149
2414,50135309,TASTY HAND-PULLED NOODLES,"1 DOYERS STREET, MANHATTAN, NY 10013",Tasty Hand - Pulled Noodles,0x89c25bd05aee9499:0x10f3231c69eb165b,,40.7142425,-73.9978903,7,6,0,People typically spend 45 min here,4.4,1521,6,6,45,Chinatown,2208.8,132.528,1.2,0.3,0.7,14
2415,50135432,BAYA BAR,"305 WEST BROADWAY, MANHATTAN, NY 10013",Baya Bar,0x89c25949e3e72045:0x8ece541508c5df56,,40.7215268,-74.0042812,7,6,0,,4.5,125,6,6,211,SoHo,455.2000000000001,37.78160000000001,3.0,0.8,0.1999999999999999,26
2416,50135466,FLORENTIN,"480 AMSTERDAM AVENUE, MANHATTAN, NY 10024",Florentin,0x89c2595aeeca6e13:0x66fdd39bda6e6df0,,40.7859257,-73.9766018,7,6,0,People typically spend 1-2 hours here,4.9,428,6,6,239,Upper West Side South,1600.0,80.0,0.8,0.05,0.95,75
2417,50135573,I LOVE BIBIMBAP,"1049 SAINT NICHOLAS AVENUE, MANHATTAN, NY 10032",I LOVE BIBIMBAP,0x89c2f7d10e262833:0x870ab6e90b9a6f83,,40.8366907,-73.94028089999999,7,6,0,,4.3,55,6,6,244,Washington Heights South,500.0,27.5,1.0,0.15,0.85,149
2418,50135605,MARUMI,"546 LAGUARDIA PLACE, MANHATTAN, NY 10012",Marumi,0x89c25991b64af833:0xd404ab34a3fec104,,40.7290139,-73.99842079999999,7,6,0,,4.5,323,6,6,114,Greenwich Village South,820.75,41.0375,0.8,0.05,0.95,15
2419,50135856,GROUND CENTRAL COFFEE COMPANY,"441 LEXINGTON AVENUE, MANHATTAN, NY 10017",Ground Central Coffee Company,0x89c259d69ac68a7d:0xb43b04fabf12e486,,40.7528853,-73.97482,7,6,0,People typically spend 20 min to 1 hr here,4.5,196,6,6,162,Midtown East,8000.0,664.0,3.0,0.7,0.3,108
2420,50135943,A-JIAO SICHUAN CUISINE,"1817 2 AVENUE, MANHATTAN, NY 10128",A-Jiao,0x89c258a58e95f83b:0xe4910180da0ba8a3,,40.7831138,-73.9481521,7,6,0,People typically spend 25 min to 4 hr here,4.3,225,6,6,263,Yorkville West,1560.8,93.648,1.2,0.3,0.7,73
2421,50135953,WOLF FOREST,"213 PEARL STREET, MANHATTAN, NY 10038",Wolf forest cafe,0x89c25b3e279badff:0xd13ca11cff61e23b,,40.7072497,-74.0061764,7,6,0,,4.7,185,6,6,87,Financial District North,386.6666666666667,32.09333333333333,3.0,0.7,0.3,29
2422,50136319,MARACA NYC,"3795 10 AVENUE, MANHATTAN, NY 10034",Maraca NYC,0x89c2f53ff2f1f595:0xdf1f3d5a195cf1f8,,40.8619746,-73.9204618,7,6,0,People typically spend 4 hours here,2.8,99,6,6,127,Inwood,6216.9,373.014,1.2,0.2,0.8,16
2423,50136331,KOLKATA CHAI CO,"60 KENMARE STREET, MANHATTAN, NY 10012",Kolkata Chai Co - Nolita,0x89c259592eed0551:0x3be50086729dd34d,,40.7208544,-73.99601229999999,7,6,0,,4.5,471,6,6,144,Little Italy/NoLiTa,412.0,22.66,1.0,0.15,0.85,16
2424,50136413,LA VISTA PIZZA,"1099 2 AVENUE, MANHATTAN, NY 10022",LaVista Pizza (2nd Ave),0x89c2599a3ca3d9d3:0x4612ca7ce163b2dd,,40.7599217,-73.965086,7,6,0,People typically spend 20 min to 4 hr here,4.9,1124,6,6,229,Sutton Place/Turtle Bay North,1600.0,107.2,1.8,0.5,0.5,48
2425,50136482,DO NOT FEED ALLIGATORS,"337 BLEECKER STREET, MANHATTAN, NY 10014",Do Not Feed Alligators,0x89c259dd79e772c7:0xc06459a9de4a951e,,40.7336939,-74.0042366,7,6,0,People typically spend 25 min to 1 hr here,4.4,1075,6,6,249,West Village,320.0,26.56,3.0,0.7,0.3,30
2426,50136864,SIN CITY BURGER,"311 EAST   76 STREET, MANHATTAN, NY 10021",Sin City Burger,0x89c259cd5d272a87:0xd9cc3a84e1629b60,,40.7712211,-73.9555263,7,6,0,People typically spend 15 min to 2 hr here,4.7,1057,6,6,141,Lenox Hill West,1000.0,60.0,1.2,0.2,0.8,83
2427,50136891,DUNKIN,"2264 BROADWAY, MANHATTAN, NY 10024",Dunkin',0x89c259e380bb25d5:0xc49c152d5002712e,,40.7852788,-73.9785958,7,4,0,People typically spend 10 min to 4 hr here,3.8,101,6,6,239,Upper West Side South,2275.0,188.825,3.0,0.7,0.3,140
2428,50136921,MCDONALDS #7552,"14 EAST   47 STREET, MANHATTAN, NY 10017",McDonald's,0x89c258fe7a04952b:0x15816d809da10973,,40.7561457,-73.9777458,7,5,0,People typically spend 25 min to 1.5 hr here,3.8,2518,6,6,161,Midtown Center,4350.0,361.05,2.5,0.6,0.4,60
2429,50136932,MCDONALD'S #14106,"1188 6 AVENUE, MANHATTAN, NY 10036",McDonald's,0x89c258ff13506fc7:0x210f233c51d2ca35,,40.757629,-73.98185,7,4,11,People typically spend 15-45 min here,3.6,3392,6,6,161,Midtown Center,2800.0,232.4,2.5,0.6,0.4,89
2430,50136945,JUICE GENERATION,"350 WEST   14 STREET, MANHATTAN, NY 10014",Juice Generation,0x89c2599ca491254d:0xbf13c7add1b32cb4,,40.7404531,-74.0048716,7,6,0,,4.0,76,6,6,249,West Village,1250.0,103.75,3.0,0.8,0.1999999999999999,30
2431,50137032,CHARLES PAN-FRIED CHICKEN,"439 WEST  125 STREET, MANHATTAN, NY 10027",Charles Pan-Fried Chicken,0x89c2f7651e419f81:0x79e7b6ded6bf336d,,40.8125734,-73.9552005,7,6,0,People typically spend 10-45 min here,4.8,1449,6,6,166,Morningside Heights,1920.0,128.64,2.0,0.5,0.5,61
2432,50137116,CASETTA,"61 HESTER STREET, MANHATTAN, NY 10002",Casetta,0x89c25be477976efd:0x18e73166e14435af,,40.715897,-73.990315,7,6,0,,3.7,137,6,6,148,Lower East Side,1200.0,72.0,1.2,0.2,0.8,43
2433,50137356,CHIP CITY,"1371 MADISON AVENUE, MANHATTAN, NY 10128",Chip City,0x89c2595a3bb3e711:0x781feba76cad958c,,40.7868718,-73.9542388,7,6,0,,4.6,137,6,6,236,Upper East Side North,1135.0,68.1,1.1,0.2,0.8,115
2434,50137451,MANGIA,"588 BROADWAY, MANHATTAN, NY 10012","Mangia SoHo - Italian Restaurant, Lunch & Corporate Catering",0x89c2593c839a320b:0x9d4549b180b5ed38,,40.7248816,-73.9970874,1,6,0,People typically spend 30 min to 3 hr here,4.7,372,0,6,144,Little Italy/NoLiTa,6370.55,528.7556500000001,2.5,0.6,0.4,41
2435,50137596,THAI TERMINAL,"349 EAST   12 STREET, MANHATTAN, NY 10003",Thai Terminal,0x89c2599de2dbf04f:0xc5602ae65f5632a,,40.730262,-73.9838779,7,6,0,,4.1,318,6,6,79,East Village,569.0666666666667,34.14400000000001,1.1,0.2,0.8,63
2436,50137610,MARI:NE,"135 WEST   41 STREET, MANHATTAN, NY 10036",Mari.ne Handroll,0x89c25946b588961f:0x1210671606819395,,40.754814,-73.9857693,1,6,0,,4.5,376,0,6,100,Garment District,1540.575,84.73162500000001,1.0,0.15,0.85,137
2437,50137867,SUSHI HAYASHI,"355 EAST   50 STREET, MANHATTAN, NY 10022",Sushi Hayashi,0x89c259dfef827e57:0xe1cd8ecdd23486dc,,40.7542335,-73.9664915,7,6,0,,4.4,172,6,6,229,Sutton Place/Turtle Bay North,960.0,52.8,1.0,0.15,0.85,48
2438,50137876,GLACE BY NOGLU,"1266 MADISON AVENUE, MANHATTAN, NY 10128",Glace NY,0x89c2595e77373b05:0xe0746ef12cf3c702,,40.7838349,-73.9568862,7,6,0,People typically spend 20 min to 4 hr here,4.2,713,6,6,236,Upper East Side North,1900.0,157.7,3.0,0.8,0.1999999999999999,115
2439,50138084,CARNEGIE DINER,"828 8 AVENUE, MANHATTAN, NY 10019",Carnegie Diner & Cafe,0x89c259d91a454535:0xe701f5330fccc678,,40.7620089,-73.98600309999999,7,6,0,People typically spend 45 min to 1.5 hr here,4.5,3705,6,6,230,Times Sq/Theatre District,1396.8,83.808,1.2,0.2,0.8,118
2440,50138113,VAN LEEUWEN ICE CREAM,"556 HUDSON STREET, MANHATTAN, NY 10014",Van Leeuwen Ice Cream,0x89c2594df1e7f195:0x237a6cffb6a07d95,,40.735375,-74.005751,7,6,0,,4.2,39,6,6,249,West Village,1200.0,99.6,3.0,0.8,0.1999999999999999,30
2441,50138385,SUBWAY,"545 8 AVENUE, MANHATTAN, NY 10018",Subway,0x89c2596644dc5f4b:0x3a469bb128d6e9b,,40.7544946,-73.99216539999999,7,6,0,,4.4,214,6,6,68,East Chelsea,958.8333333333334,79.58316666666667,2.5,0.6,0.4,303
2442,50138545,ELLEN'S STARDUST DINER,"1650 BROADWAY, MANHATTAN, NY 10019",Ellen's Stardust Diner,0x89c25856265dceff:0x1e8167222d4fd3db,,40.7618723,-73.98343559999999,7,6,0,People typically spend 1-2 hours here,4.4,24355,6,6,230,Times Sq/Theatre District,8000.0,480.0,1.2,0.2,0.8,118
2443,50138563,BUFFALO WILD WINGS GO,"455 PARK AVENUE SOUTH, MANHATTAN, NY 10016",Buffalo Wild Wings GO,0x89c259905e14c6c3:0x7f2e57f646c1172a,,40.744878,-73.9826708,7,6,0,People typically spend 10 min to 1.5 hr here,4.6,543,6,6,170,Murray Hill,981.25,65.74375,2.0,0.5,0.5,92
2444,50138795,CAULDRON CHICKEN,"190 BLEECKER STREET, MANHATTAN, NY 10012",Cauldron Chicken,0x89c2596b1264a489:0x213b6dd600eb449d,,40.7292176,-74.0014601,7,6,0,,4.6,272,6,6,114,Greenwich Village South,370.8333333333333,24.84583333333333,2.0,0.5,0.5,15
2445,50139065,LONG ISLAND DUMPLINGS,"513 AVENUE OF THE AMERICAS, MANHATTAN, NY 10011",Long Island Dumplings,0x89c2592af15c8c4d:0xd946b4a56ff38bd7,,40.7369824,-73.9974077,7,6,0,People typically spend 30 min to 1.5 hr here,4.2,102,6,6,249,West Village,329.3333333333333,19.76,1.2,0.3,0.7,30
2446,50139164,DINER 24,"283 3 AVENUE, MANHATTAN, NY 10010",Diner 24 NYC,0x89c259a5828af9e1:0x4786cc62fb0f1597,,40.7381558,-73.98335999999999,7,4,25,People typically spend 45 min to 1.5 hr here,4.8,8650,6,6,107,Gramercy,1200.0,72.0,1.2,0.2,0.8,228
2447,50139259,SHANGHAI TIME,"273 WEST   38 STREET, MANHATTAN, NY 10018",Shanghai Time,0x89c259cbadf3f55d:0x6d0ddd7f2e7f31b6,,40.7546846,-73.99110639999999,7,6,0,People typically spend 20 min to 1.5 hr here,4.4,595,6,6,100,Garment District,7255.2,435.312,1.2,0.3,0.7,73
2448,50139262,ANALIA'S RESTAURANT,"71 SHERMAN AVENUE, MANHATTAN, NY 10040",Amali,0x89c258ef83fba207:0xdc29e8f40b386e4e,,40.7633694,-73.96856269999999,7,6,0,People typically spend 2-4 hours here,4.3,584,6,6,243,Washington Heights North,2641.5,158.49,1.2,0.2,0.8,24
2449,50139326,DUNKIN DONUTS,"185 GREENWICH STREET, MANHATTAN, NY 10007",Dunkin',0x89c25bfc1f62776d:0xc7289d5ba59b125d,,40.7115663,-74.0114261,7,5,0,,4.5,287,6,6,261,World Trade Center,8000.0,664.0,3.0,0.8,0.1999999999999999,40
2450,50139440,HK BOXERS NYC,"735 9 AVENUE, MANHATTAN, NY 10019",Boxers HK,0x89c258572b2ac3ef:0x3a405983459cc75f,,40.7633868,-73.98926709999999,7,6,0,People typically spend 45 min to 3 hr here,4.0,1007,6,6,48,Clinton East,1725.0,103.5,1.2,0.2,0.8,130
2451,50139953,SUPER TASTE,"1502 1 AVENUE, MANHATTAN, NY 10075",Super Taste,0x89c2590c14d8fc1d:0xbf69d84f97ed3994,,40.7718429,-73.9527208,7,6,0,People typically spend 20 min to 1.5 hr here,4.7,248,6,6,140,Lenox Hill East,1535.2,92.112,1.2,0.3,0.7,218
2452,50140007,THE SPOTTED DOG / CULTURE IN A BOWL,"1154 1 AVENUE, MANHATTAN, NY 10065",The Spotted Dog,0x89c258e80314f2c9:0x480d06b4e81ff80a,,40.7622222,-73.9597222,7,6,0,People typically spend 45 min to 4 hr here,4.1,283,6,6,140,Lenox Hill East,1330.25,79.815,1.2,0.2,0.8,218
2453,50140761,THE IVY COFFEE & BAKERY,"31 CARMINE STREET, MANHATTAN, NY 10014",The Ivy Coffee & Tea & Bakery,0x89c2593c897df865:0x3b2f587a557df5dc,,40.7302604,-74.00313469999999,7,6,0,,4.6,194,6,6,249,West Village,533.3333333333334,44.26666666666667,3.0,0.7,0.3,30
2454,50141111,ISABELLE'S OSTERIA,"245 PARK AVENUE SOUTH, MANHATTAN, NY 10003",Isabelle's Osteria,0x89c259a43070db57:0xe425a2599fb57591,,40.737976,-73.9875872,7,6,0,People typically spend 45 min to 4 hr here,4.7,1411,6,6,107,Gramercy,1394.6125,76.70368750000002,1.0,0.1,0.9,46
2455,50141610,VAN LEEUWEN ICE CREAM,"943 2 AVENUE, MANHATTAN, NY 10022",Van Leeuwen Ice Cream,0x89c25969c4636df9:0x1038b883e091b4d6,,40.755105,-73.968792,7,6,0,,4.6,175,6,6,229,Sutton Place/Turtle Bay North,1008.0,83.664,3.0,0.8,0.1999999999999999,48
2456,50141707,POINT SEVEN,"200 PARK AVENUE, MANHATTAN, NY 10017",Point Seven,0x89c259021bc00001:0x6ce618c093f43adc,,40.7536229,-73.9771918,1,6,0,People typically spend 2-4 hours here,4.5,178,0,6,162,Midtown East,2090.68275862069,104.5341379310345,0.8,0.05,0.95,513
2457,50142199,SUBWAY,"20 BROAD STREET, MANHATTAN, NY 10005",Subway,0x89c25a16c14459db:0x50506cf192b67928,,40.7068366,-74.01159009999999,7,4,46,People typically spend 15 min to 3 hr here,3.6,240,6,6,87,Financial District North,2137.575,177.418725,2.5,0.6,0.4,274
2458,50142521,PANERA BREAD #9202,"525 EAST   68 STREET, MANHATTAN, NY 10065",Panera Bread,0x89c25984db64521f:0x9dbafad00fbd27a0,,40.7644168,-73.95419179999999,7,4,52,,3.1,42,6,6,140,Lenox Hill East,8000.0,480.0,1.2,0.2,0.8,171
2459,50142687,ROSEMARY'S,"825 3 AVENUE, MANHATTAN, NY 10022",Rosemary's Midtown,0x89c259b384cafe77:0x79212321ab5d113,,40.7558722,-73.9701462,7,6,0,People typically spend 1-4 hours here,4.3,448,6,6,229,Sutton Place/Turtle Bay North,8000.0,440.0,1.0,0.1,0.9,48
2460,50142786,DA ANDREA RISTORANTE,"160 8 AVENUE, MANHATTAN, NY 10011",Da Andrea Chelsea,0x89c2593ba314c0d1:0xd5579301e987a1bd,,40.7420916,-74.00059379999999,7,6,0,People typically spend 1.5-4 hours here,4.8,2045,6,6,90,Flatiron,2143.2,117.876,1.0,0.1,0.9,31
2461,50142958,KAZUNORI,"205 BLEECKER STREET, MANHATTAN, NY 10012",KazuNori: The Original Hand Roll Bar,0x89c259001441d87b:0x49aa7c9c9df1c91b,,40.7296478,-74.0017999,7,6,0,People typically spend 45 min to 3 hr here,4.7,295,6,6,114,Greenwich Village South,1736.0,104.16,1.2,0.3,0.7,15
2462,50143089,PIZZA PARK,"1233 1 AVENUE, MANHATTAN, NY 10065",Pizza Park,0x89c258c26490c761:0xd4e5e6f6b01969e5,,40.764447,-73.958677,7,6,0,People typically spend 20 min to 2.5 hr here,4.3,440,6,6,141,Lenox Hill West,1153.6,77.2912,1.8,0.5,0.5,83
2463,50143448,GEMINA COFFEE SHOP,"424 EAST   14 STREET, MANHATTAN, NY 10009",Gemina Coffee Shop,0x89c2593fe94657d1:0x8bedb829faa71076,,40.7306295,-73.98152089999999,7,6,0,,4.7,199,6,6,79,East Village,421.3333333333333,34.97066666666667,3.0,0.7,0.3,63
2464,50143498,DUNKIN',"3830 BROADWAY, MANHATTAN, NY 10032",Dunkin',0x89c2f74749d4334f:0x8481a0fd7a1559e3,,40.8356209,-73.9434527,7,5,0,People typically spend 10-45 min here,4.3,59,6,6,244,Washington Heights South,5000.0,415.0,3.0,0.8,0.1999999999999999,95
2465,50143575,CLOVES INDIAN CUISINE,"66 MADISON AVENUE, MANHATTAN, NY 10016",Cloves Indian Cuisine,0x89c259a652500001:0x7eb492e16cce0199,,40.7436978,-73.98617089999999,7,6,0,People typically spend 30 min to 2.5 hr here,4.9,1898,6,6,234,Union Sq,352.0,19.36,1.0,0.15,0.85,50
2466,50143608,COLD STONE CREAMERY,"350 WEST   42 STREET, MANHATTAN, NY 10036",Cold Stone Creamery,0x89c25985c6b1a667:0x7060ed3c89a40598,,40.7580607,-73.9921699,7,6,0,,4.2,136,6,6,48,Clinton East,559.0,46.39700000000001,3.0,0.8,0.1999999999999999,130
2467,50143662,ROMEO'S,"118 SAINT MARKS PLACE, MANHATTAN, NY 10009",Romeos,0x89c2595d92a0d2e5:0x783d6a59d1dea255,,40.7268969,-73.98408189999999,7,6,0,,4.4,213,6,6,79,East Village,236.4,14.184,1.2,0.2,0.8,63
2468,50143750,LOLITA,"45 WEST   45 STREET, MANHATTAN, NY 10036",LOLITA,0x89c2597adf8e2f93:0x7fa898837ce0923c,,40.7562583,-73.9811759,7,6,0,People typically spend 1-3.5 hours here,4.5,621,6,6,161,Midtown Center,4171.724999999999,279.505575,1.8,0.4,0.6,88
2469,50143809,POPEYES,"101 DELANCEY STREET, MANHATTAN, NY 10002",Popeyes Louisiana Kitchen,0x89c259bf3940be3b:0xbcb5dbb22e65a6a1,,40.7185141,-73.9889178,7,6,0,,3.9,173,6,6,148,Lower East Side,2307.2,154.5824,2.0,0.5,0.5,43
2470,50143815,LUCIA PIZZA OF SOHO/LUCIA ALIMENTARI,"375 CANAL STREET, MANHATTAN, NY 10013",Lucia Pizza Of SoHo,0x89c259b91ad762b7:0x99a7f294be934508,,40.7214195,-74.00441239999999,7,6,0,People typically spend 20 min here,4.5,1207,6,6,211,SoHo,2171.4,145.4838,1.8,0.5,0.5,26
2471,50143817,KONBAN NYC,"311 WEST   17 STREET, MANHATTAN, NY 10011",konban NYC,0x89c259cd8ad164bd:0xb17053d7b7443f4d,,40.7420166,-74.0015683,7,6,0,People typically spend 45 min to 4 hr here,4.7,1057,6,6,68,East Chelsea,1073.4,59.03700000000001,1.0,0.15,0.85,303
2472,50143917,ROCCO'S,"1 WEST    3 STREET, MANHATTAN, NY 10012",Rocco's Sports & Rec,0x89c259a7f4e0f2d9:0x9bbc448d413c1d1,,40.7280045,-73.9950017,7,6,0,People typically spend 1-4 hours here,3.9,176,6,6,114,Greenwich Village South,1869.0,112.14,1.2,0.2,0.8,15
2473,50144001,KOBA,"136 WILLIAM STREET, MANHATTAN, NY 10038",KOBA Korean BBQ,0x89c25b7897345e4d:0x54e9cb9649c19194,,40.7092076,-74.0063543,7,6,0,,4.4,242,6,6,87,Financial District North,440.0,24.2,1.0,0.15,0.85,29
2474,50144305,ROWDY ROOSTER,"140 WEST   32 STREET, MANHATTAN, NY 10001",Rowdy Rooster - Penn,0x89c259230debd1e1:0x6542a7d563f8b02,,40.748991,-73.9903832,7,6,0,People typically spend 25 min to 1.5 hr here,4.3,320,6,6,186,Penn Station/Madison Sq West,1174.0,64.57000000000001,1.0,0.15,0.85,221
2475,50144408,SOLEDAD,"1825 2 AVENUE, MANHATTAN, NY 10128",Soledad,0x89c2592492cd534d:0x1c9746e6fafbe135,,40.7833595,-73.947991,7,6,0,People typically spend 1-4 hours here,4.7,219,6,6,263,Yorkville West,480.0,32.16,1.8,0.4,0.6,73
2476,50144476,AKIMORI,"858 LEXINGTON AVENUE, MANHATTAN, NY 10065",AKIMORI,0x89c2594f4d142135:0x763bec216dce1ccb,,40.7658058,-73.9658192,7,6,0,People typically spend 1.5-4 hours here,4.7,95,6,6,237,Upper East Side South,686.4000000000001,37.752,1.0,0.15,0.85,131
2477,50144842,LENOX THAI,"1217 1 AVENUE, MANHATTAN, NY 10065",LENOXTHAI,0x89c259522df871a7:0xc03cfe1331a463ca,,40.7638741,-73.9590946,7,6,0,People typically spend 20 min to 1 hr here,4.9,963,6,6,141,Lenox Hill West,2561.0,140.855,1.0,0.15,0.85,83
2478,50144962,T TIME BOBA,"100 EAST   96 STREET, MANHATTAN, NY 10128",T-Time Boba,0x89c2590028dbdad5:0x113f67e0561d0680,,40.7862479,-73.9522525,7,6,0,People typically spend 30 min to 4 hr here,4.2,191,6,6,236,Upper East Side North,2953.0,245.099,3.0,0.7,0.3,115
2479,50144965,SPICE SYMPHONY,"317 WEST   46 STREET, MANHATTAN, NY 10036",Spice Symphony Times Square,0x89c25925a81b7157:0xa0e5b53f1422f24e,,40.7603137,-73.9887265,7,6,0,,4.7,1535,6,6,48,Clinton East,950.4,52.272,1.0,0.15,0.85,130
2480,50145138,100 MARKET PLACE,"100 BROAD STREET, MANHATTAN, NY 10004",100 Market Place,0x89c24fff58bc1cf5:0xbb621373d2283cb4,,40.703459,-74.012096,7,4,9,People typically spend 15 min to 1 hr here,3.9,369,6,6,88,Financial District South,1353.166666666667,81.19,1.2,0.2,0.8,47
2481,50145144,WONDER,"120 EAST   86 STREET, MANHATTAN, NY 10028",Wonder Upper East Side,0x89c259b6ec6e4f0b:0x6059aecb8dc39d22,,40.7795786,-73.95631519999999,7,6,0,People typically spend 15 min to 4 hr here,4.5,407,6,6,236,Upper East Side North,3237.3,194.238,1.1,0.2,0.8,115
2482,50145228,SIP & GUZZLE,"29 CORNELIA STREET, MANHATTAN, NY 10014",Sip&Guzzle,0x89c2595f07acd2e3:0xbf4202b1312b5cf1,,40.7314775,-74.0024921,7,6,0,People typically spend 1-2 hours here,4.2,764,6,6,249,West Village,800.0,48.0,1.2,0.2,0.8,30
2483,50145402,JR SUSHI,"119 CHAMBERS STREET, MANHATTAN, NY 10007",JR Sushi,0x89c25a1ed8dca50d:0x2df889890a51b764,,40.7154113,-74.00842899999999,7,6,0,,4.1,379,6,6,231,TriBeCa/Civic Center,2291.2,126.016,1.0,0.15,0.85,50
2484,50145556,FAT BOYS BURGERS,"853 9 AVENUE, MANHATTAN, NY 10019",Fat Boys Burgers,0x89c259006677131f:0xa124f8dcd4e2df4a,,40.7670142,-73.9866874,7,6,0,People typically spend 20 min here,4.7,397,6,6,48,Clinton East,400.0,24.0,1.2,0.2,0.8,130
2485,50145565,TRAVELERS POETS & FRIENDS,"457 6 AVENUE, MANHATTAN, NY 10011",Travelers Poets & Friends,0x89c2595291d8a30f:0x1433903715b455d,,40.735255,-73.998673,7,6,0,People typically spend 45 min to 4 hr here,4.7,492,6,6,249,West Village,200.0,11.0,1.0,0.1,0.9,30
2486,50145720,ORIENTAL PALACE,"1728 MADISON AVENUE, MANHATTAN, NY 10029",Oriental Palace,0x89c2f60566383bf1:0x2d4214fcc2905048,,40.7986197,-73.94602569999999,7,6,0,,3.6,79,6,6,74,East Harlem North,5175.0,310.5,1.2,0.3,0.7,101
2487,50145734,DOS TOROS TAQUERIA,"1115 LEXINGTON AVENUE, MANHATTAN, NY 10075","Dos Toros - Burritos, Bowls, and Tacos",0x89c258957fe67cf1:0x6702a97b84a5c78c,,40.7739966,-73.959395,7,6,0,,4.6,1950,6,6,236,Upper East Side North,621.5,41.6405,1.8,0.4,0.6,115
2488,50145771,LUCKY TIGER NYC,"66 PEARL STREET, MANHATTAN, NY 10004",Lucky Tiger,0x89c25b796a02c82f:0xc087266a41faebb8,,40.7035113,-74.0107685,7,6,0,,4.7,190,6,6,88,Financial District South,502.0,30.12,1.1,0.2,0.8,24
2489,50145855,CHINA RED EXPRESS,"118 CHAMBERS STREET, MANHATTAN, NY 10007",China Red Gourmet,0x89c25a1f3adc268f:0x2493387d6ff950b6,,40.7151248,-74.008579,7,6,0,People typically spend 15 min here,3.4,330,6,6,231,TriBeCa/Civic Center,2500.0,150.0,1.2,0.3,0.7,50
2490,50145895,TANG PAVILION,"65 WEST   55 STREET, MANHATTAN, NY 10019",Tang Pavilion 川悦食府,0x89c259db6b0cbe07:0x52d2fcb820fe2241,,40.7627908,-73.9771957,7,6,0,,4.9,115,6,6,161,Midtown Center,1600.0,96.0,1.2,0.3,0.7,88
2491,50145990,OTANI,"59 NASSAU STREET, MANHATTAN, NY 10038",Otani,0x89c25bf96b7c5f6f:0x191fcea98319ec8,,40.7093113,-74.0088552,7,6,0,People typically spend 45 min to 2 hr here,4.7,754,6,6,87,Financial District North,1008.3,55.4565,1.0,0.15,0.85,29
2492,50146116,EMPEROR DUMPLING,"685 3 AVENUE, MANHATTAN, NY 10017",Emperor Dumpling,0x89c2596b0afe9cd1:0xc996e33185e01bbc,,40.7517072,-73.97355069999999,7,6,0,,4.4,193,6,6,233,UN/Turtle Bay South,358.9285714285714,21.53571428571428,1.1,0.2,0.8,73
2493,50146141,PRET A MANGER,"425 LEXINGTON AVENUE, MANHATTAN, NY 10017",Pret A Manger,0x89c25902794bd641:0x2a20ec00a4ca5484,,40.752506,-73.97500699999999,7,6,0,,4.2,557,6,6,162,Midtown East,7846.012500000001,651.2190375000001,2.5,0.6,0.4,108
2494,50146462,SIR HENRYS,"795 8 AVENUE, MANHATTAN, NY 10019",Sir Henry’s,0x89c25856976c657d:0x48a47665b5e6a9f6,,40.7613102,-73.9871615,7,6,0,People typically spend 1-2.5 hours here,4.8,1278,6,6,48,Clinton East,757.3333333333334,45.44,1.2,0.2,0.8,130
2495,50146498,ISLAND ROLLS N BOWLS,"503 MAIN STREET, MANHATTAN, NY 10044",Island Rolls N Bowls,0x89c2591a1be04907:0xd714ff2d4bee0b6a,,40.760835,-73.95114699999999,7,6,0,People typically spend 20 min to 1.5 hr here,4.7,278,6,6,202,Roosevelt Island,897.9,60.1593,1.8,0.4,0.6,2
2496,50146733,MIKADO,"164 PEARL STREET, MANHATTAN, NY 10005",Mikado Sushi,0x89c25b9350623489:0xcd2f752a4c4c82b3,,40.705921,-74.0074839,7,6,0,People typically spend 30 min to 1.5 hr here,4.7,1033,6,6,87,Financial District North,2261.4,124.377,1.0,0.15,0.85,29
2497,50146792,XI'AN FAMOUS FOODS,"60 WEST   45 STREET, MANHATTAN, NY 10036",Xi'an Famous Foods 西安名吃 | Midtown 45th&6th,0x89c2590028ce7125:0xa3426f4e689ed028,,40.7563002,-73.9818841,7,6,0,People typically spend 30 min here,4.4,442,6,6,161,Midtown Center,2723.225,163.3935,1.2,0.3,0.7,88
2498,50146925,CLAUDE,"187 WEST    4 STREET, MANHATTAN, NY 10014",Claude Bakery West Village,0x89c25993f3bad1df:0x2afe2b8cad265add,,40.7326464,-74.00182579999999,7,6,0,,4.5,478,6,6,249,West Village,200.0,16.6,3.0,0.7,0.3,30
2499,50146990,APOLLO BAGELS,"242 EAST   10 STREET, MANHATTAN, NY 10003",Apollo Bagels,0x89c259006b5f41ef:0x87200d2c9acee1d0,,40.7287547,-73.9847935,7,6,0,People typically spend 10-45 min here,4.5,1084,6,6,79,East Village,693.3333333333334,57.54666666666667,3.0,0.8,0.1999999999999999,63
2500,50147158,EL SABROSO,"265 WEST   37 STREET, MANHATTAN, NY 10018",El Sabroso,0x89c259acff71f287:0xa083f5c39b30a2b4,,40.7540428,-73.9916533,1,6,0,,4.0,324,0,6,100,Garment District,4390.099999999999,263.4059999999999,1.2,0.2,0.8,137
2501,50147177,1915 LANZHOU HAND PULLED NOODLES & DUMPLINGS,"207 EAST   26 STREET, MANHATTAN, NY 10010",1915 Lanzhou Hand Pulled Noodles,0x89c259f6bd0bbe45:0x9a05ac83753cdd49,,40.7406407,-73.98123029999999,7,6,0,People typically spend 25 min to 1 hr here,4.4,501,6,6,137,Kips Bay,560.0,33.6,1.2,0.3,0.7,188
2502,50147180,ROSCIOLI NYC,"43 MACDOUGAL STREET, MANHATTAN, NY 10012",Roscioli NYC,0x89c25910a41df9e3:0x120b31ee6918bbee,,40.7277451,-74.00258389999999,7,6,0,People typically spend 1.5-4 hours here,4.4,743,6,6,125,Hudson Sq,1032.0,56.76,1.0,0.1,0.9,9
2503,50147352,PIZZA SPOT HELLS KITCHEN,"754 10 AVENUE, MANHATTAN, NY 10019",Pizza Spot hells kitchen,0x89c25973856a933f:0x9418e77e9a3b8868,,40.7654294,-73.9909294,7,6,0,People typically spend 1-4 hours here,4.7,191,6,6,48,Clinton East,1200.0,80.4,1.8,0.5,0.5,130
2504,50147929,SUSHI TOKORO,"168 7 AVENUE SOUTH, MANHATTAN, NY 10014",Sushi Tokoro the handroll bar,0x89c259fcce606281:0xc7d5629b514f5e46,,40.7355814,-74.0019459,7,6,0,People typically spend 1-3 hours here,4.8,477,6,6,249,West Village,2730.0,150.15,1.0,0.15,0.85,30
2505,50148263,SAHOLA COFFEE SHOP,"108 EAST   31 STREET, MANHATTAN, NY 10016",Sahola Cafe,0x89c2596d362dc7e1:0xac415b074abba962,,40.7447687,-73.98219379999999,7,6,0,,4.4,198,6,6,170,Murray Hill,593.6,49.26880000000001,3.0,0.7,0.3,92
2506,50148378,G'S CHEESESTEAKS,"6 AVENUE B, MANHATTAN, NY 10009",G’s Cheesesteaks,0x89c25903ac315677:0x558184c1d3ad8ac0,,40.7217432,-73.9838868,7,6,0,People typically spend 15-45 min here,4.6,413,6,6,79,East Village,320.0,26.56,2.5,0.6,0.4,63
2507,50148431,CHARLOTTE CAFE,"2541 BROADWAY, MANHATTAN, NY 10025",Charlotte Cafe,0x89c2f62814587e31:0x567e4c923e43c476,,40.7942293,-73.972504,7,6,0,People typically spend 30 min to 1.5 hr here,4.8,1591,6,6,238,Upper West Side North,3000.0,249.0,3.0,0.7,0.3,84
2508,50148453,OISHI BAY SUSHI,"230 EAST   29 STREET, MANHATTAN, NY 10016",Oishi Bay,0x89c259091931bc4f:0x92b64da33d318453,,40.7418323,-73.9789715,7,6,0,,4.2,184,6,6,137,Kips Bay,1534.05,84.37275,1.0,0.15,0.85,188
2509,50148586,H&H BAGELS,"429 3 AVENUE, MANHATTAN, NY 10016",H&H Bagels,0x89c259680f5b8803:0x6c72dfa84ff80ff6,,40.743016,-73.9798213,7,6,0,People typically spend 1-4 hours here,4.0,176,6,6,137,Kips Bay,606.6666666666666,36.4,1.2,0.2,0.8,188
2510,50148663,THA PHRAYA,"1553 2 AVENUE, MANHATTAN, NY 10028",Tha Phraya,0x89c25904f261b55d:0x51c4ac589415e1fa,,40.7745281,-73.9545117,7,6,0,People typically spend 1-2.5 hours here,4.8,1324,6,6,263,Yorkville West,400.0,22.0,1.0,0.15,0.85,73
2511,50148722,COMMODORE II,"14 AVENUE C, MANHATTAN, NY 10009",Commodore II,0x89c259f68851997d:0x9cfe8fb01eb4d836,,40.7210766,-73.9808712,7,6,0,People typically spend 45 min to 2.5 hr here,4.3,102,6,6,4,Alphabet City,640.0,38.4,1.2,0.2,0.8,15
2512,50148751,THE ONE TRICK PONY,"234 WEST   14 STREET, MANHATTAN, NY 10011",The One Trick Pony,0x89c259ae7b29d455:0xe6e5b9cbabd63e1a,,40.7391634,-74.00150599999999,7,6,0,People typically spend 1-3 hours here,3.9,53,6,6,249,West Village,270.0,16.2,1.1,0.2,0.8,30
2513,50148819,MALA HOT POT,"35 WEST   36 STREET, MANHATTAN, NY 10018",Mala Hot Pot,0x89c2597cfddff853:0xbc47568511d6f218,,40.7506286,-73.9853481,7,6,0,People typically spend 1.5-4 hours here,4.8,543,6,6,164,Midtown South,1923.75,115.425,1.2,0.3,0.7,49
2514,50148915,TAKE CARE,"303 LEXINGTON AVENUE, MANHATTAN, NY 10016",Take Care,0x89c259ceef4392c7:0x8d7ca2ebe3fa16e,,40.7484439,-73.9780391,7,6,0,People typically spend 10 min to 1.5 hr here,4.9,968,6,6,170,Murray Hill,1900.395,114.0237,1.2,0.2,0.8,92
2515,50149083,TURTLE BAY TAVERN,"975 2 AVENUE, MANHATTAN, NY 10022",Turtle Bay Tavern,0x89c259143da0b0b3:0x68936e240945c0d8,,40.756013,-73.9680596,7,6,0,People typically spend 1-4 hours here,4.8,337,6,6,229,Sutton Place/Turtle Bay North,800.0,48.0,1.2,0.2,0.8,48
2516,50149354,WONDEE SIAM,"782 9 AVENUE, MANHATTAN, NY 10019",Wondee Siam,0x89c25859e755978f:0x60315d10327e7c6d,,40.7647756,-73.9878013,7,6,0,People typically spend 45 min to 3 hr here,4.6,1500,6,6,48,Clinton East,1200.0,66.0,1.0,0.15,0.85,130
2517,50149371,ZIGGLE K-FOOD,"542 3 AVENUE, MANHATTAN, NY 10016",Ziggle Tofu & Grill,0x89c2597061bbb459:0xb64ea0368f07c5e8,,40.7472225,-73.97738389999999,7,6,0,People typically spend 45 min to 1.5 hr here,4.8,275,6,6,170,Murray Hill,1200.0,66.0,1.0,0.15,0.85,92
2518,50149382,ELECTRIC SHUFFLE,"44 WEST   30 STREET, MANHATTAN, NY 10001",Electric Shuffle NYC,0x89c2595498926d9f:0x1658f3bcdd285033,,40.7468551,-73.9888725,7,6,0,People typically spend 2-4 hours here,4.8,345,6,6,164,Midtown South,8000.0,480.0,1.2,0.2,0.8,49
2519,50149499,BUFFALO WILD WINGS GO,"1258 LEXINGTON AVENUE, MANHATTAN, NY 10028",Buffalo Wild Wings GO,0x89c25907c805c9fb:0xcc040efb91822956,,40.7787773,-73.956419,7,6,0,,4.0,242,6,6,236,Upper East Side North,780.8000000000001,52.31360000000001,2.0,0.5,0.5,115
2520,50149714,BLUE BOTTLE COFFEE,"22 BROAD STREET, MANHATTAN, NY 10005",Blue Bottle Coffee,0x89c25bf43ee18e5f:0xec7eba243d1cced0,,40.7065505,-74.0112971,7,6,0,People typically spend 10 min to 1 hr here,4.2,246,6,6,87,Financial District North,2137.575,177.418725,3.0,0.7,0.3,29
2521,50149726,BAR PRIMI,"349 WEST   33 STREET, MANHATTAN, NY 10001",Bar Primi Penn District,0x89c259871f9915dd:0xda918150cb6909ee,,40.7524624,-73.9958877,7,6,0,People typically spend 4 hours here,4.2,533,6,6,68,East Chelsea,5428.754999999999,298.5815249999999,1.0,0.1,0.9,303
2522,50149745,MAYA'S SNACK BAR,"2267 2 AVENUE, MANHATTAN, NY 10035",Mayas Snack Bar,0x89c2f7cf5ccf2951:0x688f01d6e7ca2ec3,,40.797384,-73.9378076,7,6,0,People typically spend 25 min to 1.5 hr here,4.1,60,6,6,74,East Harlem North,480.0,32.16,1.8,0.4,0.6,101
2523,50149838,XING FU TANG KTOWN,"325 5 AVENUE, MANHATTAN, NY 10016",Xing Fu Tang Ktown,0x89c259aba4cbec0f:0xb39346482cac200c,,40.7474382,-73.9850675,7,6,0,,4.7,752,6,6,164,Midtown South,1794.72,148.96176,3.0,0.7,0.3,49
2524,50150089,AMBER SUSHI,"1406 3 AVENUE, MANHATTAN, NY 10075",Amber 80st,0x89c2597b384e3edf:0xa07105b924e0d941,,40.7749717,-73.9571173,7,6,0,People typically spend 1.5-3.5 hours here,4.2,288,6,6,236,Upper East Side North,1192.8,65.604,1.0,0.15,0.85,115
2525,50150196,KOSMIC COMMUNITY ANTI BAR,"115 AVENUE C, MANHATTAN, NY 10009",Kosmic Community Anti Bar & Coffee Shop,0x89c2598081e24fc3:0x9f24b53f8196855d,,40.7244048,-73.9787807,7,6,0,People typically spend 1-3 hours here,4.8,219,6,6,4,Alphabet City,577.6,47.9408,3.0,0.7,0.3,15
2526,50150633,GOTTA GETTA BAGEL,"263 1 AVENUE, MANHATTAN, NY 10003",Gotta Getta Bagel,0x89c259759b40b187:0x84abbf670fd50ca6,,40.732308,-73.98209,7,4,0,,3.9,434,6,6,107,Gramercy,1200.0,99.6,2.5,0.6,0.4,228
2527,50150854,REGULAR NYC,"19 RECTOR STREET, MANHATTAN, NY 10006",REGULAR NYC,0x89c25b64749bb9c1:0x47089f861f79d5a5,,40.70804,-74.014163,7,6,0,People typically spend 45 min to 1.5 hr here,4.9,716,6,6,261,World Trade Center,6400.619999999999,384.0371999999999,1.2,0.2,0.8,23
2528,50150892,WHITE NOISE,"606 WEST   57 STREET, MANHATTAN, NY 10019",White Noise Coffee - Coffee Shop & Roastery,0x89c2591ffa9738df:0x84b809dc5d3e3181,,40.7701469,-73.99193149999999,7,6,0,People typically spend 30 min to 2 hr here,4.6,465,6,6,50,Clinton West,1906.05,158.20215,3.0,0.7,0.3,72
2529,50150901,NARI,"43 WEST   54 STREET, MANHATTAN, NY 10019",NARI,0x89c2592dcf69ccad:0x20eeb6eae16a8c86,,40.7621477,-73.97752489999999,7,6,0,People typically spend 1.5-4 hours here,4.4,237,6,6,161,Midtown Center,6556.05,360.58275,1.0,0.15,0.85,88
2530,50151033,FIVE GUYS BURGERS & FRIES,"188 2 AVENUE, MANHATTAN, NY 10003",Five Guys,0x89c2599e81907043:0x847ceefc8a304b44,,40.7308235,-73.9857624,7,6,0,People typically spend 15 min to 2.5 hr here,4.0,56,6,6,79,East Village,1256.8,75.408,1.2,0.2,0.8,63
2531,50151204,FELLINI COFFEE CHELSEA,"231 8 AVENUE, MANHATTAN, NY 10011",Fellini Coffee Chelsea,0x89c259e94f37b0dd:0xd485d372f20abada,,40.7445688,-73.99925329999999,7,6,0,People typically spend 20 min to 1.5 hr here,4.5,515,6,6,68,East Chelsea,346.0,28.718,3.0,0.7,0.3,303
2532,50151232,SACHI ASIAN BISTRO I,"713 2 AVENUE, MANHATTAN, NY 10016",Sachi Asian Bistro,0x89c259048aac4487:0xf92f935fb7b3a28a,,40.7476807,-73.9741598,7,6,0,,4.3,508,6,6,170,Murray Hill,580.0,34.8,1.2,0.3,0.7,92
2533,50151262,D' LA PARA PICA POLLO,"151 NAGLE AVENUE, MANHATTAN, NY 10040",D' LA PARA PICA POLLO - DYCKMAN,0x89c2f5005130d1d9:0x311342a3f7e872c8,,40.8610099,-73.92593409999999,7,6,0,People typically spend 10 min to 1 hr here,3.7,440,6,6,243,Washington Heights North,1874.0,125.558,2.0,0.5,0.5,24
2534,50151450,CHICHA SAN CHEN,"72 BAYARD STREET, MANHATTAN, NY 10013",Chicha San Chen,0x89c25b000fd87579:0x2b24f23447c1f48a,,40.7157282,-73.9982357,7,6,0,People typically spend 20 min to 1.5 hr here,4.5,1278,6,6,45,Chinatown,1000.0,83.0,3.0,0.7,0.3,14
2535,50151490,WILDFLOWER,"505 WEST   23 STREET, MANHATTAN, NY 10011",Wildflower,0x89c259002599179d:0x31277be56e940347,,40.7479939,-74.00437079999999,7,6,0,People typically spend 1.5-4 hours here,4.8,892,6,6,246,West Chelsea/Hudson Yards,1550.0,93.0,1.2,0.2,0.8,114
2536,50152070,FRIEDMAN'S,"138 WEST   31 STREET, MANHATTAN, NY 10001",Friedman's,0x89c259af22fb0c51:0x6b78c8ca952665f4,,40.7485089,-73.9908866,7,6,0,People typically spend 45 min to 2 hr here,4.4,4548,6,6,186,Penn Station/Madison Sq West,1648.5,98.91,1.2,0.2,0.8,221
2537,50152172,L'INCONTRO BY ROCCO,"1572 2 AVENUE, MANHATTAN, NY 10028",L’incontro by Rocco,0x89c25f67a8bdbf15:0x6ad768079e165e8b,,40.7749695,-73.95354739999999,7,6,0,People typically spend 1.5-4 hours here,4.7,1493,6,6,263,Yorkville West,1440.0,79.2,1.0,0.1,0.9,73
2538,50152176,MALA TOWN,"929 AMSTERDAM AVENUE, MANHATTAN, NY 10025",Mala Town,0x89c2f707553e95b3:0xac62a45aae559b3,,40.8000597,-73.96562399999999,7,6,0,People typically spend 45 min to 2.5 hr here,4.9,1171,6,6,151,Manhattan Valley,1200.0,72.0,1.2,0.3,0.7,38
2539,50152273,HEY YOGURT,"120 WEST    3 STREET, MANHATTAN, NY 10012",Hey Yogurt,0x89c25900632cb86b:0xcd33aaa82c791697,,40.7304787,-74.0004325,7,6,0,,4.9,675,6,6,114,Greenwich Village South,210.4,17.4632,3.0,0.8,0.1999999999999999,15
2540,50152288,SON DEL NORTH,"177 ORCHARD STREET, MANHATTAN, NY 10002",Son del North,0x89c259579b21ca5d:0x5f6618b7bf920ffb,,40.7218098,-73.9885376,7,6,0,,4.3,543,6,6,148,Lower East Side,640.0,38.4,1.2,0.2,0.8,43
2541,50152299,LITTLE HEN,"155 BLEECKER STREET, MANHATTAN, NY 10012",Little Hen,0x89c259ad3980c37f:0x7620b55de9f26b08,,40.7286096,-73.9996886,7,6,0,People typically spend 1.5-2.5 hours here,4.2,387,6,6,114,Greenwich Village South,1275.0,76.5,1.2,0.2,0.8,15
2542,50152501,PALETERIA LA MICHOACANITA,"121 NAGLE AVENUE, MANHATTAN, NY 10040",Paleteria La Michoacanita,0x89c2f5007fe0dad9:0x9d6ad026a807e572,,40.8606729,-73.9268246,7,6,0,People typically spend 15-45 min here,4.8,96,6,6,243,Washington Heights North,426.6666666666667,35.41333333333333,3.0,0.8,0.1999999999999999,24
2543,50152540,ETC,"810 7 AVENUE, MANHATTAN, NY 10019",Convene 810 Seventh Avenue,0x89c25934d1e843e3:0x2373706e7e60f9a6,,40.7628107,-73.9823263,1,6,0,,4.1,10,0,6,230,Times Sq/Theatre District,977.6571428571428,58.65942857142857,1.2,0.2,0.8,523
2544,50152572,ROSA'S PIZZA,"1289 MADISON AVENUE, MANHATTAN, NY 10128",Rosa’s Pizza,0x89c25900258d4677:0xa6cb9980061976d9,,40.7843995,-73.95597099999999,7,6,0,,4.5,64,6,6,236,Upper East Side North,1500.5,100.5335,1.8,0.5,0.5,115
2545,50152613,ORANGE MOON CAFE,"1045 1 AVENUE, MANHATTAN, NY 10022",Orange Moon Cafè,0x89c2595e6e2469b7:0xcc916fa380b179e9,,40.7585233,-73.9630236,7,6,0,,4.6,151,6,6,229,Sutton Place/Turtle Bay North,677.3333333333334,56.21866666666667,3.0,0.7,0.3,48
2546,50153008,CHA &,"355 GRAND STREET, MANHATTAN, NY 10002",cha &,0x89c2590008177d7f:0x47495a074c3f7426,,40.7166084,-73.9894077,7,6,0,People typically spend 15 min to 1.5 hr here,4.8,386,6,6,148,Lower East Side,365.12,30.30496,3.0,0.7,0.3,43
2547,50153165,SOZAI,"19 WEST   45 STREET, MANHATTAN, NY 10036",Sozai Japanese Restaurant (Izakaya Ramen),0x89c2592173e83c91:0x649b09d198ca2d70,,40.7559647,-73.980516,7,6,0,People typically spend 45 min to 1.5 hr here,4.9,4167,6,6,161,Midtown Center,1345.08,73.9794,1.0,0.15,0.85,88
2548,50153187,HARLEM SHARK BAR,"341 MALCOLM X BOULEVARD, MANHATTAN, NY 10027",Harlem Shark Bar,0x89c2f7002b4891df:0xdb35dad35342dbbd,,40.809368,-73.944751,7,6,0,People typically spend 1-3.5 hours here,3.3,35,6,6,42,Central Harlem North,1600.0,96.0,1.2,0.2,0.8,70
2549,50153306,SUBWAY,"925 8 AVENUE, MANHATTAN, NY 10019",Subway,0x89c25996027b9fc5:0x3643a2cf333fd903,,40.7653933,-73.9841606,7,4,42,,2.9,145,6,6,48,Clinton East,1770.0,146.91,2.5,0.6,0.4,435
2550,50153328,FATTOUSH,"221 1 AVENUE, MANHATTAN, NY 10003",Fattoush,0x89c2598024409521:0x761b97a025cc3086,,40.7309288,-73.98325799999999,7,6,0,,4.9,348,6,6,79,East Village,640.0,38.4,1.2,0.2,0.8,63
2551,50153701,PIZZAZZ,"38 UNION SQUARE EAST, MANHATTAN, NY 10003",Pizzazz,0x89c25900081c86fd:0xfb4d4f4e51c5732f,,40.7361008,-73.98908089999999,7,6,0,,5.0,967,6,6,107,Gramercy,3000.0,201.0,1.8,0.5,0.5,46
2552,50153858,SUSHI DAMO/ DAMO RAMEN,"330 WEST   58 STREET, MANHATTAN, NY 10019",Sushi Damo,0x89c258588f66f401:0xd5fd7dc0fb3f5fc4,,40.7677324,-73.9836128,7,6,0,,4.3,702,6,6,48,Clinton East,1378.25,75.80375,1.0,0.15,0.85,130
2553,50154029,SUBWAY,"563 LENOX AVENUE, MANHATTAN, NY 10037",Subway,0x89c2f5d6acc80945:0x52290a98dc4df761,,40.8165905,-73.9394434,7,6,0,,3.6,118,6,6,42,Central Harlem North,8000.0,664.0,2.5,0.6,0.4,70
2554,50154397,SUPREME PIZZA,"200 EAST  116 STREET, MANHATTAN, NY 10029",Supreme Pizza NY,0x89c2f7fb7348fcf9:0xc0cda94964022971,,40.7975448,-73.9398168,7,6,0,,4.4,56,6,6,74,East Harlem North,1000.0,67.0,1.8,0.5,0.5,101
2555,50154440,BAGEL EXPRESS II,"1228 2 AVENUE, MANHATTAN, NY 10065",Bagel Express II,0x89c258e851c09e63:0x73fb7504e5df132a,,40.7639338,-73.9616044,7,5,0,People typically spend 1.5-4 hours here,4.0,159,6,6,141,Lenox Hill West,870.0,72.21000000000001,3.0,0.8,0.1999999999999999,79
2556,50154692,LITTLE ITALY PIZZA,"1367 BROADWAY, MANHATTAN, NY 10018",Little Italy Pizza,0x89c25900651abdf1:0x184ea25c5ea6b040,,40.7520364,-73.9877012,7,6,0,People typically spend 25 min here,4.3,213,6,6,100,Garment District,878.5714285714286,58.86428571428571,1.8,0.5,0.5,73
2557,50154794,PARIS BAGUETTE,"591 LEXINGTON AVENUE, MANHATTAN, NY 10022",Paris Baguette,0x89c258e352be9353:0xb3e33b800cd903b0,,40.7575753,-73.9713694,7,5,0,People typically spend 10-45 min here,4.4,1179,6,6,162,Midtown East,529.8571428571429,43.97814285714286,3.0,0.7,0.3,75
2558,50154922,FIVE BOYS FRESH PIZZA,"206 VARICK STREET, MANHATTAN, NY 10014",Five Boys Fresh Pizza,0x89c259a4d37338a1:0xae89a2991efad74b,,40.7286798,-74.0050937,7,6,0,People typically spend 5 min to 2 hr here,4.1,80,6,6,249,West Village,952.5,63.8175,1.8,0.5,0.5,30
2559,50154963,OXFORD CAFE,"86 BROAD STREET, MANHATTAN, NY 10004",Oxford Cafe,0x89c25b058e74ef43:0x86f143b0d13e8a92,,40.7041669,-74.0117229,7,6,0,People typically spend 20 min to 4 hr here,4.7,202,6,6,88,Financial District South,307.5,18.45,1.1,0.2,0.8,24
2560,50155359,HELL'S KITCHEN PICKLEBALL CLUB,"660 12 AVENUE, MANHATTAN, NY 10019",Hell's Kitchen Pickleball,0x89c259fdcf66282b:0xd7f6ba10e1b86378,,40.765641,-73.9970948,7,6,0,People typically spend 2-4 hours here,5.0,19,6,6,50,Clinton West,8000.0,480.0,1.2,0.2,0.8,72
2561,50155455,EL CIBAO RESTAURANT,"1574 SAINT NICHOLAS AVENUE, MANHATTAN, NY 10040",El Cibao Restaurant,0x89c2f5847b5ed0c7:0x113b3b89986224ff,,40.8541109,-73.9300255,7,6,0,,4.3,30,6,6,243,Washington Heights North,2500.0,137.5,0.9,0.1,0.9,24
2562,50155477,AYADA THAI 2,"75 9 AVENUE, MANHATTAN, NY 10011",Ayada,0x89c259a41956e1e5:0xa8f7a23fcd913c43,,40.7426716,-74.0061623,7,6,0,People typically spend 25 min to 3 hr here,4.2,852,6,6,68,East Chelsea,200.0,11.0,1.0,0.15,0.85,303
2563,50155901,SERPENTINE,"64 GREENWICH AVENUE, MANHATTAN, NY 10011",Serpentine,0x89c259ad30124827:0xbcf2580076487f47,,40.7361254,-74.00062129999999,7,0,53,People typically spend 1.5-4 hours here,4.6,146,6,6,249,West Village,711.2,35.56,0.8,0.05,0.95,55
2564,50155938,STARSTRUCK COFFEE,"454 9 AVENUE, MANHATTAN, NY 10018",Starstruck Coffee,0x89c259ba70a29f71:0x36fa0663a38abec7,,40.754176,-73.9953772,7,5,0,,4.8,312,6,6,68,East Chelsea,714.2857142857143,59.28571428571429,3.0,0.7,0.3,182
2565,50155961,ALISON,"1651 LEXINGTON AVENUE, MANHATTAN, NY 10029",Alison,0x89c2f79f01ff97d3:0xec2dcfd2cab73a60,,40.7909561,-73.9469905,7,6,0,People typically spend 45 min to 2.5 hr here,4.5,557,6,6,75,East Harlem South,1260.0,75.6,1.2,0.2,0.8,186
2566,50155966,GELATERIA GENTILE,"498 AMSTERDAM AVENUE, MANHATTAN, NY 10024",Gelateria Gentile,0x89c259003cb01a77:0x6cfd2fc8fcfa897e,,40.786618,-73.976181,7,6,0,,4.5,168,6,6,239,Upper West Side South,2400.0,199.2,3.0,0.8,0.1999999999999999,75
2567,50156054,WENDY'S,"3939 BROADWAY, MANHATTAN, NY 10032",Wendy's,0x89c2f69ca3c62e05:0x88a04a6b3184ea82,,40.8391327,-73.9416079,7,5,0,People typically spend 20 min here,3.9,2701,6,6,244,Washington Heights South,2627.0,157.62,1.2,0.2,0.8,95
2568,50156056,WENDY'S,"2121 3 AVENUE, MANHATTAN, NY 10029",Wendy's,0x89c2f6063b27857b:0x67e6ef8b258ccc7a,,40.797685,-73.9399423,7,5,0,People typically spend 15 min here,3.8,2197,6,6,74,East Harlem North,2084.0,172.972,2.5,0.6,0.4,103
2569,50156112,MOSHE'S FALAFEL,"142 WEST   83 STREET, MANHATTAN, NY 10024",Moshe's falafel,0x89c25959d7c169a5:0xc1678e6742debed0,,40.7851728,-73.9753193,7,6,0,,4.8,208,6,6,239,Upper West Side South,2038.35,122.301,1.1,0.15,0.85,75
2570,50156295,THE MERMAID INN,"335 COLUMBUS AVENUE, MANHATTAN, NY 10023",The Mermaid Inn,0x89c2590045a1b277:0xe79d69ceaa1edced,,40.779775,-73.9768661,7,6,0,People typically spend 1.5-4 hours here,4.7,458,6,6,239,Upper West Side South,533.3333333333334,26.66666666666667,0.8,0.05,0.95,75
2571,50156384,SUGARFISH BY SUSHI NOZAWA,"207 WEST   75 STREET, MANHATTAN, NY 10023",SUGARFISH by sushi nozawa,0x89c259003b8ccaa7:0x2a1678ac33adc534,,40.7808702,-73.9806622,7,6,0,People typically spend 1-2 hours here,4.4,125,6,6,239,Upper West Side South,2510.25,138.06375,1.0,0.15,0.85,75
2572,50156803,KFC,"4250 BROADWAY, MANHATTAN, NY 10033",KFC,0x89c2f571c77c903d:0x19e58ff3794827fa,,40.8498689,-73.9356573,7,6,0,People typically spend 15-45 min here,3.1,151,6,6,243,Washington Heights North,2693.25,161.595,1.2,0.2,0.8,24
2573,50157099,BLUE BOTTLE COFFEE,"1345 6 AVENUE, MANHATTAN, NY 10105",Blue Bottle Coffee,0x89c259c44cd5ec01:0x7dd0c8cb2a50eaf6,,40.7630255,-73.97891469999999,7,6,0,,4.3,353,6,6,163,Midtown North,2059.92,170.97336,3.0,0.7,0.3,74
2574,50157105,BLUE BOTTLE COFFEE,"396 BROADWAY, MANHATTAN, NY 10013",Blue Bottle Coffee,0x89c259e5b947e9b7:0x839b9d58e597d440,,40.7184835,-74.002449,7,5,0,People typically spend 15 min to 1 hr here,4.2,484,6,6,231,TriBeCa/Civic Center,3300.0,273.9,3.0,0.7,0.3,55
2575,50157215,CUCINA ITALIAN TAVERN,"331 LENOX AVENUE, MANHATTAN, NY 10027",Cucina Italian tavern,0x89c2f7bed26e80fd:0xb96b4a1f708bf5b3,,40.8089393,-73.9449612,7,6,0,People typically spend 1.5-4 hours here,4.7,283,6,6,42,Central Harlem North,880.0,48.4,1.0,0.1,0.9,70
2576,50157466,EL CAPRI III,"3379 BROADWAY, MANHATTAN, NY 10031",El Nuevo Capri #3 Restaurant,0x89c2f7a71a0cd177:0xa1b3eb71a53ef46b,,40.8214312,-73.9544847,7,6,0,,4.0,21,6,6,152,Manhattanville,1750.0,96.25,0.9,0.1,0.9,17
2577,50157900,DRAGON 105,"911 COLUMBUS AVENUE, MANHATTAN, NY 10025",Dragon 105,0x89c2f7b8128c367f:0x5542f1fcc4d81bac,,40.7982277,-73.96329589999999,7,6,0,,4.3,46,6,6,151,Manhattan Valley,719.5,43.17,1.2,0.3,0.7,38
2578,50158689,FAY DA BAKERY,"83 MOTT STREET, MANHATTAN, NY 10013",Fay Da Bakery,0x89c25a27738b5d7b:0xa4c5aa253b289ecc,,40.7166776,-73.9979919,7,6,0,,4.3,625,6,6,45,Chinatown,460.0,27.6,1.2,0.3,0.7,14
2579,50158741,CASA TUA NYC,"20 EAST   76 STREET, MANHATTAN, NY 10021",Casa Tua New York,0x89c259b5ab45a827:0x47d9c78520589fb,,40.7743678,-73.9640378,7,6,0,People typically spend 25 min to 4 hr here,4.4,217,6,6,237,Upper East Side South,661.32,36.37260000000001,1.0,0.1,0.9,131
2580,50158826,FAMOUS POP'S PIZZAS,"840 8 AVENUE, MANHATTAN, NY 10019",Famous Pops Pizzas,0x89c25857ae16a96b:0xced7309cd7443adf,,40.7626089,-73.985659,7,6,0,,4.5,1683,6,6,230,Times Sq/Theatre District,1639.0,109.813,1.8,0.5,0.5,118
2581,50158853,MOKAFE,"687 8 AVENUE, MANHATTAN, NY 10036",MOKAFÉ,0x89c259002734c467:0x475b7ab4b91b8737,,40.7582851,-73.9894356,7,6,0,People typically spend 30 min to 2 hr here,4.7,1370,6,6,48,Clinton East,1950.0,161.85,3.0,0.7,0.3,130
2582,50159087,LULLA,"113 WEST   24 STREET, MANHATTAN, NY 10011",Lulla NYC,0x89c259bf22ca32bd:0x35d818a560181b20,,40.7441117,-73.99299409999999,7,6,0,People typically spend 10 min to 2 hr here,4.8,1066,6,6,90,Flatiron,8000.0,440.0,1.0,0.1,0.9,31
2583,50159261,FROZEN LOVE,"122 LA SALLE STREET, MANHATTAN, NY 10027",FROZEN LOVE,0x89c2f7ba35cf13c7:0x8d0c931969aadfd9,,40.81378,-73.9601598,7,6,0,,4.9,72,6,6,166,Morningside Heights,2000.0,120.0,1.1,0.2,0.8,61
2584,50159396,HOLY COW,"34 CANAL STREET, MANHATTAN, NY 10002",Holy Burger LES,0x89c259a8a766aaab:0xbe5ac8dc629b5c55,,40.7143638,-73.99069349999999,7,6,0,People typically spend 20 min to 2.5 hr here,4.6,1874,6,6,232,Two Bridges/Seward Park,457.6,37.9808,2.5,0.6,0.4,29
2585,50159439,CICI'S KITCHEN,"52A SHERMAN AVENUE, MANHATTAN, NY 10040",Ceci's,0x89c2f407ae286515:0xa5dba8056e49062a,,40.8632172,-73.92745219999999,7,6,0,People typically spend 25 min to 3 hr here,4.3,146,6,6,243,Washington Heights North,2080.0,124.8,1.2,0.2,0.8,24
2586,50159487,LY LY,"306 EAST   81 STREET, MANHATTAN, NY 10028",Ly Ly Vietnam Cookhouse,0x89c25911011454d9:0x5b4f2bae7004238d,,40.77429,-73.9537196,7,6,0,People typically spend 45 min to 1.5 hr here,4.8,491,6,6,263,Yorkville West,1012.0,60.72,1.1,0.2,0.8,73
2587,50159616,MORI COFFEE,"529 2 AVENUE, MANHATTAN, NY 10016",Mori Coffee,0x89c2593d2acb317b:0xf9e1f2637da033b1,,40.7420189,-73.9782116,7,6,0,People typically spend 10 min to 1 hr here,4.7,160,6,6,137,Kips Bay,4953.0,411.0990000000001,3.0,0.7,0.3,188
2588,50159859,SADIE'S WARD,"121 ESSEX STREET, MANHATTAN, NY 10002",Sadie’s Ward,0x89c259005dc58a91:0x2881dd05fa913a64,,40.7196604,-73.9878877,7,6,0,People typically spend 1.5-4 hours here,4.6,161,6,6,148,Lower East Side,289.6,17.376,1.2,0.2,0.8,43
2589,50159870,LEON'S,"817 BROADWAY, MANHATTAN, NY 10003",Leon's,0x89c259000bc1f53d:0x2140421c58e76623,,40.7332151,-73.99129909999999,7,6,0,People typically spend 1.5-4 hours here,4.5,191,6,6,113,Greenwich Village North,1989.6,109.428,1.0,0.1,0.9,25
2590,50159882,SAKE BAR ASOKO,"127 EAST BROADWAY, MANHATTAN, NY 10002",Sake Bar Asoko,0x89c25b00409d655d:0x11805caa3deb34b8,,40.7137081,-73.9919932,2,6,0,People typically spend 45 min to 3.5 hr here,4.9,124,1,6,232,Two Bridges/Seward Park,1433.6,78.848,1.0,0.15,0.85,29
2591,50159964,BOLIVAL BAKERY COFFEE SHOP & ICE CREAM,"2002 3 AVENUE, MANHATTAN, NY 10029",Bolivar Bakery,0x89c2f7f9cf9502f9:0xbae7063ae6a00657,,40.7941316,-73.9431704,7,5,0,,4.6,13,6,6,75,East Harlem South,2400.0,199.2,3.0,0.7,0.3,106
2592,50160273,WONDER PHO,"1716 1 AVENUE, MANHATTAN, NY 10128",Wonder Phở,0x89c259005dfe7351:0x61155c2ce3bc891c,,40.7785117,-73.9477886,7,6,0,People typically spend 45 min to 3 hr here,4.7,631,6,6,262,Yorkville East,2015.0,120.9,1.1,0.2,0.8,38
2593,50160379,HOLY COW BURGERS,"600 EAST   14 STREET, MANHATTAN, NY 10009",Holy Cow Burgers,0x89c2594a73d1d7d3:0x192cda23190481e4,,40.72921,-73.9779707,7,6,0,People typically spend 10 min to 1.5 hr here,4.7,562,6,6,4,Alphabet City,1630.0,97.8,1.2,0.2,0.8,15
2594,50160420,ONE FIFTY FRESH PIZZA 40TH ST,"143 WEST   40 STREET, MANHATTAN, NY 10018",$1.50 Fresh Pizza,0x89c259ab47525c95:0xaf72b6e24dc363d1,,40.7546791,-73.987405,7,6,0,,4.5,2713,6,6,100,Garment District,3764.5,252.2215,1.8,0.5,0.5,73
2595,50160447,LITTLE MORE,"111 READE STREET, MANHATTAN, NY 10013",Little More,0x89c25b0065b8c675:0x816ee2cf256b126b,,40.7157583,-74.00869709999999,7,6,0,People typically spend 1.5-4 hours here,4.5,104,6,6,231,TriBeCa/Civic Center,1870.5,112.23,1.2,0.2,0.8,50
2596,50160528,DUBAI LOUNGE & RESTAURANT LLC,"1579 SAINT NICHOLAS AVENUE, MANHATTAN, NY 10040",Dubai Lounge & Restaurant,0x89c2f5f566e1c935:0x17271b34f377ab5c,,40.8543044,-73.9303311,7,6,0,,4.1,10,6,6,243,Washington Heights North,666.6666666666666,36.66666666666666,0.9,0.1,0.9,24
2597,50160881,NEW BAGEL RX,"162 WEST   13 STREET, MANHATTAN, NY 10011",Bagel RX,0x89c259feead563bb:0xe02b09adbde50604,,40.7377109,-74.0000434,7,6,0,,4.5,301,6,6,249,West Village,543.6,32.616,1.2,0.2,0.8,30
2598,50160904,BIBLIOTHEQUE,"54 MERCER STREET, MANHATTAN, NY 10013",Bibliotheque,0x89c259b6e00335bd:0xa8f4f22e2eb18a3d,,40.7218082,-74.0007476,7,6,0,People typically spend 45 min to 2.5 hr here,4.4,564,6,6,211,SoHo,8000.0,480.0,1.2,0.2,0.8,26
2599,50160980,BANH MI CO UT 2,"103A ELDRIDGE STREET, MANHATTAN, NY 10002",Bánh Mì Cô Út 2,0x89c2597cb679c8d3:0xe0cf19744dd3c6a2,,40.7178695,-73.9922595,7,6,0,,4.7,77,6,6,148,Lower East Side,1576.0,130.808,2.5,0.6,0.4,43
2600,50161217,DAGG THAI,"10 EAST   39 STREET, MANHATTAN, NY 10016",Dagg Thai Restaurant,0x89c259590dc2d9c3:0x319d7156d722b860,,40.751161,-73.981529,7,6,0,People typically spend 45 min to 1.5 hr here,4.9,2986,6,6,170,Murray Hill,3188.4,175.362,1.0,0.15,0.85,92
2601,50161451,DAWSON 39,"54 WEST   39 STREET, MANHATTAN, NY 10018",Dawson 39 Restaurant & Bar,0x89c2592d435ee003:0xc57bf36e5ae5f1fd,,40.752396,-73.98477059999999,1,6,0,People typically spend 1-2.5 hours here,4.5,103,0,6,164,Midtown South,8000.0,400.0,0.8,0.05,0.95,114
2602,50161634,ONCHEON,"312 5 AVENUE, MANHATTAN, NY 10001",Oncheon NYC,0x89c2598ab3489cd5:0xa10e21c9cd240402,,40.7470671,-73.9859609,7,6,0,People typically spend 1.5-4 hours here,4.7,506,6,6,164,Midtown South,670.7571428571429,36.89164285714286,1.0,0.15,0.85,49
2603,50161777,DARK MATTER COFFEE - ADIOS AMIGOS,"1 EAST    1 STREET, MANHATTAN, NY 10003",Dark Matter Coffee - Adios Amigos,0x89c25961e3abe103:0x3cefe637516b5025,,40.7246624,-73.9920929,7,6,0,People typically spend 20 min to 1 hr here,4.6,156,6,6,79,East Village,3743.5,310.7105,3.0,0.7,0.3,63
2604,50161952,CHEZ MARGAUX,"403 WEST   13 STREET, MANHATTAN, NY 10014",Chez Margaux,0x89c2590056454b1b:0x7b13d19786e7d3fd,,40.7405257,-74.0060769,2,6,0,,3.3,29,1,6,158,Meatpacking/West Village West,1468.05,88.083,1.2,0.2,0.8,16
2605,50162035,WINGSTOP,"80 CARMINE STREET, MANHATTAN, NY 10014",Wingstop,0x89c259219afa9775:0x712e48b27138b04,,40.72941,-74.0048604,7,6,0,,3.1,110,6,6,249,West Village,786.0,52.66200000000001,2.0,0.5,0.5,30
2606,50162276,XI'AN FAMOUS FOODS,"309 AMSTERDAM AVENUE, MANHATTAN, NY 10023",Xi'an Famous Foods 西安名吃 | 74th&Amsterdam UWS,0x89c2598894b04d37:0xd23bb8d79a00d08c,,40.7801202,-73.9801846,7,6,0,,4.5,571,6,6,239,Upper West Side South,779.5,46.77,1.1,0.2,0.8,75
2607,50162286,YONGCHUAN,"90 CLINTON STREET, MANHATTAN, NY 10002",YongChuan,0x89c259499f31b5bd:0xd606fc0e775d5325,,40.7182555,-73.98522969999999,7,6,0,People typically spend 1.5-2.5 hours here,4.6,443,6,6,232,Two Bridges/Seward Park,621.2,37.272,1.2,0.3,0.7,29
2608,50162486,MALTA COFFEE,"1045 LEXINGTON AVENUE, MANHATTAN, NY 10021",Malta Coffee,0x89c259762452cdaf:0x3af41bbd03fa592d,,40.7720733,-73.96081459999999,7,6,0,People typically spend 25 min to 2 hr here,4.4,164,6,6,237,Upper East Side South,1700.0,141.1,3.0,0.7,0.3,131
2609,50162517,TORTILLERIA ROSTICERIA EL GUERRERENSE,"2002 AMSTERDAM AVENUE, MANHATTAN, NY 10032",Tortilleria & Rosticeria El Guerrerence,0x89c2f77db45e4865:0xe891405f042c6571,,40.8342979,-73.9412483,7,6,0,People typically spend 20 min to 4 hr here,3.5,43,6,6,244,Washington Heights South,1000.0,67.0,1.8,0.4,0.6,149
2610,50162594,FOUNTAIN HOUSE AND BODY,"698 10 AVENUE, MANHATTAN, NY 10019",Fountain House and Body Cafe,0x89c259ba01ab497f:0x9c5194ae4aed97da,,40.7638002,-73.99209189999999,7,6,0,,4.9,39,6,6,48,Clinton East,1600.0,132.8,3.0,0.7,0.3,130
2611,50162729,SARANDA CAFE,"330 WEST   38 STREET, MANHATTAN, NY 10018",Saranda Cafe,0x89c259ae9fe8b705:0x3c5d77e7864a7f4f,,40.7553285,-73.99346349999999,1,5,0,,4.8,120,0,6,68,East Chelsea,1638.57,136.00131,3.0,0.7,0.3,259
2612,50163272,MADRAS DOSA CO,"668 6 AVENUE, MANHATTAN, NY 10010",Madras Dosa Co.,0x89c2590069746f79:0x216b6724f30b0758,,40.7413306,-73.9936523,7,6,0,People typically spend 25 min to 1.5 hr here,4.6,413,6,6,234,Union Sq,2960.0,162.8,1.0,0.15,0.85,50
2613,50163395,DOUGH,"1119 LEXINGTON AVENUE, MANHATTAN, NY 10075",Dough Doughnuts UES,0x89c259192ad329e7:0x41bb3d631aea082f,,40.7740681,-73.9592957,7,6,0,,4.0,73,6,6,236,Upper East Side North,621.5,51.58450000000001,3.0,0.8,0.1999999999999999,115
2614,50163407,ALABAMA CHICKEN,"2027 LEXINGTON AVENUE, MANHATTAN, NY 10035",Alabama Chicken & Burger,0x89c2f746b3906967:0x5b9e9219541a59df,,40.8034394,-73.937888,7,6,0,,4.5,11,6,6,74,East Harlem North,320.0,26.56,2.5,0.6,0.4,101
2615,50163440,DAILY PROVISIONS,"225 LIBERTY STREET, MANHATTAN, NY 10280",Daily Provisions - Brookfield Place,0x89c25b366605586f:0x879aaa3ebd80e044,,40.7126191,-74.01543939999999,7,6,0,,3.5,33,6,6,13,Battery Park City,3003.756,249.3117480000001,3.0,0.7,0.3,20
2616,50163946,JUMBO BAGEL,"696 3 AVENUE, MANHATTAN, NY 10017",Jumbo Bagel Cafe,0x89c2597679ddf4c5:0xafa2605cda0d1a7,,40.7519976,-73.9739276,7,6,0,,4.1,98,6,6,162,Midtown East,672.0,55.776,3.0,0.8,0.1999999999999999,108
2617,50164401,BAR REVIVAL,"161 LUDLOW STREET, MANHATTAN, NY 10002",Bar Revival,0x89c259fae65eb88b:0x56a6999c478f26a7,,40.7214849,-73.9879909,7,6,0,,4.8,215,6,6,148,Lower East Side,1470.4,88.224,1.2,0.2,0.8,43
2618,50164414,YUNNAN RICE NOODLE,"274 GRAND STREET, MANHATTAN, NY 10002",Yunnan Rice Noodle,0x89c259003c19b427:0xd15c16c2e8856290,,40.7180203,-73.9927728,7,4,34,People typically spend 30 min to 1.5 hr here,4.3,207,6,6,148,Lower East Side,4351.2,261.072,1.2,0.3,0.7,232
2619,50164421,COMA BUENO,"944 COLUMBUS AVENUE, MANHATTAN, NY 10025",Coma Bueno,0x89c2f62304fe8fa5:0x4fb5b2218e6e830a,,40.799641,-73.96297,7,6,0,,4.3,129,6,6,24,Bloomingdale,480.0,28.8,1.2,0.2,0.8,25
2620,50164631,LOS TACOS NO.1,"20 BROAD STREET, MANHATTAN, NY 10005",LOS TACOS No.1,0x89c25b19cfb41b11:0xf411357fb669425b,,40.7065233,-74.0116652,7,6,0,People typically spend 25 min here,4.8,953,6,6,87,Financial District North,2137.575,143.217525,1.8,0.4,0.6,29
2621,50164647,AUGUST WILSON THEATER,"245 WEST   52 STREET, MANHATTAN, NY 10019",August Wilson Theatre,0x89c2585665784711:0x1f6534b2eb3833a1,,40.7633333,-73.9842362,7,6,0,,4.6,2664,6,6,230,Times Sq/Theatre District,1200.0,72.0,1.2,0.2,0.8,118
2622,50164674,MARLOW EAST,"1022 LEXINGTON AVENUE, MANHATTAN, NY 10021",Marlow East,0x89c25918cc1969a5:0xd1eb7207581afc26,,40.7711018,-73.9619669,7,6,0,People typically spend 1-4 hours here,4.7,422,6,6,237,Upper East Side South,2025.6,121.536,1.2,0.2,0.8,131
2623,50164868,PASTA LAB,"199 ORCHARD STREET, MANHATTAN, NY 10002",Pasta Lab NYC,0x89c259e5a264ff3d:0x6ff750458f0423c8,,40.7224569,-73.9882028,7,6,0,,4.9,362,6,6,148,Lower East Side,1106.25,60.84375,1.0,0.1,0.9,43
2624,50164953,RIVARENO GELATO,"195 SPRING STREET, MANHATTAN, NY 10012",Rivareno Gelato,0x89c259a0c3ef62ad:0x6d14a257c5d8d2a3,,40.7253239,-74.00322059999999,7,6,0,,4.7,295,6,6,211,SoHo,794.4000000000001,65.93520000000001,3.0,0.8,0.1999999999999999,26
2625,50164998,THE BLACK SHEEP,"593 3 AVENUE, MANHATTAN, NY 10016",The Black Sheep Sports Bar N.Y.C,0x89c2590415957a69:0xf326e84a4575b52,,40.748566,-73.975636,7,6,0,People typically spend 45 min to 2 hr here,4.3,380,6,6,170,Murray Hill,200.0,11.0,1.0,0.1,0.9,92
2626,50165044,LANZHOU HAND PULLED NOODLES & DUMPLINGS,"76 MOTT STREET, MANHATTAN, NY 10013",1915 Lanzhou Hand Pulled Noodles & Dumplings,0x89c25b0033152fc9:0x7289562320bc4637,,40.716462,-73.99786019999999,7,6,0,People typically spend 45 min to 1.5 hr here,4.7,2113,6,6,45,Chinatown,460.0,27.6,1.2,0.3,0.7,14
2627,50165380,LUCY'S,"135 AVENUE A, MANHATTAN, NY 10009",Lucy's,0x89c2599d625964dd:0x840824fe01b34123,,40.7270179,-73.9830509,7,6,0,,4.2,285,6,6,79,East Village,558.5,33.51,1.2,0.2,0.8,63
2628,50165644,JEONG YUK JEOM,"1250 BROADWAY, MANHATTAN, NY 10001",Jeong Yuk Jeom Korean BBQ NYC,0x89c2590040721ec5:0x9b7d13d3314deda1,,40.7478423,-73.9876085,7,0,44,,4.5,326,6,6,164,Midtown South,6717.340000000001,369.4537000000001,1.0,0.15,0.85,32
2629,50165648,BOONGS CHICKEN,"1075 1 AVENUE, MANHATTAN, NY 10022",Boongs Korean Fried Chicken,0x89c258e7001e298f:0x378405848cf4bffb,,40.7595185,-73.9624322,7,6,0,,4.5,104,6,6,229,Sutton Place/Turtle Bay North,500.0,27.5,1.0,0.15,0.85,48
2630,50165716,SPOTO PIZZA,"587 3 AVENUE, MANHATTAN, NY 10016",Spoto Pizza & Gelato,0x89c2590048da5d71:0x52a94d65f3c0be82,,40.7484505,-73.97590029999999,7,6,0,,4.9,269,6,6,170,Murray Hill,374.0,25.058,1.8,0.5,0.5,92
2631,50165849,BB36609BB LLC,"366 WEST   46 STREET, MANHATTAN, NY 10036",Bareburger,0x89c25853e76f3785:0xc87f73e5e6745ded,,40.7606624,-73.9903131,7,6,0,People typically spend 45 min to 2.5 hr here,4.6,4177,6,6,48,Clinton East,960.0,57.6,1.1,0.2,0.8,130
2632,50165868,THE IRISH EXIT,"383 W 33RD ST, MANHATTAN, NY 10001",The Irish Exit,0x89c25977d13440f3:0x5273239a5f25c19c,,40.751702,-73.9960992,7,6,0,,4.6,278,6,6,68,East Chelsea,8000.0,440.0,1.0,0.1,0.9,303
2633,50165918,BKK NEW YORK,"238 WEST   56 STREET, MANHATTAN, NY 10019",BKK New York,0x89c2591a2d695879:0xa7a856a673815959,,40.7656851,-73.9827456,7,6,0,People typically spend 1-2.5 hours here,4.8,613,6,6,163,Midtown North,700.0,38.5,1.0,0.15,0.85,74
2634,50166228,DREAM TALK,"453 WEST   54 STREET, MANHATTAN, NY 10019",Dream Talk,0x89c25936a7188fbf:0x6d7e186d84cdf2a2,,40.7671724,-73.9896373,7,6,0,,4.7,156,6,6,48,Clinton East,2622.75,217.68825,3.0,0.7,0.3,130
2635,50166258,HI SUNNY,"342 7 AVENUE, MANHATTAN, NY 10001",Hi Sunny Restaurant Salad&Dimsum 花园轻食,0x89c259c9741d700d:0xd710dbee867ad3cc,,40.7481767,-73.9930715,7,6,0,,4.6,434,6,6,186,Penn Station/Madison Sq West,2256.0,135.36,1.2,0.3,0.7,221
2636,50166461,NAI BROTHER SAUERKRAUT FISH,"2817 BROADWAY, MANHATTAN, NY 10025",Nai Brother Sauerkraut Fish,0x89c2f74063b5d8f9:0x43dbe9ea9b08d091,,40.8034301,-73.9675838,7,6,0,People typically spend 15 min to 1 hr here,4.9,1953,6,6,24,Bloomingdale,894.625,53.6775,1.2,0.3,0.7,25
2637,50166521,FORTUNA,"275 1 AVENUE, MANHATTAN, NY 10003",Fortuna NYC,0x89c259d1ad922ff5:0xcd8ada8c85f33188,,40.7325703,-73.98198,7,6,0,People typically spend 30 min to 1.5 hr here,4.8,386,6,6,107,Gramercy,1792.0,107.52,1.2,0.2,0.8,46
2638,50166719,LE CAFE COFFEE,"625 8 AVENUE, MANHATTAN, NY 10018",Le Cafe Coffee,0x89c259fcf19ff94f:0xee2a8c9473408563,,40.756612,-73.9912143,7,5,0,,4.1,18,6,6,48,Clinton East,200.0,16.6,3.0,0.7,0.3,171
2639,50166964,CITY TAVERN & TABLE,"629 WEST   57 STREET, MANHATTAN, NY 10019",City Tavern & Table,0x89c259a6f3f3da3d:0x7182f5c6107943a7,,40.7709893,-73.9925681,7,6,0,People typically spend 1-4 hours here,4.7,69,6,6,50,Clinton West,7074.0,424.44,1.2,0.2,0.8,72
2640,50166985,MADE IN NEW YORK PIZZA,"2563 BROADWAY, MANHATTAN, NY 10025",Made In New York Pizza,0x89c2f780db808ccb:0x82a64d284bf5d30f,,40.7949565,-73.97194739999999,7,6,0,,3.6,65,6,6,238,Upper West Side North,951.875,63.77562500000001,1.8,0.5,0.5,84
2641,50167034,LA TIENDA DE JORDI,"96 NAGLE AVE, MANHATTAN, NY 10040",La Tienda de Jordi,0x89c2f5002e79fa5f:0xa88ed27f28df4fce,,40.8607297,-73.92771019999999,7,6,0,,5.0,7,6,6,243,Washington Heights North,2500.0,207.5,3.0,0.7,0.3,24
2642,50167048,NY SOHO COFFEE,"447 BROADWAY, MANHATTAN, NY 10013",NY SOHO COFFEE,0x89c259630b7fcb1b:0xdecb3d1655e90ede,,40.7206347,-74.00145119999999,7,6,0,,3.9,34,6,6,211,SoHo,622.6428571428571,37.35857142857142,1.1,0.2,0.8,26
2643,50167166,KEBAB EXPRESS,"34 EAST   23 STREET, MANHATTAN, NY 10010",Kebab Express | Halal Grill Flatiron,0x89c259bfbda9e237:0xb3b7d2ef633e9434,,40.7405268,-73.9875109,7,6,0,People typically spend 20 min to 1 hr here,4.6,239,6,6,234,Union Sq,586.0,35.16,1.2,0.2,0.8,50
2644,50167375,EXCLUSIVE PIZZA,"810 WEST  181 STREET, MANHATTAN, NY 10033",Exclusive Pizza,0x89c2f6a0e1a276b3:0x2f1a9f9dfb0a282a,,40.850903,-73.938777,7,6,0,People typically spend 25 min to 2 hr here,4.1,125,6,6,244,Washington Heights South,625.0,41.875,1.8,0.5,0.5,149
2645,50167585,POPUP BAGELS,"7 PENN PLAZA, MANHATTAN, NY 10001",PopUp Bagels,0x89c259005ad4cbe7:0x392fe0ca2311ae81,,40.748673,-73.9925511,7,6,0,People typically spend 10 min to 2.5 hr here,4.5,320,6,6,186,Penn Station/Madison Sq West,3069.275,254.749825,3.0,0.8,0.1999999999999999,221
2646,50168044,KABAB TOWN,"77D BAXTER ST, MANHATTAN, NY 10013",Kabab Town,0x89c25b004cbb6c27:0xc58b7054147be599,,40.7164031,-73.99982709999999,7,6,0,,4.4,18,6,6,45,Chinatown,791.6666666666666,47.49999999999999,1.2,0.2,0.8,14
2647,50168175,CHUNG DDUK,"11 WEST   32 STREET, MANHATTAN, NY 10001",Chung Dduk,0x89c2590043ea394d:0xdb6bd156b0a644ed,,40.7477348,-73.9861939,7,6,0,,4.5,62,6,6,164,Midtown South,474.7058823529412,26.10882352941177,1.0,0.15,0.85,49
2648,50168179,DOOKKI,"11 WEST   32 STREET, MANHATTAN, NY 10001",DOOKKI Topokki,0x89c2590068593f2b:0xfccbe90823f4c49a,,40.7477348,-73.9861939,7,6,0,,3.8,18,6,6,164,Midtown South,474.7058823529412,26.10882352941177,1.0,0.15,0.85,49
2649,50168216,TAQUERIA CONDESA,"824 9 AVENUE, MANHATTAN, NY 10019",Taqueria Condesa,0x89c2593c35ffb1e9:0xc9713edaa1584442,,40.7660092,-73.9868346,7,6,0,People typically spend 45 min to 4 hr here,4.5,154,6,6,48,Clinton East,1360.0,91.12,1.8,0.4,0.6,130
2650,50168307,MAPO ASIAN RESTAURANT & BAR,"728 8 AVENUE, MANHATTAN, NY 10036",Mapo Asian restaurant & Bar -Time Square 周麻婆,0x89c259e3fcdc8fd1:0x5c98840236ae913b,,40.759258,-73.9880325,7,6,0,,4.5,242,6,6,230,Times Sq/Theatre District,912.0,54.72,1.2,0.3,0.7,118
2651,50168344,FIFTHSIP,"229 MOTT STREET, MANHATTAN, NY 10012",FifthSip.,0x89c2597c6406234d:0xe8d9687bb2624f9b,,40.722558,-73.9953132,7,6,0,,4.5,192,6,6,144,Little Italy/NoLiTa,357.2,29.6476,3.0,0.7,0.3,16
2652,50168755,COCO BUBBLE TEA / CRAB HOUSE TIME SQUARE / PRONTO PASTA,"218 WEST   40 STREET, MANHATTAN, NY 10018",CoCo Bubble Tea - Times Square,0x89c2590041197355:0x61f3be604bf0a1b1,,40.7550268,-73.9890394,7,6,0,,4.8,134,6,6,100,Garment District,2002.5,120.15,1.1,0.2,0.8,73
2653,50168816,FIGO IL GELATO ITALIANO,"1188 1 AVENUE, MANHATTAN, NY 10065",Figo Il Gelato Italiano,0x89c2596a74a09935:0xbbce2c85ffc5b930,,40.7628757,-73.9593385,7,6,0,People typically spend 20 min to 3 hr here,5.0,484,6,6,140,Lenox Hill East,3278.6,272.1238,3.0,0.8,0.1999999999999999,218
2654,50168832,LITTLE ITALY PIZZA,"359 EAST   68 STREET, MANHATTAN, NY 10065",Little Italy Pizza,0x89c2590c264cf9e3:0xb042d4e45333115f,,40.765397,-73.9579862,7,6,0,People typically spend 20 min to 1.5 hr here,4.1,280,6,6,141,Lenox Hill West,240.0,16.08,1.8,0.5,0.5,83
2655,50168852,SPICE LAMB,"928 AMSTERDAM AVENUE, MANHATTAN, NY 10025",Spice Lamb,0x89c2f7002ffdc437:0xbdc61793502bc68a,,40.8002076,-73.96612809999999,7,6,0,,4.7,139,6,6,151,Manhattan Valley,788.8000000000001,47.328,1.2,0.3,0.7,38
2656,50168931,ZIYAN CHICKEN,"147 MOTT STREET, MANHATTAN, NY 10013",Ziyan Chicken 紫燕百味鸡 (Manhattan),0x89c2599cc1cc5479:0x57a6f75396ad042e,,40.7188409,-73.996676,7,6,0,,4.9,379,6,6,144,Little Italy/NoLiTa,1536.0,92.16,1.2,0.3,0.7,16
2657,50168936,FAT BOYS BURGERS,"231 1 AVENUE, MANHATTAN, NY 10003",Fat Boys Burgers,0x89c25990cb80473f:0x338c63899531d791,,40.7311422,-73.983009,7,6,0,,4.5,101,6,6,79,East Village,1512.75,125.55825,2.5,0.6,0.4,63
2658,50168983,JOE & THE JUICE,"20 HUDSON YARDS, MANHATTAN, NY 10001",JOE & THE JUICE,0x89c259fa5f163eb7:0xabbe27972f2c60f7,,40.7533936,-74.001055,7,6,0,,3.4,62,6,6,246,West Chelsea/Hudson Yards,4230.214705882354,351.1078205882354,3.0,0.8,0.1999999999999999,114
2659,50169116,PASTA EATER N GO,"744 9 AVENUE, MANHATTAN, NY 10019",Pasta Eater Hell’s Kitchen,0x89c2593d45ef815f:0x8d13d3d73c82751c,,40.7635811,-73.9886799,7,6,0,,4.8,1306,6,6,48,Clinton East,320.0,17.6,1.0,0.1,0.9,130
2660,50169165,12 MATCHA,"54 BOND STREET, MANHATTAN, NY 10012",12 Matcha,0x89c25982b9380361:0x9d1d529701c84eb5,,40.7259475,-73.99241789999999,7,6,0,People typically spend 30 min to 1.5 hr here,4.4,705,6,6,114,Greenwich Village South,450.0,37.35,3.0,0.7,0.3,15
2661,50169347,LET'S BOUNCE (KEKI MODERN CAKES),"79 MOTT STREET, MANHATTAN, NY 10013",Keki Modern Cakes,0x89c25a2774a7b573:0x72861c723400246e,,40.7164933,-73.998082,7,6,0,,4.6,1027,6,6,45,Chinatown,460.0,38.18,3.0,0.7,0.3,14
2662,50169445,EATALY CAFFE,"1230 AVENUE OF THE AMERICAS, MANHATTAN, NY 10020",Eataly Caffè - Rockefeller Center,0x89c2590e52700245:0xb9157a1c75674f39,,40.7589788,-73.9810167,7,6,0,,4.2,607,6,6,161,Midtown Center,3111.2,171.116,1.0,0.1,0.9,88
2663,50169501,XI'AN FAMOUS FOODS,"2814 BROADWAY, MANHATTAN, NY 10025",Xi'an Famous Foods 西安名吃 | Columbia University UWS,0x89c25f3d898ecee3:0xa48ad44fc627630a,,40.8032632,-73.9670015,7,6,0,,4.5,671,6,6,24,Bloomingdale,894.625,53.6775,1.2,0.3,0.7,25
2664,50170020,MOJO EAST,"85 STANTON STREET, MANHATTAN, NY 10002",Mojo East,0x89c2590073a48d73:0x7679a0aa034e7d2e,,40.7213853,-73.9888221,7,6,0,,4.7,365,6,6,148,Lower East Side,1672.0,100.32,1.1,0.2,0.8,43
2665,50170214,DUMPLING XI,"71 4 AVENUE, MANHATTAN, NY 10003",Dumpling Xi 喜家德水饺,0x89c25b007d8f8bb5:0x6b585293f83cd9f0,,40.7310255,-73.99023,7,6,0,People typically spend 30 min to 2.5 hr here,4.7,306,6,6,79,East Village,579.2,34.752,1.2,0.3,0.7,63
2666,50170231,NEROLAB,"340 WEST   40 STREET, MANHATTAN, NY 10018",NeroLab Times Square,0x89c259000b6ed057:0xf224fa19ba67529d,,40.7566293,-73.99281049999999,7,5,0,,3.7,3,6,6,48,Clinton East,3403.0,187.165,1.0,0.1,0.9,171
2667,50170343,BOONGS CHICKEN,"1405 2 AVENUE, MANHATTAN, NY 10021",Boongs Korean Fried Chicken,0x89c25956fe740759:0x6d2143deffbbac6d,,40.769748,-73.9579315,7,6,0,,4.3,49,6,6,141,Lenox Hill West,424.0,28.408,2.0,0.5,0.5,83
2668,50170404,SERAFINA TIMES SQUARE,"224 WEST   49 STREET, MANHATTAN, NY 10019",Serafina Times Square,0x89c2585665732319:0x18aa7e98a19a23f6,,40.7609782,-73.9855103,7,6,0,People typically spend 45 min to 4 hr here,4.1,787,6,6,230,Times Sq/Theatre District,4217.55,231.96525,1.0,0.1,0.9,118
2669,50170550,EATALY CAFFE,"20 HUDSON YARDS, MANHATTAN, NY 10001",Eataly Caffè - Hudson Yards,0x89c2590f38ca646b:0x781b6480fa22b446,,40.7536459,-74.001002,7,6,0,,4.1,332,6,6,246,West Chelsea/Hudson Yards,4230.214705882354,232.6618088235295,1.0,0.1,0.9,114
2670,50170551,JUICE TIME,"302A GRAND ST, MANHATTAN, NY 10002",Juice Time عصير تايم منهاتن,0x89c25914e1be9523:0x1c0b96e2257cab28,,40.7175983,-73.99159999999999,7,6,0,,4.9,1168,6,6,148,Lower East Side,1012.25,84.01675,3.0,0.8,0.1999999999999999,43
2671,50170659,EMPEROR DUMPLING,"688 8 AVENUE, MANHATTAN, NY 10036",Emperor Dumpling,0x89c2585481fed833:0x68228416b6170860,,40.7581003,-73.9888599,7,6,0,,4.4,225,6,6,230,Times Sq/Theatre District,848.5,50.91,1.2,0.3,0.7,118
2672,50170690,KITH,"337 LAFAYETTE STREET, MANHATTAN, NY 10012",Kith Manhattan,0x89c2598ff040cb61:0x3dbdf07ffd24d337,,40.7260327,-73.99432019999999,7,6,0,People typically spend 25 min to 1 hr here,4.1,2206,6,6,114,Greenwich Village South,1220.625,73.2375,1.2,0.2,0.8,15
2673,50170700,THE RIPPLE ROOM,"183 BOWERY, MANHATTAN, NY 10002",The Ripple Room,0x89c259004fb13eab:0x5e453c91bc0af036,,40.7204451,-73.9935856,7,6,0,People typically spend 1-3 hours here,4.3,119,6,6,148,Lower East Side,1759.5,105.57,1.2,0.2,0.8,43
2674,50170737,LOS MUNCHIES,"578 9 AVENUE, MANHATTAN, NY 10036",Los Munchies,0x89c2590001eb0927:0x8ffbda8aa93976cf,,40.758197,-73.9925523,7,6,0,,4.6,58,6,6,48,Clinton East,332.0,19.92,1.2,0.2,0.8,130
2675,50170768,IMPACT KITCHENS,"1123 BROADWAY, MANHATTAN, NY 10010",Impact Kitchen,0x89c259d5da0a573d:0xdb43ad017552f545,,40.7433455,-73.9892562,7,6,0,People typically spend 1-4 hours here,4.6,273,6,6,234,Union Sq,1517.1,91.026,1.2,0.2,0.8,50
2676,50170882,WOK IN DUANE,"181 DUANE ST, MANHATTAN, NY 10013",Wok In Duane,0x89c25b1b21a6c25d:0x8361a8dad29572ed,,40.7175611,-74.010137,7,6,0,,4.9,132,6,6,231,TriBeCa/Civic Center,400.0,24.0,1.1,0.2,0.8,50
2677,50170937,ARABICA COFFEE,"8 PRINCE STREET, MANHATTAN, NY 10012",% Arabica New York Nolita,0x89c25998e1e6af3b:0xd45e18d1c9ebcbf4,,40.7225128,-73.9938232,7,6,0,People typically spend 15-45 min here,4.3,368,6,6,144,Little Italy/NoLiTa,2097.5,174.0925,3.0,0.7,0.3,16
2678,50170999,DEII CIBAO COFFEE SHOP,"313 AUDUBON AVENUE, MANHATTAN, NY 10033",Deii Cibao Coffee Shop,0x89c2f545e20cd54d:0xe36b52d3b1586ac7,,40.8484131,-73.9323885,7,6,0,,4.8,20,6,6,243,Washington Heights North,1250.0,103.75,3.0,0.7,0.3,24
2679,50171086,BAYA BAR,"40 WALL STREET, MANHATTAN, NY 10005",Baya Bar - Acai & Smoothie Shop,0x89c25b83c1bab931:0x830e07702e2a38e7,,40.7069615,-74.0097684,7,6,0,,4.8,26,6,6,87,Financial District North,7226.225,599.7766750000001,3.0,0.8,0.1999999999999999,29
2680,50171319,WATCHHOUSE COFFEE,"405 LEXINGTON AVENUE, MANHATTAN, NY 10174",WatchHouse Chrysler Building,0x89c25900548b1425:0x3205c93019826d1f,,40.7518817,-73.975214,7,6,0,People typically spend 10 min to 2 hr here,4.6,113,6,6,162,Midtown East,8000.0,664.0,3.0,0.7,0.3,108
2681,50171357,EARTHBAR,"10 COLUMBUS CIRCLE, MANHATTAN, NY 10019",Earthbar,0x89c25989871f8725:0x20c37f424dff08c3,,40.7685526,-73.9831866,7,6,0,,3.7,6,6,6,142,Lincoln Square East,480.5833333333333,39.88841666666666,3.0,0.8,0.1999999999999999,99
2682,50171410,DERBY CUP COFFEE,"37 ELIZABETH STREET, MANHATTAN, NY 10013",Derby Cup Coffee,0x89c25b00146a7431:0xbfa81b73d840da3a,,40.7168275,-73.99692619999999,7,6,0,,4.6,65,6,6,144,Little Italy/NoLiTa,1477.5,122.6325,3.0,0.7,0.3,16
2683,50171554,EASY JOY HOT POT DIM SUM BUFFET,"145 MULBERRY STREET, MANHATTAN, NY 10013","Easy Joy (Hot Pot, BBQ Skewers, Dim Sum) 意中人火锅烧烤点心",0x89c25989b5371785:0xa2d23e97c21d1e6d,,40.718959,-73.99773789999999,7,6,0,People typically spend 1.5-2.5 hours here,4.9,921,6,6,144,Little Italy/NoLiTa,1639.2,98.352,1.2,0.3,0.7,16
2684,50171571,WONDER,"3780 BROADWAY, MANHATTAN, NY 10032",Wonder Washington Heights,0x89c2f7766b2d4f97:0xdda3606f56c088c0,,40.8341002,-73.9443939,7,6,0,People typically spend 10 min to 4 hr here,4.6,226,6,6,244,Washington Heights South,3450.0,207.0,1.1,0.2,0.8,149
2685,50171793,CARDIO BAKERY,"51 DIVISION STREET, MANHATTAN, NY 10002",Cardio Bakery,0x89c25b2f9842d00b:0xaba5854220b1238b,,40.7140507,-73.9950877,7,6,0,,4.8,24,6,6,45,Chinatown,544.0,32.64,1.2,0.3,0.7,14
2686,50171954,NINO'S RISTORANTE,"405 EAST   52 STREET, MANHATTAN, NY 10022",Nino's Restaurant,0x89c258c119310193:0x976ca30d36e5b8b0,,40.7550069,-73.9646207,7,6,0,People typically spend 1.5-4 hours here,4.3,353,6,6,229,Sutton Place/Turtle Bay North,340.0,18.7,1.0,0.1,0.9,48
2687,50171981,DENKI SUSHI,"270 PARK AVENUE, MANHATTAN, NY 10017",JPMorgan Chase & Co.,0x89c258fdb81ebd15:0xdcadf01277ce9f6b,,40.7558739,-73.9755825,7,4,1,People typically spend 25 min to 4 hr here,2.5,182,6,6,161,Midtown Center,2761.45652173913,165.6873913043478,1.1,0.2,0.8,89
2688,50172037,UMAMI ASIAN WOK AND NOODLE,"270 PARK AVENUE, MANHATTAN, NY 10017",Umami Express,0x89c25975a89fbe4f:0xae1513a88b97acf6,,40.7597441,-73.9875048,7,6,0,,4.4,5,6,6,161,Midtown Center,2761.45652173913,165.6873913043478,1.1,0.2,0.8,88
2689,50172068,ROMA PIZZA,"146 5 AVENUE, MANHATTAN, NY 10011",Roma Pizza,0x89c2590f070d4e7f:0x74c9c827df9c203a,,40.7394129,-73.991435,7,6,0,People typically spend 20 min to 1.5 hr here,4.6,561,6,6,234,Union Sq,2000.0,134.0,1.8,0.5,0.5,50
2690,50172101,METRO PRIVATE CINEMA,"131 8 AVENUE, MANHATTAN, NY 10011",Metro Private Cinema - Chelsea,0x89c2592fea96cfcb:0xd6f90f06cebe538f,,40.7414267,-74.001693,7,6,0,,4.6,90,6,6,68,East Chelsea,3062.25,183.735,1.2,0.2,0.8,303
2691,50172126,ARK BAGELS,"110 8 AVENUE, MANHATTAN, NY 10011",ARK Bagels,0x89c259146cbe3afb:0xac4846103fbd820,,40.7406775,-74.00148209999999,7,5,0,,4.1,423,6,6,90,Flatiron,518.1818181818181,43.00909090909091,3.0,0.8,0.1999999999999999,78
2692,50172205,NASA CAFE,"653 10 AVENUE, MANHATTAN, NY 10036",NASA CAFE,0x89c259000459f775:0x2ffd8ba7fc0045f,,40.7624425,-73.99377559999999,7,6,0,People typically spend 25 min to 1 hr here,4.6,228,6,6,50,Clinton West,480.0,39.84,2.5,0.6,0.4,72
2693,50172300,BAKER FALLS,"192 ALLEN STREET, MANHATTAN, NY 10002",Baker Falls,0x89c259df7214192b:0xd111c9194462674f,,40.7221885,-73.9886167,7,6,0,People typically spend 1-3.5 hours here,4.7,67,6,6,148,Lower East Side,782.4000000000001,46.944,1.2,0.2,0.8,43
2694,50172397,THE YARD'S PUB,"472 9 AVENUE, MANHATTAN, NY 10018",The Yard's Pub NYC,0x89c25960d446c00b:0x39bd86b95f052a63,,40.7547952,-73.994961,7,6,0,People typically spend 1-3 hours here,4.6,137,6,6,68,East Chelsea,1760.0,105.6,1.2,0.2,0.8,303
2695,50172446,COOKIES BY JACKIE,"1000 SOUTH 8TH AVENUE, MANHATTAN, NY 10019",Cookies by Jackie,0x89c259f72256551f:0xa2a65d27ce5747b9,,40.7673254,-73.9829065,7,6,0,,4.4,25,6,6,48,Clinton East,200.0,16.6,3.0,0.7,0.3,130
2696,50172531,ASPHALT GREEN CAFE,"555 EAST   90 STREET, MANHATTAN, NY 10128",Asphalt Green - Upper East Side campus,0x89c258b1c78878f3:0xf0ab05e617d2a2b6,,40.7791021,-73.9440973,7,5,0,People typically spend 45 min to 2 hr here,4.0,268,6,6,262,Yorkville East,6390.0,383.4,1.2,0.2,0.8,56
2697,50172555,THE OVEN'S SLICE,"218 1 AVENUE, MANHATTAN, NY 10009",The Oven's Slice,0x89c259005f0fcc87:0x44890ddb9f88e03d,,40.7306813,-73.9828607,7,6,0,People typically spend 25 min to 4 hr here,4.8,166,6,6,79,East Village,541.6,32.496,1.1,0.2,0.8,63
2698,50172639,TAWNY,"173 HENRY STREET, MANHATTAN, NY 10002",Tawny,0x89c25b1c571af8b1:0xcbbc2ee278d5637c,,40.7136329,-73.9888807,7,6,0,,5.0,124,6,6,232,Two Bridges/Seward Park,1050.25,63.015,1.2,0.2,0.8,29
2699,50172713,SANKU MAOTS'AI,"167 1 AVENUE, MANHATTAN, NY 10003",Sanku Maots'ai 三顾冒菜,0x89c2590065e2c7ab:0x42c78c574538dac7,,40.7291101,-73.9845323,7,6,0,,4.6,221,6,6,79,East Village,600.0,36.0,1.2,0.3,0.7,63
2700,50172734,EARTHBAR,"69 PRINCE STREET, MANHATTAN, NY 10012",Earthbar,0x89c259267d16c3ff:0x4f781a409fd0ffb1,,40.7240841,-73.9970289,7,6,0,,4.7,6,6,6,144,Little Italy/NoLiTa,368.8,30.6104,3.0,0.8,0.1999999999999999,16
2701,50172783,GO GO CURRY USA INC,"273 WEST   38 STREET, MANHATTAN, NY 10018",Go Go Curry Times Square,0x89c259acee2f8257:0xbb0a2c99223b5fa9,,40.754664,-73.9911585,7,6,0,People typically spend 25 min here,4.4,1498,6,6,100,Garment District,7255.2,399.036,1.0,0.15,0.85,73
2702,50172798,SKINNY LOUIE,"1145 BROADWAY, MANHATTAN, NY 10001",Skinny Louie,0x89c259003bf64cb7:0x46fd06caa5d43589,,40.7441158,-73.989205,7,6,0,People typically spend 25 min to 3 hr here,4.8,2112,6,6,234,Union Sq,603.0,50.049,2.5,0.6,0.4,50
2703,50172916,BAREBURGER,"1681 1 AVENUE, MANHATTAN, NY 10128",Bareburger,0x89c258ba8c9be281:0x127b383ea2c8e1ce,,40.7777281,-73.948987,7,6,0,People typically spend 45 min to 2.5 hr here,4.5,1199,6,6,263,Yorkville West,960.0,57.6,1.2,0.2,0.8,73
2704,50173372,EARTHBAR,"97 GREENWICH AVENUE, MANHATTAN, NY 10014",Earthbar,0x89c2591c90ab4f4f:0xdb320815be87515d,,40.7374581,-74.002056,7,6,0,,3.0,6,6,6,249,West Village,7500.0,450.0,1.2,0.2,0.8,30
2705,50173385,UPSIDE PIZZA/SOFTSIDE,"1231 BROADWAY, MANHATTAN, NY 10001",Upside Pizza,0x89c259a4db92fe23:0xf025f0dbd9dd6dd6,,40.7469915,-73.9886324,7,6,0,,4.2,120,6,6,164,Midtown South,5666.025,339.9614999999999,1.1,0.2,0.8,49
2706,50173574,MI CASA RESTAURANT CON NCY,"1552 SAINT NICHOLAS AVENUE, MANHATTAN, NY 10040",Mi Casa Restaurant,0x89c2f55efeae4a8b:0xa3069085cf5a16ad,,40.8533597,-73.9305378,7,6,0,,5.0,29,6,6,243,Washington Heights North,1745.0,104.7,1.2,0.2,0.8,24
2707,50173608,CHOR BAZAAR,"37 WEST   30 STREET, MANHATTAN, NY 10001",Chor Bazaar,0x89c259ddfacccfd9:0x57e501e56c5d50cc,,40.7467645,-73.9881429,7,6,0,People typically spend 45 min to 1.5 hr here,4.7,755,6,6,164,Midtown South,5775.0,317.625,1.0,0.15,0.85,49
2708,50173882,CHUBBY CATTLE BBQ,"206 SPRING STREET, MANHATTAN, NY 10012",Chubby Cattle BBQ | New York,0x89c25944b9b960f3:0x3912d29253bd2980,,40.7251549,-74.00384079999999,7,6,0,People typically spend 2 hours here,4.9,2792,6,6,211,SoHo,270.4,14.872,1.0,0.15,0.85,26
2709,50174005,LUCKIN COFFEE,"102 FULTON STREET, MANHATTAN, NY 10038",Luckin Coffee,0x89c25b558d179c63:0x7218a37321727f68,,40.709656,-74.00679029999999,7,6,0,,4.0,100,6,6,87,Financial District North,440.0,36.52,3.0,0.7,0.3,29
2710,50174011,ARMADA,"86 ORCHARD STREET, MANHATTAN, NY 10002",Armada,0x89c2594d7b2a56d5:0xbb73209e8c2aa25a,,40.7179352,-73.99015039999999,7,6,0,,4.8,80,6,6,148,Lower East Side,1056.0,52.8,0.8,0.05,0.95,43
2711,50174161,ZARA PIZZA,"84 HESTER STREET, MANHATTAN, NY 10002",Zara Pizza,0x89c25a2831a30519:0xf3b47d6eca573f08,,40.7161713,-73.99227259999999,7,6,0,,4.5,227,6,6,148,Lower East Side,1120.0,75.04,1.8,0.5,0.5,43
2712,50174266,SOFIA'S OF LITTLE ITALY,"143 MULBERRY STREET, MANHATTAN, NY 10013",Sofia's of Little Italy,0x89c25979cf8fa8d9:0xeb0864e683ca088f,,40.7188684,-73.9977175,7,6,0,People typically spend 1-2 hours here,4.6,3592,6,6,144,Little Italy/NoLiTa,1200.0,66.0,1.0,0.1,0.9,16
2713,50174342,HOUSE OF DOMES,"64 CHARLTON STREET, MANHATTAN, NY 10014",House of Domes,0x89c2592303efbe79:0x290df508079efc20,,40.7270833,-74.0060972,7,6,0,People typically spend 4 hours here,4.9,203,6,6,125,Hudson Sq,4627.8,254.529,1.0,0.1,0.9,9
2714,50174477,MIRIAM WEST VILLAGE,"140 7 AVENUE SOUTH, MANHATTAN, NY 10014",Miriam West Village,0x89c259515b2cb9e3:0x9dc8a78204604fbe,,40.734727,-74.0023992,7,6,0,People typically spend 1.5-3 hours here,4.6,119,6,6,249,West Village,972.0,58.32,1.2,0.2,0.8,30
2715,50174571,HOLYDOG CAFE,"192 LEXINGTON AVENUE, MANHATTAN, NY 10016",Holydog Pilates and Cafe,0x89c259a8d6669563:0x9e5e4e99d95405a1,,40.7450688,-73.9809657,7,6,0,People typically spend 25 min to 3 hr here,4.7,45,6,6,170,Murray Hill,5971.0,495.593,3.0,0.7,0.3,92
2716,50174794,CORNER BISTRO EAST,"94 AVENUE A, MANHATTAN, NY 10009",Corner Bistro East,0x89c25900168db867:0xaf96a56feb3c3263,,40.7255004,-73.9837517,7,6,0,People typically spend 1-4 hours here,4.7,40,6,6,79,East Village,736.8000000000001,44.20800000000001,1.2,0.2,0.8,63
2717,50174959,THE C CAFE & WINE,"552 HUDSON STREET, MANHATTAN, NY 10014",The C Cafe & Wine,0x89c259001c4b1a69:0x30ec522aa3e49fb2,,40.7352786,-74.0058897,7,6,0,People typically spend 45 min to 2.5 hr here,4.6,228,6,6,249,West Village,640.0,32.0,0.8,0.05,0.95,30
2718,50175089,GRAMERCY BAGELS,"246 3 AVENUE, MANHATTAN, NY 10010",Gramercy Bagels,0x89c259a042680611:0x9bb1ccd03dfab0dd,,40.7372057,-73.98463799999999,7,5,0,People typically spend 10 min to 4 hr here,4.1,405,6,6,107,Gramercy,2299.0,190.817,3.0,0.8,0.1999999999999999,64
2719,50175197,CARMELA,"10 5 AVENUE, MANHATTAN, NY 10011",Carmela Coffee - West Village,0x89c2591de2b53fe7:0x6014e470286dc321,,40.7324978,-73.9965769,7,6,0,People typically spend 30 min to 1.5 hr here,4.6,158,6,6,113,Greenwich Village North,476.0,39.508,3.0,0.7,0.3,25
2720,50175227,TAQUERIA EL CHATO,"120 MACDOUGAL STREET, MANHATTAN, NY 10012",Taquería el Chato,0x89c259e3d7891a29:0xbe8575dbaff91c44,,40.72984,-74.0004336,7,6,0,,4.9,186,6,6,114,Greenwich Village South,200.0,13.4,1.8,0.4,0.6,15
2721,50175559,VARIETY COFFEE ROASTERS,"455 AMSTERDAM AVENUE, MANHATTAN, NY 10024",Variety Coffee Roasters,0x89c259002497c7f7:0x188954be2cc2d57,,40.784897,-73.976817,7,6,0,,4.5,46,6,6,239,Upper West Side South,200.0,16.6,3.0,0.7,0.3,75
2722,50175657,LITTLE CUPCAKE BAKESHOP,"270 BLEECKER STREET, MANHATTAN, NY 10014",Little Cupcake Bakeshop,0x89c259001a93a245:0x75370579123901f4,,40.7313476,-74.0032638,7,6,0,,4.2,50,6,6,249,West Village,720.0,59.76000000000001,3.0,0.7,0.3,30
2723,50176072,SALSWEE,"1407 BROADWAY, MANHATTAN, NY 10018",SALSWEE,0x89c259be40a4b191:0x29821fd0893e8611,,40.7532253,-73.987414,7,6,0,People typically spend 15-45 min here,4.6,661,6,6,100,Garment District,1020.033333333333,84.66276666666668,3.0,0.7,0.3,73
2724,50176129,FELIX EMPANADAS,"192 ORCHARD STREET, MANHATTAN, NY 10002",Felix Empanadas,0x89c2590053758ddf:0x3522a162aba1786d,,40.7221578,-73.98796349999999,7,6,0,,4.7,142,6,6,148,Lower East Side,637.2,35.046,0.9,0.1,0.9,43
2725,50176247,ELPIS,"308 EAST  116 STREET, MANHATTAN, NY 10029",Elpis Pizza & Gourmet Food,0x89c2f725e92373dd:0x4c5c88e18c8812e6,,40.7966051,-73.9372728,7,6,0,People typically spend 20 min to 4 hr here,5.0,46,6,6,74,East Harlem North,2122.4,142.2008,1.8,0.5,0.5,101
2726,50176258,BABBO,"110 WAVERLY PLACE, MANHATTAN, NY 10011",Babbo,0x89c2599149f9cad1:0xeb69422e986c38a9,,40.732296,-73.9992785,7,6,0,People typically spend 4 hours here,4.3,1803,6,6,114,Greenwich Village South,1689.6,92.928,1.0,0.1,0.9,15
2727,50176320,GYRO KING,"302 WEST   37 STREET, MANHATTAN, NY 10018",Gyro King,0x89c259638ff82a91:0x3cfe62ce5c6e3104,,40.7541231,-73.9925253,7,6,0,,4.4,34,6,6,68,East Chelsea,4425.0,265.5,1.2,0.2,0.8,303
2728,50176478,MOONBURGER,"72 KENMARE STREET, MANHATTAN, NY 10012",Moonburger,0x89c2590ffb985565:0xc5898bd197dca0d3,,40.7209612,-73.9963018,7,6,0,,4.7,164,6,6,144,Little Italy/NoLiTa,887.25,73.64175,2.5,0.6,0.4,16
2729,50176485,BARFLY,"244 3 AVENUE, MANHATTAN, NY 10010",Barfly,0x89c259a041f4512d:0x4e2903073dc82b1a,,40.737118,-73.9846214,7,6,0,People typically spend 45 min to 3 hr here,4.4,672,6,6,107,Gramercy,583.2,34.992,1.2,0.2,0.8,46
2730,50176521,GNOCCHI ON 9TH,"836 7 AVENUE, MANHATTAN, NY 10019",Gnocchi on 9th,0x89c259df6d463bfb:0x23ed2334718de694,,40.763458,-73.9817654,7,6,0,,4.7,120,6,6,230,Times Sq/Theatre District,324.24,17.8332,1.0,0.1,0.9,118
2731,50176558,ANNAPURNA BHAVAN,"615 9 AVENUE, MANHATTAN, NY 10036",Annapurna Bhavan,0x89c259c6920b2b2d:0x3edfa30adb8ab15e,,40.7595571,-73.9921368,7,6,0,People typically spend 45 min to 1.5 hr here,4.8,1407,6,6,48,Clinton East,1600.0,88.0,1.0,0.15,0.85,130
2732,50176565,SIMPL,"927 2 AVENUE, MANHATTAN, NY 10022",Simpl Coffee,0x89c259003838d08f:0x44a2553ab80a6ff8,,40.7546081,-73.96897249999999,7,6,0,,4.8,134,6,6,229,Sutton Place/Turtle Bay North,3772.5,313.1175,3.0,0.7,0.3,48
2733,50176837,THE OASIS CAFE,"362 2 AVENUE, MANHATTAN, NY 10010",The Oasis Cafe,0x89c2599a62286383:0x2694bc4dea1f4ae9,,40.7366225,-73.9815203,7,6,0,,4.3,54,6,6,107,Gramercy,800.0,66.4,3.0,0.7,0.3,46
2734,50176854,BUB'S BAKERY,"325 LAFAYETTE STREET, MANHATTAN, NY 10012",Bub's Bakery NYC,0x89c2590048ad432b:0x3f9e28e78d6e18f8,,40.7255018,-73.99477739999999,7,6,0,,4.5,286,6,6,114,Greenwich Village South,476.0,39.508,3.0,0.7,0.3,15
2735,50176968,DURAR CAFE,"996 AMSTERDAM AVENUE, MANHATTAN, NY 10025",Durar caffe inc,0x89c2f778b8f401f9:0xddd9d11b6718a9c4,,40.8026663,-73.9645931,7,6,0,,4.9,38,6,6,24,Bloomingdale,800.0,66.4,3.0,0.7,0.3,25
2736,50177152,BEST DAMN BREAKFAST BURRITO,"345 EAST   12 STREET, MANHATTAN, NY 10003",Best Damn Breakfast Burrito,0x89c2591db1baa7db:0xf8bdfc8cf08bd083,,40.7304367,-73.9839514,7,6,0,People typically spend 1.5-4 hours here,4.3,133,6,6,79,East Village,1457.1,87.42599999999999,1.2,0.2,0.8,63
2737,50177279,KENNEDY CHICKEN & BURGER,"1502 AMSTERDAM AVENUE, MANHATTAN, NY 10031",Kennedy Chicken & Burgers,0x89c2f7144b1d3bf3:0xa7686a334b96bb1a,,40.8184517,-73.9528819,7,6,0,,4.8,69,6,6,152,Manhattanville,2000.0,134.0,2.0,0.5,0.5,17
2738,50177305,RIO JAYA RESTAURANT,"79 AUDUBON AVENUE, MANHATTAN, NY 10032",El Nuevo Jaya Restaurant,0x89c2f69dc08458ef:0x9d1a75567accb42d,,40.8412255,-73.93766939999999,7,6,0,People typically spend 5 min to 1 hr here,4.3,223,6,6,244,Washington Heights South,892.5,49.0875,0.9,0.1,0.9,149
2739,50177372,CHEESE WHEEL PASTAS,"5 CARMINE STREET, MANHATTAN, NY 10014",Cheese Wheel Pastas,0x89c259182f95c66d:0x51e2eac14b0da587,,40.7305944,-74.0020052,7,6,0,,4.8,206,6,6,249,West Village,1075.0,59.125,1.0,0.1,0.9,30
2740,50177399,D'LA PARA PICA POLLO,"151 NAGLE AVENUE, MANHATTAN, NY 10040",D' LA PARA PICA POLLO - DYCKMAN,0x89c2f5005130d1d9:0x311342a3f7e872c8,,40.8610099,-73.92593409999999,7,6,0,People typically spend 10 min to 1 hr here,3.7,440,6,6,243,Washington Heights North,1874.0,112.44,1.1,0.2,0.8,24
2741,50177417,EL-TACO,"1452 2 AVENUE, MANHATTAN, NY 10021",El-Taco NYC,0x89c25980fb82691f:0x95d231d17a994e22,,40.7711244,-73.9563548,7,6,0,,4.8,104,6,6,141,Lenox Hill West,654.4000000000001,43.84480000000001,1.8,0.4,0.6,83
2742,50177508,DELANCEY STREET PIZZA,"61 DELANCEY STREET, MANHATTAN, NY 10002",Delancey Street Pizza,0x89c2590007956f5b:0xc2b95179f94a36e6,,40.7191575,-73.99103819999999,7,6,0,,4.5,48,6,6,148,Lower East Side,513.0666666666667,34.37546666666668,1.8,0.5,0.5,43
2743,50177567,LA BOCA,"500 WEST   18 STREET, MANHATTAN, NY 10011",La Boca at Faena,0x89c259d78335b885:0x24f64d435e155bcb,,40.7447749,-74.0072976,7,6,0,People typically spend 15 min to 2.5 hr here,4.0,178,6,6,246,West Chelsea/Hudson Yards,3254.175,195.2505,1.1,0.2,0.8,114
2744,50177568,LA MERCERIE,"53 HOWARD STREET, MANHATTAN, NY 10013",La Mercerie,0x89c2598a48226cdb:0x325867f2a2576952,,40.7201478,-74.0021708,7,6,0,People typically spend 1.5-3.5 hours here,4.3,1804,6,6,211,SoHo,3750.0,187.5,0.8,0.05,0.95,26
2745,50177797,NOGARI,"35 WEST   36 STREET, MANHATTAN, NY 10018",Nogari Korean Gastropub | Midtown Manhattan,0x89c259caa081238f:0xc6c7e185dd5a0601,,40.7505361,-73.9853588,7,6,0,People typically spend 1-3 hours here,4.7,101,6,6,164,Midtown South,1923.75,105.80625,1.0,0.15,0.85,49
2746,50177809,FERMENTO,"226 VARICK STREET, MANHATTAN, NY 10014",Fermento Pizza NYC,0x89c259004d3e25b3:0xf05a571b2c5e988b,,40.7290939,-74.005017,7,6,0,,5.0,123,6,6,249,West Village,200.0,13.4,1.8,0.5,0.5,30
2747,50177837,CIBAO,"72 CLINTON STREET, MANHATTAN, NY 10002",Cibao,0x89c25981bbebaa19:0x9b1fafac28c52a84,,40.7191785,-73.98481199999999,7,6,0,,4.2,599,6,6,232,Two Bridges/Seward Park,2280.0,136.8,1.2,0.2,0.8,29
2748,50177911,VEGANO FISH MARKET & RESTAURANT,"1053 SAINT NICHOLAS AVENUE, MANHATTAN, NY 10032",Vegano Fish Market & Restaurant,0x89c2f75f07eac6e3:0x8c5e45b9a7a2e87e,,40.8368308,-73.9403317,7,6,0,,5.0,17,6,6,244,Washington Heights South,500.0,25.0,0.8,0.05,0.95,149
2749,50177938,LA BOMBONIERA,"203 WEST   82 STREET, MANHATTAN, NY 10024",La Bomboniera,0x89c259ff6d3eeaeb:0x13127b150204c38,,40.7853592,-73.977295,7,6,0,People typically spend 30 min to 2 hr here,4.9,315,6,6,239,Upper West Side South,800.0,66.4,3.0,0.7,0.3,75
2750,50177944,BAZU! BY SUPERWOW COFFEE,"41 DIVISION STREET, MANHATTAN, NY 10002",BAZU! by Superwow Coffee,0x89c25b42451b8e63:0x5971c66ffb37a40f,,40.7140186,-73.99553879999999,7,6,0,,5.0,87,6,6,45,Chinatown,1943.0,161.269,3.0,0.7,0.3,14
2751,50178013,97 HAPPY KTV,"97 BOWERY, MANHATTAN, NY 10002",97 Happy KTV Inc,0x89c25900519e689f:0xcc7d64f37082a1e0,,40.7173486,-73.99504139999999,7,6,0,,4.6,45,6,6,148,Lower East Side,3021.5,181.29,1.1,0.2,0.8,43
2752,50178047,STUDIO CAFE,"144 WEST  125 STREET, MANHATTAN, NY 10027",The Studio Museum in Harlem,0x89c2f60d5f7028fd:0xea081c02285a9a40,,40.8082859,-73.9476926,7,6,0,People typically spend 1-3 hours here,4.6,450,6,6,41,Central Harlem,8000.0,664.0,3.0,0.7,0.3,44
2753,50178106,LA PERLA NASCOTA,"206 WEST   79 STREET, MANHATTAN, NY 10024",La Perla Nascosta,0x89c2599ada6f765b:0x98bd8416926839e5,,40.7831209,-73.978996,7,6,0,,4.9,135,6,6,239,Upper West Side South,800.0,44.0,1.0,0.1,0.9,75
2754,50178155,CHAHALO,"23 SAINT MARKS PLACE, MANHATTAN, NY 10003",ChaHalo 茶话弄 - East Village,0x89c2590016a3302b:0xde25e972385c59ac,,40.7291328,-73.9886384,7,6,0,,4.8,161,6,6,79,East Village,1193.25,99.03975,3.0,0.7,0.3,63
2755,50178227,THE CAFE @ CORNELL TECH,"2 WEST LOOP ROAD, MANHATTAN, NY 10044",The Cafe at Cornell Tech,0x89c258de8895b51f:0x2df06b4d572950cc,,40.7554148,-73.9562424,7,6,0,People typically spend 15 min to 1.5 hr here,4.2,338,6,6,202,Roosevelt Island,8000.0,480.0,1.2,0.2,0.8,2
2756,50178330,RANDY'S DONUTS,"185 BLEECKER STREET, MANHATTAN, NY 10012",Randy's Donuts,0x89c259f2d2926485:0xea6d50a4eef1eb29,,40.7291848,-74.0010057,7,6,0,,4.7,238,6,6,114,Greenwich Village South,246.4285714285714,20.45357142857144,3.0,0.8,0.1999999999999999,15
2757,50178354,TINTO,"41 MONROE STREET, MANHATTAN, NY 10002",Tinto Café and Bar,0x89c25b858bfec7cd:0x3e0dace38eae655b,,40.7116745,-73.9946406,7,6,0,,5.0,77,6,6,45,Chinatown,1040.0,62.4,1.2,0.2,0.8,14
2758,50178509,EAST JAPANESE RESTAURANT,"314 WEST   53 STREET, MANHATTAN, NY 10019",East Japanese Restaurant,0x89c259f6f54e3127:0x9bec88438be65b95,,40.7644527,-73.9856387,7,6,0,,4.8,115,6,6,48,Clinton East,433.3333333333333,23.83333333333333,1.0,0.15,0.85,130
2759,50178649,ARIA NOVA,"190 BLEECKER STREET, MANHATTAN, NY 10012",Aria Nova Pizzeria,0x89c259562655904f:0x7fe974216b6811bf,,40.7291069,-74.00152299999999,7,6,0,,5.0,459,6,6,114,Greenwich Village South,370.8333333333333,24.84583333333333,1.8,0.5,0.5,15
2760,50178654,LUCKIN COFFEE,"221 GRAND STREET, MANHATTAN, NY 10013",Luckin Coffee,0x89c2590209a9b65f:0x3b00482616ac2a87,,40.7185705,-73.99591869999999,7,6,0,,3.7,66,6,6,144,Little Italy/NoLiTa,2104.0,174.632,3.0,0.7,0.3,16
2761,50178873,POWERHOUSE GYM,"158 WEST   27 STREET, MANHATTAN, NY 10001",Powerhouse Gym 158 W. 27th Street Manhattan,0x89c2598d51aca171:0x30be28748a03826,,40.7462,-73.9934323,7,4,12,People typically spend 1.5-2.5 hours here,4.9,377,6,6,186,Penn Station/Madison Sq West,8000.0,480.0,1.1,0.2,0.8,216
2762,50179015,PAISA PICAPOLLO,"501 WEST  167 STREET, MANHATTAN, NY 10032",Pica Pollo 809,0x89c2f404caa68913:0x592c8b89b6226a82,,40.855985,-73.928615,7,6,0,,3.8,73,6,6,244,Washington Heights South,720.0,43.2,1.2,0.2,0.8,149
2763,50179161,THE MAZE,"43 WEST   24 STREET, MANHATTAN, NY 10010",The Maze NYC,0x89c259006b297755:0x405e0d613cf8a300,,40.7433322,-73.9914316,7,6,0,,5.0,22,6,6,234,Union Sq,1963.2,98.16,0.8,0.05,0.95,50
2764,50179204,GEORGIE'S CAFE,"182 BROOME STREET, MANHATTAN, NY 10002",Georgie’s Cafe & Bar,0x89c25981fe1cc31b:0x7ad84207028e4d62,,40.7170738,-73.98642099999999,7,6,0,,4.4,144,6,6,232,Two Bridges/Seward Park,8000.0,480.0,1.2,0.3,0.7,29
2765,50179217,RED POKE,"598 9 AVENUE, MANHATTAN, NY 10036",Red Poke,0x89c25852545fb467:0xc3014d5e5bfb7f08,,40.7588527,-73.9919511,7,6,0,People typically spend 20 min to 4 hr here,4.6,1548,6,6,48,Clinton East,924.0,55.44,1.1,0.2,0.8,130
2766,50179242,OLIO E PIU,"5 BRYANT PARK, MANHATTAN, NY 10018",OLIO E PIÙ Bryant Park,0x89c259aae7ad2bc7:0x360cb106c0c559b8,,40.754043,-73.985355,7,6,0,People typically spend 1.5-4 hours here,4.8,1239,6,6,100,Garment District,927.2,50.996,1.0,0.1,0.9,73
2767,50179256,HIDDEN LANE,"129 EAST   15 STREET, MANHATTAN, NY 10003",Hidden Lane Bar,0x89c2593213e7161f:0xef7212cde8623e92,,40.734595,-73.98767,1,6,0,People typically spend 1-3 hours here,4.4,287,0,6,107,Gramercy,2800.0,168.0,1.2,0.2,0.8,164
2768,50179291,MAMAN,"71 BROADWAY, MANHATTAN, NY 10006",maman,0x89c25b1b13d80a47:0x73b19850ad8f706f,,40.7074388,-74.012209,7,6,0,,4.6,187,6,6,261,World Trade Center,4611.725,382.773175,3.0,0.7,0.3,23
2769,50179307,SWEET REHAB,"167 EAST   87 STREET, MANHATTAN, NY 10128",Sweet Rehab,0x89c2591c2ed8830b:0x49a73e536e7665ea,,40.7800502,-73.9542821,7,6,0,,4.2,51,6,6,236,Upper East Side North,1694.4,140.6352,3.0,0.7,0.3,115
2770,50179315,MAISON BREW,"310 EAST   93 STREET, MANHATTAN, NY 10128",Maison Brew,0x89c259365be61979:0x359fb414ecb56102,,40.7818556,-73.94786409999999,7,6,0,,4.9,59,6,6,263,Yorkville West,2487.0,206.421,3.0,0.7,0.3,73
2771,50179411,BAO NOODLE HOUSE,"110 BOWERY, MANHATTAN, NY 10013",Bao Noodle House 包之面,0x89c25923d49eed3b:0x462c508f3a21b14e,,40.7179918,-73.9951622,7,6,0,People typically spend 30 min to 1 hr here,4.8,511,6,6,144,Little Italy/NoLiTa,1700.0,102.0,1.2,0.3,0.7,16
2772,50179544,FITNESS FACTORY,"362 WEST  125 STREET, MANHATTAN, NY 10027",Fitness Factory Health Club Harlem,0x89c2f715e3ec4bc7:0x16e77f9b6c202f55,,40.810744,-73.953469,7,6,0,People typically spend 1-2 hours here,4.3,43,6,6,166,Morningside Heights,3257.4,195.444,1.1,0.2,0.8,61
2773,50179730,EATS ON 57 MARKETPLACE,"363 WEST   57 STREET, MANHATTAN, NY 10019",Eats on 57 Marketplace,0x89c2590067f64509:0x4419380d7ec72fa2,,40.7679775,-73.9854493,7,4,64,,4.4,28,6,6,48,Clinton East,6588.9,395.334,1.2,0.2,0.8,435
2774,50179754,PUNTA CANA TO GO,"2102 AMSTERDAM AVENUE, MANHATTAN, NY 10032",Punta Cana to go Manhattan,0x89c2f7cd5c176651:0x5a38fb60e7cbd8fa,,40.8375366,-73.9390099,7,6,0,,3.9,7,6,6,244,Washington Heights South,800.0,44.0,0.9,0.1,0.9,149
2775,50180069,AURA D'OR,"42 WEST   35 STREET, MANHATTAN, NY 10001",Aura D’Or,0x89c259d5fde6fb07:0x2a450b904a310e65,,40.7497612,-73.9860805,7,6,0,,4.8,70,6,6,164,Midtown South,600.0,49.8,3.0,0.7,0.3,49
2776,50180359,IHOP,"4168 BROADWAY, MANHATTAN, NY 10033",IHOP,0x89c2f6a02733fae5:0x5389c3a76694efa2,,40.847538,-73.93782139999999,7,0,14,People typically spend 45 min to 1.5 hr here,3.5,2588,6,6,244,Washington Heights South,8000.0,480.0,1.2,0.2,0.8,33
2777,50180361,LA VITA PIZZA RESTAURANT,"1670 3 AVENUE, MANHATTAN, NY 10128",La Vita,0x89c258a5db37618b:0x10daeb438a6497a1,,40.7836935,-73.9507587,7,6,0,People typically spend 30 min to 2 hr here,4.3,382,6,6,236,Upper East Side North,1120.0,75.04,1.8,0.5,0.5,115
2778,50180483,HAWA LES,"181 EAST BROADWAY, MANHATTAN, NY 10002",Hawa Smoothies & Bubble Tea,0x89c25a297f39d741:0xa2ce728d47b64eea,,40.7140278,-73.9892776,7,6,0,People typically spend 10 min to 3.5 hr here,4.7,261,6,6,232,Two Bridges/Seward Park,840.0,69.72,3.0,0.8,0.1999999999999999,29
2779,50180639,LOONG RAMEN,"21 SOUTH END AVENUE, MANHATTAN, NY 10280",Loong Ramen,0x89c25b0f27e6c8f3:0x80cc93860a26be72,,40.7080246,-74.0180158,7,6,0,People typically spend 1-2.5 hours here,4.7,206,6,6,13,Battery Park City,8000.0,480.0,1.2,0.3,0.7,20
2780,50180712,QUE RICO,"221 EAST   23 STREET, MANHATTAN, NY 10010",Que Rico Restaurant,0x89c25900011c63b5:0x2e3fbd1502c4a15e,,40.7385795,-73.9819879,1,6,0,People typically spend 20 min to 4 hr here,4.8,144,0,6,107,Gramercy,3824.8,229.488,1.2,0.2,0.8,164
2781,50180734,VISIT SICILY NYC,"86 EAST    7 STREET, MANHATTAN, NY 10003",Visit Sicily NYC,0x89c259e3dba1ff1d:0x47badfc875c5e8c7,,40.7270357,-73.986148,7,6,0,,4.8,110,6,6,79,East Village,836.0,45.98,1.0,0.1,0.9,63
2782,50180767,CHOPPED,"101 MACDOUGAL STREET, MANHATTAN, NY 10012",Chopped,0x89c259f636e47803:0x8b3bf0b7d4aa5b2b,,40.7296416,-74.0009601,7,6,0,,4.9,127,6,6,114,Greenwich Village South,320.0,26.56,2.5,0.6,0.4,15
2783,50180815,SWEETEA,"28 EAST   33 STREET, MANHATTAN, NY 10016",Sweetea,0x89c2595bca10c73f:0x8cab228bf66b583,,40.7468177,-73.98304949999999,7,6,0,,4.8,372,6,6,164,Midtown South,1413.4,117.3122,3.0,0.7,0.3,49
2784,50180847,BOOBLIQ,"150 BROADWAY, MANHATTAN, NY 10038",Boobliq Bagels and Bar,0x89c25bc05ade334d:0x6e17b2f3382ed517,,40.7091284,-74.0102299,7,6,0,People typically spend 25 min to 2 hr here,4.8,275,6,6,87,Financial District North,6991.725,419.5035,1.2,0.2,0.8,29
2785,50181025,PIZZA POINT,"123 NAGLE AVENUE, MANHATTAN, NY 10040",Pizza Point,0x89c2f5e8fee5392b:0x2fd6e035d6fe43ca,,40.8607013,-73.926737,1,6,0,,4.5,17,0,6,243,Washington Heights North,426.6666666666667,28.58666666666667,1.8,0.5,0.5,14
2786,50181105,MENKOI SAO,"7 CORNELIA STREET, MANHATTAN, NY 10014",Menkoi Sao,0x89c259660f14f8f3:0x1a545b8da9224bcb,,40.7317035,-74.0015804,7,6,0,People typically spend 45 min to 1.5 hr here,4.4,993,6,6,249,West Village,411.6,22.638,1.0,0.15,0.85,30
2787,50181132,TIPSY SHANGHAI RESTAURANT,"594 3 AVENUE, MANHATTAN, NY 10016",Tipsy Shanghai 蘇杭餐厅,0x89c259cb576043ed:0x10ef7b4ff0455833,,40.7488307,-73.9761741,7,6,0,People typically spend 45 min to 1.5 hr here,4.5,999,6,6,170,Murray Hill,200.0,12.0,1.2,0.3,0.7,92
2788,50181169,SURF CITY PIZZERIA III,"1140 1 AVENUE, MANHATTAN, NY 10065",Surf City Pizzeria 3,0x89c2591803c876e1:0xf4ebb68f47b3c250,,40.761792,-73.9600627,7,6,0,,4.9,60,6,6,140,Lenox Hill East,1240.0,83.08,1.8,0.5,0.5,218
2789,50181327,JOE'S PIZZA (PIES ONLY),"1441 BROADWAY, MANHATTAN, NY 10018",Joe's Pizza Broadway,0x89c259ab3c1ef289:0x3b67a41175949f55,,40.7546795,-73.9870291,7,6,0,People typically spend 30 min here,4.4,25992,6,6,100,Garment District,761.8333333333334,51.04283333333334,1.8,0.5,0.5,73
2790,50181362,CASITA OF BROOKLYN,"300 EAST   86 STREET, MANHATTAN, NY 10028",Casita of Brooklyn,0x89c2590002416ded:0x70d6dc21e10ad36,,40.7776204,-73.9515728,7,6,0,,4.8,57,6,6,263,Yorkville West,1360.0,112.88,3.0,0.7,0.3,73
2791,50181366,FU WING,"153 EAST  106 STREET, MANHATTAN, NY 10029",Fu Wing,0x89c2f6031af2a829:0x3858cf0088882770,,40.7923029,-73.945672,7,6,0,,4.0,114,6,6,75,East Harlem South,484.0,29.04,1.2,0.3,0.7,186
2792,50181422,HYDERABADI ZAIQA,"785 9 AVENUE, MANHATTAN, NY 10019",HYDERABADI ZAIQA,0x89c25939865415e7:0x7bb00b793c2bd3a5,,40.7650888,-73.9881719,7,6,0,People typically spend 45 min to 2 hr here,4.6,1213,6,6,48,Clinton East,626.6666666666666,34.46666666666666,1.0,0.15,0.85,130
2793,50181544,REMI FLOWER & COFFEE,"425 PARK AVENUE SOUTH, MANHATTAN, NY 10016",REMI FLOWER COFFEE,0x89c25900446ad2cd:0x9fc07fa11b388f04,,40.7440227,-73.98329919999999,7,6,0,People typically spend 30 min to 2 hr here,4.2,66,6,6,170,Murray Hill,1508.75,125.22625,3.0,0.7,0.3,92
2794,50181561,COFFEE + COCKTAILS,"18 9 AVENUE, MANHATTAN, NY 10014",Coffee + Cocktails,0x89c259bff2ffffff:0x9eec4d9acd7ab9ff,,40.7399278,-74.0058639,7,6,0,,4.4,167,6,6,158,Meatpacking/West Village West,1468.05,88.083,1.2,0.2,0.8,21
2795,50181730,EGGCELLENT TACOS,"400 AUDUBON AVENUE, MANHATTAN, NY 10033",egg cellent tacos Mexican cuisine,0x89c2f55d128cd021:0x95708635f963dfa3,,40.8513795,-73.930748,7,6,0,,5.0,33,6,6,243,Washington Heights North,1760.0,117.92,1.8,0.4,0.6,24
2796,50181731,DUNKIN,"20 HUDSON YARDS, MANHATTAN, NY 10001",Dunkin',0x89c259ed573b5409:0x86e55f76247772c3,,40.7294183,-74.0073931,7,5,0,People typically spend 25 min to 2 hr here,3.4,226,6,6,246,West Chelsea/Hudson Yards,4230.214705882354,253.8128823529412,1.2,0.2,0.8,86
2797,50181860,PROFIT CHINESE RESTAURANT,"643 2 AVENUE, MANHATTAN, NY 10016",Profit Chinese Restaurant II,0x89c25905bf4727eb:0xce97833b7c04e49a,,40.7456231,-73.97549819999999,7,6,0,,3.3,174,6,6,170,Murray Hill,1020.0,61.2,1.2,0.3,0.7,92
2798,50181932,JOY'S CAFE,"60 BAYARD STREET, MANHATTAN, NY 10013",Joys' Cafe,0x89c25b002d9f35a3:0x354b8b3642d88fd7,,40.7155506,-73.9977492,7,6,0,People typically spend 45 min to 1.5 hr here,4.4,301,6,6,45,Chinatown,735.3333333333334,44.12,1.2,0.3,0.7,14
2799,50182136,NOVA PIZZA & GRILL,"1739 2 AVENUE, MANHATTAN, NY 10128",Nova Pizza & Grill,0x89c2590040ca046d:0x9209e1a1c35dd90e,,40.7804147,-73.95015699999999,7,6,0,,4.9,85,6,6,263,Yorkville West,1500.0,100.5,1.8,0.5,0.5,73
2800,50182330,LIQUID,"3859 10 AVENUE, MANHATTAN, NY 10034",Liquid Bar & Restaurant,0x89c2f50038a5c5af:0xca831961cf3f30b2,,40.8639788,-73.9190777,7,6,0,People typically spend 2-4 hours here,3.1,36,6,6,127,Inwood,2100.0,126.0,1.2,0.2,0.8,16
2801,50183352,ORIGINAL ROMA PIZZA,"1562 3 AVENUE, MANHATTAN, NY 10128",Original Roma Pizza,0x89c259cb9ce51fab:0x55cb9e22a3099a82,,40.7800243,-73.9533148,7,6,0,People typically spend 20 min to 3 hr here,4.4,152,6,6,236,Upper East Side North,1451.2,97.2304,1.8,0.5,0.5,115
2802,50183864,MCDONALD'S,"4259 BROADWAY, MANHATTAN, NY 10033",McDonald's,0x89c2f6a083a66127:0x6a23a6cd4cb582ff,,40.850094,-73.93603499999999,7,4,10,People typically spend 15-45 min here,3.6,2497,6,6,244,Washington Heights South,2693.25,161.595,1.2,0.2,0.8,174
2803,50183892,MCDONALD'S,"824 3 AVENUE, MANHATTAN, NY 10022",McDonald's,0x89c258e32f2ee8ad:0xc8a72b9348c494bc,,40.7561546,-73.9707571,7,4,16,People typically spend 10-45 min here,3.4,1673,6,6,162,Midtown East,1817.0,150.811,2.5,0.6,0.4,141
