restaurant_id,name,latitude,longitude,taxi_zone_id,taxi_zone_name,hour,busyness_level,busyness_label,busyness_score,confidence,taxi_dropoffs_1h,feature_source,district
41221138,DOUBLE DOWN SALOON,40.722516,-73.98574099999999,79,East Village,8,0,No Wait,0.057,0.9016,123.0,feature_table,Village & LES
41221138,DOUBLE DOWN SALOON,40.722516,-73.98574099999999,79,East Village,14,1,Queue Required,0.4532,0.5917,382.0,feature_table,Village & LES
41221138,DOUBLE DOWN SALOON,40.722516,-73.98574099999999,79,East Village,20,2,Severe Queue,0.7241,0.5105,902.0,feature_table,Village & LES
50053728,CAVA GRILL,40.7337898,-73.9896079,79,East Village,8,0,No Wait,0.1043,0.8389,123.0,feature_table,Village & LES
50053728,CAVA GRILL,40.7337898,-73.9896079,79,East Village,14,2,Severe Queue,0.8318,0.7316,382.0,feature_table,Village & LES
50053728,CAVA GRILL,40.7337898,-73.9896079,79,East Village,20,2,Severe Queue,0.7688,0.6584,902.0,feature_table,Village & LES
50089251,DUNKIN' / 'BASKIN ROBBINS,40.7294112,-73.97851969999999,79,East Village,8,1,Queue Required,0.6249,0.4539,123.0,feature_table,Village & LES
50089251,DUNKIN' / 'BASKIN ROBBINS,40.7294112,-73.97851969999999,79,East Village,14,1,Queue Required,0.6524,0.632,382.0,feature_table,Village & LES
50089251,DUNKIN' / 'BASKIN ROBBINS,40.7294112,-73.97851969999999,79,East Village,20,0,No Wait,0.3059,0.5237,902.0,feature_table,Village & LES
50171201,PHEBE'S,40.7268789,-73.9913704,79,East Village,8,0,No Wait,0.0436,0.9291,123.0,feature_table,Village & LES
50171201,PHEBE'S,40.7268789,-73.9913704,79,East Village,14,1,Queue Required,0.4926,0.5154,382.0,feature_table,Village & LES
50171201,PHEBE'S,40.7268789,-73.9913704,79,East Village,20,2,Severe Queue,0.8565,0.7385,902.0,feature_table,Village & LES
41191334,EAST VILLAGE PIZZA,40.728184,-73.985109,79,East Village,8,0,No Wait,0.0418,0.9308,123.0,feature_table,Village & LES
41191334,EAST VILLAGE PIZZA,40.728184,-73.985109,79,East Village,14,2,Severe Queue,0.8898,0.7921,382.0,feature_table,Village & LES
41191334,EAST VILLAGE PIZZA,40.728184,-73.985109,79,East Village,20,2,Severe Queue,0.8768,0.7776,902.0,feature_table,Village & LES
41000697,NOWHERE,40.7317696,-73.9841161,79,East Village,8,0,No Wait,0.0533,0.9231,123.0,feature_table,Village & LES
41000697,NOWHERE,40.7317696,-73.9841161,79,East Village,14,0,No Wait,0.3758,0.4436,382.0,feature_table,Village & LES
41000697,NOWHERE,40.7317696,-73.9841161,79,East Village,20,1,Queue Required,0.6587,0.4893,902.0,feature_table,Village & LES
50070442,SHAKE SHACK,40.7300922,-73.99003979999999,79,East Village,8,0,No Wait,0.1631,0.7251,123.0,feature_table,Village & LES
50070442,SHAKE SHACK,40.7300922,-73.99003979999999,79,East Village,14,2,Severe Queue,0.8952,0.8076,382.0,feature_table,Village & LES
50070442,SHAKE SHACK,40.7300922,-73.99003979999999,79,East Village,20,2,Severe Queue,0.8274,0.742,902.0,feature_table,Village & LES
50099434,NOWON,40.7253574,-73.9833014,79,East Village,8,0,No Wait,0.0071,0.9887,123.0,feature_table,Village & LES
50099434,NOWON,40.7253574,-73.9833014,79,East Village,14,1,Queue Required,0.4095,0.4399,382.0,feature_table,Village & LES
50099434,NOWON,40.7253574,-73.9833014,79,East Village,20,2,Severe Queue,0.7795,0.6386,902.0,feature_table,Village & LES
41047349,JENNIFER'S CAFE,40.7254184,-73.9872948,79,East Village,8,0,No Wait,0.1856,0.7466,123.0,feature_table,Village & LES
41047349,JENNIFER'S CAFE,40.7254184,-73.9872948,79,East Village,14,1,Queue Required,0.5797,0.4944,382.0,feature_table,Village & LES
41047349,JENNIFER'S CAFE,40.7254184,-73.9872948,79,East Village,20,2,Severe Queue,0.6266,0.4249,902.0,feature_table,Village & LES
50000197,MAIDEN LANE,40.7270314,-73.9799755,79,East Village,8,0,No Wait,0.04,0.9402,123.0,feature_table,Village & LES
50000197,MAIDEN LANE,40.7270314,-73.9799755,79,East Village,14,1,Queue Required,0.4337,0.3937,382.0,feature_table,Village & LES
50000197,MAIDEN LANE,40.7270314,-73.9799755,79,East Village,20,2,Severe Queue,0.7782,0.6127,902.0,feature_table,Village & LES
50124290,SMØR BAKERY,40.7294828,-73.9817133,79,East Village,8,0,No Wait,0.334,0.5569,123.0,feature_table,Village & LES
50124290,SMØR BAKERY,40.7294828,-73.9817133,79,East Village,14,1,Queue Required,0.6709,0.5182,382.0,feature_table,Village & LES
50124290,SMØR BAKERY,40.7294828,-73.9817133,79,East Village,20,0,No Wait,0.2412,0.6826,902.0,feature_table,Village & LES
50161777,DARK MATTER COFFEE - ADIOS AMIGOS,40.7246624,-73.9920929,79,East Village,8,1,Queue Required,0.5584,0.5746,123.0,feature_table,Village & LES
50161777,DARK MATTER COFFEE - ADIOS AMIGOS,40.7246624,-73.9920929,79,East Village,14,2,Severe Queue,0.8027,0.6273,382.0,feature_table,Village & LES
50161777,DARK MATTER COFFEE - ADIOS AMIGOS,40.7246624,-73.9920929,79,East Village,20,0,No Wait,0.1221,0.814,902.0,feature_table,Village & LES
50089189,DUNKIN,40.7329007,-73.9868347,79,East Village,8,2,Severe Queue,0.5813,0.418,123.0,feature_table,Village & LES
50089189,DUNKIN,40.7329007,-73.9868347,79,East Village,14,1,Queue Required,0.6514,0.5862,382.0,feature_table,Village & LES
50089189,DUNKIN,40.7329007,-73.9868347,79,East Village,20,0,No Wait,0.2559,0.6345,902.0,feature_table,Village & LES
50173484,DIVIN WINE BAR,40.7302245,-73.98624339999999,79,East Village,8,0,No Wait,0.0965,0.8602,123.0,feature_table,Village & LES
50173484,DIVIN WINE BAR,40.7302245,-73.98624339999999,79,East Village,14,1,Queue Required,0.4646,0.4767,382.0,feature_table,Village & LES
50173484,DIVIN WINE BAR,40.7302245,-73.98624339999999,79,East Village,20,1,Queue Required,0.6038,0.479,902.0,feature_table,Village & LES
50123174,MAY REE,40.7238424,-73.9892241,79,East Village,8,0,No Wait,0.0081,0.9875,123.0,feature_table,Village & LES
50123174,MAY REE,40.7238424,-73.9892241,79,East Village,14,0,No Wait,0.4349,0.3848,382.0,feature_table,Village & LES
50123174,MAY REE,40.7238424,-73.9892241,79,East Village,20,2,Severe Queue,0.8177,0.7165,902.0,feature_table,Village & LES
41214353,STANDINGS,40.7283142,-73.988579,79,East Village,8,0,No Wait,0.0448,0.9365,123.0,feature_table,Village & LES
41214353,STANDINGS,40.7283142,-73.988579,79,East Village,14,1,Queue Required,0.4002,0.403,382.0,feature_table,Village & LES
41214353,STANDINGS,40.7283142,-73.988579,79,East Village,20,2,Severe Queue,0.6536,0.4438,902.0,feature_table,Village & LES
50104478,VILLAGE CREPERIE,40.7274432,-73.98282069999999,79,East Village,8,0,No Wait,0.4737,0.3637,123.0,feature_table,Village & LES
50104478,VILLAGE CREPERIE,40.7274432,-73.98282069999999,79,East Village,14,1,Queue Required,0.6981,0.5284,382.0,feature_table,Village & LES
50104478,VILLAGE CREPERIE,40.7274432,-73.98282069999999,79,East Village,20,0,No Wait,0.2948,0.6172,902.0,feature_table,Village & LES
50104496,PARIS BAGUETTE,40.7695806,-73.98784669999999,48,Clinton East,8,2,Severe Queue,0.673,0.46,212.0,feature_table,Midtown
50104496,PARIS BAGUETTE,40.7695806,-73.98784669999999,48,Clinton East,14,2,Severe Queue,0.9041,0.8178,547.0,feature_table,Midtown
50104496,PARIS BAGUETTE,40.7695806,-73.98784669999999,48,Clinton East,20,0,No Wait,0.3277,0.5721,650.0,feature_table,Midtown
50059022,CULTURE 307,40.7550658,-73.9921635,48,Clinton East,8,2,Severe Queue,0.5283,0.3783,212.0,feature_table,Midtown
50059022,CULTURE 307,40.7550658,-73.9921635,48,Clinton East,14,2,Severe Queue,0.7813,0.5867,547.0,feature_table,Midtown
50059022,CULTURE 307,40.7550658,-73.9921635,48,Clinton East,20,0,No Wait,0.2465,0.6951,650.0,feature_table,Midtown
50170578,THREE KINGDOMS XITA BBQ,40.7616668,-73.986858,48,Clinton East,8,0,No Wait,0.0196,0.9683,212.0,feature_table,Midtown
50170578,THREE KINGDOMS XITA BBQ,40.7616668,-73.986858,48,Clinton East,14,1,Queue Required,0.5253,0.5705,547.0,feature_table,Midtown
50170578,THREE KINGDOMS XITA BBQ,40.7616668,-73.986858,48,Clinton East,20,2,Severe Queue,0.7692,0.6033,650.0,feature_table,Midtown
41455044,MR. BIGGS BAR AND GRILL,40.7603018,-73.9946401,48,Clinton East,8,0,No Wait,0.0862,0.8505,212.0,feature_table,Midtown
41455044,MR. BIGGS BAR AND GRILL,40.7603018,-73.9946401,48,Clinton East,14,1,Queue Required,0.4642,0.4725,547.0,feature_table,Midtown
41455044,MR. BIGGS BAR AND GRILL,40.7603018,-73.9946401,48,Clinton East,20,2,Severe Queue,0.8047,0.6634,650.0,feature_table,Midtown
41689402,KARE THAI,40.7653868,-73.9910843,48,Clinton East,8,0,No Wait,0.0322,0.9517,212.0,feature_table,Midtown
41689402,KARE THAI,40.7653868,-73.9910843,48,Clinton East,14,2,Severe Queue,0.658,0.4415,547.0,feature_table,Midtown
41689402,KARE THAI,40.7653868,-73.9910843,48,Clinton East,20,2,Severe Queue,0.7314,0.5709,650.0,feature_table,Midtown
41382688,GUANTANAMERA,40.7658904,-73.9838214,48,Clinton East,8,0,No Wait,0.0336,0.9422,212.0,feature_table,Midtown
41382688,GUANTANAMERA,40.7658904,-73.9838214,48,Clinton East,14,1,Queue Required,0.5259,0.6577,547.0,feature_table,Midtown
41382688,GUANTANAMERA,40.7658904,-73.9838214,48,Clinton East,20,2,Severe Queue,0.8209,0.6978,650.0,feature_table,Midtown
50158853,MOKAFE,40.7582851,-73.9894356,48,Clinton East,8,1,Queue Required,0.5098,0.4976,212.0,feature_table,Midtown
50158853,MOKAFE,40.7582851,-73.9894356,48,Clinton East,14,1,Queue Required,0.7253,0.5092,547.0,feature_table,Midtown
50158853,MOKAFE,40.7582851,-73.9894356,48,Clinton East,20,2,Severe Queue,0.5063,0.3715,650.0,feature_table,Midtown
50062852,LILLY'S CRAFT AND KITCHEN,40.7615004,-73.99079619999999,48,Clinton East,8,0,No Wait,0.0452,0.9244,212.0,feature_table,Midtown
50062852,LILLY'S CRAFT AND KITCHEN,40.7615004,-73.99079619999999,48,Clinton East,14,1,Queue Required,0.4995,0.5721,547.0,feature_table,Midtown
50062852,LILLY'S CRAFT AND KITCHEN,40.7615004,-73.99079619999999,48,Clinton East,20,2,Severe Queue,0.8354,0.7018,650.0,feature_table,Midtown
41540996,MEDI WINEBAR,40.7658333,-73.9875,48,Clinton East,8,0,No Wait,0.0367,0.9381,212.0,feature_table,Midtown
41540996,MEDI WINEBAR,40.7658333,-73.9875,48,Clinton East,14,1,Queue Required,0.4368,0.5303,547.0,feature_table,Midtown
41540996,MEDI WINEBAR,40.7658333,-73.9875,48,Clinton East,20,2,Severe Queue,0.8138,0.6729,650.0,feature_table,Midtown
50179730,EATS ON 57 MARKETPLACE,40.7679775,-73.9854493,48,Clinton East,8,1,Queue Required,0.6074,0.5096,212.0,feature_table,Midtown
50179730,EATS ON 57 MARKETPLACE,40.7679775,-73.9854493,48,Clinton East,14,1,Queue Required,0.6583,0.5835,547.0,feature_table,Midtown
50179730,EATS ON 57 MARKETPLACE,40.7679775,-73.9854493,48,Clinton East,20,2,Severe Queue,0.6906,0.4645,650.0,feature_table,Midtown
50131754,OLDE CITY CHEESESTEAKS & BREW,40.7581142,-73.9926255,48,Clinton East,8,0,No Wait,0.0491,0.9202,212.0,feature_table,Midtown
50131754,OLDE CITY CHEESESTEAKS & BREW,40.7581142,-73.9926255,48,Clinton East,14,1,Queue Required,0.5604,0.5356,547.0,feature_table,Midtown
50131754,OLDE CITY CHEESESTEAKS & BREW,40.7581142,-73.9926255,48,Clinton East,20,2,Severe Queue,0.8249,0.6905,650.0,feature_table,Midtown
50169116,PASTA EATER N GO,40.7635811,-73.9886799,48,Clinton East,8,0,No Wait,0.0331,0.9451,212.0,feature_table,Midtown
50169116,PASTA EATER N GO,40.7635811,-73.9886799,48,Clinton East,14,1,Queue Required,0.5575,0.7239,547.0,feature_table,Midtown
50169116,PASTA EATER N GO,40.7635811,-73.9886799,48,Clinton East,20,2,Severe Queue,0.8252,0.692,650.0,feature_table,Midtown
50055882,GARDENIA TERRACE,40.7675894,-73.98936069999999,48,Clinton East,8,0,No Wait,0.0649,0.8903,212.0,feature_table,Midtown
50055882,GARDENIA TERRACE,40.7675894,-73.98936069999999,48,Clinton East,14,1,Queue Required,0.4194,0.5467,547.0,feature_table,Midtown
50055882,GARDENIA TERRACE,40.7675894,-73.98936069999999,48,Clinton East,20,2,Severe Queue,0.724,0.5084,650.0,feature_table,Midtown
50178509,EAST JAPANESE RESTAURANT,40.7644527,-73.9856387,48,Clinton East,8,0,No Wait,0.0213,0.97,212.0,feature_table,Midtown
50178509,EAST JAPANESE RESTAURANT,40.7644527,-73.9856387,48,Clinton East,14,1,Queue Required,0.5783,0.5389,547.0,feature_table,Midtown
50178509,EAST JAPANESE RESTAURANT,40.7644527,-73.9856387,48,Clinton East,20,2,Severe Queue,0.6995,0.5119,650.0,feature_table,Midtown
50144965,SPICE SYMPHONY,40.7603137,-73.9887265,48,Clinton East,8,0,No Wait,0.0121,0.9799,212.0,feature_table,Midtown
50144965,SPICE SYMPHONY,40.7603137,-73.9887265,48,Clinton East,14,1,Queue Required,0.5319,0.6993,547.0,feature_table,Midtown
50144965,SPICE SYMPHONY,40.7603137,-73.9887265,48,Clinton East,20,2,Severe Queue,0.8132,0.6745,650.0,feature_table,Midtown
50136945,JUICE GENERATION,40.7404531,-74.0048716,249,West Village,8,2,Severe Queue,0.6106,0.4345,89.0,feature_table,Village & LES
50136945,JUICE GENERATION,40.7404531,-74.0048716,249,West Village,14,2,Severe Queue,0.7616,0.5394,376.0,feature_table,Village & LES
50136945,JUICE GENERATION,40.7404531,-74.0048716,249,West Village,20,0,No Wait,0.4015,0.4699,684.0,feature_table,Village & LES
50083579,SHAKE SHACK (INNOVATION KITCHEN),40.7292192,-74.00545939999999,249,West Village,8,0,No Wait,0.1355,0.7796,89.0,feature_table,Village & LES
50083579,SHAKE SHACK (INNOVATION KITCHEN),40.7292192,-74.00545939999999,249,West Village,14,2,Severe Queue,0.893,0.8103,376.0,feature_table,Village & LES
50083579,SHAKE SHACK (INNOVATION KITCHEN),40.7292192,-74.00545939999999,249,West Village,20,2,Severe Queue,0.8139,0.6973,684.0,feature_table,Village & LES
50145565,TRAVELERS POETS & FRIENDS,40.735255,-73.998673,249,West Village,8,0,No Wait,0.1089,0.8458,89.0,feature_table,Village & LES
50145565,TRAVELERS POETS & FRIENDS,40.735255,-73.998673,249,West Village,14,2,Severe Queue,0.6898,0.5169,376.0,feature_table,Village & LES
50145565,TRAVELERS POETS & FRIENDS,40.735255,-73.998673,249,West Village,20,2,Severe Queue,0.8611,0.7698,684.0,feature_table,Village & LES
50173979,TOBY'S ESTATE COFFEE,40.7350963,-74.00580289999999,249,West Village,8,2,Severe Queue,0.612,0.4406,89.0,feature_table,Village & LES
50173979,TOBY'S ESTATE COFFEE,40.7350963,-74.00580289999999,249,West Village,14,2,Severe Queue,0.8531,0.7285,376.0,feature_table,Village & LES
50173979,TOBY'S ESTATE COFFEE,40.7350963,-74.00580289999999,249,West Village,20,0,No Wait,0.2746,0.6496,684.0,feature_table,Village & LES
50166687,FOURSOME,40.7323265,-74.0022166,249,West Village,8,0,No Wait,0.1596,0.7717,89.0,feature_table,Village & LES
50166687,FOURSOME,40.7323265,-74.0022166,249,West Village,14,2,Severe Queue,0.6591,0.4515,376.0,feature_table,Village & LES
50166687,FOURSOME,40.7323265,-74.0022166,249,West Village,20,2,Severe Queue,0.6405,0.495,684.0,feature_table,Village & LES
50069883,DON ANGIE,40.7378037,-74.00209389999999,249,West Village,8,0,No Wait,0.0103,0.9835,89.0,feature_table,Village & LES
50069883,DON ANGIE,40.7378037,-74.00209389999999,249,West Village,14,0,No Wait,0.3875,0.4912,376.0,feature_table,Village & LES
50069883,DON ANGIE,40.7378037,-74.00209389999999,249,West Village,20,2,Severe Queue,0.936,0.8992,684.0,feature_table,Village & LES
50174477,MIRIAM WEST VILLAGE,40.734727,-74.0023992,249,West Village,8,0,No Wait,0.0767,0.8901,89.0,feature_table,Village & LES
50174477,MIRIAM WEST VILLAGE,40.734727,-74.0023992,249,West Village,14,0,No Wait,0.4439,0.4038,376.0,feature_table,Village & LES
50174477,MIRIAM WEST VILLAGE,40.734727,-74.0023992,249,West Village,20,2,Severe Queue,0.7529,0.6105,684.0,feature_table,Village & LES
41465581,MOLE,40.7382407,-74.0054136,249,West Village,8,0,No Wait,0.0628,0.8955,89.0,feature_table,Village & LES
41465581,MOLE,40.7382407,-74.0054136,249,West Village,14,2,Severe Queue,0.7959,0.6575,376.0,feature_table,Village & LES
41465581,MOLE,40.7382407,-74.0054136,249,West Village,20,2,Severe Queue,0.7215,0.5663,684.0,feature_table,Village & LES
50165548,SON DEL NORTH,40.7300697,-74.00272939999999,249,West Village,8,0,No Wait,0.0529,0.9226,89.0,feature_table,Village & LES
50165548,SON DEL NORTH,40.7300697,-74.00272939999999,249,West Village,14,2,Severe Queue,0.7144,0.4965,376.0,feature_table,Village & LES
50165548,SON DEL NORTH,40.7300697,-74.00272939999999,249,West Village,20,2,Severe Queue,0.7466,0.5925,684.0,feature_table,Village & LES
50118540,DADDIES,40.7312196,-74.0065106,249,West Village,8,0,No Wait,0.0873,0.8756,89.0,feature_table,Village & LES
50118540,DADDIES,40.7312196,-74.0065106,249,West Village,14,2,Severe Queue,0.5896,0.4419,376.0,feature_table,Village & LES
50118540,DADDIES,40.7312196,-74.0065106,249,West Village,20,2,Severe Queue,0.7217,0.5691,684.0,feature_table,Village & LES
50148327,TALEA BEER,40.7331361,-74.00479519999999,249,West Village,8,0,No Wait,0.1331,0.8133,89.0,feature_table,Village & LES
50148327,TALEA BEER,40.7331361,-74.00479519999999,249,West Village,14,2,Severe Queue,0.611,0.4106,376.0,feature_table,Village & LES
50148327,TALEA BEER,40.7331361,-74.00479519999999,249,West Village,20,2,Severe Queue,0.6736,0.5078,684.0,feature_table,Village & LES
50139065,LONG ISLAND DUMPLINGS,40.7369824,-73.9974077,249,West Village,8,0,No Wait,0.0671,0.8938,89.0,feature_table,Village & LES
50139065,LONG ISLAND DUMPLINGS,40.7369824,-73.9974077,249,West Village,14,2,Severe Queue,0.8222,0.7039,376.0,feature_table,Village & LES
50139065,LONG ISLAND DUMPLINGS,40.7369824,-73.9974077,249,West Village,20,2,Severe Queue,0.7629,0.6343,684.0,feature_table,Village & LES
41629335,CHIPOTLE MEXICAN GRILL,40.7336055,-73.99992569999999,249,West Village,8,0,No Wait,0.0642,0.8993,89.0,feature_table,Village & LES
41629335,CHIPOTLE MEXICAN GRILL,40.7336055,-73.99992569999999,249,West Village,14,2,Severe Queue,0.7522,0.542,376.0,feature_table,Village & LES
41629335,CHIPOTLE MEXICAN GRILL,40.7336055,-73.99992569999999,249,West Village,20,2,Severe Queue,0.7157,0.5379,684.0,feature_table,Village & LES
50113394,CHELSEA BAGEL & PIZZERIA,40.7501243,-73.9717727,233,Midtown South,8,0,No Wait,0.236,0.6866,247.0,feature_table,Midtown
50113394,CHELSEA BAGEL & PIZZERIA,40.7501243,-73.9717727,233,Midtown South,14,2,Severe Queue,0.6863,0.5061,383.0,feature_table,Midtown
50113394,CHELSEA BAGEL & PIZZERIA,40.7501243,-73.9717727,233,Midtown South,20,2,Severe Queue,0.6195,0.4797,348.0,feature_table,Midtown
50073554,SCARPETTA,40.7445818,-73.9856202,164,Midtown South,8,0,No Wait,0.0366,0.9469,255.0,feature_table,Midtown
50073554,SCARPETTA,40.7445818,-73.9856202,164,Midtown South,14,2,Severe Queue,0.7476,0.6742,593.0,feature_table,Midtown
50073554,SCARPETTA,40.7445818,-73.9856202,164,Midtown South,20,2,Severe Queue,0.8954,0.8617,592.0,feature_table,Midtown
50102084,LA PECORA BIANCA,40.7525176,-73.9831529,164,Midtown South,8,0,No Wait,0.03,0.9499,255.0,feature_table,Midtown
50102084,LA PECORA BIANCA,40.7525176,-73.9831529,164,Midtown South,14,2,Severe Queue,0.7423,0.5838,593.0,feature_table,Midtown
50102084,LA PECORA BIANCA,40.7525176,-73.9831529,164,Midtown South,20,2,Severe Queue,0.9642,0.9406,592.0,feature_table,Midtown
50124776,FRANCHIA VEGAN CAFE,40.747576,-73.9812702,164,Midtown South,8,0,No Wait,0.0824,0.8735,255.0,feature_table,Midtown
50124776,FRANCHIA VEGAN CAFE,40.747576,-73.9812702,164,Midtown South,14,2,Severe Queue,0.795,0.7059,593.0,feature_table,Midtown
50124776,FRANCHIA VEGAN CAFE,40.747576,-73.9812702,164,Midtown South,20,2,Severe Queue,0.8174,0.7621,592.0,feature_table,Midtown
50148729,PERROS Y VAINAS,40.7484934,-73.98834939999999,164,Midtown South,8,0,No Wait,0.1599,0.7702,255.0,feature_table,Midtown
50148729,PERROS Y VAINAS,40.7484934,-73.98834939999999,164,Midtown South,14,2,Severe Queue,0.717,0.5077,593.0,feature_table,Midtown
50148729,PERROS Y VAINAS,40.7484934,-73.98834939999999,164,Midtown South,20,2,Severe Queue,0.7911,0.6708,592.0,feature_table,Midtown
50129420,SUSHI & CO,40.7511256,-73.9865746,164,Midtown South,8,0,No Wait,0.0382,0.9423,255.0,feature_table,Midtown
50129420,SUSHI & CO,40.7511256,-73.9865746,164,Midtown South,14,2,Severe Queue,0.8784,0.8083,593.0,feature_table,Midtown
50129420,SUSHI & CO,40.7511256,-73.9865746,164,Midtown South,20,2,Severe Queue,0.8057,0.7261,592.0,feature_table,Midtown
41614718,LITTLE ITALY PIZZA,40.747607,-73.9848854,164,Midtown South,8,0,No Wait,0.0721,0.8775,255.0,feature_table,Midtown
41614718,LITTLE ITALY PIZZA,40.747607,-73.9848854,164,Midtown South,14,2,Severe Queue,0.9026,0.8132,593.0,feature_table,Midtown
41614718,LITTLE ITALY PIZZA,40.747607,-73.9848854,164,Midtown South,20,2,Severe Queue,0.9057,0.833,592.0,feature_table,Midtown
50099890,MILK BAR,40.7458208,-73.9883921,164,Midtown South,8,0,No Wait,0.1217,0.8063,255.0,feature_table,Midtown
50099890,MILK BAR,40.7458208,-73.9883921,164,Midtown South,14,2,Severe Queue,0.8764,0.7898,593.0,feature_table,Midtown
50099890,MILK BAR,40.7458208,-73.9883921,164,Midtown South,20,2,Severe Queue,0.8365,0.7524,592.0,feature_table,Midtown
50162169,NOA,40.7460146,-73.9833113,164,Midtown South,8,0,No Wait,0.2527,0.6846,255.0,feature_table,Midtown
50162169,NOA,40.7460146,-73.9833113,164,Midtown South,14,2,Severe Queue,0.7366,0.6501,593.0,feature_table,Midtown
50162169,NOA,40.7460146,-73.9833113,164,Midtown South,20,2,Severe Queue,0.6913,0.5992,592.0,feature_table,Midtown
50135000,BRAVO PIZZA,40.7494435,-73.98409529999999,164,Midtown South,8,0,No Wait,0.0509,0.9103,255.0,feature_table,Midtown
50135000,BRAVO PIZZA,40.7494435,-73.98409529999999,164,Midtown South,14,2,Severe Queue,0.8186,0.6899,593.0,feature_table,Midtown
50135000,BRAVO PIZZA,40.7494435,-73.98409529999999,164,Midtown South,20,2,Severe Queue,0.7749,0.6618,592.0,feature_table,Midtown
50167425,NAPOLI PIZZA,40.7527309,-73.9854148,164,Midtown South,8,0,No Wait,0.0429,0.9306,255.0,feature_table,Midtown
50167425,NAPOLI PIZZA,40.7527309,-73.9854148,164,Midtown South,14,2,Severe Queue,0.7552,0.529,593.0,feature_table,Midtown
50167425,NAPOLI PIZZA,40.7527309,-73.9854148,164,Midtown South,20,2,Severe Queue,0.8185,0.6849,592.0,feature_table,Midtown
41254923,AYZA CAFE & WINE BAR,40.7470962,-73.9869045,164,Midtown South,8,0,No Wait,0.0473,0.9273,255.0,feature_table,Midtown
41254923,AYZA CAFE & WINE BAR,40.7470962,-73.9869045,164,Midtown South,14,2,Severe Queue,0.6471,0.5375,593.0,feature_table,Midtown
41254923,AYZA CAFE & WINE BAR,40.7470962,-73.9869045,164,Midtown South,20,2,Severe Queue,0.7681,0.6873,592.0,feature_table,Midtown
50058195,LIAN JIANG,40.7144171,-73.9937028,148,Lower East Side,8,0,No Wait,0.3951,0.4849,67.0,feature_table,Village & LES
50058195,LIAN JIANG,40.7144171,-73.9937028,148,Lower East Side,14,1,Queue Required,0.7067,0.5287,280.0,feature_table,Village & LES
50058195,LIAN JIANG,40.7144171,-73.9937028,148,Lower East Side,20,1,Queue Required,0.6865,0.4608,589.0,feature_table,Village & LES
50177508,DELANCEY STREET PIZZA,40.7191575,-73.99103819999999,148,Lower East Side,8,0,No Wait,0.0735,0.8922,67.0,feature_table,Village & LES
50177508,DELANCEY STREET PIZZA,40.7191575,-73.99103819999999,148,Lower East Side,14,1,Queue Required,0.7237,0.5132,280.0,feature_table,Village & LES
50177508,DELANCEY STREET PIZZA,40.7191575,-73.99103819999999,148,Lower East Side,20,2,Severe Queue,0.7448,0.5365,589.0,feature_table,Village & LES
50128573,LAO JIE HOTPOT,40.7176193,-73.99499229999999,148,Lower East Side,8,0,No Wait,0.0495,0.9159,67.0,feature_table,Village & LES
50128573,LAO JIE HOTPOT,40.7176193,-73.99499229999999,148,Lower East Side,14,1,Queue Required,0.5458,0.4873,280.0,feature_table,Village & LES
50128573,LAO JIE HOTPOT,40.7176193,-73.99499229999999,148,Lower East Side,20,2,Severe Queue,0.8115,0.6685,589.0,feature_table,Village & LES
50168853,ROKU NANA,40.7194463,-73.9850185,148,Lower East Side,8,0,No Wait,0.0179,0.9738,67.0,feature_table,Village & LES
50168853,ROKU NANA,40.7194463,-73.9850185,148,Lower East Side,14,1,Queue Required,0.5073,0.361,280.0,feature_table,Village & LES
50168853,ROKU NANA,40.7194463,-73.9850185,148,Lower East Side,20,2,Severe Queue,0.7232,0.5526,589.0,feature_table,Village & LES
50134543,EL CABRON TAQUERIA,40.7155448,-73.9899946,148,Lower East Side,8,0,No Wait,0.0831,0.8775,67.0,feature_table,Village & LES
50134543,EL CABRON TAQUERIA,40.7155448,-73.9899946,148,Lower East Side,14,1,Queue Required,0.7023,0.4778,280.0,feature_table,Village & LES
50134543,EL CABRON TAQUERIA,40.7155448,-73.9899946,148,Lower East Side,20,2,Severe Queue,0.7554,0.5752,589.0,feature_table,Village & LES
50172402,SWEETGREEN,40.72134,-73.98872,148,Lower East Side,8,0,No Wait,0.281,0.5875,67.0,feature_table,Village & LES
50172402,SWEETGREEN,40.72134,-73.98872,148,Lower East Side,14,1,Queue Required,0.6204,0.5158,280.0,feature_table,Village & LES
50172402,SWEETGREEN,40.72134,-73.98872,148,Lower East Side,20,1,Queue Required,0.6533,0.4904,589.0,feature_table,Village & LES
50125963,AINSLIE BOWERY,40.7209818,-73.9931495,148,Lower East Side,8,0,No Wait,0.0391,0.9286,67.0,feature_table,Village & LES
50125963,AINSLIE BOWERY,40.7209818,-73.9931495,148,Lower East Side,14,0,No Wait,0.2252,0.6407,280.0,feature_table,Village & LES
50125963,AINSLIE BOWERY,40.7209818,-73.9931495,148,Lower East Side,20,2,Severe Queue,0.669,0.4503,589.0,feature_table,Village & LES
50156858,WONDER,40.7186509,-73.98753839999999,148,Lower East Side,8,0,No Wait,0.151,0.7661,67.0,feature_table,Village & LES
50156858,WONDER,40.7186509,-73.98753839999999,148,Lower East Side,14,0,No Wait,0.4321,0.4028,280.0,feature_table,Village & LES
50156858,WONDER,40.7186509,-73.98753839999999,148,Lower East Side,20,2,Severe Queue,0.6956,0.524,589.0,feature_table,Village & LES
50130406,SHU JIAO FU ZHOU,40.7174109,-73.99208759999999,148,Lower East Side,8,0,No Wait,0.1273,0.7788,67.0,feature_table,Village & LES
50130406,SHU JIAO FU ZHOU,40.7174109,-73.99208759999999,148,Lower East Side,14,2,Severe Queue,0.8966,0.8097,280.0,feature_table,Village & LES
50130406,SHU JIAO FU ZHOU,40.7174109,-73.99208759999999,148,Lower East Side,20,2,Severe Queue,0.7101,0.6106,589.0,feature_table,Village & LES
41543887,BEAUTY & ESSEX,40.7204282,-73.9868606,148,Lower East Side,8,0,No Wait,0.0103,0.9812,67.0,feature_table,Village & LES
41543887,BEAUTY & ESSEX,40.7204282,-73.9868606,148,Lower East Side,14,0,No Wait,0.1375,0.7736,280.0,feature_table,Village & LES
41543887,BEAUTY & ESSEX,40.7204282,-73.9868606,148,Lower East Side,20,2,Severe Queue,0.8144,0.7018,589.0,feature_table,Village & LES
50063629,JOE & THE JUICE,40.7607551,-73.97178509999999,161,Midtown Center,8,2,Severe Queue,0.6683,0.5,947.0,feature_table,Midtown
50063629,JOE & THE JUICE,40.7607551,-73.97178509999999,161,Midtown Center,14,2,Severe Queue,0.8161,0.6398,1102.0,feature_table,Midtown
50063629,JOE & THE JUICE,40.7607551,-73.97178509999999,161,Midtown Center,20,2,Severe Queue,0.5513,0.396,559.0,feature_table,Midtown
40368318,MAGGIE'S PLACE,40.7562972,-73.9771145,161,Midtown Center,8,0,No Wait,0.1045,0.8243,947.0,feature_table,Midtown
40368318,MAGGIE'S PLACE,40.7562972,-73.9771145,161,Midtown Center,14,1,Queue Required,0.6066,0.5009,1102.0,feature_table,Midtown
40368318,MAGGIE'S PLACE,40.7562972,-73.9771145,161,Midtown Center,20,2,Severe Queue,0.6352,0.4441,559.0,feature_table,Midtown
50058751,CIRCLE LINE: BRONX,40.7628574,-74.00150339999999,50,Midtown Center,8,0,No Wait,0.0246,0.9566,119.0,feature_table,Midtown
50058751,CIRCLE LINE: BRONX,40.7628574,-74.00150339999999,50,Midtown Center,14,1,Queue Required,0.4782,0.5427,269.0,feature_table,Midtown
50058751,CIRCLE LINE: BRONX,40.7628574,-74.00150339999999,50,Midtown Center,20,2,Severe Queue,0.6886,0.5893,264.0,feature_table,Midtown
50063627,JOE & THE JUICE,40.7627317,-73.9780483,161,Midtown Center,8,2,Severe Queue,0.8039,0.6374,947.0,feature_table,Midtown
50063627,JOE & THE JUICE,40.7627317,-73.9780483,161,Midtown Center,14,2,Severe Queue,0.8162,0.6364,1102.0,feature_table,Midtown
50063627,JOE & THE JUICE,40.7627317,-73.9780483,161,Midtown Center,20,2,Severe Queue,0.5502,0.3769,559.0,feature_table,Midtown
50169445,EATALY CAFFE,40.7589788,-73.9810167,161,Midtown Center,8,0,No Wait,0.2761,0.6225,947.0,feature_table,Midtown
50169445,EATALY CAFFE,40.7589788,-73.9810167,161,Midtown Center,14,1,Queue Required,0.6975,0.502,1102.0,feature_table,Midtown
50169445,EATALY CAFFE,40.7589788,-73.9810167,161,Midtown Center,20,2,Severe Queue,0.6905,0.5124,559.0,feature_table,Midtown
50047718,GREGORYS COFFEE,40.7558258,-73.9826362,161,Midtown Center,8,1,Queue Required,0.6707,0.4475,947.0,feature_table,Midtown
50047718,GREGORYS COFFEE,40.7558258,-73.9826362,161,Midtown Center,14,2,Severe Queue,0.8838,0.777,1102.0,feature_table,Midtown
50047718,GREGORYS COFFEE,40.7558258,-73.9826362,161,Midtown Center,20,0,No Wait,0.1128,0.8292,559.0,feature_table,Midtown
50170023,THE SPLENDID,40.7591876,-73.975433,161,Midtown Center,8,0,No Wait,0.1734,0.7245,947.0,feature_table,Midtown
50170023,THE SPLENDID,40.7591876,-73.975433,161,Midtown Center,14,1,Queue Required,0.6449,0.5504,1102.0,feature_table,Midtown
50170023,THE SPLENDID,40.7591876,-73.975433,161,Midtown Center,20,2,Severe Queue,0.7192,0.5338,559.0,feature_table,Midtown
41225179,STARBUCKS,40.75387,-73.97870999999999,161,Midtown Center,8,1,Queue Required,0.6824,0.5329,947.0,feature_table,Midtown
41225179,STARBUCKS,40.75387,-73.97870999999999,161,Midtown Center,14,1,Queue Required,0.7147,0.5511,1102.0,feature_table,Midtown
41225179,STARBUCKS,40.75387,-73.97870999999999,161,Midtown Center,20,0,No Wait,0.2593,0.623,559.0,feature_table,Midtown
50122704,NARO,40.7583251,-73.9780787,161,Midtown Center,8,0,No Wait,0.0162,0.9753,947.0,feature_table,Midtown
50122704,NARO,40.7583251,-73.9780787,161,Midtown Center,14,1,Queue Required,0.5837,0.4398,1102.0,feature_table,Midtown
50122704,NARO,40.7583251,-73.9780787,161,Midtown Center,20,2,Severe Queue,0.8773,0.7958,559.0,feature_table,Midtown
50152540,ETC,40.7628107,-73.9823263,230,Times Sq/Theatre District,8,0,No Wait,0.35,0.5268,453.0,feature_table,Midtown
50152540,ETC,40.7628107,-73.9823263,230,Times Sq/Theatre District,14,1,Queue Required,0.6713,0.5313,875.0,feature_table,Midtown
50152540,ETC,40.7628107,-73.9823263,230,Times Sq/Theatre District,20,2,Severe Queue,0.5728,0.4054,740.0,feature_table,Midtown
50175510,VAL PIZZA,40.7583564,-73.9847628,230,Times Sq/Theatre District,8,0,No Wait,0.3308,0.4736,453.0,feature_table,Midtown
50175510,VAL PIZZA,40.7583564,-73.9847628,230,Times Sq/Theatre District,14,1,Queue Required,0.6762,0.6402,875.0,feature_table,Midtown
50175510,VAL PIZZA,40.7583564,-73.9847628,230,Times Sq/Theatre District,20,1,Queue Required,0.6831,0.5932,740.0,feature_table,Midtown
40806208,PAUL WEISS RIFKIN WHARTON,40.7611965,-73.9805722,230,Times Sq/Theatre District,8,1,Queue Required,0.4763,0.6318,453.0,feature_table,Midtown
40806208,PAUL WEISS RIFKIN WHARTON,40.7611965,-73.9805722,230,Times Sq/Theatre District,14,1,Queue Required,0.6406,0.6239,875.0,feature_table,Midtown
40806208,PAUL WEISS RIFKIN WHARTON,40.7611965,-73.9805722,230,Times Sq/Theatre District,20,1,Queue Required,0.5926,0.7291,740.0,feature_table,Midtown
50115887,TERIYAKI R US,40.7601233,-73.9832438,230,Times Sq/Theatre District,8,0,No Wait,0.0636,0.9072,453.0,feature_table,Midtown
50115887,TERIYAKI R US,40.7601233,-73.9832438,230,Times Sq/Theatre District,14,1,Queue Required,0.6524,0.5275,875.0,feature_table,Midtown
50115887,TERIYAKI R US,40.7601233,-73.9832438,230,Times Sq/Theatre District,20,2,Severe Queue,0.7644,0.6652,740.0,feature_table,Midtown
40928150,TONY'S DI NAPOLI,40.7564842,-73.9853808,230,Times Sq/Theatre District,8,0,No Wait,0.0268,0.9552,453.0,feature_table,Midtown
40928150,TONY'S DI NAPOLI,40.7564842,-73.9853808,230,Times Sq/Theatre District,14,1,Queue Required,0.6233,0.6571,875.0,feature_table,Midtown
40928150,TONY'S DI NAPOLI,40.7564842,-73.9853808,230,Times Sq/Theatre District,20,2,Severe Queue,0.9604,0.9423,740.0,feature_table,Midtown
41379121,EDISON BALLROOM,40.7598114,-73.9863573,230,Times Sq/Theatre District,8,0,No Wait,0.2878,0.598,453.0,feature_table,Midtown
41379121,EDISON BALLROOM,40.7598114,-73.9863573,230,Times Sq/Theatre District,14,2,Severe Queue,0.699,0.4946,875.0,feature_table,Midtown
41379121,EDISON BALLROOM,40.7598114,-73.9863573,230,Times Sq/Theatre District,20,2,Severe Queue,0.5985,0.4805,740.0,feature_table,Midtown
41665255,MCHALE'S BAR & GRILL,40.7628137,-73.9850819,230,Times Sq/Theatre District,8,0,No Wait,0.0624,0.8875,453.0,feature_table,Midtown
41665255,MCHALE'S BAR & GRILL,40.7628137,-73.9850819,230,Times Sq/Theatre District,14,1,Queue Required,0.5382,0.7673,875.0,feature_table,Midtown
41665255,MCHALE'S BAR & GRILL,40.7628137,-73.9850819,230,Times Sq/Theatre District,20,2,Severe Queue,0.8834,0.782,740.0,feature_table,Midtown
50089142,RPM UNDERGROUND,40.7642792,-73.9834528,230,Times Sq/Theatre District,8,0,No Wait,0.0652,0.8968,453.0,feature_table,Midtown
50089142,RPM UNDERGROUND,40.7642792,-73.9834528,230,Times Sq/Theatre District,14,1,Queue Required,0.5938,0.4939,875.0,feature_table,Midtown
50089142,RPM UNDERGROUND,40.7642792,-73.9834528,230,Times Sq/Theatre District,20,2,Severe Queue,0.8458,0.7439,740.0,feature_table,Midtown
50164298,LANGAN’S,40.7582963,-73.9828891,230,Times Sq/Theatre District,8,0,No Wait,0.0948,0.8477,453.0,feature_table,Midtown
50164298,LANGAN’S,40.7582963,-73.9828891,230,Times Sq/Theatre District,14,1,Queue Required,0.5926,0.7294,875.0,feature_table,Midtown
50164298,LANGAN’S,40.7582963,-73.9828891,230,Times Sq/Theatre District,20,2,Severe Queue,0.7537,0.6123,740.0,feature_table,Midtown
50096822,SOHO THAI,40.720096,-73.9996343,144,Little Italy/NoLiTa,8,0,No Wait,0.0387,0.9399,68.0,feature_table,Lower Manhattan
50096822,SOHO THAI,40.720096,-73.9996343,144,Little Italy/NoLiTa,14,2,Severe Queue,0.859,0.7661,340.0,feature_table,Lower Manhattan
50096822,SOHO THAI,40.720096,-73.9996343,144,Little Italy/NoLiTa,20,2,Severe Queue,0.7551,0.6471,341.0,feature_table,Lower Manhattan
50137451,MANGIA,40.7248816,-73.9970874,144,Little Italy/NoLiTa,8,0,No Wait,0.1807,0.7092,68.0,feature_table,Lower Manhattan
50137451,MANGIA,40.7248816,-73.9970874,144,Little Italy/NoLiTa,14,2,Severe Queue,0.8172,0.6637,340.0,feature_table,Lower Manhattan
50137451,MANGIA,40.7248816,-73.9970874,144,Little Italy/NoLiTa,20,0,No Wait,0.4408,0.4509,341.0,feature_table,Lower Manhattan
50131149,BEYOND THE PALE,40.7222367,-73.99658649999999,144,Little Italy/NoLiTa,8,0,No Wait,0.1608,0.737,68.0,feature_table,Lower Manhattan
50131149,BEYOND THE PALE,40.7222367,-73.99658649999999,144,Little Italy/NoLiTa,14,2,Severe Queue,0.6305,0.474,340.0,feature_table,Lower Manhattan
50131149,BEYOND THE PALE,40.7222367,-73.99658649999999,144,Little Italy/NoLiTa,20,2,Severe Queue,0.6435,0.4641,341.0,feature_table,Lower Manhattan
50116310,JOSE LUIS LITTLE ITALY,40.7176916,-73.99840619999999,144,Little Italy/NoLiTa,8,0,No Wait,0.1499,0.7448,68.0,feature_table,Lower Manhattan
50116310,JOSE LUIS LITTLE ITALY,40.7176916,-73.99840619999999,144,Little Italy/NoLiTa,14,2,Severe Queue,0.8729,0.7722,340.0,feature_table,Lower Manhattan
50116310,JOSE LUIS LITTLE ITALY,40.7176916,-73.99840619999999,144,Little Italy/NoLiTa,20,2,Severe Queue,0.8308,0.7374,341.0,feature_table,Lower Manhattan
50104728,EL GALLO TAQUERIA,40.7200102,-73.9958972,144,Little Italy/NoLiTa,8,0,No Wait,0.0364,0.9408,68.0,feature_table,Lower Manhattan
50104728,EL GALLO TAQUERIA,40.7200102,-73.9958972,144,Little Italy/NoLiTa,14,2,Severe Queue,0.7339,0.5053,340.0,feature_table,Lower Manhattan
50104728,EL GALLO TAQUERIA,40.7200102,-73.9958972,144,Little Italy/NoLiTa,20,2,Severe Queue,0.7677,0.6149,341.0,feature_table,Lower Manhattan
40581363,BALLATO,40.7245528,-73.99450379999999,144,Little Italy/NoLiTa,8,0,No Wait,0.0245,0.9594,68.0,feature_table,Lower Manhattan
40581363,BALLATO,40.7245528,-73.99450379999999,144,Little Italy/NoLiTa,14,1,Queue Required,0.564,0.4045,340.0,feature_table,Lower Manhattan
40581363,BALLATO,40.7245528,-73.99450379999999,144,Little Italy/NoLiTa,20,2,Severe Queue,0.9015,0.8276,341.0,feature_table,Lower Manhattan
50170937,ARABICA COFFEE,40.7225128,-73.9938232,144,Little Italy/NoLiTa,8,1,Queue Required,0.5258,0.6804,68.0,feature_table,Lower Manhattan
50170937,ARABICA COFFEE,40.7225128,-73.9938232,144,Little Italy/NoLiTa,14,2,Severe Queue,0.8069,0.627,340.0,feature_table,Lower Manhattan
50170937,ARABICA COFFEE,40.7225128,-73.9938232,144,Little Italy/NoLiTa,20,0,No Wait,0.1077,0.8273,341.0,feature_table,Lower Manhattan
40600516,CAFFE PALERMO,40.719003,-73.99729599999999,144,Little Italy/NoLiTa,8,0,No Wait,0.4231,0.4019,68.0,feature_table,Lower Manhattan
40600516,CAFFE PALERMO,40.719003,-73.99729599999999,144,Little Italy/NoLiTa,14,2,Severe Queue,0.7657,0.5596,340.0,feature_table,Lower Manhattan
40600516,CAFFE PALERMO,40.719003,-73.99729599999999,144,Little Italy/NoLiTa,20,0,No Wait,0.4674,0.4007,341.0,feature_table,Lower Manhattan
41453983,CHIPOTLE MEXICAN GRILL,40.7460583,-73.9939701,186,Garment District,8,0,No Wait,0.128,0.8142,374.0,feature_table,Midtown
41453983,CHIPOTLE MEXICAN GRILL,40.7460583,-73.9939701,186,Garment District,14,2,Severe Queue,0.7994,0.6176,758.0,feature_table,Midtown
41453983,CHIPOTLE MEXICAN GRILL,40.7460583,-73.9939701,186,Garment District,20,2,Severe Queue,0.8188,0.6853,540.0,feature_table,Midtown
50128308,CHICK-FILL-A,40.7516266,-73.991419,100,Garment District,8,0,No Wait,0.175,0.7169,218.0,feature_table,Midtown
50128308,CHICK-FILL-A,40.7516266,-73.991419,100,Garment District,14,2,Severe Queue,0.9316,0.8676,391.0,feature_table,Midtown
50128308,CHICK-FILL-A,40.7516266,-73.991419,100,Garment District,20,2,Severe Queue,0.6809,0.5332,268.0,feature_table,Midtown
50103595,FRAME,40.7546094,-73.9883097,100,Garment District,8,0,No Wait,0.3321,0.4942,218.0,feature_table,Midtown
50103595,FRAME,40.7546094,-73.9883097,100,Garment District,14,2,Severe Queue,0.7705,0.6296,391.0,feature_table,Midtown
50103595,FRAME,40.7546094,-73.9883097,100,Garment District,20,2,Severe Queue,0.7167,0.5445,268.0,feature_table,Midtown
41378724,SCHNIPPER'S QUALITY KITCHEN,40.7563207,-73.989926,100,Garment District,8,0,No Wait,0.175,0.7055,218.0,feature_table,Midtown
41378724,SCHNIPPER'S QUALITY KITCHEN,40.7563207,-73.989926,100,Garment District,14,2,Severe Queue,0.8886,0.7829,391.0,feature_table,Midtown
41378724,SCHNIPPER'S QUALITY KITCHEN,40.7563207,-73.989926,100,Garment District,20,2,Severe Queue,0.8256,0.7266,268.0,feature_table,Midtown
50036818,DUNKIN,40.7521104,-73.9888811,100,Garment District,8,1,Queue Required,0.692,0.5089,218.0,feature_table,Midtown
50036818,DUNKIN,40.7521104,-73.9888811,100,Garment District,14,1,Queue Required,0.7271,0.5253,391.0,feature_table,Midtown
50036818,DUNKIN,40.7521104,-73.9888811,100,Garment District,20,0,No Wait,0.2998,0.5918,268.0,feature_table,Midtown
50137610,MARI:NE,40.754814,-73.9857693,100,Garment District,8,0,No Wait,0.0348,0.9473,218.0,feature_table,Midtown
50137610,MARI:NE,40.754814,-73.9857693,100,Garment District,14,2,Severe Queue,0.6824,0.4707,391.0,feature_table,Midtown
50137610,MARI:NE,40.754814,-73.9857693,100,Garment District,20,2,Severe Queue,0.6547,0.5413,268.0,feature_table,Midtown
50006211,DISTRICT TAP HOUSE,40.7540393,-73.99050129999999,100,Garment District,8,0,No Wait,0.0701,0.8823,218.0,feature_table,Midtown
50006211,DISTRICT TAP HOUSE,40.7540393,-73.99050129999999,100,Garment District,14,1,Queue Required,0.5904,0.5798,391.0,feature_table,Midtown
50006211,DISTRICT TAP HOUSE,40.7540393,-73.99050129999999,100,Garment District,20,2,Severe Queue,0.7077,0.4897,268.0,feature_table,Midtown
50176072,SALSWEE,40.7532253,-73.987414,100,Garment District,8,1,Queue Required,0.7034,0.4804,218.0,feature_table,Midtown
50176072,SALSWEE,40.7532253,-73.987414,100,Garment District,14,2,Severe Queue,0.9308,0.8661,391.0,feature_table,Midtown
50176072,SALSWEE,40.7532253,-73.987414,100,Garment District,20,0,No Wait,0.289,0.623,268.0,feature_table,Midtown
50180712,QUE RICO,40.7385795,-73.9819879,107,Gramercy,8,0,No Wait,0.1657,0.7719,210.0,feature_table,"Chelsea, Flatiron & Union Sq"
50180712,QUE RICO,40.7385795,-73.9819879,107,Gramercy,14,2,Severe Queue,0.6906,0.5449,346.0,feature_table,"Chelsea, Flatiron & Union Sq"
50180712,QUE RICO,40.7385795,-73.9819879,107,Gramercy,20,2,Severe Queue,0.7247,0.5835,465.0,feature_table,"Chelsea, Flatiron & Union Sq"
50141111,ISABELLE'S OSTERIA,40.737976,-73.9875872,107,Gramercy,8,0,No Wait,0.0517,0.9171,210.0,feature_table,"Chelsea, Flatiron & Union Sq"
50141111,ISABELLE'S OSTERIA,40.737976,-73.9875872,107,Gramercy,14,1,Queue Required,0.6282,0.4396,346.0,feature_table,"Chelsea, Flatiron & Union Sq"
50141111,ISABELLE'S OSTERIA,40.737976,-73.9875872,107,Gramercy,20,2,Severe Queue,0.9064,0.8384,465.0,feature_table,"Chelsea, Flatiron & Union Sq"
40379580,COOPER TOWN DINER,40.7348938,-73.980274,107,Gramercy,8,0,No Wait,0.2837,0.5261,210.0,feature_table,"Chelsea, Flatiron & Union Sq"
40379580,COOPER TOWN DINER,40.7348938,-73.980274,107,Gramercy,14,2,Severe Queue,0.7802,0.6376,346.0,feature_table,"Chelsea, Flatiron & Union Sq"
40379580,COOPER TOWN DINER,40.7348938,-73.980274,107,Gramercy,20,2,Severe Queue,0.7003,0.5431,465.0,feature_table,"Chelsea, Flatiron & Union Sq"
41623268,MAGURO SUSHI,40.7420629,-73.98134619999999,107,Gramercy,8,0,No Wait,0.0316,0.9544,210.0,feature_table,"Chelsea, Flatiron & Union Sq"
41623268,MAGURO SUSHI,40.7420629,-73.98134619999999,107,Gramercy,14,2,Severe Queue,0.6422,0.4531,346.0,feature_table,"Chelsea, Flatiron & Union Sq"
41623268,MAGURO SUSHI,40.7420629,-73.98134619999999,107,Gramercy,20,2,Severe Queue,0.6525,0.5083,465.0,feature_table,"Chelsea, Flatiron & Union Sq"
50048644,GREGORY'S COFFEE,40.7409453,-73.985497,107,Gramercy,8,2,Severe Queue,0.59,0.4231,210.0,feature_table,"Chelsea, Flatiron & Union Sq"
50048644,GREGORY'S COFFEE,40.7409453,-73.985497,107,Gramercy,14,2,Severe Queue,0.8127,0.6429,346.0,feature_table,"Chelsea, Flatiron & Union Sq"
50048644,GREGORY'S COFFEE,40.7409453,-73.985497,107,Gramercy,20,0,No Wait,0.2903,0.6379,465.0,feature_table,"Chelsea, Flatiron & Union Sq"
50176485,BARFLY,40.737118,-73.9846214,107,Gramercy,8,0,No Wait,0.0917,0.8478,210.0,feature_table,"Chelsea, Flatiron & Union Sq"
50176485,BARFLY,40.737118,-73.9846214,107,Gramercy,14,1,Queue Required,0.5898,0.5262,346.0,feature_table,"Chelsea, Flatiron & Union Sq"
50176485,BARFLY,40.737118,-73.9846214,107,Gramercy,20,2,Severe Queue,0.7863,0.6166,465.0,feature_table,"Chelsea, Flatiron & Union Sq"
50046879,FOLLIA,40.7349386,-73.9855947,107,Gramercy,8,0,No Wait,0.0864,0.8662,210.0,feature_table,"Chelsea, Flatiron & Union Sq"
50046879,FOLLIA,40.7349386,-73.9855947,107,Gramercy,14,1,Queue Required,0.6349,0.451,346.0,feature_table,"Chelsea, Flatiron & Union Sq"
50046879,FOLLIA,40.7349386,-73.9855947,107,Gramercy,20,2,Severe Queue,0.8771,0.7815,465.0,feature_table,"Chelsea, Flatiron & Union Sq"
50153701,PIZZAZZ,40.7361008,-73.98908089999999,107,Gramercy,8,0,No Wait,0.0352,0.9411,210.0,feature_table,"Chelsea, Flatiron & Union Sq"
50153701,PIZZAZZ,40.7361008,-73.98908089999999,107,Gramercy,14,1,Queue Required,0.7014,0.5435,346.0,feature_table,"Chelsea, Flatiron & Union Sq"
50153701,PIZZAZZ,40.7361008,-73.98908089999999,107,Gramercy,20,2,Severe Queue,0.711,0.5313,465.0,feature_table,"Chelsea, Flatiron & Union Sq"
41422201,SLATE,40.7412155,-73.9931854,234,Union Sq,8,0,No Wait,0.058,0.8939,305.0,feature_table,"Chelsea, Flatiron & Union Sq"
41422201,SLATE,40.7412155,-73.9931854,234,Union Sq,14,0,No Wait,0.3678,0.4304,580.0,feature_table,"Chelsea, Flatiron & Union Sq"
41422201,SLATE,40.7412155,-73.9931854,234,Union Sq,20,1,Queue Required,0.6653,0.483,607.0,feature_table,"Chelsea, Flatiron & Union Sq"
50073537,MAMAN,40.7432672,-73.9901338,234,Union Sq,8,0,No Wait,0.1228,0.8117,305.0,feature_table,"Chelsea, Flatiron & Union Sq"
50073537,MAMAN,40.7432672,-73.9901338,234,Union Sq,14,2,Severe Queue,0.6568,0.5035,580.0,feature_table,"Chelsea, Flatiron & Union Sq"
50073537,MAMAN,40.7432672,-73.9901338,234,Union Sq,20,2,Severe Queue,0.7626,0.6563,607.0,feature_table,"Chelsea, Flatiron & Union Sq"
50131933,JOE & THE JUICE,40.740278,-73.9896832,234,Union Sq,8,1,Queue Required,0.6487,0.4766,305.0,feature_table,"Chelsea, Flatiron & Union Sq"
50131933,JOE & THE JUICE,40.740278,-73.9896832,234,Union Sq,14,1,Queue Required,0.6897,0.5898,580.0,feature_table,"Chelsea, Flatiron & Union Sq"
50131933,JOE & THE JUICE,40.740278,-73.9896832,234,Union Sq,20,1,Queue Required,0.4414,0.4317,607.0,feature_table,"Chelsea, Flatiron & Union Sq"
50145979,LEVAIN BAKERY,40.7386923,-73.9924834,234,Union Sq,8,1,Queue Required,0.533,0.3823,305.0,feature_table,"Chelsea, Flatiron & Union Sq"
50145979,LEVAIN BAKERY,40.7386923,-73.9924834,234,Union Sq,14,2,Severe Queue,0.8974,0.8034,580.0,feature_table,"Chelsea, Flatiron & Union Sq"
50145979,LEVAIN BAKERY,40.7386923,-73.9924834,234,Union Sq,20,0,No Wait,0.2691,0.6142,607.0,feature_table,"Chelsea, Flatiron & Union Sq"
50127898,BLANK STREET COFFEE,40.7388616,-73.9955231,234,Union Sq,8,1,Queue Required,0.6631,0.4467,305.0,feature_table,"Chelsea, Flatiron & Union Sq"
50127898,BLANK STREET COFFEE,40.7388616,-73.9955231,234,Union Sq,14,2,Severe Queue,0.8872,0.7847,580.0,feature_table,"Chelsea, Flatiron & Union Sq"
50127898,BLANK STREET COFFEE,40.7388616,-73.9955231,234,Union Sq,20,0,No Wait,0.1389,0.8044,607.0,feature_table,"Chelsea, Flatiron & Union Sq"
40719059,PARK BAR,40.7364378,-73.9921394,234,Union Sq,8,0,No Wait,0.0606,0.9032,305.0,feature_table,"Chelsea, Flatiron & Union Sq"
40719059,PARK BAR,40.7364378,-73.9921394,234,Union Sq,14,1,Queue Required,0.4819,0.4295,580.0,feature_table,"Chelsea, Flatiron & Union Sq"
40719059,PARK BAR,40.7364378,-73.9921394,234,Union Sq,20,2,Severe Queue,0.7157,0.5256,607.0,feature_table,"Chelsea, Flatiron & Union Sq"
50168120,NUAR,40.7450293,-73.9903557,234,Union Sq,8,0,No Wait,0.4371,0.4174,305.0,feature_table,"Chelsea, Flatiron & Union Sq"
50168120,NUAR,40.7450293,-73.9903557,234,Union Sq,14,2,Severe Queue,0.7709,0.5625,580.0,feature_table,"Chelsea, Flatiron & Union Sq"
50168120,NUAR,40.7450293,-73.9903557,234,Union Sq,20,0,No Wait,0.2325,0.7078,607.0,feature_table,"Chelsea, Flatiron & Union Sq"
50085687,VENCHI,40.7374538,-73.9904598,234,Union Sq,8,0,No Wait,0.2207,0.6524,305.0,feature_table,"Chelsea, Flatiron & Union Sq"
50085687,VENCHI,40.7374538,-73.9904598,234,Union Sq,14,1,Queue Required,0.7282,0.5026,580.0,feature_table,"Chelsea, Flatiron & Union Sq"
50085687,VENCHI,40.7374538,-73.9904598,234,Union Sq,20,2,Severe Queue,0.6585,0.5564,607.0,feature_table,"Chelsea, Flatiron & Union Sq"
50001254,JUICE GENERATION,40.7882126,-73.9769487,239,Upper West Side South,8,2,Severe Queue,0.595,0.4584,208.0,feature_table,Upper West Side
50001254,JUICE GENERATION,40.7882126,-73.9769487,239,Upper West Side South,14,2,Severe Queue,0.7966,0.6145,682.0,feature_table,Upper West Side
50001254,JUICE GENERATION,40.7882126,-73.9769487,239,Upper West Side South,20,0,No Wait,0.3496,0.567,499.0,feature_table,Upper West Side
50143257,FRAME COFFEE,40.7800578,-73.9803129,239,Upper West Side South,8,2,Severe Queue,0.666,0.494,208.0,feature_table,Upper West Side
50143257,FRAME COFFEE,40.7800578,-73.9803129,239,Upper West Side South,14,2,Severe Queue,0.8754,0.775,682.0,feature_table,Upper West Side
50143257,FRAME COFFEE,40.7800578,-73.9803129,239,Upper West Side South,20,0,No Wait,0.1249,0.8394,499.0,feature_table,Upper West Side
50166357,UNO CHICAGO GRILL,40.783202,-73.974881,239,Upper West Side South,8,0,No Wait,0.0522,0.9158,208.0,feature_table,Upper West Side
50166357,UNO CHICAGO GRILL,40.783202,-73.974881,239,Upper West Side South,14,2,Severe Queue,0.7441,0.5011,682.0,feature_table,Upper West Side
50166357,UNO CHICAGO GRILL,40.783202,-73.974881,239,Upper West Side South,20,2,Severe Queue,0.814,0.6528,499.0,feature_table,Upper West Side
50099463,BAREBURGER,40.7844643,-73.979889,239,Upper West Side South,8,0,No Wait,0.1207,0.8114,208.0,feature_table,Upper West Side
50099463,BAREBURGER,40.7844643,-73.979889,239,Upper West Side South,14,2,Severe Queue,0.8642,0.7454,682.0,feature_table,Upper West Side
50099463,BAREBURGER,40.7844643,-73.979889,239,Upper West Side South,20,2,Severe Queue,0.7114,0.6209,499.0,feature_table,Upper West Side
50099969,THE CONSULATE,40.7858323,-73.9724287,239,Upper West Side South,8,0,No Wait,0.0137,0.9774,208.0,feature_table,Upper West Side
50099969,THE CONSULATE,40.7858323,-73.9724287,239,Upper West Side South,14,1,Queue Required,0.5121,0.4398,682.0,feature_table,Upper West Side
50099969,THE CONSULATE,40.7858323,-73.9724287,239,Upper West Side South,20,2,Severe Queue,0.9161,0.8631,499.0,feature_table,Upper West Side
50121997,LA PECORA BIANCA,40.7804753,-73.9763467,239,Upper West Side South,8,0,No Wait,0.0348,0.9459,208.0,feature_table,Upper West Side
50121997,LA PECORA BIANCA,40.7804753,-73.9763467,239,Upper West Side South,14,2,Severe Queue,0.6999,0.5124,682.0,feature_table,Upper West Side
50121997,LA PECORA BIANCA,40.7804753,-73.9763467,239,Upper West Side South,20,2,Severe Queue,0.905,0.8388,499.0,feature_table,Upper West Side
50117450,LYLA'S BODEGA,40.7856899,-73.976047,239,Upper West Side South,8,0,No Wait,0.1721,0.7626,208.0,feature_table,Upper West Side
50117450,LYLA'S BODEGA,40.7856899,-73.976047,239,Upper West Side South,14,1,Queue Required,0.6564,0.4475,682.0,feature_table,Upper West Side
50117450,LYLA'S BODEGA,40.7856899,-73.976047,239,Upper West Side South,20,2,Severe Queue,0.6417,0.477,499.0,feature_table,Upper West Side
50098200,DAILY PROVISIONS,40.782244,-73.97863509999999,239,Upper West Side South,8,0,No Wait,0.0845,0.8765,208.0,feature_table,Upper West Side
50098200,DAILY PROVISIONS,40.782244,-73.97863509999999,239,Upper West Side South,14,2,Severe Queue,0.666,0.5033,682.0,feature_table,Upper West Side
50098200,DAILY PROVISIONS,40.782244,-73.97863509999999,239,Upper West Side South,20,2,Severe Queue,0.8069,0.6783,499.0,feature_table,Upper West Side
50181860,PROFIT CHINESE RESTAURANT,40.7456231,-73.97549819999999,170,Murray Hill,8,0,No Wait,0.0643,0.9047,492.0,feature_table,Midtown
50181860,PROFIT CHINESE RESTAURANT,40.7456231,-73.97549819999999,170,Murray Hill,14,2,Severe Queue,0.7187,0.484,740.0,feature_table,Midtown
50181860,PROFIT CHINESE RESTAURANT,40.7456231,-73.97549819999999,170,Murray Hill,20,2,Severe Queue,0.6748,0.4958,649.0,feature_table,Midtown
41627484,BAGEL EXPRESS,40.7498226,-73.976899,170,Murray Hill,8,2,Severe Queue,0.5322,0.4093,492.0,feature_table,Midtown
41627484,BAGEL EXPRESS,40.7498226,-73.976899,170,Murray Hill,14,2,Severe Queue,0.806,0.6369,740.0,feature_table,Midtown
41627484,BAGEL EXPRESS,40.7498226,-73.976899,170,Murray Hill,20,0,No Wait,0.3861,0.5315,649.0,feature_table,Midtown
50112299,SUMMER SALT,40.751207,-73.98001289999999,170,Murray Hill,8,0,No Wait,0.0753,0.8892,492.0,feature_table,Midtown
50112299,SUMMER SALT,40.751207,-73.98001289999999,170,Murray Hill,14,2,Severe Queue,0.7508,0.5436,740.0,feature_table,Midtown
50112299,SUMMER SALT,40.751207,-73.98001289999999,170,Murray Hill,20,2,Severe Queue,0.6716,0.5001,649.0,feature_table,Midtown
50122870,DOMINO'S PIZZA #3687,40.7443645,-73.9794723,170,Murray Hill,8,0,No Wait,0.1358,0.7996,492.0,feature_table,Midtown
50122870,DOMINO'S PIZZA #3687,40.7443645,-73.9794723,170,Murray Hill,14,2,Severe Queue,0.8139,0.6357,740.0,feature_table,Midtown
50122870,DOMINO'S PIZZA #3687,40.7443645,-73.9794723,170,Murray Hill,20,2,Severe Queue,0.774,0.5997,649.0,feature_table,Midtown
50151232,SACHI ASIAN BISTRO I,40.7476807,-73.9741598,170,Murray Hill,8,0,No Wait,0.0436,0.9349,492.0,feature_table,Midtown
50151232,SACHI ASIAN BISTRO I,40.7476807,-73.9741598,170,Murray Hill,14,2,Severe Queue,0.73,0.5265,740.0,feature_table,Midtown
50151232,SACHI ASIAN BISTRO I,40.7476807,-73.9741598,170,Murray Hill,20,2,Severe Queue,0.7267,0.5842,649.0,feature_table,Midtown
50062377,LITTLE ALLEY,40.7474165,-73.9772212,170,Murray Hill,8,0,No Wait,0.0435,0.9328,492.0,feature_table,Midtown
50062377,LITTLE ALLEY,40.7474165,-73.9772212,170,Murray Hill,14,2,Severe Queue,0.6942,0.5174,740.0,feature_table,Midtown
50062377,LITTLE ALLEY,40.7474165,-73.9772212,170,Murray Hill,20,2,Severe Queue,0.8551,0.7727,649.0,feature_table,Midtown
40691569,PERSHING SQUARE CAFE,40.7520244,-73.97782579999999,170,Murray Hill,8,0,No Wait,0.3095,0.5673,492.0,feature_table,Midtown
40691569,PERSHING SQUARE CAFE,40.7520244,-73.97782579999999,170,Murray Hill,14,2,Severe Queue,0.7146,0.4987,740.0,feature_table,Midtown
40691569,PERSHING SQUARE CAFE,40.7520244,-73.97782579999999,170,Murray Hill,20,2,Severe Queue,0.796,0.6552,649.0,feature_table,Midtown
41583557,MILLE-FEUILLE BAKERY CAFE,40.7291554,-73.9982843,114,Greenwich Village South,8,0,No Wait,0.2902,0.5911,105.0,feature_table,Village & LES
41583557,MILLE-FEUILLE BAKERY CAFE,40.7291554,-73.9982843,114,Greenwich Village South,14,2,Severe Queue,0.7543,0.5565,210.0,feature_table,Village & LES
41583557,MILLE-FEUILLE BAKERY CAFE,40.7291554,-73.9982843,114,Greenwich Village South,20,0,No Wait,0.4032,0.5178,385.0,feature_table,Village & LES
50143917,ROCCO'S,40.7280045,-73.9950017,114,Greenwich Village South,8,0,No Wait,0.0642,0.9034,105.0,feature_table,Village & LES
50143917,ROCCO'S,40.7280045,-73.9950017,114,Greenwich Village South,14,0,No Wait,0.4316,0.3843,210.0,feature_table,Village & LES
50143917,ROCCO'S,40.7280045,-73.9950017,114,Greenwich Village South,20,2,Severe Queue,0.7339,0.5532,385.0,feature_table,Village & LES
40365387,ARTURO'S,40.7274031,-74.0004209,114,Greenwich Village South,8,0,No Wait,0.0066,0.9889,105.0,feature_table,Village & LES
40365387,ARTURO'S,40.7274031,-74.0004209,114,Greenwich Village South,14,0,No Wait,0.2796,0.5735,210.0,feature_table,Village & LES
40365387,ARTURO'S,40.7274031,-74.0004209,114,Greenwich Village South,20,2,Severe Queue,0.8784,0.7914,385.0,feature_table,Village & LES
50048823,POMMES FRITES,40.7301222,-74.0002813,114,Greenwich Village South,8,0,No Wait,0.0487,0.9192,105.0,feature_table,Village & LES
50048823,POMMES FRITES,40.7301222,-74.0002813,114,Greenwich Village South,14,2,Severe Queue,0.7845,0.6751,210.0,feature_table,Village & LES
50048823,POMMES FRITES,40.7301222,-74.0002813,114,Greenwich Village South,20,2,Severe Queue,0.8009,0.7183,385.0,feature_table,Village & LES
41418301,JAC'S ON BOND,40.726585,-73.9935856,114,Greenwich Village South,8,0,No Wait,0.0414,0.9378,105.0,feature_table,Village & LES
41418301,JAC'S ON BOND,40.726585,-73.9935856,114,Greenwich Village South,14,0,No Wait,0.4069,0.4161,210.0,feature_table,Village & LES
41418301,JAC'S ON BOND,40.726585,-73.9935856,114,Greenwich Village South,20,2,Severe Queue,0.7463,0.5808,385.0,feature_table,Village & LES
50035310,DANTE,40.7288417,-74.0016444,114,Greenwich Village South,8,0,No Wait,0.0158,0.9744,105.0,feature_table,Village & LES
50035310,DANTE,40.7288417,-74.0016444,114,Greenwich Village South,14,2,Severe Queue,0.5674,0.3802,210.0,feature_table,Village & LES
50035310,DANTE,40.7288417,-74.0016444,114,Greenwich Village South,20,2,Severe Queue,0.9287,0.8801,385.0,feature_table,Village & LES
50176258,BABBO,40.732296,-73.9992785,114,Greenwich Village South,8,0,No Wait,0.0048,0.9917,105.0,feature_table,Village & LES
50176258,BABBO,40.732296,-73.9992785,114,Greenwich Village South,14,0,No Wait,0.2307,0.6682,210.0,feature_table,Village & LES
50176258,BABBO,40.732296,-73.9992785,114,Greenwich Village South,20,2,Severe Queue,0.9003,0.842,385.0,feature_table,Village & LES
50112567,EAST END BAR & GRILL,40.7837793,-73.95065199999999,236,Upper East Side North,8,0,No Wait,0.0503,0.9188,523.0,feature_table,Upper East Side
50112567,EAST END BAR & GRILL,40.7837793,-73.95065199999999,236,Upper East Side North,14,2,Severe Queue,0.6644,0.4502,1041.0,feature_table,Upper East Side
50112567,EAST END BAR & GRILL,40.7837793,-73.95065199999999,236,Upper East Side North,20,2,Severe Queue,0.7983,0.6584,599.0,feature_table,Upper East Side
50001114,PICK-A-BAGEL,40.7736606,-73.9595659,236,Upper East Side North,8,2,Severe Queue,0.7044,0.4999,523.0,feature_table,Upper East Side
50001114,PICK-A-BAGEL,40.7736606,-73.9595659,236,Upper East Side North,14,2,Severe Queue,0.7877,0.5807,1041.0,feature_table,Upper East Side
50001114,PICK-A-BAGEL,40.7736606,-73.9595659,236,Upper East Side North,20,1,Queue Required,0.6032,0.4276,599.0,feature_table,Upper East Side
50055973,STARBUCKS COFFEE,40.7799,-73.95971,236,Upper East Side North,8,2,Severe Queue,0.7821,0.6172,523.0,feature_table,Upper East Side
50055973,STARBUCKS COFFEE,40.7799,-73.95971,236,Upper East Side North,14,2,Severe Queue,0.9321,0.8688,1041.0,feature_table,Upper East Side
50055973,STARBUCKS COFFEE,40.7799,-73.95971,236,Upper East Side North,20,0,No Wait,0.1597,0.7631,599.0,feature_table,Upper East Side
50008135,STARBUCKS #20679,40.7794496,-73.9537655,236,Upper East Side North,8,2,Severe Queue,0.861,0.773,523.0,feature_table,Upper East Side
50008135,STARBUCKS #20679,40.7794496,-73.9537655,236,Upper East Side North,14,2,Severe Queue,0.9042,0.8138,1041.0,feature_table,Upper East Side
50008135,STARBUCKS #20679,40.7794496,-73.9537655,236,Upper East Side North,20,0,No Wait,0.368,0.5665,599.0,feature_table,Upper East Side
50137876,GLACE BY NOGLU,40.7838349,-73.9568862,236,Upper East Side North,8,0,No Wait,0.2233,0.7188,523.0,feature_table,Upper East Side
50137876,GLACE BY NOGLU,40.7838349,-73.9568862,236,Upper East Side North,14,2,Severe Queue,0.8623,0.7592,1041.0,feature_table,Upper East Side
50137876,GLACE BY NOGLU,40.7838349,-73.9568862,236,Upper East Side North,20,0,No Wait,0.374,0.5288,599.0,feature_table,Upper East Side
50137356,CHIP CITY,40.7868718,-73.9542388,236,Upper East Side North,8,0,No Wait,0.0915,0.8691,523.0,feature_table,Upper East Side
50137356,CHIP CITY,40.7868718,-73.9542388,236,Upper East Side North,14,2,Severe Queue,0.6766,0.4519,1041.0,feature_table,Upper East Side
50137356,CHIP CITY,40.7868718,-73.9542388,236,Upper East Side North,20,2,Severe Queue,0.665,0.4932,599.0,feature_table,Upper East Side
50143911,HOEXTER'S,40.7763134,-73.9564863,236,Upper East Side North,8,0,No Wait,0.0349,0.9449,523.0,feature_table,Upper East Side
50143911,HOEXTER'S,40.7763134,-73.9564863,236,Upper East Side North,14,0,No Wait,0.4183,0.4187,1041.0,feature_table,Upper East Side
50143911,HOEXTER'S,40.7763134,-73.9564863,236,Upper East Side North,20,2,Severe Queue,0.8031,0.704,599.0,feature_table,Upper East Side
50116749,T-SWIRL CREPE,40.713843,-73.99855699999999,45,Chinatown,8,0,No Wait,0.2085,0.6919,66.0,feature_table,Lower Manhattan
50116749,T-SWIRL CREPE,40.713843,-73.99855699999999,45,Chinatown,14,2,Severe Queue,0.7964,0.6121,115.0,feature_table,Lower Manhattan
50116749,T-SWIRL CREPE,40.713843,-73.99855699999999,45,Chinatown,20,0,No Wait,0.4165,0.45,215.0,feature_table,Lower Manhattan
50178354,TINTO,40.7116745,-73.9946406,45,Chinatown,8,0,No Wait,0.1909,0.7203,66.0,feature_table,Lower Manhattan
50178354,TINTO,40.7116745,-73.9946406,45,Chinatown,14,1,Queue Required,0.6768,0.4948,115.0,feature_table,Lower Manhattan
50178354,TINTO,40.7116745,-73.9946406,45,Chinatown,20,2,Severe Queue,0.6706,0.4735,215.0,feature_table,Lower Manhattan
50074248,BAKE CULTURE,40.7157751,-73.9966627,45,Chinatown,8,0,No Wait,0.3807,0.4162,66.0,feature_table,Lower Manhattan
50074248,BAKE CULTURE,40.7157751,-73.9966627,45,Chinatown,14,2,Severe Queue,0.7371,0.492,115.0,feature_table,Lower Manhattan
50074248,BAKE CULTURE,40.7157751,-73.9966627,45,Chinatown,20,0,No Wait,0.2282,0.682,215.0,feature_table,Lower Manhattan
50073822,ALIMAMA TEA CAFE,40.7158089,-73.9991885,45,Chinatown,8,0,No Wait,0.1519,0.7534,66.0,feature_table,Lower Manhattan
50073822,ALIMAMA TEA CAFE,40.7158089,-73.9991885,45,Chinatown,14,1,Queue Required,0.7269,0.5108,115.0,feature_table,Lower Manhattan
50073822,ALIMAMA TEA CAFE,40.7158089,-73.9991885,45,Chinatown,20,0,No Wait,0.3749,0.49,215.0,feature_table,Lower Manhattan
41250025,YUNG SUN SEAFOOD RESTAURANT,40.7133878,-73.9958098,45,Chinatown,8,0,No Wait,0.0939,0.8513,66.0,feature_table,Lower Manhattan
41250025,YUNG SUN SEAFOOD RESTAURANT,40.7133878,-73.9958098,45,Chinatown,14,2,Severe Queue,0.7297,0.5005,115.0,feature_table,Lower Manhattan
41250025,YUNG SUN SEAFOOD RESTAURANT,40.7133878,-73.9958098,45,Chinatown,20,1,Queue Required,0.6191,0.4648,215.0,feature_table,Lower Manhattan
50156592,GREAT TASTE USA,40.7124189,-73.9969211,45,Chinatown,8,0,No Wait,0.0629,0.9016,66.0,feature_table,Lower Manhattan
50156592,GREAT TASTE USA,40.7124189,-73.9969211,45,Chinatown,14,2,Severe Queue,0.7109,0.4752,115.0,feature_table,Lower Manhattan
50156592,GREAT TASTE USA,40.7124189,-73.9969211,45,Chinatown,20,2,Severe Queue,0.6482,0.4378,215.0,feature_table,Lower Manhattan
50179015,PAISA PICAPOLLO,40.855985,-73.928615,243,Washington Heights South,8,0,No Wait,0.1787,0.7527,19.0,feature_table,Upper Manhattan
50179015,PAISA PICAPOLLO,40.855985,-73.928615,243,Washington Heights South,14,1,Queue Required,0.6473,0.4721,70.0,feature_table,Upper Manhattan
50179015,PAISA PICAPOLLO,40.855985,-73.928615,243,Washington Heights South,20,1,Queue Required,0.6138,0.4925,84.0,feature_table,Upper Manhattan
41708279,EL PATIO MEXICANO RESTAURANT,40.8335032,-73.9449412,244,Washington Heights South,8,0,No Wait,0.0222,0.9663,98.0,feature_table,Upper Manhattan
41708279,EL PATIO MEXICANO RESTAURANT,40.8335032,-73.9449412,244,Washington Heights South,14,2,Severe Queue,0.7475,0.5848,102.0,feature_table,Upper Manhattan
41708279,EL PATIO MEXICANO RESTAURANT,40.8335032,-73.9449412,244,Washington Heights South,20,2,Severe Queue,0.8482,0.7103,103.0,feature_table,Upper Manhattan
50127670,DELI & GRILL,40.8456139,-73.9388652,244,Washington Heights South,8,2,Severe Queue,0.6353,0.4549,98.0,feature_table,Upper Manhattan
50127670,DELI & GRILL,40.8456139,-73.9388652,244,Washington Heights South,14,2,Severe Queue,0.7955,0.6033,102.0,feature_table,Upper Manhattan
50127670,DELI & GRILL,40.8456139,-73.9388652,244,Washington Heights South,20,2,Severe Queue,0.8002,0.6193,103.0,feature_table,Upper Manhattan
50105185,SALENTO COLOMBIAN CAFE & RESTAURANT,40.8378633,-73.9386304,244,Washington Heights South,8,1,Queue Required,0.6311,0.5752,98.0,feature_table,Upper Manhattan
50105185,SALENTO COLOMBIAN CAFE & RESTAURANT,40.8378633,-73.9386304,244,Washington Heights South,14,2,Severe Queue,0.9474,0.8989,102.0,feature_table,Upper Manhattan
50105185,SALENTO COLOMBIAN CAFE & RESTAURANT,40.8378633,-73.9386304,244,Washington Heights South,20,0,No Wait,0.284,0.6415,103.0,feature_table,Upper Manhattan
41351011,CABRINI 181,40.8511718,-73.9401541,244,Washington Heights South,8,0,No Wait,0.0542,0.9094,98.0,feature_table,Upper Manhattan
41351011,CABRINI 181,40.8511718,-73.9401541,244,Washington Heights South,14,1,Queue Required,0.6645,0.531,102.0,feature_table,Upper Manhattan
41351011,CABRINI 181,40.8511718,-73.9401541,244,Washington Heights South,20,2,Severe Queue,0.7961,0.6133,103.0,feature_table,Upper Manhattan
50110113,NELLY'S CHICKEN & PIZZA,40.841938,-73.93564049999999,244,Washington Heights South,8,0,No Wait,0.0883,0.87,98.0,feature_table,Upper Manhattan
50110113,NELLY'S CHICKEN & PIZZA,40.841938,-73.93564049999999,244,Washington Heights South,14,2,Severe Queue,0.8954,0.7967,102.0,feature_table,Upper Manhattan
50110113,NELLY'S CHICKEN & PIZZA,40.841938,-73.93564049999999,244,Washington Heights South,20,2,Severe Queue,0.8857,0.7893,103.0,feature_table,Upper Manhattan
41166881,5 ESTRELLA BAKERY,40.83683,-73.943225,244,Washington Heights South,8,1,Queue Required,0.6068,0.6526,98.0,feature_table,Upper Manhattan
41166881,5 ESTRELLA BAKERY,40.83683,-73.943225,244,Washington Heights South,14,2,Severe Queue,0.9316,0.8686,102.0,feature_table,Upper Manhattan
41166881,5 ESTRELLA BAKERY,40.83683,-73.943225,244,Washington Heights South,20,0,No Wait,0.498,0.3438,103.0,feature_table,Upper Manhattan
50144842,LENOX THAI,40.7638741,-73.9590946,141,Lenox Hill West,8,0,No Wait,0.0337,0.9488,232.0,feature_table,Upper East Side
50144842,LENOX THAI,40.7638741,-73.9590946,141,Lenox Hill West,14,2,Severe Queue,0.8475,0.7334,556.0,feature_table,Upper East Side
50144842,LENOX THAI,40.7638741,-73.9590946,141,Lenox Hill West,20,2,Severe Queue,0.6652,0.5112,532.0,feature_table,Upper East Side
50115702,SEFTON,40.7690659,-73.955394,141,Lenox Hill West,8,0,No Wait,0.1196,0.8326,232.0,feature_table,Upper East Side
50115702,SEFTON,40.7690659,-73.955394,141,Lenox Hill West,14,2,Severe Queue,0.7672,0.6245,556.0,feature_table,Upper East Side
50115702,SEFTON,40.7690659,-73.955394,141,Lenox Hill West,20,2,Severe Queue,0.7437,0.6261,532.0,feature_table,Upper East Side
50077169,SERENDIPITY 3,40.761848,-73.964894,141,Lenox Hill West,8,0,No Wait,0.126,0.7852,232.0,feature_table,Upper East Side
50077169,SERENDIPITY 3,40.761848,-73.964894,141,Lenox Hill West,14,2,Severe Queue,0.7605,0.5954,556.0,feature_table,Upper East Side
50077169,SERENDIPITY 3,40.761848,-73.964894,141,Lenox Hill West,20,2,Severe Queue,0.8955,0.8315,532.0,feature_table,Upper East Side
40933963,CAFFE BACIO,40.7686793,-73.9609813,141,Lenox Hill West,8,2,Severe Queue,0.7383,0.5688,232.0,feature_table,Upper East Side
40933963,CAFFE BACIO,40.7686793,-73.9609813,141,Lenox Hill West,14,2,Severe Queue,0.7999,0.6116,556.0,feature_table,Upper East Side
40933963,CAFFE BACIO,40.7686793,-73.9609813,141,Lenox Hill West,20,0,No Wait,0.2646,0.6647,532.0,feature_table,Upper East Side
50154496,NIGHTLY'S,40.7724573,-73.9553866,141,Lenox Hill West,8,0,No Wait,0.0514,0.9247,232.0,feature_table,Upper East Side
50154496,NIGHTLY'S,40.7724573,-73.9553866,141,Lenox Hill West,14,2,Severe Queue,0.6139,0.4309,556.0,feature_table,Upper East Side
50154496,NIGHTLY'S,40.7724573,-73.9553866,141,Lenox Hill West,20,2,Severe Queue,0.8073,0.6902,532.0,feature_table,Upper East Side
50123507,SEA SALT,40.7612933,-73.9609656,141,Lenox Hill West,8,0,No Wait,0.0366,0.9425,232.0,feature_table,Upper East Side
50123507,SEA SALT,40.7612933,-73.9609656,141,Lenox Hill West,14,1,Queue Required,0.5652,0.4094,556.0,feature_table,Upper East Side
50123507,SEA SALT,40.7612933,-73.9609656,141,Lenox Hill West,20,2,Severe Queue,0.8533,0.7567,532.0,feature_table,Upper East Side
50078895,HAWA SMOOTHIES & BUBBLE TEA,40.7663427,-73.9574506,141,Lenox Hill West,8,2,Severe Queue,0.5072,0.3419,232.0,feature_table,Upper East Side
50078895,HAWA SMOOTHIES & BUBBLE TEA,40.7663427,-73.9574506,141,Lenox Hill West,14,2,Severe Queue,0.7509,0.528,556.0,feature_table,Upper East Side
50078895,HAWA SMOOTHIES & BUBBLE TEA,40.7663427,-73.9574506,141,Lenox Hill West,20,0,No Wait,0.2829,0.6419,532.0,feature_table,Upper East Side
41345732,JOE COFFEE,40.746821,-74.0014743,68,East Chelsea,8,2,Severe Queue,0.6475,0.5276,490.0,feature_table,"Chelsea, Flatiron & Union Sq"
41345732,JOE COFFEE,40.746821,-74.0014743,68,East Chelsea,14,2,Severe Queue,0.7837,0.5934,660.0,feature_table,"Chelsea, Flatiron & Union Sq"
41345732,JOE COFFEE,40.746821,-74.0014743,68,East Chelsea,20,0,No Wait,0.2108,0.7374,583.0,feature_table,"Chelsea, Flatiron & Union Sq"
50115279,ZOU ZOU'S,40.7529706,-73.9986785,68,East Chelsea,8,0,No Wait,0.0344,0.9443,490.0,feature_table,"Chelsea, Flatiron & Union Sq"
50115279,ZOU ZOU'S,40.7529706,-73.9986785,68,East Chelsea,14,1,Queue Required,0.4933,0.4334,660.0,feature_table,"Chelsea, Flatiron & Union Sq"
50115279,ZOU ZOU'S,40.7529706,-73.9986785,68,East Chelsea,20,2,Severe Queue,0.8637,0.7791,583.0,feature_table,"Chelsea, Flatiron & Union Sq"
50016569,SHY SHY,40.7427021,-74.0007595,68,East Chelsea,8,0,No Wait,0.045,0.9301,490.0,feature_table,"Chelsea, Flatiron & Union Sq"
50016569,SHY SHY,40.7427021,-74.0007595,68,East Chelsea,14,1,Queue Required,0.4504,0.4542,660.0,feature_table,"Chelsea, Flatiron & Union Sq"
50016569,SHY SHY,40.7427021,-74.0007595,68,East Chelsea,20,2,Severe Queue,0.7567,0.609,583.0,feature_table,"Chelsea, Flatiron & Union Sq"
40392063,WALTER'S BAR,40.7493438,-73.9958472,68,East Chelsea,8,0,No Wait,0.0637,0.8991,490.0,feature_table,"Chelsea, Flatiron & Union Sq"
40392063,WALTER'S BAR,40.7493438,-73.9958472,68,East Chelsea,14,1,Queue Required,0.5637,0.4335,660.0,feature_table,"Chelsea, Flatiron & Union Sq"
40392063,WALTER'S BAR,40.7493438,-73.9958472,68,East Chelsea,20,2,Severe Queue,0.7914,0.659,583.0,feature_table,"Chelsea, Flatiron & Union Sq"
41092609,10TH AVENUE COOKSHOP,40.7456552,-74.005422,68,East Chelsea,8,0,No Wait,0.0302,0.9477,490.0,feature_table,"Chelsea, Flatiron & Union Sq"
41092609,10TH AVENUE COOKSHOP,40.7456552,-74.005422,68,East Chelsea,14,1,Queue Required,0.4701,0.4504,660.0,feature_table,"Chelsea, Flatiron & Union Sq"
41092609,10TH AVENUE COOKSHOP,40.7456552,-74.005422,68,East Chelsea,20,2,Severe Queue,0.8144,0.7032,583.0,feature_table,"Chelsea, Flatiron & Union Sq"
50062365,H-YARD GOURMET DELI,40.754089,-73.9955336,68,East Chelsea,8,2,Severe Queue,0.5799,0.4164,490.0,feature_table,"Chelsea, Flatiron & Union Sq"
50062365,H-YARD GOURMET DELI,40.754089,-73.9955336,68,East Chelsea,14,2,Severe Queue,0.7877,0.5964,660.0,feature_table,"Chelsea, Flatiron & Union Sq"
50062365,H-YARD GOURMET DELI,40.754089,-73.9955336,68,East Chelsea,20,2,Severe Queue,0.5369,0.4074,583.0,feature_table,"Chelsea, Flatiron & Union Sq"
50061329,HAWA,40.7449574,-73.9990035,68,East Chelsea,8,1,Queue Required,0.6039,0.4268,490.0,feature_table,"Chelsea, Flatiron & Union Sq"
50061329,HAWA,40.7449574,-73.9990035,68,East Chelsea,14,1,Queue Required,0.7297,0.5057,660.0,feature_table,"Chelsea, Flatiron & Union Sq"
50061329,HAWA,40.7449574,-73.9990035,68,East Chelsea,20,0,No Wait,0.3263,0.5623,583.0,feature_table,"Chelsea, Flatiron & Union Sq"
50053408,MELLOW YELLOW COFFEE & VIBES,40.7792645,-73.94793229999999,263,Yorkville West,8,0,No Wait,0.0149,0.9793,221.0,feature_table,Upper East Side
50053408,MELLOW YELLOW COFFEE & VIBES,40.7792645,-73.94793229999999,263,Yorkville West,14,2,Severe Queue,0.6499,0.4567,423.0,feature_table,Upper East Side
50053408,MELLOW YELLOW COFFEE & VIBES,40.7792645,-73.94793229999999,263,Yorkville West,20,2,Severe Queue,0.7675,0.658,481.0,feature_table,Upper East Side
40365239,DORRIAN'S RED HAND,40.7763934,-73.9525693,263,Yorkville West,8,0,No Wait,0.0774,0.8822,221.0,feature_table,Upper East Side
40365239,DORRIAN'S RED HAND,40.7763934,-73.9525693,263,Yorkville West,14,2,Severe Queue,0.5441,0.3645,423.0,feature_table,Upper East Side
40365239,DORRIAN'S RED HAND,40.7763934,-73.9525693,263,Yorkville West,20,2,Severe Queue,0.7727,0.6194,481.0,feature_table,Upper East Side
50179315,MAISON BREW,40.7818556,-73.94786409999999,263,Yorkville West,8,2,Severe Queue,0.6166,0.43,221.0,feature_table,Upper East Side
50179315,MAISON BREW,40.7818556,-73.94786409999999,263,Yorkville West,14,2,Severe Queue,0.7664,0.5512,423.0,feature_table,Upper East Side
50179315,MAISON BREW,40.7818556,-73.94786409999999,263,Yorkville West,20,0,No Wait,0.216,0.7133,481.0,feature_table,Upper East Side
50159487,LY LY,40.77429,-73.9537196,263,Yorkville West,8,0,No Wait,0.1157,0.8249,221.0,feature_table,Upper East Side
50159487,LY LY,40.77429,-73.9537196,263,Yorkville West,14,2,Severe Queue,0.7426,0.5884,423.0,feature_table,Upper East Side
50159487,LY LY,40.77429,-73.9537196,263,Yorkville West,20,2,Severe Queue,0.6991,0.5654,481.0,feature_table,Upper East Side
50175392,FARINA ON 2ND,40.7798546,-73.95074389999999,263,Yorkville West,8,0,No Wait,0.0695,0.9045,221.0,feature_table,Upper East Side
50175392,FARINA ON 2ND,40.7798546,-73.95074389999999,263,Yorkville West,14,1,Queue Required,0.6235,0.478,423.0,feature_table,Upper East Side
50175392,FARINA ON 2ND,40.7798546,-73.95074389999999,263,Yorkville West,20,2,Severe Queue,0.7161,0.5455,481.0,feature_table,Upper East Side
41479303,GOTHAM PIZZA,40.7775504,-73.94914299999999,263,Yorkville West,8,0,No Wait,0.0996,0.8665,221.0,feature_table,Upper East Side
41479303,GOTHAM PIZZA,40.7775504,-73.94914299999999,263,Yorkville West,14,2,Severe Queue,0.8599,0.7285,423.0,feature_table,Upper East Side
41479303,GOTHAM PIZZA,40.7775504,-73.94914299999999,263,Yorkville West,20,2,Severe Queue,0.83,0.6907,481.0,feature_table,Upper East Side
50117133,AGATA & VALENTINA,40.7725942,-73.9527245,263,Yorkville West,8,0,No Wait,0.3235,0.5537,221.0,feature_table,Upper East Side
50117133,AGATA & VALENTINA,40.7725942,-73.9527245,263,Yorkville West,14,2,Severe Queue,0.7893,0.6212,423.0,feature_table,Upper East Side
50117133,AGATA & VALENTINA,40.7725942,-73.9527245,263,Yorkville West,20,2,Severe Queue,0.5785,0.4334,481.0,feature_table,Upper East Side
50183892,MCDONALD'S,40.7561546,-73.9707571,162,Midtown East,8,1,Queue Required,0.6696,0.5803,721.0,feature_table,Midtown
50183892,MCDONALD'S,40.7561546,-73.9707571,162,Midtown East,14,2,Severe Queue,0.9674,0.9354,729.0,feature_table,Midtown
50183892,MCDONALD'S,40.7561546,-73.9707571,162,Midtown East,20,2,Severe Queue,0.8897,0.7919,481.0,feature_table,Midtown
50133246,MUNA,40.753513,-73.973531,162,Midtown East,8,0,No Wait,0.0244,0.9637,721.0,feature_table,Midtown
50133246,MUNA,40.753513,-73.973531,162,Midtown East,14,2,Severe Queue,0.6074,0.4246,729.0,feature_table,Midtown
50133246,MUNA,40.753513,-73.973531,162,Midtown East,20,2,Severe Queue,0.567,0.4088,481.0,feature_table,Midtown
50035042,CHIPOTLE MEXICAN GRILL,40.7589573,-73.9687964,162,Midtown East,8,0,No Wait,0.0845,0.8778,721.0,feature_table,Midtown
50035042,CHIPOTLE MEXICAN GRILL,40.7589573,-73.9687964,162,Midtown East,14,1,Queue Required,0.7163,0.4875,729.0,feature_table,Midtown
50035042,CHIPOTLE MEXICAN GRILL,40.7589573,-73.9687964,162,Midtown East,20,2,Severe Queue,0.7104,0.5079,481.0,feature_table,Midtown
50128771,POLLO CAMPERO,40.7614276,-73.9689571,162,Midtown East,8,0,No Wait,0.2407,0.6289,721.0,feature_table,Midtown
50128771,POLLO CAMPERO,40.7614276,-73.9689571,162,Midtown East,14,2,Severe Queue,0.8148,0.675,729.0,feature_table,Midtown
50128771,POLLO CAMPERO,40.7614276,-73.9689571,162,Midtown East,20,1,Queue Required,0.4913,0.4282,481.0,feature_table,Midtown
50070575,THE LOBSTER CLUB,40.7585133,-73.9718852,162,Midtown East,8,0,No Wait,0.0116,0.9816,721.0,feature_table,Midtown
50070575,THE LOBSTER CLUB,40.7585133,-73.9718852,162,Midtown East,14,0,No Wait,0.3666,0.4964,729.0,feature_table,Midtown
50070575,THE LOBSTER CLUB,40.7585133,-73.9718852,162,Midtown East,20,2,Severe Queue,0.6558,0.5433,481.0,feature_table,Midtown
50171319,WATCHHOUSE COFFEE,40.7518817,-73.975214,162,Midtown East,8,2,Severe Queue,0.7285,0.5487,721.0,feature_table,Midtown
50171319,WATCHHOUSE COFFEE,40.7518817,-73.975214,162,Midtown East,14,2,Severe Queue,0.8663,0.7603,729.0,feature_table,Midtown
50171319,WATCHHOUSE COFFEE,40.7518817,-73.975214,162,Midtown East,20,0,No Wait,0.0695,0.9094,481.0,feature_table,Midtown
50171954,NINO'S RISTORANTE,40.7550069,-73.9646207,229,Sutton Place/Turtle Bay North,8,0,No Wait,0.0162,0.9746,175.0,feature_table,Midtown
50171954,NINO'S RISTORANTE,40.7550069,-73.9646207,229,Sutton Place/Turtle Bay North,14,1,Queue Required,0.4401,0.3837,432.0,feature_table,Midtown
50171954,NINO'S RISTORANTE,40.7550069,-73.9646207,229,Sutton Place/Turtle Bay North,20,2,Severe Queue,0.8556,0.7668,549.0,feature_table,Midtown
41391794,BEST PIZZA ON 1ST.,40.7579559,-73.9629223,229,Sutton Place/Turtle Bay North,8,0,No Wait,0.1262,0.8102,175.0,feature_table,Midtown
41391794,BEST PIZZA ON 1ST.,40.7579559,-73.9629223,229,Sutton Place/Turtle Bay North,14,2,Severe Queue,0.9042,0.8168,432.0,feature_table,Midtown
41391794,BEST PIZZA ON 1ST.,40.7579559,-73.9629223,229,Sutton Place/Turtle Bay North,20,2,Severe Queue,0.729,0.5728,549.0,feature_table,Midtown
50119988,IL MONELLO,40.7537641,-73.9674672,229,Sutton Place/Turtle Bay North,8,0,No Wait,0.0515,0.9235,175.0,feature_table,Midtown
50119988,IL MONELLO,40.7537641,-73.9674672,229,Sutton Place/Turtle Bay North,14,1,Queue Required,0.5143,0.4459,432.0,feature_table,Midtown
50119988,IL MONELLO,40.7537641,-73.9674672,229,Sutton Place/Turtle Bay North,20,2,Severe Queue,0.8209,0.7092,549.0,feature_table,Midtown
50050113,LENWICH,40.7573937,-73.96642469999999,229,Sutton Place/Turtle Bay North,8,0,No Wait,0.4399,0.4266,175.0,feature_table,Midtown
50050113,LENWICH,40.7573937,-73.96642469999999,229,Sutton Place/Turtle Bay North,14,2,Severe Queue,0.8776,0.7845,432.0,feature_table,Midtown
50050113,LENWICH,40.7573937,-73.96642469999999,229,Sutton Place/Turtle Bay North,20,0,No Wait,0.4342,0.4933,549.0,feature_table,Midtown
41595314,PITA GRILL,40.759558,-73.965436,229,Sutton Place/Turtle Bay North,8,0,No Wait,0.066,0.897,175.0,feature_table,Midtown
41595314,PITA GRILL,40.759558,-73.965436,229,Sutton Place/Turtle Bay North,14,2,Severe Queue,0.8522,0.753,432.0,feature_table,Midtown
41595314,PITA GRILL,40.759558,-73.965436,229,Sutton Place/Turtle Bay North,20,2,Severe Queue,0.5973,0.4053,549.0,feature_table,Midtown
50072316,BUTTERCUP BAKESHOP,40.755938,-73.968057,229,Sutton Place/Turtle Bay North,8,1,Queue Required,0.5334,0.3659,175.0,feature_table,Midtown
50072316,BUTTERCUP BAKESHOP,40.755938,-73.968057,229,Sutton Place/Turtle Bay North,14,2,Severe Queue,0.9579,0.9216,432.0,feature_table,Midtown
50072316,BUTTERCUP BAKESHOP,40.755938,-73.968057,229,Sutton Place/Turtle Bay North,20,2,Severe Queue,0.5322,0.4919,549.0,feature_table,Midtown
50096880,CLOISTERS GRILL,40.866726,-73.92995599999999,243,Washington Heights North,8,0,No Wait,0.0734,0.8827,19.0,feature_table,Upper Manhattan
50096880,CLOISTERS GRILL,40.866726,-73.92995599999999,243,Washington Heights North,14,2,Severe Queue,0.6126,0.4385,70.0,feature_table,Upper Manhattan
50096880,CLOISTERS GRILL,40.866726,-73.92995599999999,243,Washington Heights North,20,2,Severe Queue,0.7323,0.5473,84.0,feature_table,Upper Manhattan
50127729,FRASKO DELI,40.8486273,-73.9307681,243,Washington Heights North,8,1,Queue Required,0.4931,0.6772,19.0,feature_table,Upper Manhattan
50127729,FRASKO DELI,40.8486273,-73.9307681,243,Washington Heights North,14,1,Queue Required,0.6492,0.5828,70.0,feature_table,Upper Manhattan
50127729,FRASKO DELI,40.8486273,-73.9307681,243,Washington Heights North,20,1,Queue Required,0.5338,0.4131,84.0,feature_table,Upper Manhattan
50113740,PREGAME DYCKMAN,40.86183,-73.9252052,243,Washington Heights North,8,0,No Wait,0.1495,0.7477,19.0,feature_table,Upper Manhattan
50113740,PREGAME DYCKMAN,40.86183,-73.9252052,243,Washington Heights North,14,1,Queue Required,0.5913,0.4618,70.0,feature_table,Upper Manhattan
50113740,PREGAME DYCKMAN,40.86183,-73.9252052,243,Washington Heights North,20,1,Queue Required,0.6626,0.4641,84.0,feature_table,Upper Manhattan
50115168,DUTCH BABY,40.8553526,-73.9373304,243,Washington Heights North,8,0,No Wait,0.2248,0.6083,19.0,feature_table,Upper Manhattan
50115168,DUTCH BABY,40.8553526,-73.9373304,243,Washington Heights North,14,2,Severe Queue,0.8487,0.7325,70.0,feature_table,Upper Manhattan
50115168,DUTCH BABY,40.8553526,-73.9373304,243,Washington Heights North,20,2,Severe Queue,0.6872,0.5077,84.0,feature_table,Upper Manhattan
41338312,KING GARDEN RESTAURANT,40.851877,-73.9346509,243,Washington Heights North,8,0,No Wait,0.0556,0.9083,19.0,feature_table,Upper Manhattan
41338312,KING GARDEN RESTAURANT,40.851877,-73.9346509,243,Washington Heights North,14,1,Queue Required,0.7018,0.4991,70.0,feature_table,Upper Manhattan
41338312,KING GARDEN RESTAURANT,40.851877,-73.9346509,243,Washington Heights North,20,1,Queue Required,0.6769,0.4805,84.0,feature_table,Upper Manhattan
50157923,GOLAN HEIGHTS,40.8515059,-73.9281685,243,Washington Heights North,8,0,No Wait,0.0375,0.9391,19.0,feature_table,Upper Manhattan
50157923,GOLAN HEIGHTS,40.8515059,-73.9281685,243,Washington Heights North,14,2,Severe Queue,0.8366,0.7453,70.0,feature_table,Upper Manhattan
50157923,GOLAN HEIGHTS,40.8515059,-73.9281685,243,Washington Heights North,20,2,Severe Queue,0.7494,0.6173,84.0,feature_table,Upper Manhattan
50148371,BROOKLYN BREAD CAFE,40.7151967,-74.01232499999999,231,TriBeCa/Civic Center,8,0,No Wait,0.4867,0.3945,240.0,feature_table,Lower Manhattan
50148371,BROOKLYN BREAD CAFE,40.7151967,-74.01232499999999,231,TriBeCa/Civic Center,14,2,Severe Queue,0.7925,0.6416,365.0,feature_table,Lower Manhattan
50148371,BROOKLYN BREAD CAFE,40.7151967,-74.01232499999999,231,TriBeCa/Civic Center,20,0,No Wait,0.2028,0.7576,537.0,feature_table,Lower Manhattan
40729582,UNITED GROCERY & DELI,40.7225167,-74.00836079999999,231,TriBeCa/Civic Center,8,1,Queue Required,0.4688,0.38,240.0,feature_table,Lower Manhattan
40729582,UNITED GROCERY & DELI,40.7225167,-74.00836079999999,231,TriBeCa/Civic Center,14,2,Severe Queue,0.7644,0.5421,365.0,feature_table,Lower Manhattan
40729582,UNITED GROCERY & DELI,40.7225167,-74.00836079999999,231,TriBeCa/Civic Center,20,0,No Wait,0.3712,0.4658,537.0,feature_table,Lower Manhattan
50133309,POTBELLY,40.7145277,-74.0058103,231,TriBeCa/Civic Center,8,1,Queue Required,0.4445,0.4332,240.0,feature_table,Lower Manhattan
50133309,POTBELLY,40.7145277,-74.0058103,231,TriBeCa/Civic Center,14,2,Severe Queue,0.8725,0.7613,365.0,feature_table,Lower Manhattan
50133309,POTBELLY,40.7145277,-74.0058103,231,TriBeCa/Civic Center,20,0,No Wait,0.1997,0.7117,537.0,feature_table,Lower Manhattan
41114768,PUFFY'S TAVERN,40.7185567,-74.0090884,231,TriBeCa/Civic Center,8,0,No Wait,0.1549,0.7641,240.0,feature_table,Lower Manhattan
41114768,PUFFY'S TAVERN,40.7185567,-74.0090884,231,TriBeCa/Civic Center,14,2,Severe Queue,0.7181,0.57,365.0,feature_table,Lower Manhattan
41114768,PUFFY'S TAVERN,40.7185567,-74.0090884,231,TriBeCa/Civic Center,20,2,Severe Queue,0.7037,0.553,537.0,feature_table,Lower Manhattan
50094262,STAGE DOOR DELI,40.712115,-74.0097029,231,TriBeCa/Civic Center,8,2,Severe Queue,0.6626,0.6406,240.0,feature_table,Lower Manhattan
50094262,STAGE DOOR DELI,40.712115,-74.0097029,231,TriBeCa/Civic Center,14,2,Severe Queue,0.8225,0.6671,365.0,feature_table,Lower Manhattan
50094262,STAGE DOOR DELI,40.712115,-74.0097029,231,TriBeCa/Civic Center,20,2,Severe Queue,0.7629,0.6523,537.0,feature_table,Lower Manhattan
50018025,SUBWAY,40.7315382,-73.9942998,113,Greenwich Village North,8,1,Queue Required,0.5108,0.3761,146.0,feature_table,Village & LES
50018025,SUBWAY,40.7315382,-73.9942998,113,Greenwich Village North,14,2,Severe Queue,0.7908,0.5938,330.0,feature_table,Village & LES
50018025,SUBWAY,40.7315382,-73.9942998,113,Greenwich Village North,20,2,Severe Queue,0.5703,0.3966,302.0,feature_table,Village & LES
50179280,DORADO,40.7339435,-73.9931881,113,Greenwich Village North,8,0,No Wait,0.1383,0.7795,146.0,feature_table,Village & LES
50179280,DORADO,40.7339435,-73.9931881,113,Greenwich Village North,14,2,Severe Queue,0.867,0.7826,330.0,feature_table,Village & LES
50179280,DORADO,40.7339435,-73.9931881,113,Greenwich Village North,20,2,Severe Queue,0.636,0.4912,302.0,feature_table,Village & LES
50175197,CARMELA,40.7324978,-73.9965769,113,Greenwich Village North,8,1,Queue Required,0.5964,0.4266,146.0,feature_table,Village & LES
50175197,CARMELA,40.7324978,-73.9965769,113,Greenwich Village North,14,2,Severe Queue,0.859,0.7373,330.0,feature_table,Village & LES
50175197,CARMELA,40.7324978,-73.9965769,113,Greenwich Village North,20,0,No Wait,0.1888,0.7604,302.0,feature_table,Village & LES
50074148,JUICE GENERATION,40.7298469,-73.9924724,113,Greenwich Village North,8,1,Queue Required,0.6037,0.4591,146.0,feature_table,Village & LES
50074148,JUICE GENERATION,40.7298469,-73.9924724,113,Greenwich Village North,14,1,Queue Required,0.6838,0.5882,330.0,feature_table,Village & LES
50074148,JUICE GENERATION,40.7298469,-73.9924724,113,Greenwich Village North,20,0,No Wait,0.2724,0.6092,302.0,feature_table,Village & LES
50166000,ORBITAL KITCHENS/ LITTLE MINT/ CRUMB/ DUM POKE/ NAKA/ CRAFT BURGER/ LUCKY MAO/ WING BOX/ POBLANO,40.7355857,-73.9942566,113,Greenwich Village North,8,0,No Wait,0.402,0.4439,146.0,feature_table,Village & LES
50166000,ORBITAL KITCHENS/ LITTLE MINT/ CRUMB/ DUM POKE/ NAKA/ CRAFT BURGER/ LUCKY MAO/ WING BOX/ POBLANO,40.7355857,-73.9942566,113,Greenwich Village North,14,1,Queue Required,0.6783,0.4807,330.0,feature_table,Village & LES
50166000,ORBITAL KITCHENS/ LITTLE MINT/ CRUMB/ DUM POKE/ NAKA/ CRAFT BURGER/ LUCKY MAO/ WING BOX/ POBLANO,40.7355857,-73.9942566,113,Greenwich Village North,20,1,Queue Required,0.5912,0.4158,302.0,feature_table,Village & LES
50139385,8-BIT BITES,40.7430489,-73.9961182,90,Flatiron,8,0,No Wait,0.2316,0.6265,148.0,feature_table,"Chelsea, Flatiron & Union Sq"
50139385,8-BIT BITES,40.7430489,-73.9961182,90,Flatiron,14,2,Severe Queue,0.8391,0.7098,305.0,feature_table,"Chelsea, Flatiron & Union Sq"
50139385,8-BIT BITES,40.7430489,-73.9961182,90,Flatiron,20,2,Severe Queue,0.6542,0.4986,336.0,feature_table,"Chelsea, Flatiron & Union Sq"
50084571,YANNI'S COFFEE,40.739821,-73.9989877,90,Flatiron,8,1,Queue Required,0.5508,0.4675,148.0,feature_table,"Chelsea, Flatiron & Union Sq"
50084571,YANNI'S COFFEE,40.739821,-73.9989877,90,Flatiron,14,2,Severe Queue,0.8849,0.7888,305.0,feature_table,"Chelsea, Flatiron & Union Sq"
50084571,YANNI'S COFFEE,40.739821,-73.9989877,90,Flatiron,20,0,No Wait,0.1141,0.8506,336.0,feature_table,"Chelsea, Flatiron & Union Sq"
50063787,BEAN & BEAN COFFEE,40.7470077,-73.9970077,90,Flatiron,8,1,Queue Required,0.4741,0.3897,148.0,feature_table,"Chelsea, Flatiron & Union Sq"
50063787,BEAN & BEAN COFFEE,40.7470077,-73.9970077,90,Flatiron,14,2,Severe Queue,0.819,0.6576,305.0,feature_table,"Chelsea, Flatiron & Union Sq"
50063787,BEAN & BEAN COFFEE,40.7470077,-73.9970077,90,Flatiron,20,0,No Wait,0.2515,0.6893,336.0,feature_table,"Chelsea, Flatiron & Union Sq"
50127394,XI'AN FAMOUS FOODS,40.7401615,-74.0019196,90,Flatiron,8,0,No Wait,0.0925,0.8375,148.0,feature_table,"Chelsea, Flatiron & Union Sq"
50127394,XI'AN FAMOUS FOODS,40.7401615,-74.0019196,90,Flatiron,14,2,Severe Queue,0.8483,0.7219,305.0,feature_table,"Chelsea, Flatiron & Union Sq"
50127394,XI'AN FAMOUS FOODS,40.7401615,-74.0019196,90,Flatiron,20,2,Severe Queue,0.7113,0.531,336.0,feature_table,"Chelsea, Flatiron & Union Sq"
50159087,LULLA,40.7441117,-73.99299409999999,90,Flatiron,8,1,Queue Required,0.4126,0.5431,148.0,feature_table,"Chelsea, Flatiron & Union Sq"
50159087,LULLA,40.7441117,-73.99299409999999,90,Flatiron,14,2,Severe Queue,0.8998,0.8148,305.0,feature_table,"Chelsea, Flatiron & Union Sq"
50159087,LULLA,40.7441117,-73.99299409999999,90,Flatiron,20,2,Severe Queue,0.8861,0.8164,336.0,feature_table,"Chelsea, Flatiron & Union Sq"
50033451,INDUSTRY KITCHEN,40.7048797,-74.0047601,87,Financial District North,8,0,No Wait,0.0851,0.8723,112.0,feature_table,Lower Manhattan
50033451,INDUSTRY KITCHEN,40.7048797,-74.0047601,87,Financial District North,14,2,Severe Queue,0.7911,0.6892,218.0,feature_table,Lower Manhattan
50033451,INDUSTRY KITCHEN,40.7048797,-74.0047601,87,Financial District North,20,2,Severe Queue,0.7843,0.6984,266.0,feature_table,Lower Manhattan
50164631,LOS TACOS NO.1,40.7065233,-74.0116652,87,Financial District North,8,0,No Wait,0.056,0.9171,112.0,feature_table,Lower Manhattan
50164631,LOS TACOS NO.1,40.7065233,-74.0116652,87,Financial District North,14,2,Severe Queue,0.9415,0.893,218.0,feature_table,Lower Manhattan
50164631,LOS TACOS NO.1,40.7065233,-74.0116652,87,Financial District North,20,2,Severe Queue,0.7628,0.6261,266.0,feature_table,Lower Manhattan
50019203,SOPHIE'S CUBAN CUISINE,40.708933,-74.0055381,87,Financial District North,8,0,No Wait,0.196,0.6866,112.0,feature_table,Lower Manhattan
50019203,SOPHIE'S CUBAN CUISINE,40.708933,-74.0055381,87,Financial District North,14,2,Severe Queue,0.875,0.7738,218.0,feature_table,Lower Manhattan
50019203,SOPHIE'S CUBAN CUISINE,40.708933,-74.0055381,87,Financial District North,20,1,Queue Required,0.4792,0.4276,266.0,feature_table,Lower Manhattan
50117018,XI'AN FAMOUS FOODS,40.7091987,-74.0092858,87,Financial District North,8,0,No Wait,0.0386,0.9366,112.0,feature_table,Lower Manhattan
50117018,XI'AN FAMOUS FOODS,40.7091987,-74.0092858,87,Financial District North,14,2,Severe Queue,0.8517,0.7322,218.0,feature_table,Lower Manhattan
50117018,XI'AN FAMOUS FOODS,40.7091987,-74.0092858,87,Financial District North,20,1,Queue Required,0.5295,0.5778,266.0,feature_table,Lower Manhattan
50050182,SWEETGREEN,40.7056284,-74.0082936,87,Financial District North,8,0,No Wait,0.3365,0.4479,112.0,feature_table,Lower Manhattan
50050182,SWEETGREEN,40.7056284,-74.0082936,87,Financial District North,14,2,Severe Queue,0.8255,0.6649,218.0,feature_table,Lower Manhattan
50050182,SWEETGREEN,40.7056284,-74.0082936,87,Financial District North,20,0,No Wait,0.3138,0.4873,266.0,feature_table,Lower Manhattan
50128610,TERIYAKI MADNESS,40.8037525,-73.93535229999999,74,East Harlem North,8,0,No Wait,0.057,0.9262,170.0,feature_table,Harlem
50128610,TERIYAKI MADNESS,40.8037525,-73.93535229999999,74,East Harlem North,14,2,Severe Queue,0.6819,0.5013,290.0,feature_table,Harlem
50128610,TERIYAKI MADNESS,40.8037525,-73.93535229999999,74,East Harlem North,20,2,Severe Queue,0.6958,0.5255,181.0,feature_table,Harlem
50171445,COCOTAZO,40.7918174,-73.9389443,74,East Harlem North,8,0,No Wait,0.046,0.9336,170.0,feature_table,Harlem
50171445,COCOTAZO,40.7918174,-73.9389443,74,East Harlem North,14,2,Severe Queue,0.6861,0.5443,290.0,feature_table,Harlem
50171445,COCOTAZO,40.7918174,-73.9389443,74,East Harlem North,20,2,Severe Queue,0.7129,0.6318,181.0,feature_table,Harlem
50145720,ORIENTAL PALACE,40.7986197,-73.94602569999999,74,East Harlem North,8,0,No Wait,0.0812,0.8869,170.0,feature_table,Harlem
50145720,ORIENTAL PALACE,40.7986197,-73.94602569999999,74,East Harlem North,14,2,Severe Queue,0.7905,0.6231,290.0,feature_table,Harlem
50145720,ORIENTAL PALACE,40.7986197,-73.94602569999999,74,East Harlem North,20,2,Severe Queue,0.6949,0.533,181.0,feature_table,Harlem
50091220,CAKEBURGERS,40.798337,-73.9332237,74,East Harlem North,8,0,No Wait,0.1235,0.8413,170.0,feature_table,Harlem
50091220,CAKEBURGERS,40.798337,-73.9332237,74,East Harlem North,14,2,Severe Queue,0.6846,0.5436,290.0,feature_table,Harlem
50091220,CAKEBURGERS,40.798337,-73.9332237,74,East Harlem North,20,2,Severe Queue,0.7004,0.595,181.0,feature_table,Harlem
50165750,HARLEM BUBBLE TEA LIMITED,40.8057852,-73.9412978,74,East Harlem North,8,0,No Wait,0.3029,0.6072,170.0,feature_table,Harlem
50165750,HARLEM BUBBLE TEA LIMITED,40.8057852,-73.9412978,74,East Harlem North,14,2,Severe Queue,0.6873,0.5011,290.0,feature_table,Harlem
50165750,HARLEM BUBBLE TEA LIMITED,40.8057852,-73.9412978,74,East Harlem North,20,0,No Wait,0.2688,0.6816,181.0,feature_table,Harlem
50166973,DAMAJAGUA RESTAURANT,40.8708659,-73.9150272,127,Inwood,8,0,No Wait,0.1386,0.7775,17.0,feature_table,Upper Manhattan
50166973,DAMAJAGUA RESTAURANT,40.8708659,-73.9150272,127,Inwood,14,2,Severe Queue,0.6414,0.4385,29.0,feature_table,Upper Manhattan
50166973,DAMAJAGUA RESTAURANT,40.8708659,-73.9150272,127,Inwood,20,2,Severe Queue,0.818,0.6757,40.0,feature_table,Upper Manhattan
50096757,UNIQUE RESTAURANT,40.8669331,-73.921011,127,Inwood,8,0,No Wait,0.0241,0.9656,17.0,feature_table,Upper Manhattan
50096757,UNIQUE RESTAURANT,40.8669331,-73.921011,127,Inwood,14,2,Severe Queue,0.7457,0.5867,29.0,feature_table,Upper Manhattan
50096757,UNIQUE RESTAURANT,40.8669331,-73.921011,127,Inwood,20,2,Severe Queue,0.8439,0.7391,40.0,feature_table,Upper Manhattan
50012857,SUSHI MAMBO,40.8611418,-73.92029529999999,127,Inwood,8,0,No Wait,0.0094,0.9828,17.0,feature_table,Upper Manhattan
50012857,SUSHI MAMBO,40.8611418,-73.92029529999999,127,Inwood,14,0,No Wait,0.1813,0.7206,29.0,feature_table,Upper Manhattan
50012857,SUSHI MAMBO,40.8611418,-73.92029529999999,127,Inwood,20,2,Severe Queue,0.8761,0.7791,40.0,feature_table,Upper Manhattan
50122868,DOMINO'S PIZZA #3680,40.8663137,-73.9256229,127,Inwood,8,0,No Wait,0.0552,0.907,17.0,feature_table,Upper Manhattan
50122868,DOMINO'S PIZZA #3680,40.8663137,-73.9256229,127,Inwood,14,2,Severe Queue,0.7653,0.5396,29.0,feature_table,Upper Manhattan
50122868,DOMINO'S PIZZA #3680,40.8663137,-73.9256229,127,Inwood,20,2,Severe Queue,0.8386,0.6888,40.0,feature_table,Upper Manhattan
41235974,THE FAMOUS JIMBO'S HAMBURGER PALACE,40.8641934,-73.9186927,127,Inwood,8,1,Queue Required,0.5812,0.3916,17.0,feature_table,Upper Manhattan
41235974,THE FAMOUS JIMBO'S HAMBURGER PALACE,40.8641934,-73.9186927,127,Inwood,14,2,Severe Queue,0.8503,0.7095,29.0,feature_table,Upper Manhattan
41235974,THE FAMOUS JIMBO'S HAMBURGER PALACE,40.8641934,-73.9186927,127,Inwood,20,2,Severe Queue,0.7936,0.6663,40.0,feature_table,Upper Manhattan
50044336,KING DRAGON 188,40.7928241,-73.9502725,75,East Harlem South,8,0,No Wait,0.0634,0.9082,274.0,feature_table,Harlem
50044336,KING DRAGON 188,40.7928241,-73.9502725,75,East Harlem South,14,2,Severe Queue,0.7438,0.5511,285.0,feature_table,Harlem
50044336,KING DRAGON 188,40.7928241,-73.9502725,75,East Harlem South,20,2,Severe Queue,0.7181,0.5576,211.0,feature_table,Harlem
41147913,SUBWAY,40.7902976,-73.9452355,75,East Harlem South,8,1,Queue Required,0.5003,0.3853,274.0,feature_table,Harlem
41147913,SUBWAY,40.7902976,-73.9452355,75,East Harlem South,14,2,Severe Queue,0.7579,0.5317,285.0,feature_table,Harlem
41147913,SUBWAY,40.7902976,-73.9452355,75,East Harlem South,20,2,Severe Queue,0.6234,0.448,211.0,feature_table,Harlem
50173173,MILENIO BAKERY,40.7952778,-73.9423029,75,East Harlem South,8,1,Queue Required,0.6071,0.5111,274.0,feature_table,Harlem
50173173,MILENIO BAKERY,40.7952778,-73.9423029,75,East Harlem South,14,1,Queue Required,0.6645,0.6358,285.0,feature_table,Harlem
50173173,MILENIO BAKERY,40.7952778,-73.9423029,75,East Harlem South,20,0,No Wait,0.1868,0.7307,211.0,feature_table,Harlem
50073387,YUMMY CITY,40.7880204,-73.9492087,75,East Harlem South,8,0,No Wait,0.0762,0.8859,274.0,feature_table,Harlem
50073387,YUMMY CITY,40.7880204,-73.9492087,75,East Harlem South,14,2,Severe Queue,0.8642,0.7626,285.0,feature_table,Harlem
50073387,YUMMY CITY,40.7880204,-73.9492087,75,East Harlem South,20,2,Severe Queue,0.7294,0.6022,211.0,feature_table,Harlem
41525379,BAR ITALIA,40.7679667,-73.9686296,237,Upper East Side South,8,0,No Wait,0.0268,0.9591,521.0,feature_table,Upper East Side
41525379,BAR ITALIA,40.7679667,-73.9686296,237,Upper East Side South,14,2,Severe Queue,0.6258,0.4712,1072.0,feature_table,Upper East Side
41525379,BAR ITALIA,40.7679667,-73.9686296,237,Upper East Side South,20,2,Severe Queue,0.8617,0.7739,593.0,feature_table,Upper East Side
40687209,VIA QUADRONNO,40.7727446,-73.9651572,237,Upper East Side South,8,0,No Wait,0.1862,0.7087,521.0,feature_table,Upper East Side
40687209,VIA QUADRONNO,40.7727446,-73.9651572,237,Upper East Side South,14,2,Severe Queue,0.7048,0.4993,1072.0,feature_table,Upper East Side
40687209,VIA QUADRONNO,40.7727446,-73.9651572,237,Upper East Side South,20,2,Severe Queue,0.7623,0.5888,593.0,feature_table,Upper East Side
40364347,METROPOLITAN CLUB,40.7646941,-73.9718947,237,Upper East Side South,8,1,Queue Required,0.369,0.5264,521.0,feature_table,Upper East Side
40364347,METROPOLITAN CLUB,40.7646941,-73.9718947,237,Upper East Side South,14,2,Severe Queue,0.7598,0.5621,1072.0,feature_table,Upper East Side
40364347,METROPOLITAN CLUB,40.7646941,-73.9718947,237,Upper East Side South,20,2,Severe Queue,0.7393,0.5993,593.0,feature_table,Upper East Side
40756287,BARBARESCO,40.765392,-73.965559,237,Upper East Side South,8,0,No Wait,0.1338,0.8194,521.0,feature_table,Upper East Side
40756287,BARBARESCO,40.765392,-73.965559,237,Upper East Side South,14,2,Severe Queue,0.69,0.4776,1072.0,feature_table,Upper East Side
40756287,BARBARESCO,40.765392,-73.965559,237,Upper East Side South,20,2,Severe Queue,0.6835,0.5301,593.0,feature_table,Upper East Side
50130108,CENTRAL PARK CAFE,40.7661278,-73.9799349,163,Midtown North,8,0,No Wait,0.3992,0.5344,412.0,feature_table,Midtown
50130108,CENTRAL PARK CAFE,40.7661278,-73.9799349,163,Midtown North,14,2,Severe Queue,0.7001,0.4922,710.0,feature_table,Midtown
50130108,CENTRAL PARK CAFE,40.7661278,-73.9799349,163,Midtown North,20,2,Severe Queue,0.7703,0.5996,507.0,feature_table,Midtown
41089876,SARABETH'S,40.7651409,-73.9756768,163,Midtown North,8,0,No Wait,0.1899,0.7464,412.0,feature_table,Midtown
41089876,SARABETH'S,40.7651409,-73.9756768,163,Midtown North,14,1,Queue Required,0.6213,0.4937,710.0,feature_table,Midtown
41089876,SARABETH'S,40.7651409,-73.9756768,163,Midtown North,20,2,Severe Queue,0.7193,0.4969,507.0,feature_table,Midtown
50110004,STARBUCKS,40.76763,-73.98134,163,Midtown North,8,2,Severe Queue,0.788,0.6419,412.0,feature_table,Midtown
50110004,STARBUCKS,40.76763,-73.98134,163,Midtown North,14,2,Severe Queue,0.7983,0.6098,710.0,feature_table,Midtown
50110004,STARBUCKS,40.76763,-73.98134,163,Midtown North,20,0,No Wait,0.4226,0.4388,507.0,feature_table,Midtown
50019120,NEW TOPAZ,40.764421,-73.978911,163,Midtown North,8,0,No Wait,0.0375,0.9454,412.0,feature_table,Midtown
50019120,NEW TOPAZ,40.764421,-73.978911,163,Midtown North,14,1,Queue Required,0.6571,0.4865,710.0,feature_table,Midtown
50019120,NEW TOPAZ,40.764421,-73.978911,163,Midtown North,20,2,Severe Queue,0.8142,0.6904,507.0,feature_table,Midtown
50133999,CHIPOTLE MEXICAN GRILL #3056,40.8220368,-73.9533258,116,Hamilton Heights,8,0,No Wait,0.0621,0.9,34.0,feature_table,Upper Manhattan
50133999,CHIPOTLE MEXICAN GRILL #3056,40.8220368,-73.9533258,116,Hamilton Heights,14,1,Queue Required,0.7244,0.5042,85.0,feature_table,Upper Manhattan
50133999,CHIPOTLE MEXICAN GRILL #3056,40.8220368,-73.9533258,116,Hamilton Heights,20,2,Severe Queue,0.7355,0.5454,101.0,feature_table,Upper Manhattan
50093322,TEXAS STAR COFFEE SHOP,40.8255624,-73.94390659999999,116,Hamilton Heights,8,0,No Wait,0.1925,0.726,34.0,feature_table,Upper Manhattan
50093322,TEXAS STAR COFFEE SHOP,40.8255624,-73.94390659999999,116,Hamilton Heights,14,2,Severe Queue,0.6664,0.4463,85.0,feature_table,Upper Manhattan
50093322,TEXAS STAR COFFEE SHOP,40.8255624,-73.94390659999999,116,Hamilton Heights,20,2,Severe Queue,0.6121,0.4551,101.0,feature_table,Upper Manhattan
50037167,SOFRITO,40.8272046,-73.9551541,116,Hamilton Heights,8,0,No Wait,0.0395,0.9317,34.0,feature_table,Upper Manhattan
50037167,SOFRITO,40.8272046,-73.9551541,116,Hamilton Heights,14,1,Queue Required,0.5,0.3699,85.0,feature_table,Upper Manhattan
50037167,SOFRITO,40.8272046,-73.9551541,116,Hamilton Heights,20,2,Severe Queue,0.7404,0.5552,101.0,feature_table,Upper Manhattan
50046048,UPTOWN BOURBON,40.8294402,-73.9486174,116,Hamilton Heights,8,0,No Wait,0.064,0.898,34.0,feature_table,Upper Manhattan
50046048,UPTOWN BOURBON,40.8294402,-73.9486174,116,Hamilton Heights,14,1,Queue Required,0.5463,0.4114,85.0,feature_table,Upper Manhattan
50046048,UPTOWN BOURBON,40.8294402,-73.9486174,116,Hamilton Heights,20,2,Severe Queue,0.7668,0.6151,101.0,feature_table,Upper Manhattan
40576044,CIPRIANI DOWNTOWN,40.7236927,-74.002878,211,SoHo,8,0,No Wait,0.0243,0.9627,56.0,feature_table,Lower Manhattan
40576044,CIPRIANI DOWNTOWN,40.7236927,-74.002878,211,SoHo,14,2,Severe Queue,0.6494,0.5132,310.0,feature_table,Lower Manhattan
40576044,CIPRIANI DOWNTOWN,40.7236927,-74.002878,211,SoHo,20,2,Severe Queue,0.8928,0.8218,275.0,feature_table,Lower Manhattan
50143815,LUCIA PIZZA OF SOHO/LUCIA ALIMENTARI,40.7214195,-74.00441239999999,211,SoHo,8,0,No Wait,0.05,0.9234,56.0,feature_table,Lower Manhattan
50143815,LUCIA PIZZA OF SOHO/LUCIA ALIMENTARI,40.7214195,-74.00441239999999,211,SoHo,14,2,Severe Queue,0.9325,0.8733,310.0,feature_table,Lower Manhattan
50143815,LUCIA PIZZA OF SOHO/LUCIA ALIMENTARI,40.7214195,-74.00441239999999,211,SoHo,20,2,Severe Queue,0.8069,0.6983,275.0,feature_table,Lower Manhattan
50177568,LA MERCERIE,40.7201478,-74.0021708,211,SoHo,8,0,No Wait,0.0493,0.9284,56.0,feature_table,Lower Manhattan
50177568,LA MERCERIE,40.7201478,-74.0021708,211,SoHo,14,2,Severe Queue,0.7493,0.6288,310.0,feature_table,Lower Manhattan
50177568,LA MERCERIE,40.7201478,-74.0021708,211,SoHo,20,2,Severe Queue,0.9027,0.849,275.0,feature_table,Lower Manhattan
50160904,BIBLIOTHEQUE,40.7218082,-74.0007476,211,SoHo,8,0,No Wait,0.0943,0.8642,56.0,feature_table,Lower Manhattan
50160904,BIBLIOTHEQUE,40.7218082,-74.0007476,211,SoHo,14,2,Severe Queue,0.7175,0.586,310.0,feature_table,Lower Manhattan
50160904,BIBLIOTHEQUE,40.7218082,-74.0007476,211,SoHo,20,2,Severe Queue,0.7754,0.6658,275.0,feature_table,Lower Manhattan
50125399,PICO DE GALLO BAR & KITCHEN,40.7951789,-73.9698463,238,Upper West Side North,8,0,No Wait,0.0245,0.9618,237.0,feature_table,Upper West Side
50125399,PICO DE GALLO BAR & KITCHEN,40.7951789,-73.9698463,238,Upper West Side North,14,2,Severe Queue,0.6782,0.5058,562.0,feature_table,Upper West Side
50125399,PICO DE GALLO BAR & KITCHEN,40.7951789,-73.9698463,238,Upper West Side North,20,2,Severe Queue,0.8639,0.7706,425.0,feature_table,Upper West Side
50086808,HOLY SCHNITZEL,40.7915497,-73.9726115,238,Upper West Side North,8,0,No Wait,0.0251,0.959,237.0,feature_table,Upper West Side
50086808,HOLY SCHNITZEL,40.7915497,-73.9726115,238,Upper West Side North,14,1,Queue Required,0.5666,0.5119,562.0,feature_table,Upper West Side
50086808,HOLY SCHNITZEL,40.7915497,-73.9726115,238,Upper West Side North,20,2,Severe Queue,0.8689,0.7945,425.0,feature_table,Upper West Side
50175745,JACOB'S PICKLES,40.7911551,-73.9690457,238,Upper West Side North,8,0,No Wait,0.0827,0.852,237.0,feature_table,Upper West Side
50175745,JACOB'S PICKLES,40.7911551,-73.9690457,238,Upper West Side North,14,2,Severe Queue,0.7026,0.47,562.0,feature_table,Upper West Side
50175745,JACOB'S PICKLES,40.7911551,-73.9690457,238,Upper West Side North,20,2,Severe Queue,0.9246,0.8754,425.0,feature_table,Upper West Side
41145911,WA LUNG KITCHEN,40.7139086,-73.9802259,232,Two Bridges/Seward Park,8,0,No Wait,0.0945,0.8514,62.0,feature_table,Lower Manhattan
41145911,WA LUNG KITCHEN,40.7139086,-73.9802259,232,Two Bridges/Seward Park,14,2,Severe Queue,0.8925,0.8004,131.0,feature_table,Lower Manhattan
41145911,WA LUNG KITCHEN,40.7139086,-73.9802259,232,Two Bridges/Seward Park,20,2,Severe Queue,0.6424,0.4805,206.0,feature_table,Lower Manhattan
50126161,51 PIZZA,40.7173394,-73.9804602,232,Two Bridges/Seward Park,8,0,No Wait,0.162,0.7729,62.0,feature_table,Lower Manhattan
50126161,51 PIZZA,40.7173394,-73.9804602,232,Two Bridges/Seward Park,14,2,Severe Queue,0.7651,0.5374,131.0,feature_table,Lower Manhattan
50126161,51 PIZZA,40.7173394,-73.9804602,232,Two Bridges/Seward Park,20,2,Severe Queue,0.7594,0.5448,206.0,feature_table,Lower Manhattan
50001861,"DUNKIN', 'BASKIN ROBBINS",40.7128311,-73.9897838,232,Two Bridges/Seward Park,8,2,Severe Queue,0.8338,0.727,62.0,feature_table,Lower Manhattan
50001861,"DUNKIN', 'BASKIN ROBBINS",40.7128311,-73.9897838,232,Two Bridges/Seward Park,14,2,Severe Queue,0.8086,0.6266,131.0,feature_table,Lower Manhattan
50001861,"DUNKIN', 'BASKIN ROBBINS",40.7128311,-73.9897838,232,Two Bridges/Seward Park,20,2,Severe Queue,0.6363,0.4975,206.0,feature_table,Lower Manhattan
41556791,JOE COFFEE,40.8100424,-73.9620202,166,Morningside Heights,8,2,Severe Queue,0.726,0.5654,148.0,feature_table,Upper West Side
41556791,JOE COFFEE,40.8100424,-73.9620202,166,Morningside Heights,14,2,Severe Queue,0.8566,0.7269,200.0,feature_table,Upper West Side
41556791,JOE COFFEE,40.8100424,-73.9620202,166,Morningside Heights,20,0,No Wait,0.1982,0.7643,153.0,feature_table,Upper West Side
50147296,1020 BAR,40.8033333,-73.9638889,166,Morningside Heights,8,0,No Wait,0.1649,0.7475,148.0,feature_table,Upper West Side
50147296,1020 BAR,40.8033333,-73.9638889,166,Morningside Heights,14,2,Severe Queue,0.6684,0.4512,200.0,feature_table,Upper West Side
50147296,1020 BAR,40.8033333,-73.9638889,166,Morningside Heights,20,2,Severe Queue,0.8189,0.689,153.0,feature_table,Upper West Side
50070471,MCDONALDS # 18093,40.8107815,-73.9530431,166,Morningside Heights,8,1,Queue Required,0.564,0.7361,148.0,feature_table,Upper West Side
50070471,MCDONALDS # 18093,40.8107815,-73.9530431,166,Morningside Heights,14,2,Severe Queue,0.9628,0.9265,200.0,feature_table,Upper West Side
50070471,MCDONALDS # 18093,40.8107815,-73.9530431,166,Morningside Heights,20,2,Severe Queue,0.7772,0.6072,153.0,feature_table,Upper West Side
50144819,WOOGA,40.7488368,-73.9919104,186,Penn Station/Madison Sq West,8,0,No Wait,0.0921,0.8467,374.0,feature_table,Midtown
50144819,WOOGA,40.7488368,-73.9919104,186,Penn Station/Madison Sq West,14,1,Queue Required,0.6724,0.5525,758.0,feature_table,Midtown
50144819,WOOGA,40.7488368,-73.9919104,186,Penn Station/Madison Sq West,20,2,Severe Queue,0.8846,0.7805,540.0,feature_table,Midtown
50166748,MOKA & CO,40.7503639,-73.9898075,186,Penn Station/Madison Sq West,8,1,Queue Required,0.6415,0.6617,374.0,feature_table,Midtown
50166748,MOKA & CO,40.7503639,-73.9898075,186,Penn Station/Madison Sq West,14,2,Severe Queue,0.7928,0.589,758.0,feature_table,Midtown
50166748,MOKA & CO,40.7503639,-73.9898075,186,Penn Station/Madison Sq West,20,1,Queue Required,0.5605,0.4016,540.0,feature_table,Midtown
41327462,AMERICA GOURMET FOOD,40.7466824,-73.99034809999999,186,Penn Station/Madison Sq West,8,1,Queue Required,0.5817,0.6944,374.0,feature_table,Midtown
41327462,AMERICA GOURMET FOOD,40.7466824,-73.99034809999999,186,Penn Station/Madison Sq West,14,1,Queue Required,0.7363,0.5209,758.0,feature_table,Midtown
41327462,AMERICA GOURMET FOOD,40.7466824,-73.99034809999999,186,Penn Station/Madison Sq West,20,1,Queue Required,0.6631,0.5443,540.0,feature_table,Midtown
50052114,STARBUCKS COFFEE,40.77484,-73.98413,142,Lincoln Square East,8,1,Queue Required,0.6803,0.5651,281.0,feature_table,Upper West Side
50052114,STARBUCKS COFFEE,40.77484,-73.98413,142,Lincoln Square East,14,2,Severe Queue,0.9032,0.8114,647.0,feature_table,Upper West Side
50052114,STARBUCKS COFFEE,40.77484,-73.98413,142,Lincoln Square East,20,0,No Wait,0.2895,0.5998,537.0,feature_table,Upper West Side
50032827,THE RIBBON,40.7766182,-73.9773026,142,Lincoln Square East,8,0,No Wait,0.054,0.9148,281.0,feature_table,Upper West Side
50032827,THE RIBBON,40.7766182,-73.9773026,142,Lincoln Square East,14,1,Queue Required,0.5809,0.4088,647.0,feature_table,Upper West Side
50032827,THE RIBBON,40.7766182,-73.9773026,142,Lincoln Square East,20,2,Severe Queue,0.8079,0.6785,537.0,feature_table,Upper West Side
50173396,UNGLO,40.7719849,-73.9810047,142,Lincoln Square East,8,0,No Wait,0.0132,0.9778,281.0,feature_table,Upper West Side
50173396,UNGLO,40.7719849,-73.9810047,142,Lincoln Square East,14,1,Queue Required,0.5516,0.5882,647.0,feature_table,Upper West Side
50173396,UNGLO,40.7719849,-73.9810047,142,Lincoln Square East,20,2,Severe Queue,0.7437,0.5693,537.0,feature_table,Upper West Side
50093783,EL VALLE LENOX,40.8168755,-73.93846769999999,42,Central Harlem North,8,0,No Wait,0.259,0.6308,62.0,feature_table,Harlem
50093783,EL VALLE LENOX,40.8168755,-73.93846769999999,42,Central Harlem North,14,2,Severe Queue,0.8394,0.7421,149.0,feature_table,Harlem
50093783,EL VALLE LENOX,40.8168755,-73.93846769999999,42,Central Harlem North,20,2,Severe Queue,0.8136,0.7208,133.0,feature_table,Harlem
50004512,TIO LUCA,40.8117884,-73.94290869999999,42,Central Harlem North,8,0,No Wait,0.0683,0.8992,62.0,feature_table,Harlem
50004512,TIO LUCA,40.8117884,-73.94290869999999,42,Central Harlem North,14,2,Severe Queue,0.6598,0.4774,149.0,feature_table,Harlem
50004512,TIO LUCA,40.8117884,-73.94290869999999,42,Central Harlem North,20,2,Severe Queue,0.8094,0.6613,133.0,feature_table,Harlem
50070258,MAMA'S FRIED CHICKEN,40.8291253,-73.9375732,42,Central Harlem North,8,0,No Wait,0.0514,0.9185,62.0,feature_table,Harlem
50070258,MAMA'S FRIED CHICKEN,40.8291253,-73.9375732,42,Central Harlem North,14,1,Queue Required,0.7247,0.5232,149.0,feature_table,Harlem
50070258,MAMA'S FRIED CHICKEN,40.8291253,-73.9375732,42,Central Harlem North,20,2,Severe Queue,0.7326,0.4931,133.0,feature_table,Harlem
50157900,DRAGON 105,40.7982277,-73.96329589999999,151,Manhattan Valley,8,0,No Wait,0.0405,0.9325,78.0,feature_table,Upper West Side
50157900,DRAGON 105,40.7982277,-73.96329589999999,151,Manhattan Valley,14,1,Queue Required,0.6217,0.6157,200.0,feature_table,Upper West Side
50157900,DRAGON 105,40.7982277,-73.96329589999999,151,Manhattan Valley,20,1,Queue Required,0.6453,0.5346,203.0,feature_table,Upper West Side
50068505,SERAFINA 105,40.8004853,-73.96833939999999,151,Manhattan Valley,8,0,No Wait,0.0258,0.957,78.0,feature_table,Upper West Side
50068505,SERAFINA 105,40.8004853,-73.96833939999999,151,Manhattan Valley,14,1,Queue Required,0.5484,0.4039,200.0,feature_table,Upper West Side
50068505,SERAFINA 105,40.8004853,-73.96833939999999,151,Manhattan Valley,20,2,Severe Queue,0.9006,0.8204,203.0,feature_table,Upper West Side
41672122,STARBUCKS COFFEE,40.79523,-73.96552,151,Manhattan Valley,8,2,Severe Queue,0.7519,0.5792,78.0,feature_table,Upper West Side
41672122,STARBUCKS COFFEE,40.79523,-73.96552,151,Manhattan Valley,14,2,Severe Queue,0.8695,0.7445,200.0,feature_table,Upper West Side
41672122,STARBUCKS COFFEE,40.79523,-73.96552,151,Manhattan Valley,20,0,No Wait,0.4936,0.3696,203.0,feature_table,Upper West Side
50142521,PANERA BREAD #9202,40.7644168,-73.95419179999999,140,Lenox Hill East,8,2,Severe Queue,0.6712,0.451,477.0,feature_table,Upper East Side
50142521,PANERA BREAD #9202,40.7644168,-73.95419179999999,140,Lenox Hill East,14,2,Severe Queue,0.8311,0.686,512.0,feature_table,Upper East Side
50142521,PANERA BREAD #9202,40.7644168,-73.95419179999999,140,Lenox Hill East,20,2,Severe Queue,0.81,0.6821,284.0,feature_table,Upper East Side
50116186,CLAIRE'S KITCHEN CAFE,40.7677052,-73.9528863,140,Lenox Hill East,8,0,No Wait,0.1099,0.8472,477.0,feature_table,Upper East Side
50116186,CLAIRE'S KITCHEN CAFE,40.7677052,-73.9528863,140,Lenox Hill East,14,2,Severe Queue,0.7368,0.5648,512.0,feature_table,Upper East Side
50116186,CLAIRE'S KITCHEN CAFE,40.7677052,-73.9528863,140,Lenox Hill East,20,2,Severe Queue,0.8268,0.7368,284.0,feature_table,Upper East Side
41481494,JACK STUDIOS,40.751664,-74.00648249999999,246,West Chelsea/Hudson Yards,8,2,Severe Queue,0.6267,0.4197,344.0,feature_table,"Chelsea, Flatiron & Union Sq"
41481494,JACK STUDIOS,40.751664,-74.00648249999999,246,West Chelsea/Hudson Yards,14,2,Severe Queue,0.7456,0.5023,558.0,feature_table,"Chelsea, Flatiron & Union Sq"
41481494,JACK STUDIOS,40.751664,-74.00648249999999,246,West Chelsea/Hudson Yards,20,2,Severe Queue,0.5735,0.4059,429.0,feature_table,"Chelsea, Flatiron & Union Sq"
50177253,VERDE,40.7430314,-74.0079425,246,West Chelsea/Hudson Yards,8,0,No Wait,0.0475,0.9234,344.0,feature_table,"Chelsea, Flatiron & Union Sq"
50177253,VERDE,40.7430314,-74.0079425,246,West Chelsea/Hudson Yards,14,0,No Wait,0.3515,0.4459,558.0,feature_table,"Chelsea, Flatiron & Union Sq"
50177253,VERDE,40.7430314,-74.0079425,246,West Chelsea/Hudson Yards,20,1,Queue Required,0.5945,0.4833,429.0,feature_table,"Chelsea, Flatiron & Union Sq"
50128644,M & D COFFEE CAFE,40.8037712,-73.9534408,41,Central Harlem,8,0,No Wait,0.4243,0.4079,75.0,feature_table,Harlem
50128644,M & D COFFEE CAFE,40.8037712,-73.9534408,41,Central Harlem,14,1,Queue Required,0.6641,0.5006,169.0,feature_table,Harlem
50128644,M & D COFFEE CAFE,40.8037712,-73.9534408,41,Central Harlem,20,2,Severe Queue,0.6489,0.4346,184.0,feature_table,Harlem
41688349,DUNKIN,40.7986084,-73.9527871,41,Central Harlem,8,1,Queue Required,0.6195,0.4335,75.0,feature_table,Harlem
41688349,DUNKIN,40.7986084,-73.9527871,41,Central Harlem,14,2,Severe Queue,0.7613,0.5361,169.0,feature_table,Harlem
41688349,DUNKIN,40.7986084,-73.9527871,41,Central Harlem,20,0,No Wait,0.4519,0.4067,184.0,feature_table,Harlem
50086458,PIZZA PLUS,40.701009,-74.0130246,88,Financial District South,8,0,No Wait,0.3618,0.5178,154.0,feature_table,Lower Manhattan
50086458,PIZZA PLUS,40.701009,-74.0130246,88,Financial District South,14,2,Severe Queue,0.8201,0.6462,143.0,feature_table,Lower Manhattan
50086458,PIZZA PLUS,40.701009,-74.0130246,88,Financial District South,20,2,Severe Queue,0.7654,0.6188,111.0,feature_table,Lower Manhattan
50145771,LUCKY TIGER NYC,40.7035113,-74.0107685,88,Financial District South,8,0,No Wait,0.1006,0.8686,154.0,feature_table,Lower Manhattan
50145771,LUCKY TIGER NYC,40.7035113,-74.0107685,88,Financial District South,14,2,Severe Queue,0.587,0.3933,143.0,feature_table,Lower Manhattan
50145771,LUCKY TIGER NYC,40.7035113,-74.0107685,88,Financial District South,20,2,Severe Queue,0.7209,0.5271,111.0,feature_table,Lower Manhattan
50083936,ROCKBAR,40.7327194,-74.0097278,158,Meatpacking/West Village West,8,0,No Wait,0.0618,0.8918,80.0,feature_table,Village & LES
50083936,ROCKBAR,40.7327194,-74.0097278,158,Meatpacking/West Village West,14,1,Queue Required,0.4846,0.3476,243.0,feature_table,Village & LES
50083936,ROCKBAR,40.7327194,-74.0097278,158,Meatpacking/West Village West,20,2,Severe Queue,0.799,0.6667,430.0,feature_table,Village & LES
50124130,SHAKE SHACK,40.7395673,-74.00847379999999,158,Meatpacking/West Village West,8,0,No Wait,0.3356,0.5277,80.0,feature_table,Village & LES
50124130,SHAKE SHACK,40.7395673,-74.00847379999999,158,Meatpacking/West Village West,14,2,Severe Queue,0.9126,0.8361,243.0,feature_table,Village & LES
50124130,SHAKE SHACK,40.7395673,-74.00847379999999,158,Meatpacking/West Village West,20,0,No Wait,0.4408,0.4727,430.0,feature_table,Village & LES
50097403,SWEETGREEN,40.7442426,-73.9729059,233,UN/Turtle Bay South,8,1,Queue Required,0.4422,0.377,247.0,feature_table,Midtown
50097403,SWEETGREEN,40.7442426,-73.9729059,233,UN/Turtle Bay South,14,2,Severe Queue,0.8692,0.7492,383.0,feature_table,Midtown
50097403,SWEETGREEN,40.7442426,-73.9729059,233,UN/Turtle Bay South,20,0,No Wait,0.3567,0.4952,348.0,feature_table,Midtown
50092596,KAORU RESTAURANT,40.752021,-73.9699042,233,UN/Turtle Bay South,8,0,No Wait,0.0144,0.9782,247.0,feature_table,Midtown
50092596,KAORU RESTAURANT,40.752021,-73.9699042,233,UN/Turtle Bay South,14,1,Queue Required,0.5626,0.4173,383.0,feature_table,Midtown
50092596,KAORU RESTAURANT,40.752021,-73.9699042,233,UN/Turtle Bay South,20,2,Severe Queue,0.8402,0.7361,348.0,feature_table,Midtown
50117960,THE CROOKED KNIFE,40.7420555,-73.9775365,137,Kips Bay,8,0,No Wait,0.1155,0.8305,273.0,feature_table,"Chelsea, Flatiron & Union Sq"
50117960,THE CROOKED KNIFE,40.7420555,-73.9775365,137,Kips Bay,14,1,Queue Required,0.606,0.454,277.0,feature_table,"Chelsea, Flatiron & Union Sq"
50117960,THE CROOKED KNIFE,40.7420555,-73.9775365,137,Kips Bay,20,2,Severe Queue,0.7027,0.4986,311.0,feature_table,"Chelsea, Flatiron & Union Sq"
50081233,FLAVOR'S HOUSE,40.7395979,-73.9799956,137,Kips Bay,8,0,No Wait,0.2144,0.6893,273.0,feature_table,"Chelsea, Flatiron & Union Sq"
50081233,FLAVOR'S HOUSE,40.7395979,-73.9799956,137,Kips Bay,14,2,Severe Queue,0.7033,0.4995,277.0,feature_table,"Chelsea, Flatiron & Union Sq"
50081233,FLAVOR'S HOUSE,40.7395979,-73.9799956,137,Kips Bay,20,2,Severe Queue,0.6991,0.5374,311.0,feature_table,"Chelsea, Flatiron & Union Sq"
50119564,HOMEMADE TAQUERIA,40.8011736,-73.9612121,24,Bloomingdale,8,0,No Wait,0.0322,0.9441,31.0,feature_table,Upper West Side
50119564,HOMEMADE TAQUERIA,40.8011736,-73.9612121,24,Bloomingdale,14,1,Queue Required,0.6911,0.4869,72.0,feature_table,Upper West Side
50119564,HOMEMADE TAQUERIA,40.8011736,-73.9612121,24,Bloomingdale,20,2,Severe Queue,0.8258,0.6928,74.0,feature_table,Upper West Side
50166461,NAI BROTHER SAUERKRAUT FISH,40.8034301,-73.9675838,24,Bloomingdale,8,0,No Wait,0.0242,0.9581,31.0,feature_table,Upper West Side
50166461,NAI BROTHER SAUERKRAUT FISH,40.8034301,-73.9675838,24,Bloomingdale,14,2,Severe Queue,0.8873,0.7869,72.0,feature_table,Upper West Side
50166461,NAI BROTHER SAUERKRAUT FISH,40.8034301,-73.9675838,24,Bloomingdale,20,2,Severe Queue,0.8718,0.7844,74.0,feature_table,Upper West Side
50169163,LUCKY DRAGON,40.7740435,-73.94818269999999,262,Yorkville East,8,0,No Wait,0.1265,0.8434,133.0,feature_table,Upper East Side
50169163,LUCKY DRAGON,40.7740435,-73.94818269999999,262,Yorkville East,14,2,Severe Queue,0.8088,0.6915,306.0,feature_table,Upper East Side
50169163,LUCKY DRAGON,40.7740435,-73.94818269999999,262,Yorkville East,20,2,Severe Queue,0.725,0.6205,334.0,feature_table,Upper East Side
50172531,ASPHALT GREEN CAFE,40.7791021,-73.9440973,262,Yorkville East,8,0,No Wait,0.4171,0.4177,133.0,feature_table,Upper East Side
50172531,ASPHALT GREEN CAFE,40.7791021,-73.9440973,262,Yorkville East,14,2,Severe Queue,0.8504,0.8151,306.0,feature_table,Upper East Side
50172531,ASPHALT GREEN CAFE,40.7791021,-73.9440973,262,Yorkville East,20,2,Severe Queue,0.5821,0.5363,334.0,feature_table,Upper East Side
50155359,HELL'S KITCHEN PICKLEBALL CLUB,40.765641,-73.9970948,50,Clinton West,8,1,Queue Required,0.4953,0.641,119.0,feature_table,Midtown
50155359,HELL'S KITCHEN PICKLEBALL CLUB,40.765641,-73.9970948,50,Clinton West,14,1,Queue Required,0.5678,0.6801,269.0,feature_table,Midtown
50155359,HELL'S KITCHEN PICKLEBALL CLUB,40.765641,-73.9970948,50,Clinton West,20,1,Queue Required,0.5589,0.4828,264.0,feature_table,Midtown
50166964,CITY TAVERN & TABLE,40.7709893,-73.9925681,50,Clinton West,8,0,No Wait,0.1542,0.7651,119.0,feature_table,Midtown
50166964,CITY TAVERN & TABLE,40.7709893,-73.9925681,50,Clinton West,14,1,Queue Required,0.5674,0.4153,269.0,feature_table,Midtown
50166964,CITY TAVERN & TABLE,40.7709893,-73.9925681,50,Clinton West,20,2,Severe Queue,0.646,0.5199,264.0,feature_table,Midtown
41629135,CHINA WOK KITCHEN,40.7221561,-73.9774411,4,Alphabet City,8,0,No Wait,0.0382,0.944,31.0,feature_table,Village & LES
41629135,CHINA WOK KITCHEN,40.7221561,-73.9774411,4,Alphabet City,14,2,Severe Queue,0.7629,0.5872,84.0,feature_table,Village & LES
41629135,CHINA WOK KITCHEN,40.7221561,-73.9774411,4,Alphabet City,20,2,Severe Queue,0.7584,0.5932,235.0,feature_table,Village & LES
50148722,COMMODORE II,40.7210766,-73.9808712,4,Alphabet City,8,0,No Wait,0.0502,0.9265,31.0,feature_table,Village & LES
50148722,COMMODORE II,40.7210766,-73.9808712,4,Alphabet City,14,0,No Wait,0.4535,0.4031,84.0,feature_table,Village & LES
50148722,COMMODORE II,40.7210766,-73.9808712,4,Alphabet City,20,2,Severe Queue,0.7668,0.5919,235.0,feature_table,Village & LES
50125741,MUGHLAI INDIAN CUISINE,40.7095408,-74.0127065,261,World Trade Center,8,0,No Wait,0.028,0.9617,108.0,feature_table,Lower Manhattan
50125741,MUGHLAI INDIAN CUISINE,40.7095408,-74.0127065,261,World Trade Center,14,2,Severe Queue,0.6572,0.4625,171.0,feature_table,Lower Manhattan
50125741,MUGHLAI INDIAN CUISINE,40.7095408,-74.0127065,261,World Trade Center,20,2,Severe Queue,0.743,0.6059,160.0,feature_table,Lower Manhattan
50089310,DEAR MAMA COFFEE,40.8167463,-73.95859949999999,152,Manhattanville,8,1,Queue Required,0.4149,0.5551,22.0,feature_table,Harlem
50089310,DEAR MAMA COFFEE,40.8167463,-73.95859949999999,152,Manhattanville,14,2,Severe Queue,0.896,0.8181,56.0,feature_table,Harlem
50089310,DEAR MAMA COFFEE,40.8167463,-73.95859949999999,152,Manhattanville,20,0,No Wait,0.1905,0.7685,46.0,feature_table,Harlem
50036360,HOUSEMAN,40.7256608,-74.0093204,125,Hudson Sq,8,0,No Wait,0.0844,0.8729,66.0,feature_table,Lower Manhattan
50036360,HOUSEMAN,40.7256608,-74.0093204,125,Hudson Sq,14,2,Severe Queue,0.5448,0.3668,132.0,feature_table,Lower Manhattan
50036360,HOUSEMAN,40.7256608,-74.0093204,125,Hudson Sq,20,2,Severe Queue,0.7579,0.6429,175.0,feature_table,Lower Manhattan
50180639,LOONG RAMEN,40.7080246,-74.0180158,13,Battery Park City,8,0,No Wait,0.0834,0.8721,206.0,feature_table,Lower Manhattan
50180639,LOONG RAMEN,40.7080246,-74.0180158,13,Battery Park City,14,2,Severe Queue,0.7494,0.5846,199.0,feature_table,Lower Manhattan
50180639,LOONG RAMEN,40.7080246,-74.0180158,13,Battery Park City,20,2,Severe Queue,0.728,0.6141,183.0,feature_table,Lower Manhattan
50042533,DORLAN'S TAVERN,40.7072414,-74.0023902,209,Seaport,8,0,No Wait,0.0513,0.9123,35.0,feature_table,Lower Manhattan
50042533,DORLAN'S TAVERN,40.7072414,-74.0023902,209,Seaport,14,2,Severe Queue,0.6332,0.4485,81.0,feature_table,Lower Manhattan
50042533,DORLAN'S TAVERN,40.7072414,-74.0023902,209,Seaport,20,2,Severe Queue,0.8556,0.7554,119.0,feature_table,Lower Manhattan
50178227,THE CAFE @ CORNELL TECH,40.7554148,-73.9562424,202,Roosevelt Island,8,0,No Wait,0.3326,0.4601,3.0,feature_table,Upper East Side
50178227,THE CAFE @ CORNELL TECH,40.7554148,-73.9562424,202,Roosevelt Island,14,2,Severe Queue,0.9104,0.863,19.0,feature_table,Upper East Side
50178227,THE CAFE @ CORNELL TECH,40.7554148,-73.9562424,202,Roosevelt Island,20,0,No Wait,0.3113,0.6214,17.0,feature_table,Upper East Side
50107564,FRIEDMAN'S / PICK A BAGEL,40.7732351,-73.9895502,143,Lincoln Square West,8,0,No Wait,0.1128,0.85,165.0,feature_table,Upper West Side
50107564,FRIEDMAN'S / PICK A BAGEL,40.7732351,-73.9895502,143,Lincoln Square West,14,2,Severe Queue,0.6821,0.5573,337.0,feature_table,Upper West Side
50107564,FRIEDMAN'S / PICK A BAGEL,40.7732351,-73.9895502,143,Lincoln Square West,20,2,Severe Queue,0.8105,0.7331,288.0,feature_table,Upper West Side
50051981,FIVESTUY CAFE,40.7318647,-73.97888329999999,224,Stuy Town/Peter Cooper Village,8,1,Queue Required,0.4618,0.6429,27.0,feature_table,"Chelsea, Flatiron & Union Sq"
50051981,FIVESTUY CAFE,40.7318647,-73.97888329999999,224,Stuy Town/Peter Cooper Village,14,2,Severe Queue,0.9505,0.9098,73.0,feature_table,"Chelsea, Flatiron & Union Sq"
50051981,FIVESTUY CAFE,40.7318647,-73.97888329999999,224,Stuy Town/Peter Cooper Village,20,0,No Wait,0.3522,0.5818,118.0,feature_table,"Chelsea, Flatiron & Union Sq"
40393154,AMSTERDAM BILLIARDS,40.7317088,-73.98994239999999,79,East Village,8,0,No Wait,0.0576,0.9058,123.0,feature_table,Village & LES
40393154,AMSTERDAM BILLIARDS,40.7317088,-73.98994239999999,79,East Village,14,1,Queue Required,0.4985,0.5977,382.0,feature_table,Village & LES
40393154,AMSTERDAM BILLIARDS,40.7317088,-73.98994239999999,79,East Village,20,2,Severe Queue,0.7691,0.5986,902.0,feature_table,Village & LES
