order_id,user_id,restaurant_id,order_time,reservation_time,party_size,cuisine,estimated_travel_minutes,estimated_wait_minutes,actual_wait_minutes,order_status,total_amount,discount_used,discount_amount,created_at
1,1,50165007,2026-05-03 11:22:46,2026-05-03 12:07:46,4,American,42.9,0.0,2.1,completed,271.14,False,0.0,2026-05-03 11:22:46
2,1,40384671,2026-03-25 12:23:39,2026-03-25 12:53:39,2,French,25.4,0.0,4.3,cancelled,16.44,False,0.0,2026-03-25 12:23:39
3,2,50137589,2026-03-11 18:53:59,2026-03-11 19:53:59,2,Italian,31.0,0.0,0.4,completed,19.51,False,0.0,2026-03-11 18:53:59
4,2,50128782,2026-05-30 12:33:44,2026-05-30 13:33:44,3,Latin American,40.3,0.0,0.0,completed,136.81,False,0.0,2026-05-30 12:33:44
5,2,50136413,2026-03-28 19:16:38,2026-03-28 19:46:38,1,Pizza,42.4,0.0,2.4,completed,25.99,False,0.0,2026-03-28 19:16:38
6,2,41127243,2026-05-08 13:08:52,2026-05-08 13:38:52,1,Latin American,11.1,0.0,0.0,completed,8.56,False,0.0,2026-05-08 13:08:52
7,2,50104409,2026-03-28 20:42:22,2026-03-28 22:42:22,2,Latin American,22.7,0.0,2.4,completed,35.87,True,3.59,2026-03-28 20:42:22
8,2,40729164,2026-04-04 19:16:35,2026-04-04 19:46:35,4,American,33.4,0.0,0.0,completed,22.24,True,2.22,2026-04-04 19:16:35
9,2,50056074,2026-05-30 20:41:28,2026-05-30 21:26:28,2,Coffee/Tea,25.6,0.0,0.0,cancelled,21.29,False,0.0,2026-05-30 20:41:28
10,2,40402026,2026-04-20 16:03:16,2026-04-20 18:03:16,2,Latin American,35.8,0.0,0.8,completed,17.33,False,0.0,2026-04-20 16:03:16
11,2,41047105,2026-04-13 18:33:27,2026-04-13 18:48:27,2,Pizza,13.6,0.0,4.7,completed,43.9,False,0.0,2026-04-13 18:33:27
12,2,41301130,2026-03-29 13:40:43,2026-03-29 14:25:43,3,Latin American,8.8,5.1,6.1,completed,81.85,False,0.0,2026-03-29 13:40:43
13,4,50165996,2026-04-30 10:27:05,2026-04-30 11:27:05,2,Bagels/Pretzels,26.6,0.0,0.0,completed,26.63,False,0.0,2026-04-30 10:27:05
14,4,50112305,2026-05-16 17:15:44,2026-05-16 17:45:44,1,American,8.3,0.0,0.0,completed,7.5,False,0.0,2026-05-16 17:15:44
15,4,50051556,2026-05-17 17:02:51,2026-05-17 17:32:51,1,Latin American,44.8,0.0,0.0,completed,6.88,True,1.38,2026-05-17 17:02:51
16,4,50114428,2026-03-28 18:23:39,2026-03-28 19:23:39,2,Asian/Asian Fusion,19.7,0.0,4.5,completed,25.34,False,0.0,2026-03-28 18:23:39
17,5,50151764,2026-03-03 20:42:24,2026-03-03 21:27:24,2,Sandwiches,35.6,0.0,0.0,completed,50.06,False,0.0,2026-03-03 20:42:24
18,5,50043445,2026-03-31 19:54:45,2026-03-31 20:09:45,1,American,36.8,0.0,0.9,completed,43.36,False,0.0,2026-03-31 19:54:45
19,5,40394207,2026-05-07 20:02:45,2026-05-07 20:47:45,2,French,7.4,7.6,6.8,completed,77.4,False,0.0,2026-05-07 20:02:45
20,6,50090465,2026-03-19 18:26:01,2026-03-19 18:56:01,2,Chinese,13.3,0.0,1.2,cancelled,30.32,False,0.0,2026-03-19 18:26:01
21,6,50002626,2026-05-11 13:17:53,2026-05-11 14:17:53,1,Chinese,42.5,0.0,2.5,completed,22.11,False,0.0,2026-05-11 13:17:53
22,6,50182125,2026-04-17 16:41:37,2026-04-17 17:26:37,2,Chinese,41.0,0.0,0.0,completed,45.61,False,0.0,2026-04-17 16:41:37
23,6,41283714,2026-04-14 20:19:34,2026-04-14 20:34:34,2,American,30.2,0.0,3.8,completed,110.52,False,0.0,2026-04-14 20:19:34
24,6,50150589,2026-03-24 13:49:09,2026-03-24 14:19:09,4,Korean,14.3,0.0,1.6,completed,88.09,False,0.0,2026-03-24 13:49:09
25,7,41289647,2026-05-06 12:48:32,2026-05-06 13:33:32,2,French,42.6,5.1,3.2,completed,130.68,False,0.0,2026-05-06 12:48:32
26,7,50152655,2026-03-19 08:45:51,2026-03-19 09:15:51,2,French,14.0,5.8,3.3,completed,34.11,False,0.0,2026-03-19 08:45:51
27,7,50157084,2026-03-18 17:18:37,2026-03-18 17:33:37,3,French,42.6,0.0,5.6,completed,58.07,False,0.0,2026-03-18 17:18:37
28,7,40600780,2026-05-02 11:34:23,2026-05-02 12:04:23,2,French,21.0,0.0,0.0,completed,155.3,False,0.0,2026-05-02 11:34:23
29,7,50121731,2026-04-24 20:41:24,2026-04-24 21:11:24,2,Asian/Asian Fusion,9.8,0.0,0.0,completed,154.59,False,0.0,2026-04-24 20:41:24
30,7,50048250,2026-05-27 19:26:12,2026-05-27 19:56:12,2,French,31.6,1.5,2.1,cancelled,92.58,False,0.0,2026-05-27 19:26:12
31,8,41243535,2026-04-27 11:15:28,2026-04-27 12:45:28,1,Chinese,24.9,0.0,0.6,completed,84.09,False,0.0,2026-04-27 11:15:28
32,8,50099221,2026-05-04 13:48:55,2026-05-04 14:48:55,4,Other,12.6,0.0,0.0,completed,249.13,True,37.37,2026-05-04 13:48:55
33,8,50176207,2026-04-06 19:42:54,2026-04-06 19:57:54,3,Other,8.4,0.0,0.0,cancelled,158.72,False,0.0,2026-04-06 19:42:54
34,8,50085687,2026-05-14 15:32:22,2026-05-14 17:02:22,4,Frozen Desserts,7.2,0.0,0.0,completed,449.39,False,0.0,2026-05-14 15:32:22
35,9,50106402,2026-05-10 17:37:24,2026-05-10 18:37:24,5,Pizza,21.1,0.0,2.7,completed,102.96,False,0.0,2026-05-10 17:37:24
36,10,50044841,2026-04-19 18:42:25,2026-04-19 20:42:25,2,Donuts,32.8,0.0,3.7,completed,37.01,False,0.0,2026-04-19 18:42:25
37,10,50054315,2026-05-27 20:30:38,2026-05-27 22:00:38,3,Bakery Products/Desserts,41.9,0.0,6.0,completed,119.33,False,0.0,2026-05-27 20:30:38
38,11,50106296,2026-04-27 19:47:02,2026-04-27 20:02:02,1,"Juice, Smoothies, Fruit Salads",35.5,0.0,0.0,completed,13.02,False,0.0,2026-04-27 19:47:02
39,11,50165837,2026-04-16 18:06:28,2026-04-16 19:06:28,2,"Juice, Smoothies, Fruit Salads",22.7,0.0,0.0,completed,135.36,False,0.0,2026-04-16 18:06:28
40,11,50138942,2026-04-02 19:24:40,2026-04-02 19:54:40,2,Coffee/Tea,37.9,0.0,1.5,cancelled,38.1,False,0.0,2026-04-02 19:24:40
41,12,50177986,2026-03-30 17:20:02,2026-03-30 18:05:02,1,Mediterranean,30.0,0.0,2.9,completed,17.52,False,0.0,2026-03-30 17:20:02
42,12,50096064,2026-03-21 17:13:05,2026-03-21 17:43:05,1,Bakery Products/Desserts,17.0,0.0,1.6,completed,32.72,True,8.18,2026-03-21 17:13:05
43,12,50159190,2026-05-14 15:07:10,2026-05-14 15:22:10,3,Bakery Products/Desserts,8.6,0.0,0.0,completed,163.68,False,0.0,2026-05-14 15:07:10
44,12,41225503,2026-04-13 21:04:13,2026-04-13 21:49:13,1,Mediterranean,29.0,0.3,0.0,completed,67.28,True,13.46,2026-04-13 21:04:13
45,13,50032643,2026-03-07 18:42:10,2026-03-07 19:27:10,3,Mexican,28.4,0.0,1.5,completed,66.61,True,16.65,2026-03-07 18:42:10
46,13,50172144,2026-05-30 18:14:22,2026-05-30 18:44:22,5,Mexican,6.5,0.0,0.0,completed,90.67,False,0.0,2026-05-30 18:14:22
47,13,50063273,2026-03-25 17:11:22,2026-03-25 18:11:22,2,Mexican,38.2,0.0,0.0,completed,19.43,True,1.94,2026-03-25 17:11:22
48,14,50106218,2026-05-08 20:51:55,2026-05-08 21:51:55,4,Bakery Products/Desserts,12.0,0.0,0.0,completed,133.23,False,0.0,2026-05-08 20:51:55
49,14,41320866,2026-05-17 20:57:17,2026-05-17 21:12:17,3,Chinese,25.8,0.0,0.0,completed,19.68,False,0.0,2026-05-17 20:57:17
50,14,50119572,2026-03-08 14:36:04,2026-03-08 16:06:04,3,Korean,32.3,0.0,0.0,completed,58.74,True,8.81,2026-03-08 14:36:04
51,15,50072352,2026-05-14 20:45:09,2026-05-14 21:00:09,1,Asian/Asian Fusion,20.5,0.0,0.0,completed,51.4,False,0.0,2026-05-14 20:45:09
52,16,50162544,2026-03-18 19:10:04,2026-03-18 19:25:04,2,Indian,21.2,0.0,0.0,cancelled,95.24,True,14.29,2026-03-18 19:10:04
53,17,50154925,2026-03-01 17:16:32,2026-03-01 18:16:32,2,Chinese,22.1,0.0,0.0,completed,67.1,False,0.0,2026-03-01 17:16:32
54,17,50181932,2026-05-25 09:57:08,2026-05-25 10:12:08,2,Chinese,19.0,0.0,0.0,completed,25.48,False,0.0,2026-05-25 09:57:08
55,17,50101167,2026-05-06 17:30:23,2026-05-06 18:00:23,2,Italian,22.9,0.0,2.3,completed,159.71,True,23.96,2026-05-06 17:30:23
56,18,50104728,2026-03-20 16:51:14,2026-03-20 17:51:14,2,Mexican,12.2,0.0,0.9,completed,132.73,False,0.0,2026-03-20 16:51:14
57,18,50144746,2026-04-13 11:01:07,2026-04-13 11:31:07,2,Thai,28.4,0.0,0.0,completed,424.06,False,0.0,2026-04-13 11:01:07
58,18,50137495,2026-03-03 09:06:46,2026-03-03 10:36:46,2,Chicken,12.1,0.0,2.5,completed,144.75,True,14.47,2026-03-03 09:06:46
59,18,50186368,2026-03-27 13:09:13,2026-03-27 14:39:13,1,Mexican,35.9,0.0,0.1,completed,35.44,False,0.0,2026-03-27 13:09:13
60,18,50087619,2026-03-06 13:44:56,2026-03-06 13:59:56,5,Pizza,35.0,0.0,3.0,completed,374.01,False,0.0,2026-03-06 13:44:56
61,18,50120506,2026-04-10 13:40:19,2026-04-10 15:10:19,5,Chicken,38.3,0.0,1.0,completed,93.53,False,0.0,2026-04-10 13:40:19
62,19,50119988,2026-05-28 17:01:41,2026-05-28 17:31:41,1,Italian,33.8,0.0,0.0,completed,9.67,False,0.0,2026-05-28 17:01:41
63,20,50084773,2026-03-25 12:26:12,2026-03-25 13:56:12,4,Sandwiches,17.2,0.0,2.4,cancelled,35.71,False,0.0,2026-03-25 12:26:12
64,20,50165548,2026-03-15 10:42:25,2026-03-15 11:42:25,1,Mexican,9.6,0.0,3.3,completed,15.67,False,0.0,2026-03-15 10:42:25
65,20,50134543,2026-05-27 14:41:05,2026-05-27 15:26:05,2,Mexican,7.1,0.0,2.9,completed,15.1,False,0.0,2026-05-27 14:41:05
66,20,50086101,2026-03-03 17:24:22,2026-03-03 17:39:22,2,Sandwiches,15.0,0.0,0.0,cancelled,24.8,False,0.0,2026-03-03 17:24:22
67,20,50055122,2026-04-20 09:44:00,2026-04-20 10:29:00,2,Mexican,25.0,0.0,0.0,completed,30.99,False,0.0,2026-04-20 09:44:00
68,21,41617898,2026-03-12 16:52:13,2026-03-12 18:52:13,2,Chicken,15.9,0.0,0.0,completed,141.61,True,21.24,2026-03-12 16:52:13
69,21,50180783,2026-04-03 12:27:26,2026-04-03 13:12:26,1,Bagels/Pretzels,32.8,0.0,8.1,completed,38.39,False,0.0,2026-04-03 12:27:26
70,21,50126034,2026-05-09 10:29:42,2026-05-09 10:59:42,1,New American,31.9,0.0,0.0,completed,20.32,True,4.06,2026-05-09 10:29:42
71,21,50137031,2026-05-26 20:10:41,2026-05-26 20:55:41,3,French,17.1,0.0,0.0,completed,370.79,False,0.0,2026-05-26 20:10:41
72,21,50076191,2026-03-29 18:43:03,2026-03-29 20:43:03,1,Chicken,6.1,0.0,0.0,completed,56.29,False,0.0,2026-03-29 18:43:03
73,23,50180219,2026-03-08 19:02:48,2026-03-08 20:32:48,2,Thai,9.1,0.0,1.0,cancelled,59.23,False,0.0,2026-03-08 19:02:48
74,23,40592981,2026-05-04 12:26:29,2026-05-04 12:41:29,2,French,40.8,49.9,59.0,completed,12.99,False,0.0,2026-05-04 12:26:29
75,23,50078200,2026-05-25 22:12:21,2026-05-25 22:42:21,2,Coffee/Tea,7.6,0.0,3.5,completed,61.68,False,0.0,2026-05-25 22:12:21
76,23,50097590,2026-04-06 13:31:28,2026-04-06 14:16:28,2,Coffee/Tea,28.8,0.0,0.2,completed,12.1,True,3.02,2026-04-06 13:31:28
77,25,41421237,2026-04-27 14:30:03,2026-04-27 15:00:03,2,Bakery Products/Desserts,8.7,0.0,0.0,completed,51.84,True,12.96,2026-04-27 14:30:03
78,25,50118311,2026-05-04 13:29:57,2026-05-04 13:59:57,1,Bakery Products/Desserts,42.4,0.0,0.0,completed,5.62,False,0.0,2026-05-04 13:29:57
79,25,50103503,2026-04-26 12:28:12,2026-04-26 12:58:12,3,Bakery Products/Desserts,31.2,0.0,0.0,cancelled,64.95,False,0.0,2026-04-26 12:28:12
80,25,50094984,2026-03-13 17:42:33,2026-03-13 19:12:33,2,Latin American,29.6,0.0,2.7,completed,46.93,False,0.0,2026-03-13 17:42:33
81,26,41083927,2026-04-19 18:21:34,2026-04-19 19:21:34,4,French,31.2,0.0,0.0,completed,118.94,False,0.0,2026-04-19 18:21:34
82,26,50072997,2026-03-29 22:25:22,2026-03-29 22:55:22,5,Thai,9.6,0.1,0.0,completed,141.45,False,0.0,2026-03-29 22:25:22
83,26,50060223,2026-03-15 16:39:41,2026-03-15 18:09:41,1,"Juice, Smoothies, Fruit Salads",16.6,0.0,1.7,completed,11.28,True,1.13,2026-03-15 16:39:41
84,26,41336628,2026-04-03 12:08:21,2026-04-03 12:23:21,2,French,39.6,0.0,0.5,completed,206.8,False,0.0,2026-04-03 12:08:21
85,26,50132017,2026-04-26 13:46:39,2026-04-26 14:31:39,3,"Juice, Smoothies, Fruit Salads",13.4,0.0,0.9,completed,69.2,False,0.0,2026-04-26 13:46:39
86,27,50045177,2026-04-29 15:01:20,2026-04-29 15:46:20,2,Irish,32.9,0.0,5.9,cancelled,53.41,False,0.0,2026-04-29 15:01:20
87,27,50117018,2026-04-15 21:51:59,2026-04-15 22:06:59,2,Chinese,13.7,0.0,0.9,completed,132.26,False,0.0,2026-04-15 21:51:59
88,27,50148837,2026-05-27 12:40:49,2026-05-27 13:10:49,2,Chinese,7.7,0.0,0.0,cancelled,77.59,False,0.0,2026-05-27 12:40:49
89,27,50107838,2026-03-16 11:54:52,2026-03-16 12:39:52,4,Chinese,24.0,0.0,5.2,cancelled,188.29,False,0.0,2026-03-16 11:54:52
90,28,50163877,2026-03-10 21:27:42,2026-03-10 21:57:42,2,Italian,43.7,0.0,0.7,completed,49.67,False,0.0,2026-03-10 21:27:42
91,28,50142175,2026-05-27 09:39:17,2026-05-27 09:54:17,1,Italian,20.9,0.0,0.1,completed,64.27,False,0.0,2026-05-27 09:39:17
92,29,50172555,2026-05-21 09:38:25,2026-05-21 10:38:25,1,Other,27.9,0.0,0.7,cancelled,115.46,False,0.0,2026-05-21 09:38:25
93,29,50142191,2026-05-29 12:18:13,2026-05-29 13:03:13,2,Chinese,28.1,0.0,0.0,completed,50.84,False,0.0,2026-05-29 12:18:13
94,29,50131256,2026-05-25 21:18:38,2026-05-25 22:48:38,2,Chinese,39.2,0.0,0.0,completed,49.5,False,0.0,2026-05-25 21:18:38
95,29,50000153,2026-05-25 19:17:06,2026-05-25 20:02:06,5,American,16.5,0.0,0.0,completed,138.73,False,0.0,2026-05-25 19:17:06
96,29,50059265,2026-04-18 11:46:44,2026-04-18 13:16:44,1,Chinese,21.7,8.3,7.2,completed,161.31,False,0.0,2026-04-18 11:46:44
97,29,40677553,2026-03-30 18:08:24,2026-03-30 19:08:24,3,American,10.0,0.0,1.0,completed,127.91,False,0.0,2026-03-30 18:08:24
98,29,50057988,2026-05-28 14:58:07,2026-05-28 15:13:07,3,Chinese,37.6,0.0,0.0,completed,34.57,False,0.0,2026-05-28 14:58:07
99,29,41207574,2026-05-08 18:28:41,2026-05-08 19:58:41,1,Italian,11.0,0.0,0.0,completed,28.13,False,0.0,2026-05-08 18:28:41
100,29,50106529,2026-05-22 11:27:37,2026-05-22 11:57:37,3,Italian,42.5,0.0,0.0,completed,46.05,False,0.0,2026-05-22 11:27:37
101,30,50159203,2026-04-03 20:22:31,2026-04-03 20:52:31,2,Jewish/Kosher,20.0,0.0,0.1,completed,99.99,False,0.0,2026-04-03 20:22:31
102,30,50162901,2026-05-24 13:46:15,2026-05-24 14:46:15,2,Asian/Asian Fusion,5.8,0.0,0.0,completed,14.87,False,0.0,2026-05-24 13:46:15
103,30,50161096,2026-03-23 12:52:39,2026-03-23 13:37:39,3,Latin American,23.8,27.0,22.1,completed,111.61,False,0.0,2026-03-23 12:52:39
104,31,50088224,2026-05-18 20:58:02,2026-05-18 21:43:02,5,Irish,19.1,1.5,4.7,completed,100.25,False,0.0,2026-05-18 20:58:02
105,31,50125560,2026-05-04 12:11:02,2026-05-04 12:56:02,2,Pizza,36.2,0.0,0.0,completed,49.8,False,0.0,2026-05-04 12:11:02
106,31,50176321,2026-04-25 10:17:00,2026-04-25 11:17:00,3,Pizza,29.4,0.0,0.0,completed,35.07,False,0.0,2026-04-25 10:17:00
107,31,50078895,2026-03-03 16:22:46,2026-03-03 16:37:46,2,"Juice, Smoothies, Fruit Salads",39.9,0.0,0.0,completed,31.11,False,0.0,2026-03-03 16:22:46
108,31,50113372,2026-03-11 16:22:32,2026-03-11 16:52:32,2,Pizza,28.9,0.0,0.0,completed,38.78,False,0.0,2026-03-11 16:22:32
109,32,50019055,2026-03-13 12:38:20,2026-03-13 14:38:20,2,Coffee/Tea,11.4,0.0,3.5,completed,84.34,False,0.0,2026-03-13 12:38:20
110,32,50033249,2026-04-03 15:51:01,2026-04-03 16:06:01,2,American,39.2,0.0,4.1,cancelled,188.23,False,0.0,2026-04-03 15:51:01
111,32,50128630,2026-04-06 20:44:39,2026-04-06 22:14:39,1,Chinese,38.3,0.0,0.8,completed,26.28,False,0.0,2026-04-06 20:44:39
112,33,41138983,2026-03-24 22:14:06,2026-03-24 22:44:06,1,American,5.3,0.0,0.0,completed,111.15,False,0.0,2026-03-24 22:14:06
113,33,50165225,2026-03-24 10:29:34,2026-03-24 10:59:34,2,Chinese,28.9,0.0,2.2,completed,154.46,False,0.0,2026-03-24 10:29:34
114,33,41513849,2026-04-08 18:09:02,2026-04-08 18:39:02,2,Chinese,18.0,0.0,0.0,completed,48.51,False,0.0,2026-04-08 18:09:02
115,33,50116603,2026-03-17 16:13:12,2026-03-17 16:28:12,2,Chinese,19.8,0.0,0.0,completed,102.68,False,0.0,2026-03-17 16:13:12
116,33,50133797,2026-03-31 09:38:28,2026-03-31 10:08:28,4,Other,25.8,0.0,1.0,completed,424.14,False,0.0,2026-03-31 09:38:28
117,33,50073848,2026-05-04 18:57:36,2026-05-04 20:27:36,3,Coffee/Tea,6.6,0.0,0.7,completed,107.83,True,21.57,2026-05-04 18:57:36
118,33,50072791,2026-05-25 20:05:33,2026-05-25 21:35:33,2,Chinese,8.0,0.0,3.6,completed,47.49,False,0.0,2026-05-25 20:05:33
119,33,50148327,2026-04-04 18:34:21,2026-04-04 19:34:21,2,Other,11.0,0.0,0.0,completed,77.13,False,0.0,2026-04-04 18:34:21
120,33,50168354,2026-05-15 17:40:39,2026-05-15 18:25:39,3,Other,27.7,0.0,0.0,completed,189.91,False,0.0,2026-05-15 17:40:39
121,33,50172025,2026-03-19 12:01:29,2026-03-19 12:46:29,5,Chinese,18.1,0.0,1.9,completed,408.5,False,0.0,2026-03-19 12:01:29
122,33,50166642,2026-05-26 13:24:41,2026-05-26 13:54:41,4,Chinese,37.5,0.0,0.0,no_show,41.17,False,0.0,2026-05-26 13:24:41
123,33,50146218,2026-05-27 16:24:47,2026-05-27 17:09:47,4,Chinese,28.2,0.0,1.1,completed,182.8,False,0.0,2026-05-27 16:24:47
124,33,50140565,2026-05-11 11:45:18,2026-05-11 12:30:18,4,Other,10.8,0.0,0.0,completed,275.31,False,0.0,2026-05-11 11:45:18
125,33,50126747,2026-04-04 17:01:02,2026-04-04 17:46:02,1,Chinese,33.6,0.0,2.4,completed,47.41,False,0.0,2026-04-04 17:01:02
126,34,50046405,2026-05-08 15:26:13,2026-05-08 15:41:13,2,Indian,9.6,0.0,1.0,completed,79.16,False,0.0,2026-05-08 15:26:13
127,34,50043698,2026-04-25 19:48:35,2026-04-25 20:48:35,6,Coffee/Tea,7.7,0.0,3.4,completed,144.03,False,0.0,2026-04-25 19:48:35
128,35,41696848,2026-04-23 19:44:55,2026-04-23 20:44:55,2,Coffee/Tea,40.8,0.0,0.0,completed,88.93,False,0.0,2026-04-23 19:44:55
129,35,50123492,2026-04-08 11:31:24,2026-04-08 11:46:24,5,Indian,17.0,21.8,6.0,completed,79.43,False,0.0,2026-04-08 11:31:24
130,35,50123955,2026-05-20 11:21:40,2026-05-20 11:36:40,2,Coffee/Tea,32.3,0.0,0.0,completed,56.8,False,0.0,2026-05-20 11:21:40
131,35,50042698,2026-03-20 20:39:15,2026-03-20 21:24:15,2,Coffee/Tea,23.1,0.0,0.0,completed,56.02,False,0.0,2026-03-20 20:39:15
132,35,50143257,2026-05-19 20:31:56,2026-05-19 22:01:56,3,Coffee/Tea,28.3,0.0,2.3,completed,38.36,False,0.0,2026-05-19 20:31:56
133,35,50117965,2026-03-24 19:44:38,2026-03-24 21:14:38,4,Coffee/Tea,37.8,0.0,0.8,completed,66.39,False,0.0,2026-03-24 19:44:38
134,35,50125635,2026-04-19 21:29:58,2026-04-19 22:14:58,2,Coffee/Tea,24.0,0.0,0.0,completed,27.65,False,0.0,2026-04-19 21:29:58
135,35,41028662,2026-03-13 13:04:12,2026-03-13 13:34:12,2,Indian,15.4,0.0,0.0,completed,45.11,False,0.0,2026-03-13 13:04:12
136,36,50119855,2026-05-04 15:57:17,2026-05-04 16:42:17,1,American,21.2,2.9,7.1,cancelled,11.87,False,0.0,2026-05-04 15:57:17
137,36,50161085,2026-03-08 20:12:30,2026-03-08 21:42:30,2,Korean,43.1,0.0,1.7,completed,27.07,False,0.0,2026-03-08 20:12:30
138,36,50145294,2026-03-29 13:39:37,2026-03-29 13:54:37,2,Japanese,7.8,0.1,0.2,completed,18.07,False,0.0,2026-03-29 13:39:37
139,36,41282506,2026-04-13 18:20:17,2026-04-13 19:50:17,1,Bakery Products/Desserts,6.9,0.0,1.0,completed,7.78,False,0.0,2026-04-13 18:20:17
140,36,40370507,2026-04-15 22:30:22,2026-04-15 23:00:22,4,American,18.0,0.0,0.0,completed,129.64,False,0.0,2026-04-15 22:30:22
141,37,50006206,2026-05-12 14:23:47,2026-05-12 15:08:47,1,Mediterranean,22.9,0.0,0.4,completed,13.24,True,3.31,2026-05-12 14:23:47
142,37,50096032,2026-05-05 19:58:59,2026-05-05 20:28:59,2,Mediterranean,27.9,0.0,0.0,no_show,38.57,False,0.0,2026-05-05 19:58:59
143,37,50163211,2026-05-02 13:24:03,2026-05-02 13:54:03,3,Mexican,36.2,0.0,2.8,cancelled,67.66,True,13.53,2026-05-02 13:24:03
144,37,50032654,2026-04-28 12:53:26,2026-04-28 14:23:26,2,Mexican,40.6,0.0,0.0,completed,42.27,True,6.34,2026-04-28 12:53:26
145,37,50076821,2026-04-24 10:44:02,2026-04-24 12:14:02,2,American,38.5,0.0,0.0,completed,1.99,False,0.0,2026-04-24 10:44:02
146,37,50164299,2026-04-23 10:13:55,2026-04-23 12:13:55,4,Coffee/Tea,36.8,0.0,2.1,cancelled,153.36,False,0.0,2026-04-23 10:13:55
147,38,50135393,2026-05-28 12:21:37,2026-05-28 12:51:37,2,Other,35.6,0.0,0.0,completed,39.79,False,0.0,2026-05-28 12:21:37
148,38,50155654,2026-04-27 09:02:36,2026-04-27 09:47:36,5,Other,28.6,0.0,3.4,completed,168.15,False,0.0,2026-04-27 09:02:36
149,38,50160488,2026-04-14 16:19:24,2026-04-14 17:49:24,2,Other,32.2,0.0,0.0,completed,192.43,False,0.0,2026-04-14 16:19:24
150,40,50082132,2026-04-07 13:54:16,2026-04-07 14:24:16,2,Korean,22.6,0.0,0.0,completed,119.78,False,0.0,2026-04-07 13:54:16
151,40,50046914,2026-04-08 20:15:57,2026-04-08 21:00:57,1,Korean,21.4,0.0,4.2,no_show,34.48,False,0.0,2026-04-08 20:15:57
152,41,50158853,2026-05-02 12:13:00,2026-05-02 12:58:00,4,Bakery Products/Desserts,18.9,0.0,0.3,completed,78.7,False,0.0,2026-05-02 12:13:00
153,41,50146172,2026-04-30 20:21:30,2026-04-30 21:21:30,3,Sandwiches,39.6,0.0,0.3,completed,228.6,False,0.0,2026-04-30 20:21:30
154,41,41628099,2026-05-08 13:50:36,2026-05-08 14:35:36,4,Bakery Products/Desserts,31.0,0.0,0.0,completed,78.84,False,0.0,2026-05-08 13:50:36
155,41,50145608,2026-04-22 08:14:51,2026-04-22 08:29:51,3,Bakery Products/Desserts,24.9,0.0,6.0,cancelled,163.96,True,16.4,2026-04-22 08:14:51
156,41,50088962,2026-03-27 21:28:23,2026-03-27 22:13:23,2,Coffee/Tea,11.5,0.0,0.0,completed,13.76,False,0.0,2026-03-27 21:28:23
157,41,50146219,2026-05-18 17:17:22,2026-05-18 17:47:22,4,Sandwiches,33.4,0.0,0.0,completed,189.43,False,0.0,2026-05-18 17:17:22
158,41,50181305,2026-03-23 08:41:54,2026-03-23 09:11:54,4,Other,18.8,1.0,0.0,completed,76.05,True,19.01,2026-03-23 08:41:54
159,41,50105561,2026-04-23 17:28:10,2026-04-23 17:58:10,2,Bakery Products/Desserts,23.1,0.0,4.6,completed,49.06,False,0.0,2026-04-23 17:28:10
160,41,50165391,2026-05-03 14:56:15,2026-05-03 15:11:15,2,Bakery Products/Desserts,14.0,0.0,2.2,completed,64.56,False,0.0,2026-05-03 14:56:15
161,41,50172205,2026-03-21 21:21:00,2026-03-21 22:06:00,3,Sandwiches,16.5,0.0,0.0,completed,43.1,True,10.77,2026-03-21 21:21:00
162,43,41040849,2026-05-10 11:32:22,2026-05-10 12:02:22,3,American,23.1,0.0,0.0,completed,342.15,False,0.0,2026-05-10 11:32:22
163,43,50073806,2026-03-23 20:42:51,2026-03-23 21:42:51,2,Latin American,42.9,0.0,7.1,completed,76.65,True,11.5,2026-03-23 20:42:51
164,43,50011368,2026-03-31 15:15:06,2026-03-31 15:45:06,2,American,13.3,0.0,0.5,completed,267.55,False,0.0,2026-03-31 15:15:06
165,43,41508109,2026-03-08 17:59:46,2026-03-08 19:29:46,1,Thai,27.6,1.9,1.5,completed,41.0,True,4.1,2026-03-08 17:59:46
166,43,50040806,2026-03-10 19:23:53,2026-03-10 20:53:53,2,American,7.5,0.0,0.0,completed,148.7,False,0.0,2026-03-10 19:23:53
167,43,41577295,2026-04-11 17:09:46,2026-04-11 17:54:46,4,Latin American,23.8,0.0,0.0,no_show,139.21,False,0.0,2026-04-11 17:09:46
168,43,50164572,2026-04-15 18:31:24,2026-04-15 19:16:24,4,Asian/Asian Fusion,41.8,0.0,0.0,completed,354.55,False,0.0,2026-04-15 18:31:24
169,43,50018481,2026-03-30 17:00:04,2026-03-30 17:30:04,2,Asian/Asian Fusion,14.7,0.0,0.0,completed,63.89,True,12.78,2026-03-30 17:00:04
170,43,50120145,2026-04-07 12:34:56,2026-04-07 14:34:56,2,Latin American,43.4,0.0,4.3,completed,100.04,True,25.01,2026-04-07 12:34:56
171,44,41222453,2026-05-07 10:17:40,2026-05-07 11:17:40,3,Donuts,40.3,0.0,0.7,completed,290.8,False,0.0,2026-05-07 10:17:40
172,44,41304636,2026-03-19 15:04:27,2026-03-19 15:49:27,2,Irish,7.1,0.0,0.0,completed,116.32,False,0.0,2026-03-19 15:04:27
173,44,50093845,2026-05-06 19:34:01,2026-05-06 20:34:01,2,Mexican,29.7,0.0,0.0,completed,87.47,True,13.12,2026-05-06 19:34:01
174,44,50049177,2026-05-02 16:09:14,2026-05-02 17:39:14,6,Mexican,31.8,0.3,3.2,completed,403.59,True,40.36,2026-05-02 16:09:14
175,44,50110453,2026-05-18 22:19:00,2026-05-18 22:49:00,1,Donuts,43.4,0.0,0.0,completed,25.64,False,0.0,2026-05-18 22:19:00
176,46,50062367,2026-05-31 08:07:04,2026-05-31 10:07:04,2,Chinese,31.4,0.0,0.0,cancelled,140.87,False,0.0,2026-05-31 08:07:04
177,46,50106381,2026-05-15 16:30:36,2026-05-15 17:30:36,2,Bakery Products/Desserts,29.9,0.0,0.0,cancelled,141.2,False,0.0,2026-05-15 16:30:36
178,46,50104478,2026-04-10 15:17:54,2026-04-10 16:17:54,5,Coffee/Tea,5.4,0.0,4.3,cancelled,637.13,True,159.28,2026-04-10 15:17:54
179,46,50173270,2026-05-15 13:48:45,2026-05-15 14:18:45,1,Bakery Products/Desserts,39.6,0.0,0.0,completed,141.81,False,0.0,2026-05-15 13:48:45
180,46,50128218,2026-04-11 12:43:32,2026-04-11 13:28:32,3,Pizza,27.4,0.0,7.8,completed,311.19,False,0.0,2026-04-11 12:43:32
181,46,50150049,2026-03-27 18:37:21,2026-03-27 19:37:21,1,Bakery Products/Desserts,22.6,0.0,0.6,completed,201.42,True,40.28,2026-03-27 18:37:21
182,46,41545743,2026-05-10 19:47:06,2026-05-10 21:47:06,5,Bakery Products/Desserts,37.4,0.0,1.1,completed,793.86,False,0.0,2026-05-10 19:47:06
183,46,50179307,2026-05-27 11:29:00,2026-05-27 12:29:00,4,Bakery Products/Desserts,29.6,0.0,0.0,completed,256.79,False,0.0,2026-05-27 11:29:00
184,46,50144307,2026-04-20 10:19:28,2026-04-20 11:04:28,2,French,43.2,0.0,0.0,completed,144.41,False,0.0,2026-04-20 10:19:28
185,47,50007666,2026-03-05 13:05:42,2026-03-05 13:50:42,4,New American,6.0,0.0,0.9,completed,155.38,False,0.0,2026-03-05 13:05:42
186,47,50087620,2026-03-07 10:25:50,2026-03-07 11:25:50,2,American,40.6,0.0,0.0,completed,19.46,True,4.86,2026-03-07 10:25:50
187,47,50105474,2026-03-31 18:50:24,2026-03-31 19:35:24,1,Korean,25.0,0.0,0.6,completed,20.26,False,0.0,2026-03-31 18:50:24
188,47,50163573,2026-05-06 17:06:23,2026-05-06 17:51:23,2,Korean,37.5,0.0,0.0,completed,107.45,False,0.0,2026-05-06 17:06:23
189,47,50144666,2026-04-29 14:12:41,2026-04-29 14:57:41,4,Japanese,8.1,0.0,2.7,completed,68.41,True,6.84,2026-04-29 14:12:41
190,47,50185488,2026-03-21 13:51:36,2026-03-21 14:36:36,5,Japanese,42.1,0.0,0.0,completed,138.07,False,0.0,2026-03-21 13:51:36
191,47,50064541,2026-03-23 14:31:19,2026-03-23 15:31:19,2,Japanese,35.1,0.0,0.0,completed,33.71,True,6.74,2026-03-23 14:31:19
192,48,50066224,2026-04-07 13:44:07,2026-04-07 14:29:07,2,Bakery Products/Desserts,32.4,0.0,0.0,completed,62.23,False,0.0,2026-04-07 13:44:07
193,48,50130805,2026-04-16 12:55:57,2026-04-16 13:10:57,1,American,7.0,0.0,0.0,completed,28.82,False,0.0,2026-04-16 12:55:57
194,48,50172446,2026-05-15 10:07:46,2026-05-15 10:37:46,2,Bakery Products/Desserts,41.3,0.0,3.3,cancelled,33.02,False,0.0,2026-05-15 10:07:46
195,48,41263879,2026-05-16 20:45:04,2026-05-16 21:45:04,2,American,7.8,0.0,0.1,completed,26.84,False,0.0,2026-05-16 20:45:04
196,49,41272891,2026-05-05 11:56:23,2026-05-05 12:56:23,4,Indian,30.8,0.0,3.8,completed,21.38,False,0.0,2026-05-05 11:56:23
197,49,50018578,2026-05-15 13:55:13,2026-05-15 14:25:13,1,Indian,17.6,0.0,0.0,completed,28.02,False,0.0,2026-05-15 13:55:13
198,49,50110386,2026-05-10 13:55:31,2026-05-10 14:10:31,3,Bakery Products/Desserts,29.0,0.0,0.0,cancelled,25.45,False,0.0,2026-05-10 13:55:31
199,49,50170696,2026-05-29 14:48:33,2026-05-29 15:03:33,5,Thai,15.7,13.8,13.9,completed,196.71,False,0.0,2026-05-29 14:48:33
200,49,50132389,2026-03-27 19:35:31,2026-03-27 20:05:31,1,Thai,9.4,0.0,6.0,completed,32.92,False,0.0,2026-03-27 19:35:31
201,49,50112623,2026-04-05 21:37:27,2026-04-05 22:22:27,5,Bakery Products/Desserts,31.3,0.0,3.1,completed,88.31,True,22.08,2026-04-05 21:37:27
202,49,50181422,2026-05-09 16:49:28,2026-05-09 18:19:28,4,Indian,15.0,0.0,0.0,completed,53.23,False,0.0,2026-05-09 16:49:28
203,49,50144320,2026-05-21 20:37:22,2026-05-21 21:07:22,1,Indian,18.6,9.4,8.9,completed,32.64,False,0.0,2026-05-21 20:37:22
204,49,50148663,2026-03-15 12:05:13,2026-03-15 14:05:13,4,Thai,39.4,2.0,3.6,completed,55.26,False,0.0,2026-03-15 12:05:13
205,50,50116877,2026-04-27 12:00:11,2026-04-27 12:45:11,1,Chinese,38.4,0.0,0.0,completed,28.98,False,0.0,2026-04-27 12:00:11
206,50,41695393,2026-04-19 14:59:43,2026-04-19 15:14:43,2,Donuts,12.5,0.0,0.0,completed,19.53,False,0.0,2026-04-19 14:59:43
207,50,50159606,2026-04-22 11:33:34,2026-04-22 12:18:34,4,Donuts,7.1,0.0,1.4,completed,389.79,False,0.0,2026-04-22 11:33:34
208,53,50045884,2026-05-05 17:10:00,2026-05-05 18:10:00,5,Mexican,43.6,0.0,0.0,cancelled,116.87,False,0.0,2026-05-05 17:10:00
209,53,50107573,2026-04-15 20:34:37,2026-04-15 21:19:37,4,Mexican,42.8,0.0,0.0,no_show,241.39,False,0.0,2026-04-15 20:34:37
210,53,50175438,2026-05-08 12:36:39,2026-05-08 13:36:39,2,"Juice, Smoothies, Fruit Salads",24.2,0.0,0.8,no_show,172.82,False,0.0,2026-05-08 12:36:39
211,53,50103144,2026-03-06 13:09:59,2026-03-06 14:39:59,4,Other,40.0,0.0,0.0,cancelled,407.83,False,0.0,2026-03-06 13:09:59
212,53,50105476,2026-03-03 20:28:01,2026-03-03 21:28:01,2,Bakery Products/Desserts,23.1,0.0,0.0,completed,83.37,False,0.0,2026-03-03 20:28:01
213,53,40947919,2026-04-06 19:21:32,2026-04-06 19:36:32,1,New American,16.9,0.0,0.0,completed,42.35,False,0.0,2026-04-06 19:21:32
214,53,50069152,2026-03-15 19:17:41,2026-03-15 20:02:41,2,Mexican,39.8,0.0,2.2,completed,30.94,True,3.09,2026-03-15 19:17:41
215,53,50129235,2026-04-24 16:22:28,2026-04-24 18:22:28,2,Chinese,36.1,0.0,0.0,completed,188.17,False,0.0,2026-04-24 16:22:28
216,53,50143608,2026-03-30 14:02:04,2026-03-30 14:47:04,3,Frozen Desserts,37.6,0.0,2.3,no_show,51.67,False,0.0,2026-03-30 14:02:04
217,53,41155290,2026-05-17 20:37:11,2026-05-17 21:07:11,2,Mexican,36.0,0.0,0.0,completed,56.17,False,0.0,2026-05-17 20:37:11
218,53,50066902,2026-05-28 13:49:11,2026-05-28 14:04:11,2,American,41.9,0.0,6.8,completed,43.42,False,0.0,2026-05-28 13:49:11
219,53,50135610,2026-03-16 12:31:14,2026-03-16 13:31:14,4,Chinese,38.4,0.0,1.8,completed,302.77,False,0.0,2026-03-16 12:31:14
220,54,50183591,2026-05-24 14:13:27,2026-05-24 14:43:27,4,Frozen Desserts,22.7,0.0,0.0,completed,175.92,False,0.0,2026-05-24 14:13:27
221,54,50015570,2026-03-12 10:51:09,2026-03-12 11:06:09,6,Indian,34.7,17.7,5.7,completed,113.7,False,0.0,2026-03-12 10:51:09
222,54,50165648,2026-04-18 18:22:35,2026-04-18 18:37:35,2,Korean,36.5,1.7,5.4,completed,71.81,False,0.0,2026-04-18 18:22:35
223,54,50007878,2026-04-03 15:14:52,2026-04-03 15:59:52,3,Asian/Asian Fusion,37.2,0.0,0.0,completed,137.88,False,0.0,2026-04-03 15:14:52
224,54,50086108,2026-04-19 19:46:32,2026-04-19 20:01:32,1,Chinese,6.3,0.0,0.2,completed,72.72,False,0.0,2026-04-19 19:46:32
225,54,50118614,2026-04-07 11:13:51,2026-04-07 11:58:51,4,Korean,44.2,0.0,2.1,completed,60.55,False,0.0,2026-04-07 11:13:51
226,54,50104310,2026-04-17 13:23:42,2026-04-17 14:08:42,1,"Juice, Smoothies, Fruit Salads",23.1,0.0,1.2,completed,63.41,False,0.0,2026-04-17 13:23:42
227,55,50148663,2026-05-05 20:44:10,2026-05-05 21:29:10,5,Thai,26.0,2.0,0.0,completed,203.68,True,40.74,2026-05-05 20:44:10
228,55,41034539,2026-03-20 14:16:06,2026-03-20 15:16:06,2,American,34.4,0.0,1.7,completed,85.65,False,0.0,2026-03-20 14:16:06
229,55,50056245,2026-05-31 11:50:54,2026-05-31 12:35:54,2,Chinese,18.4,0.0,1.0,completed,161.48,False,0.0,2026-05-31 11:50:54
230,55,41073979,2026-03-13 12:59:01,2026-03-13 13:29:01,2,American,29.5,0.0,0.0,completed,85.09,False,0.0,2026-03-13 12:59:01
231,55,50173977,2026-05-07 11:41:09,2026-05-07 12:11:09,3,Bakery Products/Desserts,41.9,0.0,0.4,completed,209.98,False,0.0,2026-05-07 11:41:09
232,55,50013454,2026-04-03 21:25:26,2026-04-03 22:25:26,2,Pizza,34.1,0.0,1.2,cancelled,148.98,False,0.0,2026-04-03 21:25:26
233,55,50064572,2026-05-18 20:00:54,2026-05-18 20:30:54,1,American,10.5,0.0,3.0,cancelled,59.7,True,14.92,2026-05-18 20:00:54
234,55,50158272,2026-05-20 10:39:20,2026-05-20 12:39:20,2,Mexican,11.0,0.0,0.0,completed,77.08,True,7.71,2026-05-20 10:39:20
235,55,41555982,2026-03-04 13:49:58,2026-03-04 14:04:58,1,Mexican,7.2,0.0,0.9,completed,24.46,False,0.0,2026-03-04 13:49:58
236,55,50001643,2026-04-05 12:54:57,2026-04-05 13:54:57,1,Mexican,27.0,0.0,0.0,completed,31.89,False,0.0,2026-04-05 12:54:57
237,55,41582872,2026-05-24 16:04:15,2026-05-24 17:34:15,1,American,45.0,0.0,0.0,cancelled,24.64,False,0.0,2026-05-24 16:04:15
238,55,50015535,2026-05-04 17:50:17,2026-05-04 18:20:17,2,American,41.1,0.0,0.0,cancelled,117.87,True,29.47,2026-05-04 17:50:17
239,56,50095781,2026-05-21 19:16:12,2026-05-21 20:16:12,2,Chicken,23.2,0.0,0.0,completed,125.72,False,0.0,2026-05-21 19:16:12
240,56,40401934,2026-05-09 18:41:18,2026-05-09 19:11:18,3,American,17.0,0.0,1.2,completed,614.34,False,0.0,2026-05-09 18:41:18
241,56,50095860,2026-04-10 17:04:41,2026-04-10 18:34:41,2,American,34.7,0.0,2.9,completed,77.57,True,11.63,2026-04-10 17:04:41
242,56,50050991,2026-03-04 09:30:18,2026-03-04 09:45:18,5,Chicken,9.9,0.0,0.0,completed,212.1,False,0.0,2026-03-04 09:30:18
243,56,50055164,2026-03-15 21:34:43,2026-03-15 22:04:43,3,American,37.5,0.0,0.0,completed,172.13,True,43.03,2026-03-15 21:34:43
244,56,50148722,2026-03-20 12:47:59,2026-03-20 13:02:59,1,American,8.4,0.0,0.0,completed,72.4,True,10.86,2026-03-20 12:47:59
245,57,40383464,2026-05-03 17:40:36,2026-05-03 18:10:36,2,French,22.4,0.0,0.0,completed,45.64,False,0.0,2026-05-03 17:40:36
246,57,40384671,2026-05-04 15:43:39,2026-05-04 16:13:39,2,French,27.1,0.0,0.0,completed,97.81,False,0.0,2026-05-04 15:43:39
247,57,40679229,2026-04-02 12:08:18,2026-04-02 12:23:18,2,Mediterranean,17.2,0.0,0.3,completed,14.27,False,0.0,2026-04-02 12:08:18
248,58,50162360,2026-04-08 18:15:20,2026-04-08 18:45:20,2,Sandwiches/Salads/Mixed Buffet,29.7,0.0,0.0,completed,64.73,False,0.0,2026-04-08 18:15:20
249,58,50163572,2026-05-12 15:50:01,2026-05-12 16:35:01,1,Thai,29.6,0.0,0.0,completed,6.96,False,0.0,2026-05-12 15:50:01
250,58,50038715,2026-04-01 17:24:51,2026-04-01 18:24:51,2,Sandwiches,26.3,0.0,0.0,completed,23.39,False,0.0,2026-04-01 17:24:51
251,59,41462643,2026-05-29 11:05:08,2026-05-29 13:05:08,1,Korean,40.6,0.7,0.0,completed,38.9,False,0.0,2026-05-29 11:05:08
252,59,50073168,2026-03-23 12:04:00,2026-03-23 13:34:00,5,Korean,39.1,0.0,0.0,completed,223.03,False,0.0,2026-03-23 12:04:00
253,59,50118905,2026-05-26 12:59:47,2026-05-26 13:14:47,6,Indian,43.0,0.0,0.0,cancelled,125.8,False,0.0,2026-05-26 12:59:47
254,59,50174096,2026-05-01 20:42:07,2026-05-01 22:12:07,2,Bakery Products/Desserts,38.1,0.0,0.9,completed,63.78,False,0.0,2026-05-01 20:42:07
255,59,50180745,2026-03-02 14:50:08,2026-03-02 15:20:08,2,American,5.3,4.8,0.9,completed,25.93,True,3.89,2026-03-02 14:50:08
256,59,50038859,2026-05-09 13:55:09,2026-05-09 14:40:09,1,Japanese,29.9,0.0,0.0,completed,12.04,False,0.0,2026-05-09 13:55:09
257,59,50099769,2026-03-24 17:30:28,2026-03-24 18:30:28,1,American,31.0,0.0,0.7,completed,13.12,False,0.0,2026-03-24 17:30:28
258,60,50176713,2026-05-11 13:45:39,2026-05-11 14:00:39,5,Donuts,35.0,0.0,0.0,completed,215.4,False,0.0,2026-05-11 13:45:39
259,60,50051609,2026-04-19 17:09:13,2026-04-19 17:54:13,4,Donuts,30.4,0.0,4.6,completed,247.94,False,0.0,2026-04-19 17:09:13
260,60,41648313,2026-04-22 13:43:23,2026-04-22 14:28:23,6,Donuts,24.1,0.0,0.3,completed,390.7,False,0.0,2026-04-22 13:43:23
261,60,50119766,2026-03-15 18:18:34,2026-03-15 19:18:34,2,French,10.4,0.0,0.0,completed,28.45,False,0.0,2026-03-15 18:18:34
262,60,41523650,2026-03-31 12:01:28,2026-03-31 13:31:28,4,American,5.0,0.0,0.0,completed,102.86,False,0.0,2026-03-31 12:01:28
263,61,50111296,2026-05-27 09:57:28,2026-05-27 10:57:28,2,Chinese,25.5,0.0,4.8,completed,44.03,True,6.6,2026-05-27 09:57:28
264,61,50087274,2026-04-16 11:49:36,2026-04-16 12:49:36,2,Other,40.1,0.0,0.0,completed,17.48,False,0.0,2026-04-16 11:49:36
265,61,50111188,2026-05-11 20:57:52,2026-05-11 21:42:52,3,American,39.3,0.0,4.0,completed,6.23,True,1.56,2026-05-11 20:57:52
266,61,50178330,2026-03-30 22:20:50,2026-03-30 22:50:50,5,Donuts,20.3,0.0,2.9,completed,50.08,False,0.0,2026-03-30 22:20:50
267,62,41482939,2026-04-15 20:39:01,2026-04-15 21:39:01,2,Latin American,44.9,0.0,0.0,completed,193.03,False,0.0,2026-04-15 20:39:01
268,62,41683066,2026-04-20 18:42:17,2026-04-20 19:12:17,2,Irish,13.8,0.0,0.0,cancelled,89.93,False,0.0,2026-04-20 18:42:17
269,62,40396927,2026-03-02 12:12:21,2026-03-02 12:57:21,2,Coffee/Tea,14.9,0.0,0.0,completed,93.47,False,0.0,2026-03-02 12:12:21
270,62,50129318,2026-04-13 08:47:35,2026-04-13 09:47:35,1,Latin American,44.4,2.9,6.8,completed,83.12,False,0.0,2026-04-13 08:47:35
271,62,50090976,2026-05-31 18:15:58,2026-05-31 20:15:58,2,Chinese,42.7,0.0,3.2,completed,79.55,False,0.0,2026-05-31 18:15:58
272,62,50106067,2026-03-14 11:09:40,2026-03-14 11:54:40,4,Latin American,41.7,0.0,0.0,completed,310.24,False,0.0,2026-03-14 11:09:40
273,62,50159870,2026-03-02 17:32:02,2026-03-02 18:02:02,2,Italian,5.4,0.0,1.2,completed,68.68,False,0.0,2026-03-02 17:32:02
274,62,40483597,2026-05-12 13:07:19,2026-05-12 14:07:19,2,American,20.2,0.0,4.7,completed,27.91,True,5.58,2026-05-12 13:07:19
275,62,50139075,2026-05-27 12:28:30,2026-05-27 13:28:30,2,Latin American,43.1,0.0,2.0,completed,120.99,False,0.0,2026-05-27 12:28:30
276,62,50116271,2026-05-02 16:16:37,2026-05-02 16:46:37,2,American,43.7,0.0,6.0,completed,100.17,False,0.0,2026-05-02 16:16:37
277,63,50118468,2026-03-16 19:53:38,2026-03-16 21:53:38,2,Latin American,26.1,0.0,3.1,completed,25.93,True,3.89,2026-03-16 19:53:38
278,63,50076577,2026-05-20 19:22:19,2026-05-20 20:52:19,4,Pizza,23.4,0.0,2.2,completed,57.27,True,5.73,2026-05-20 19:22:19
279,63,41299322,2026-04-28 17:35:53,2026-04-28 18:35:53,3,Latin American,30.9,0.0,6.9,completed,16.13,True,3.23,2026-04-28 17:35:53
280,64,50136749,2026-03-28 19:39:04,2026-03-28 21:09:04,3,Chinese,8.3,0.0,0.0,completed,99.82,False,0.0,2026-03-28 19:39:04
281,64,41017954,2026-04-16 14:28:37,2026-04-16 15:13:37,2,Bakery Products/Desserts,27.8,0.0,6.8,completed,55.41,True,13.85,2026-04-16 14:28:37
282,64,50123319,2026-05-05 19:16:33,2026-05-05 20:16:33,1,Bakery Products/Desserts,35.4,0.0,2.2,completed,31.69,False,0.0,2026-05-05 19:16:33
283,64,41456522,2026-05-16 12:13:45,2026-05-16 13:13:45,6,Bakery Products/Desserts,42.0,0.0,0.3,cancelled,269.18,False,0.0,2026-05-16 12:13:45
284,64,50165391,2026-04-22 12:57:52,2026-04-22 13:57:52,4,Bakery Products/Desserts,6.9,0.0,1.0,completed,163.37,False,0.0,2026-04-22 12:57:52
285,64,50123997,2026-05-30 14:22:38,2026-05-30 14:52:38,1,Bakery Products/Desserts,23.6,0.0,0.0,completed,22.39,False,0.0,2026-05-30 14:22:38
286,64,41047105,2026-04-29 17:01:40,2026-04-29 17:31:40,4,Pizza,13.9,0.0,3.7,completed,86.4,False,0.0,2026-04-29 17:01:40
287,64,50135935,2026-03-21 14:30:01,2026-03-21 15:30:01,2,Mediterranean,40.0,0.0,0.0,completed,22.14,False,0.0,2026-03-21 14:30:01
288,64,50143916,2026-05-03 19:21:17,2026-05-03 19:51:17,2,Bakery Products/Desserts,16.7,0.0,0.0,cancelled,86.39,False,0.0,2026-05-03 19:21:17
289,64,50160902,2026-05-29 22:05:18,2026-05-29 22:50:18,1,Bakery Products/Desserts,30.3,0.0,0.0,completed,39.19,False,0.0,2026-05-29 22:05:18
290,64,50081165,2026-05-31 10:30:25,2026-05-31 10:45:25,1,Mexican,9.4,0.0,0.0,completed,42.86,False,0.0,2026-05-31 10:30:25
291,64,50018652,2026-04-10 18:42:49,2026-04-10 18:57:49,2,American,43.9,7.4,7.4,completed,23.34,False,0.0,2026-04-10 18:42:49
292,64,50138405,2026-04-20 18:23:23,2026-04-20 19:08:23,2,American,34.3,0.0,4.1,completed,59.45,False,0.0,2026-04-20 18:23:23
293,64,40510341,2026-04-11 19:48:47,2026-04-11 20:33:47,2,Bakery Products/Desserts,21.6,0.0,0.0,completed,41.53,False,0.0,2026-04-11 19:48:47
294,65,50155847,2026-05-08 12:10:28,2026-05-08 12:25:28,2,Mexican,5.2,0.0,1.2,completed,99.73,False,0.0,2026-05-08 12:10:28
295,65,50133082,2026-05-16 20:31:27,2026-05-16 21:31:27,2,Chinese,19.1,0.0,3.9,completed,84.68,False,0.0,2026-05-16 20:31:27
296,65,41262497,2026-04-24 18:51:49,2026-04-24 19:51:49,2,Hamburgers,43.1,0.0,2.6,completed,15.05,False,0.0,2026-04-24 18:51:49
297,65,50104728,2026-05-20 12:09:39,2026-05-20 12:39:39,3,Mexican,17.3,0.0,0.0,completed,123.63,False,0.0,2026-05-20 12:09:39
298,66,50120453,2026-04-22 09:02:43,2026-04-22 10:02:43,1,Korean,34.6,0.0,1.9,completed,8.96,False,0.0,2026-04-22 09:02:43
299,66,50170214,2026-04-22 21:09:42,2026-04-22 21:54:42,2,Chinese,26.1,0.0,0.0,completed,25.97,True,5.19,2026-04-22 21:09:42
300,66,50001073,2026-03-15 11:14:00,2026-03-15 11:44:00,4,French,26.1,0.0,0.0,completed,174.87,True,17.49,2026-03-15 11:14:00
301,66,41142210,2026-03-18 13:37:23,2026-03-18 13:52:23,5,Mediterranean,31.6,0.0,0.0,completed,65.69,False,0.0,2026-03-18 13:37:23
302,66,40399834,2026-04-08 10:53:18,2026-04-08 11:38:18,4,Korean,28.3,0.0,1.3,completed,79.23,False,0.0,2026-04-08 10:53:18
303,66,50161777,2026-05-17 09:11:46,2026-05-17 09:41:46,4,Coffee/Tea,8.6,0.0,0.0,completed,42.37,False,0.0,2026-05-17 09:11:46
304,66,50164049,2026-05-26 12:32:47,2026-05-26 13:17:47,3,Korean,31.4,10.4,7.9,completed,9.2,False,0.0,2026-05-26 12:32:47
305,67,50056398,2026-05-28 11:14:18,2026-05-28 11:29:18,1,Donuts,25.7,0.0,3.3,completed,18.16,True,3.63,2026-05-28 11:14:18
306,67,50145129,2026-03-02 20:00:06,2026-03-02 21:00:06,2,Coffee/Tea,29.9,0.0,0.0,completed,15.68,False,0.0,2026-03-02 20:00:06
307,67,50041204,2026-04-15 17:39:52,2026-04-15 19:09:52,3,Japanese,26.2,1.6,1.0,completed,31.9,True,6.38,2026-04-15 17:39:52
308,67,50122974,2026-03-20 18:36:12,2026-03-20 19:36:12,2,Japanese,21.0,0.1,0.0,completed,21.8,False,0.0,2026-03-20 18:36:12
309,67,50125999,2026-03-15 16:40:50,2026-03-15 17:40:50,2,Japanese,9.5,0.3,1.8,completed,44.42,False,0.0,2026-03-15 16:40:50
310,67,41231878,2026-03-09 17:06:59,2026-03-09 17:36:59,2,Italian,28.6,0.0,0.0,completed,44.67,False,0.0,2026-03-09 17:06:59
311,67,50145294,2026-05-03 17:53:21,2026-05-03 18:53:21,2,Japanese,17.8,0.1,2.9,completed,35.43,True,7.09,2026-05-03 17:53:21
312,68,40750324,2026-04-19 13:51:58,2026-04-19 14:06:58,5,Bakery Products/Desserts,42.5,0.0,5.4,cancelled,112.66,False,0.0,2026-04-19 13:51:58
313,68,50118007,2026-04-14 11:23:36,2026-04-14 12:08:36,1,Donuts,6.3,0.0,1.5,completed,44.32,False,0.0,2026-04-14 11:23:36
314,68,50033478,2026-04-02 17:48:51,2026-04-02 18:33:51,3,Pizza,42.3,0.0,3.5,no_show,47.05,True,7.06,2026-04-02 17:48:51
315,68,50168832,2026-03-01 12:06:04,2026-03-01 13:06:04,3,Pizza,33.0,3.9,0.0,completed,24.88,False,0.0,2026-03-01 12:06:04
316,68,41428965,2026-05-08 16:09:42,2026-05-08 16:39:42,2,Pizza,6.6,0.0,1.0,completed,47.02,True,4.7,2026-05-08 16:09:42
317,68,50128678,2026-03-26 11:33:26,2026-03-26 12:33:26,3,Pizza,23.5,2.7,8.4,completed,180.84,False,0.0,2026-03-26 11:33:26
318,68,50085967,2026-04-05 12:34:06,2026-04-05 13:34:06,4,Donuts,36.0,0.0,0.0,cancelled,165.63,True,41.41,2026-04-05 12:34:06
319,69,50130304,2026-04-08 21:58:12,2026-04-08 22:28:12,3,Italian,43.0,0.0,4.9,completed,275.56,False,0.0,2026-04-08 21:58:12
320,69,50119133,2026-04-17 19:10:55,2026-04-17 19:40:55,2,Latin American,32.1,0.0,0.0,completed,150.34,False,0.0,2026-04-17 19:10:55
321,69,50109981,2026-03-31 22:58:58,2026-03-31 23:43:58,2,Coffee/Tea,33.2,0.0,1.0,completed,99.05,False,0.0,2026-03-31 22:58:58
322,69,50123564,2026-05-03 16:49:24,2026-05-03 17:04:24,4,Chicken,26.8,0.0,1.3,completed,344.15,True,68.83,2026-05-03 16:49:24
323,69,50153520,2026-04-08 12:10:07,2026-04-08 13:10:07,2,Hamburgers,32.8,0.0,0.0,cancelled,208.05,False,0.0,2026-04-08 12:10:07
324,70,50091243,2026-04-06 21:10:31,2026-04-06 21:55:31,1,Pizza,43.9,0.0,2.8,completed,3.97,False,0.0,2026-04-06 21:10:31
325,70,50009132,2026-03-18 08:37:35,2026-03-18 09:07:35,2,Donuts,43.5,0.0,3.7,completed,5.56,True,0.56,2026-03-18 08:37:35
326,70,50170988,2026-03-20 10:58:37,2026-03-20 11:28:37,1,Pizza,16.2,0.0,1.1,cancelled,3.89,False,0.0,2026-03-20 10:58:37
327,70,50136418,2026-05-11 19:04:00,2026-05-11 19:34:00,4,Pizza,31.9,0.0,4.3,completed,54.75,False,0.0,2026-05-11 19:04:00
328,70,50090897,2026-05-29 13:00:58,2026-05-29 14:30:58,2,American,13.5,0.0,2.5,completed,31.6,False,0.0,2026-05-29 13:00:58
329,70,50124829,2026-05-06 18:31:54,2026-05-06 19:01:54,2,Donuts,31.3,0.0,1.0,no_show,37.95,True,3.8,2026-05-06 18:31:54
330,71,50098654,2026-03-15 17:59:34,2026-03-15 18:29:34,1,Donuts,34.6,0.0,0.0,completed,34.39,False,0.0,2026-03-15 17:59:34
331,72,50073536,2026-03-24 14:44:11,2026-03-24 16:14:11,1,Coffee/Tea,9.3,0.0,2.8,completed,14.9,False,0.0,2026-03-24 14:44:11
332,72,50073898,2026-05-04 12:33:32,2026-05-04 13:18:32,3,French,34.4,0.0,4.7,completed,68.44,False,0.0,2026-05-04 12:33:32
333,72,40795021,2026-05-10 12:52:11,2026-05-10 13:52:11,4,Asian/Asian Fusion,44.6,0.0,0.4,completed,12.95,False,0.0,2026-05-10 12:52:11
334,72,50153823,2026-04-15 15:50:49,2026-04-15 17:20:49,3,Latin American,29.5,0.0,0.0,completed,19.08,False,0.0,2026-04-15 15:50:49
335,72,50143081,2026-05-14 18:54:26,2026-05-14 19:24:26,5,French,33.7,0.0,4.4,completed,14.33,True,2.15,2026-05-14 18:54:26
336,72,50183892,2026-03-08 20:39:47,2026-03-08 21:09:47,2,Hamburgers,39.5,0.0,0.0,completed,34.5,False,0.0,2026-03-08 20:39:47
337,72,50145656,2026-05-07 09:13:07,2026-05-07 09:58:07,2,Donuts,24.8,0.0,1.8,completed,55.04,True,8.26,2026-05-07 09:13:07
338,72,50046480,2026-04-09 14:11:31,2026-04-09 15:11:31,2,Donuts,10.2,0.0,0.0,completed,18.4,False,0.0,2026-04-09 14:11:31
339,72,41387356,2026-03-07 18:31:04,2026-03-07 19:31:04,5,Donuts,7.1,0.0,2.9,completed,87.28,False,0.0,2026-03-07 18:31:04
340,72,50146116,2026-05-30 18:19:32,2026-05-30 18:49:32,2,Asian/Asian Fusion,5.5,11.1,4.2,completed,53.07,True,10.61,2026-05-30 18:19:32
341,73,50119478,2026-03-13 17:39:28,2026-03-13 17:54:28,1,"Juice, Smoothies, Fruit Salads",18.1,0.0,0.0,completed,44.5,False,0.0,2026-03-13 17:39:28
342,73,40389356,2026-04-19 20:51:44,2026-04-19 22:51:44,3,American,35.7,0.0,4.5,completed,140.95,True,14.1,2026-04-19 20:51:44
343,73,50171404,2026-03-08 11:30:27,2026-03-08 12:30:27,2,"Juice, Smoothies, Fruit Salads",28.6,0.0,0.0,completed,39.46,False,0.0,2026-03-08 11:30:27
344,73,50126157,2026-04-10 11:56:14,2026-04-10 12:56:14,2,Mediterranean,8.8,0.0,1.7,no_show,73.22,False,0.0,2026-04-10 11:56:14
345,73,50098919,2026-04-20 11:07:06,2026-04-20 11:52:06,3,Mediterranean,19.9,0.0,0.6,completed,157.01,False,0.0,2026-04-20 11:07:06
346,73,50136802,2026-03-05 11:24:12,2026-03-05 13:24:12,2,Mediterranean,38.5,0.0,0.0,cancelled,114.88,True,17.23,2026-03-05 11:24:12
347,74,50096486,2026-05-21 13:31:44,2026-05-21 14:16:44,3,French,23.3,66.4,0.0,completed,122.9,True,30.72,2026-05-21 13:31:44
348,74,50163798,2026-05-09 19:37:40,2026-05-09 20:22:40,1,Asian/Asian Fusion,23.6,0.0,0.0,completed,45.65,False,0.0,2026-05-09 19:37:40
349,74,50041097,2026-05-22 11:54:19,2026-05-22 12:39:19,1,Indian,22.7,0.0,0.0,completed,49.39,False,0.0,2026-05-22 11:54:19
350,74,50082095,2026-03-09 18:20:15,2026-03-09 19:05:15,3,Asian/Asian Fusion,27.7,0.0,0.0,completed,247.29,False,0.0,2026-03-09 18:20:15
351,74,50118654,2026-04-26 14:18:07,2026-04-26 15:03:07,2,Irish,28.4,0.0,3.1,completed,58.88,False,0.0,2026-04-26 14:18:07
352,74,50061537,2026-04-29 12:38:01,2026-04-29 14:08:01,5,Tex-Mex,41.0,0.0,1.0,completed,352.46,True,70.49,2026-04-29 12:38:01
353,74,50095369,2026-05-02 20:31:58,2026-05-02 21:16:58,4,Asian/Asian Fusion,8.4,0.0,5.2,completed,351.33,False,0.0,2026-05-02 20:31:58
354,74,50118905,2026-05-19 20:10:12,2026-05-19 21:40:12,2,Indian,24.7,0.0,0.0,completed,136.59,False,0.0,2026-05-19 20:10:12
355,75,50103188,2026-03-05 18:50:00,2026-03-05 19:35:00,1,Coffee/Tea,9.1,0.0,0.0,completed,12.27,False,0.0,2026-03-05 18:50:00
356,75,41148766,2026-04-08 18:07:19,2026-04-08 19:37:19,2,French,37.6,0.6,0.1,completed,182.0,False,0.0,2026-04-08 18:07:19
357,75,50078659,2026-04-02 19:50:29,2026-04-02 21:20:29,2,Coffee/Tea,30.0,0.0,3.6,completed,19.97,False,0.0,2026-04-02 19:50:29
358,75,50168556,2026-03-17 21:30:05,2026-03-17 22:30:05,2,Coffee/Tea,24.0,0.0,0.0,completed,61.11,False,0.0,2026-03-17 21:30:05
359,75,41393099,2026-03-09 12:30:50,2026-03-09 13:15:50,2,Latin American,9.4,0.0,3.8,cancelled,82.41,False,0.0,2026-03-09 12:30:50
360,75,50153882,2026-04-27 12:14:52,2026-04-27 12:59:52,1,Latin American,37.3,0.0,0.0,completed,2.45,True,0.24,2026-04-27 12:14:52
361,75,50003047,2026-04-07 10:54:14,2026-04-07 11:54:14,4,American,45.0,0.0,5.4,cancelled,61.55,True,6.16,2026-04-07 10:54:14
362,76,41466316,2026-03-04 12:45:06,2026-03-04 14:15:06,2,Italian,34.4,0.0,0.2,completed,121.24,False,0.0,2026-03-04 12:45:06
363,76,40869272,2026-04-13 12:02:46,2026-04-13 12:32:46,4,Italian,8.2,0.0,0.4,completed,151.36,True,30.27,2026-04-13 12:02:46
364,76,50130088,2026-05-14 22:20:32,2026-05-15 00:20:32,2,Pizza,44.1,0.0,3.5,completed,64.53,False,0.0,2026-05-14 22:20:32
365,78,50139117,2026-04-07 19:45:38,2026-04-07 20:45:38,1,Pizza,16.3,0.0,2.7,completed,16.1,False,0.0,2026-04-07 19:45:38
366,78,50129664,2026-05-12 13:42:37,2026-05-12 14:12:37,2,Pizza,12.1,0.0,1.3,completed,68.39,False,0.0,2026-05-12 13:42:37
367,78,50108174,2026-03-26 14:33:46,2026-03-26 15:18:46,3,Pizza,15.4,0.0,0.0,completed,175.83,True,43.96,2026-03-26 14:33:46
368,78,50119681,2026-03-01 10:10:31,2026-03-01 10:55:31,4,Asian/Asian Fusion,34.0,2.5,3.5,completed,218.49,True,54.62,2026-03-01 10:10:31
369,78,50164005,2026-04-27 12:03:44,2026-04-27 14:03:44,3,Indian,20.7,0.0,0.0,completed,35.1,False,0.0,2026-04-27 12:03:44
370,80,50112280,2026-04-06 21:17:00,2026-04-06 22:02:00,1,Japanese,8.5,0.0,0.0,completed,16.54,False,0.0,2026-04-06 21:17:00
371,80,50084796,2026-03-17 15:39:06,2026-03-17 16:09:06,5,Indian,21.4,0.0,1.1,completed,143.02,False,0.0,2026-03-17 15:39:06
372,80,50084276,2026-04-28 16:56:45,2026-04-28 17:41:45,2,French,37.5,0.0,0.0,completed,53.25,False,0.0,2026-04-28 16:56:45
373,80,50152464,2026-05-29 13:59:31,2026-05-29 14:59:31,2,Other,11.2,0.0,3.5,completed,63.39,False,0.0,2026-05-29 13:59:31
374,80,50154906,2026-05-04 17:56:26,2026-05-04 18:41:26,5,Japanese,29.4,5.5,1.7,completed,70.87,True,10.63,2026-05-04 17:56:26
375,80,50102368,2026-04-09 18:55:43,2026-04-09 19:10:43,3,Indian,10.0,0.0,2.7,completed,67.39,True,13.48,2026-04-09 18:55:43
376,80,50093726,2026-04-25 10:31:05,2026-04-25 12:01:05,1,Coffee/Tea,7.4,0.0,1.9,completed,12.56,False,0.0,2026-04-25 10:31:05
377,80,50148431,2026-04-27 20:13:07,2026-04-27 20:58:07,4,Bakery Products/Desserts,12.1,0.0,0.0,completed,48.85,False,0.0,2026-04-27 20:13:07
378,80,50154046,2026-05-02 13:11:16,2026-05-02 13:56:16,2,Chicken,30.0,0.0,6.3,completed,36.73,False,0.0,2026-05-02 13:11:16
379,80,50162475,2026-04-22 13:50:39,2026-04-22 14:50:39,3,Korean,27.0,0.0,1.9,completed,34.14,True,6.83,2026-04-22 13:50:39
380,80,40943754,2026-04-04 12:30:49,2026-04-04 12:45:49,3,Sandwiches,7.7,0.0,2.5,completed,21.24,False,0.0,2026-04-04 12:30:49
381,80,50146667,2026-04-19 11:59:12,2026-04-19 12:29:12,2,Indian,21.3,0.0,4.2,completed,6.39,True,0.64,2026-04-19 11:59:12
382,80,50113163,2026-04-28 09:16:08,2026-04-28 10:46:08,2,Indian,22.4,0.0,0.0,cancelled,66.89,False,0.0,2026-04-28 09:16:08
383,80,50008310,2026-03-11 12:45:34,2026-03-11 13:30:34,2,Indian,31.7,9.4,8.4,completed,12.14,False,0.0,2026-03-11 12:45:34
384,80,50129875,2026-05-24 12:33:12,2026-05-24 13:18:12,2,Korean,21.5,0.0,2.1,completed,84.43,True,16.89,2026-05-24 12:33:12
385,80,50183220,2026-05-30 09:35:52,2026-05-30 10:20:52,2,New American,22.7,0.0,0.0,completed,40.62,False,0.0,2026-05-30 09:35:52
386,80,41183237,2026-04-29 20:09:57,2026-04-29 20:54:57,1,Latin American,37.1,0.0,3.7,no_show,21.48,False,0.0,2026-04-29 20:09:57
387,80,50050375,2026-04-28 14:39:06,2026-04-28 15:24:06,1,Indian,17.9,0.0,0.9,completed,29.41,False,0.0,2026-04-28 14:39:06
388,80,50108966,2026-03-01 21:24:44,2026-03-01 22:09:44,2,Chinese,21.2,0.0,3.0,completed,17.67,False,0.0,2026-03-01 21:24:44
389,80,50111076,2026-05-11 19:22:06,2026-05-11 20:22:06,1,Korean,14.9,0.0,0.0,completed,5.74,False,0.0,2026-05-11 19:22:06
390,81,50044701,2026-05-12 13:37:34,2026-05-12 14:07:34,1,Mediterranean,42.2,0.0,0.0,completed,2.0,True,0.2,2026-05-12 13:37:34
391,81,50042114,2026-03-10 21:32:26,2026-03-10 22:17:26,2,Mediterranean,6.1,0.0,0.0,cancelled,46.56,False,0.0,2026-03-10 21:32:26
392,81,50142783,2026-03-23 12:26:27,2026-03-23 13:26:27,1,Mediterranean,20.6,6.2,5.1,completed,19.32,False,0.0,2026-03-23 12:26:27
393,81,50066450,2026-03-10 18:53:04,2026-03-10 19:38:04,6,Mediterranean,24.6,0.0,4.5,completed,113.92,False,0.0,2026-03-10 18:53:04
394,82,50046914,2026-04-09 13:33:59,2026-04-09 14:33:59,4,Korean,10.6,0.0,0.0,completed,52.12,False,0.0,2026-04-09 13:33:59
395,82,50169539,2026-05-26 10:16:16,2026-05-26 10:46:16,3,Bakery Products/Desserts,16.6,0.0,2.0,completed,136.91,False,0.0,2026-05-26 10:16:16
396,82,41545743,2026-03-05 10:54:49,2026-03-05 12:24:49,1,Bakery Products/Desserts,8.6,0.0,2.5,completed,28.94,False,0.0,2026-03-05 10:54:49
397,83,50133435,2026-03-22 17:05:59,2026-03-22 18:05:59,1,Latin American,40.5,0.0,1.7,completed,15.56,False,0.0,2026-03-22 17:05:59
398,83,50159439,2026-03-05 19:41:49,2026-03-05 20:11:49,1,Latin American,39.8,0.0,0.0,cancelled,12.28,True,3.07,2026-03-05 19:41:49
399,85,50004276,2026-05-02 16:44:51,2026-05-02 17:44:51,1,French,43.8,0.0,2.2,completed,29.0,False,0.0,2026-05-02 16:44:51
400,85,41646195,2026-05-18 17:01:31,2026-05-18 17:46:31,2,Italian,30.7,0.0,2.7,completed,330.05,False,0.0,2026-05-18 17:01:31
401,85,41491144,2026-03-17 13:21:32,2026-03-17 14:06:32,2,Italian,34.0,0.9,0.0,completed,348.22,True,52.23,2026-03-17 13:21:32
402,85,50019120,2026-03-11 19:33:04,2026-03-11 20:03:04,3,Thai,41.4,2.0,2.1,completed,76.45,False,0.0,2026-03-11 19:33:04
403,86,50088667,2026-05-17 12:34:28,2026-05-17 13:19:28,4,Mediterranean,19.2,0.0,0.0,completed,77.66,False,0.0,2026-05-17 12:34:28
404,86,41479303,2026-03-15 18:36:58,2026-03-15 20:06:58,3,Pizza,10.2,0.0,0.0,completed,84.77,False,0.0,2026-03-15 18:36:58
405,86,50161512,2026-05-02 18:20:35,2026-05-02 18:50:35,4,Mediterranean,25.1,0.0,0.0,completed,210.44,True,42.09,2026-05-02 18:20:35
406,86,50135009,2026-04-01 20:59:46,2026-04-01 21:29:46,2,Mediterranean,42.6,0.0,0.0,completed,24.4,False,0.0,2026-04-01 20:59:46
407,86,50156176,2026-04-06 19:21:46,2026-04-06 19:51:46,2,Mediterranean,40.3,0.0,0.0,completed,75.28,False,0.0,2026-04-06 19:21:46
408,86,41605297,2026-03-24 14:46:50,2026-03-24 15:31:50,2,Pizza,33.7,0.0,0.0,completed,95.97,False,0.0,2026-03-24 14:46:50
409,86,50151747,2026-04-24 20:40:38,2026-04-24 20:55:38,2,Mediterranean,29.9,0.0,1.4,completed,32.63,False,0.0,2026-04-24 20:40:38
410,87,50035662,2026-03-23 11:44:09,2026-03-23 12:44:09,1,Bakery Products/Desserts,32.2,0.0,0.0,completed,58.42,False,0.0,2026-03-23 11:44:09
411,87,50156517,2026-04-09 21:37:56,2026-04-09 22:22:56,2,Bakery Products/Desserts,28.6,0.0,0.1,completed,23.49,True,4.7,2026-04-09 21:37:56
412,87,50097323,2026-04-06 13:16:39,2026-04-06 13:46:39,2,Italian,27.1,0.0,6.4,cancelled,220.64,False,0.0,2026-04-06 13:16:39
413,87,50123613,2026-05-31 11:57:59,2026-05-31 12:12:59,3,Bakery Products/Desserts,18.0,0.0,2.3,completed,96.35,True,14.45,2026-05-31 11:57:59
414,88,50144156,2026-04-04 13:22:04,2026-04-04 14:22:04,2,Other,38.8,4.1,3.9,cancelled,46.06,False,0.0,2026-04-04 13:22:04
415,88,50089259,2026-04-06 18:48:59,2026-04-06 19:48:59,2,Donuts,42.2,0.0,0.7,completed,79.49,True,19.87,2026-04-06 18:48:59
416,88,41243427,2026-05-05 15:44:00,2026-05-05 16:29:00,2,Donuts,41.5,0.0,0.0,completed,27.76,False,0.0,2026-05-05 15:44:00
417,88,41623363,2026-03-28 12:29:47,2026-03-28 12:44:47,2,Donuts,15.8,0.0,4.3,completed,45.75,False,0.0,2026-03-28 12:29:47
418,88,41579887,2026-03-05 19:13:23,2026-03-05 20:13:23,2,Seafood,44.5,0.0,0.1,completed,28.59,True,7.15,2026-03-05 19:13:23
419,89,50130705,2026-04-22 10:19:13,2026-04-22 10:49:13,2,Hamburgers,43.2,0.0,0.0,completed,83.61,False,0.0,2026-04-22 10:19:13
420,89,50145148,2026-05-25 18:36:05,2026-05-25 20:36:05,1,Latin American,36.1,0.0,0.0,no_show,69.45,False,0.0,2026-05-25 18:36:05
421,89,41050875,2026-04-22 14:37:09,2026-04-22 15:37:09,1,Donuts,27.2,0.0,1.8,cancelled,76.62,False,0.0,2026-04-22 14:37:09
422,89,50120099,2026-04-30 20:53:58,2026-04-30 21:38:58,2,Coffee/Tea,19.2,0.0,3.2,cancelled,181.84,False,0.0,2026-04-30 20:53:58
423,89,50120500,2026-03-29 16:27:16,2026-03-29 18:27:16,3,American,30.4,0.0,4.1,completed,227.81,False,0.0,2026-03-29 16:27:16
424,89,50146369,2026-03-01 14:28:46,2026-03-01 15:13:46,1,Asian/Asian Fusion,41.3,0.0,1.6,completed,36.38,False,0.0,2026-03-01 14:28:46
425,89,50137537,2026-05-18 19:08:06,2026-05-18 20:08:06,3,Chinese,36.8,0.0,7.9,cancelled,76.75,False,0.0,2026-05-18 19:08:06
426,89,50166007,2026-03-16 15:46:15,2026-03-16 17:16:15,2,Latin American,11.6,0.0,0.0,completed,269.71,False,0.0,2026-03-16 15:46:15
427,89,50033468,2026-03-03 18:48:21,2026-03-03 19:48:21,3,American,23.9,0.0,1.8,completed,572.49,False,0.0,2026-03-03 18:48:21
428,89,50154881,2026-03-30 14:38:22,2026-03-30 15:08:22,2,American,15.1,0.0,0.0,completed,203.72,False,0.0,2026-03-30 14:38:22
429,90,50157439,2026-04-22 22:35:00,2026-04-22 23:20:00,1,Tex-Mex,16.0,0.0,0.7,completed,43.34,False,0.0,2026-04-22 22:35:00
430,90,41114768,2026-05-23 19:27:36,2026-05-23 19:42:36,4,American,36.0,0.0,1.9,no_show,176.74,False,0.0,2026-05-23 19:27:36
431,90,41667050,2026-04-21 17:31:32,2026-04-21 17:46:32,2,Korean,44.5,0.0,0.0,completed,109.2,False,0.0,2026-04-21 17:31:32
432,90,50086208,2026-04-25 13:21:10,2026-04-25 14:51:10,2,Korean,41.2,0.0,0.0,cancelled,158.52,True,39.63,2026-04-25 13:21:10
433,91,50102014,2026-03-15 17:00:59,2026-03-15 18:00:59,3,Chinese,22.2,0.0,3.5,completed,401.11,True,40.11,2026-03-15 17:00:59
434,91,50040810,2026-04-02 20:04:13,2026-04-02 20:34:13,3,Mexican,9.0,0.0,2.0,completed,199.77,False,0.0,2026-04-02 20:04:13
435,91,50127385,2026-05-12 11:00:03,2026-05-12 11:15:03,2,American,10.1,10.2,10.0,completed,120.99,False,0.0,2026-05-12 11:00:03
436,91,50163547,2026-05-04 22:49:54,2026-05-04 23:19:54,3,Chinese,24.9,0.0,0.0,completed,42.75,False,0.0,2026-05-04 22:49:54
437,91,50082707,2026-05-11 17:45:46,2026-05-11 18:30:46,2,Chinese,31.2,0.0,4.8,completed,116.57,False,0.0,2026-05-11 17:45:46
438,92,50156378,2026-05-17 12:50:13,2026-05-17 14:20:13,2,Japanese,31.6,1.1,0.0,completed,98.12,False,0.0,2026-05-17 12:50:13
439,92,50101251,2026-05-28 18:00:56,2026-05-28 18:30:56,2,Thai,14.4,0.0,0.0,completed,82.29,False,0.0,2026-05-28 18:00:56
440,92,50011657,2026-03-09 16:01:41,2026-03-09 16:31:41,2,Thai,29.8,0.0,4.2,completed,205.06,False,0.0,2026-03-09 16:01:41
441,92,50052720,2026-03-31 17:44:47,2026-03-31 17:59:47,2,Japanese,18.1,0.0,4.6,no_show,91.49,False,0.0,2026-03-31 17:44:47
442,92,50087615,2026-05-05 15:37:22,2026-05-05 16:07:22,1,Japanese,22.1,0.0,0.0,completed,54.63,False,0.0,2026-05-05 15:37:22
443,92,50137812,2026-04-25 21:30:30,2026-04-25 22:15:30,2,Mexican,33.8,0.0,1.1,completed,79.94,False,0.0,2026-04-25 21:30:30
444,92,50105315,2026-03-10 13:05:23,2026-03-10 14:05:23,2,Coffee/Tea,27.6,0.0,0.0,completed,207.42,False,0.0,2026-03-10 13:05:23
445,92,41719922,2026-04-05 16:07:20,2026-04-05 17:07:20,3,Other,11.6,0.0,0.0,cancelled,140.64,False,0.0,2026-04-05 16:07:20
446,92,50166228,2026-03-15 19:44:56,2026-03-15 20:14:56,1,Coffee/Tea,31.8,0.0,0.0,completed,72.87,True,18.22,2026-03-15 19:44:56
447,92,50043941,2026-04-09 15:04:31,2026-04-09 15:49:31,4,American,29.6,0.0,0.0,completed,177.55,False,0.0,2026-04-09 15:04:31
448,92,41007823,2026-05-22 12:38:55,2026-05-22 12:53:55,2,Japanese,20.1,7.8,1.6,completed,118.0,False,0.0,2026-05-22 12:38:55
449,92,50175833,2026-04-04 21:57:19,2026-04-04 22:27:19,1,Thai,25.5,0.0,2.3,cancelled,83.59,False,0.0,2026-04-04 21:57:19
450,93,50080206,2026-03-13 21:14:25,2026-03-13 22:44:25,2,Pizza,18.9,0.0,0.0,completed,51.56,False,0.0,2026-03-13 21:14:25
451,93,50142981,2026-04-30 09:03:40,2026-04-30 09:33:40,3,Pizza,5.7,0.0,0.0,completed,96.46,False,0.0,2026-04-30 09:03:40
452,93,50130108,2026-04-05 11:35:50,2026-04-05 12:35:50,4,Italian,13.1,0.0,0.0,cancelled,61.29,False,0.0,2026-04-05 11:35:50
453,93,50134260,2026-03-26 14:56:44,2026-03-26 15:26:44,1,Pizza,16.7,0.0,0.0,completed,9.31,False,0.0,2026-03-26 14:56:44
454,93,50035353,2026-05-05 18:00:47,2026-05-05 19:30:47,2,Italian,16.5,0.0,1.6,completed,67.9,False,0.0,2026-05-05 18:00:47
455,93,50085999,2026-05-26 11:30:00,2026-05-26 12:15:00,1,Pizza,39.2,0.0,0.8,completed,0.71,False,0.0,2026-05-26 11:30:00
456,93,50137285,2026-04-05 18:28:31,2026-04-05 18:58:31,2,Pizza,35.9,0.0,0.0,completed,4.17,False,0.0,2026-04-05 18:28:31
457,93,50074284,2026-04-04 09:17:02,2026-04-04 10:02:02,4,Italian,13.6,0.0,0.0,completed,111.22,False,0.0,2026-04-04 09:17:02
458,93,50141483,2026-05-15 21:58:01,2026-05-15 22:43:01,2,Coffee/Tea,24.8,0.0,3.7,completed,109.33,False,0.0,2026-05-15 21:58:01
459,93,50005543,2026-05-23 15:21:58,2026-05-23 17:21:58,3,Mexican,8.2,0.0,0.8,completed,70.0,False,0.0,2026-05-23 15:21:58
460,93,40573507,2026-03-23 13:49:38,2026-03-23 14:19:38,2,Italian,8.3,0.0,1.1,completed,8.93,False,0.0,2026-03-23 13:49:38
461,94,50147893,2026-03-30 19:39:08,2026-03-30 19:54:08,4,Coffee/Tea,21.9,0.0,5.7,completed,201.28,False,0.0,2026-03-30 19:39:08
462,94,50126049,2026-03-22 18:11:37,2026-03-22 18:41:37,2,Italian,31.6,0.0,2.0,completed,30.89,False,0.0,2026-03-22 18:11:37
463,94,50164694,2026-05-25 12:47:27,2026-05-25 13:47:27,1,Coffee/Tea,44.9,0.0,9.8,completed,40.26,False,0.0,2026-05-25 12:47:27
464,94,40641437,2026-03-05 21:43:18,2026-03-05 21:58:18,4,Italian,36.2,0.8,1.8,cancelled,173.22,False,0.0,2026-03-05 21:43:18
465,94,50121997,2026-05-25 12:43:43,2026-05-25 13:13:43,2,Italian,12.1,0.0,3.2,cancelled,12.01,False,0.0,2026-05-25 12:43:43
466,95,50119996,2026-05-21 14:48:03,2026-05-21 15:03:03,2,Chicken,34.2,0.0,0.0,completed,45.67,True,6.85,2026-05-21 14:48:03
467,96,50002362,2026-04-11 19:54:37,2026-04-11 20:54:37,4,Bakery Products/Desserts,19.2,0.0,1.3,completed,45.81,False,0.0,2026-04-11 19:54:37
468,96,50177279,2026-04-26 14:36:45,2026-04-26 15:21:45,3,Chicken,24.9,0.0,0.0,completed,25.45,False,0.0,2026-04-26 14:36:45
469,96,50108954,2026-03-23 13:53:29,2026-03-23 14:23:29,2,Chicken,35.9,0.0,0.8,completed,21.36,True,3.2,2026-03-23 13:53:29
470,96,50016967,2026-04-23 12:33:18,2026-04-23 13:03:18,2,Mexican,11.2,0.0,0.0,cancelled,88.91,False,0.0,2026-04-23 12:33:18
471,97,50124140,2026-04-02 17:52:38,2026-04-02 18:07:38,1,Bakery Products/Desserts,23.4,0.0,1.1,completed,47.24,False,0.0,2026-04-02 17:52:38
472,97,50127582,2026-03-07 18:25:20,2026-03-07 19:25:20,5,Bakery Products/Desserts,5.6,0.0,2.6,completed,412.79,True,41.28,2026-03-07 18:25:20
473,97,50177118,2026-05-16 13:49:40,2026-05-16 14:04:40,2,Bakery Products/Desserts,40.2,0.0,0.0,completed,408.64,False,0.0,2026-05-16 13:49:40
474,97,41622588,2026-04-15 17:20:47,2026-04-15 18:05:47,5,Bakery Products/Desserts,26.8,0.0,2.1,completed,632.67,True,63.27,2026-04-15 17:20:47
475,97,50121207,2026-05-25 13:43:45,2026-05-25 13:58:45,2,Bakery Products/Desserts,24.5,0.0,1.4,completed,100.84,False,0.0,2026-05-25 13:43:45
476,97,50182066,2026-05-12 12:33:36,2026-05-12 13:03:36,5,Bakery Products/Desserts,15.2,0.1,3.3,completed,189.58,False,0.0,2026-05-12 12:33:36
477,97,41248584,2026-03-28 14:08:50,2026-03-28 15:38:50,3,Japanese,22.2,1.3,0.0,completed,237.03,True,35.55,2026-03-28 14:08:50
478,97,50003485,2026-05-29 19:59:50,2026-05-29 20:29:50,2,Japanese,44.1,0.0,3.4,completed,220.79,False,0.0,2026-05-29 19:59:50
479,97,50115927,2026-03-30 18:47:06,2026-03-30 19:17:06,1,Japanese,34.2,3.3,9.7,completed,102.54,False,0.0,2026-03-30 18:47:06
480,97,50134230,2026-04-07 14:52:48,2026-04-07 15:07:48,2,Thai,26.1,0.0,0.0,cancelled,68.16,False,0.0,2026-04-07 14:52:48
481,97,50129743,2026-04-20 11:21:54,2026-04-20 11:36:54,1,Bakery Products/Desserts,31.4,0.0,1.1,completed,24.5,False,0.0,2026-04-20 11:21:54
482,97,50160415,2026-03-21 12:42:31,2026-03-21 13:27:31,2,Mediterranean,17.4,0.0,0.0,completed,95.27,True,23.82,2026-03-21 12:42:31
483,98,50059995,2026-03-02 19:06:28,2026-03-02 19:21:28,3,American,38.6,0.0,0.0,cancelled,104.57,True,26.14,2026-03-02 19:06:28
484,98,50094935,2026-05-24 18:50:06,2026-05-24 19:50:06,2,Donuts,7.5,0.0,1.1,completed,15.31,False,0.0,2026-05-24 18:50:06
485,98,50124032,2026-04-13 19:18:22,2026-04-13 20:03:22,3,American,22.4,0.0,0.9,completed,6.85,False,0.0,2026-04-13 19:18:22
486,98,50128935,2026-04-28 14:24:13,2026-04-28 15:09:13,3,American,30.2,0.0,2.9,completed,20.72,True,5.18,2026-04-28 14:24:13
487,98,50018303,2026-03-06 21:18:07,2026-03-06 21:48:07,2,Donuts,40.1,0.0,0.0,completed,39.89,False,0.0,2026-03-06 21:18:07
488,98,50097856,2026-05-13 20:54:13,2026-05-13 22:24:13,5,Donuts,27.9,0.0,0.0,cancelled,60.29,True,9.04,2026-05-13 20:54:13
489,98,41711730,2026-05-02 17:43:00,2026-05-02 19:13:00,1,American,36.2,0.0,1.3,cancelled,7.55,True,1.51,2026-05-02 17:43:00
490,98,40482598,2026-05-01 19:24:48,2026-05-01 19:54:48,3,American,10.9,0.0,3.5,completed,80.01,False,0.0,2026-05-01 19:24:48
491,98,50159039,2026-05-22 13:11:27,2026-05-22 13:26:27,4,American,15.7,0.0,5.9,completed,97.1,False,0.0,2026-05-22 13:11:27
492,98,50056945,2026-05-26 15:35:31,2026-05-26 16:20:31,2,American,15.6,0.0,0.0,completed,5.47,True,1.09,2026-05-26 15:35:31
493,98,50111125,2026-03-02 22:27:55,2026-03-02 23:12:55,2,American,21.1,0.0,0.0,completed,29.98,False,0.0,2026-03-02 22:27:55
494,98,50002109,2026-04-06 19:31:58,2026-04-06 20:01:58,2,Donuts,35.5,0.0,5.4,completed,48.34,False,0.0,2026-04-06 19:31:58
495,98,50047780,2026-04-02 19:11:33,2026-04-02 20:41:33,3,American,15.2,0.0,0.0,completed,29.95,True,3.0,2026-04-02 19:11:33
496,98,50076334,2026-03-05 13:58:14,2026-03-05 14:28:14,1,Donuts,13.3,0.0,5.5,completed,31.28,False,0.0,2026-03-05 13:58:14
497,98,50153523,2026-03-26 19:02:31,2026-03-26 20:02:31,1,Salads,24.2,0.0,0.0,completed,20.54,True,5.14,2026-03-26 19:02:31
498,98,50157578,2026-03-20 20:38:45,2026-03-20 21:08:45,2,Donuts,34.7,0.0,2.3,cancelled,31.1,True,3.11,2026-03-20 20:38:45
499,98,50129635,2026-04-12 20:37:26,2026-04-12 21:22:26,1,Sandwiches,28.2,0.0,4.5,completed,39.68,True,7.94,2026-04-12 20:37:26
500,98,41676090,2026-03-06 08:47:03,2026-03-06 09:32:03,2,American,14.7,0.0,1.6,completed,27.46,False,0.0,2026-03-06 08:47:03
501,98,41466825,2026-05-27 09:31:02,2026-05-27 10:31:02,4,Donuts,19.4,0.0,0.0,completed,9.13,False,0.0,2026-05-27 09:31:02
502,98,50162253,2026-05-08 21:31:56,2026-05-08 22:16:56,4,American,12.7,0.0,0.0,completed,38.88,False,0.0,2026-05-08 21:31:56
503,99,50112617,2026-05-06 20:29:06,2026-05-06 21:29:06,2,Mediterranean,27.5,0.0,2.8,completed,76.17,False,0.0,2026-05-06 20:29:06
504,99,50107249,2026-05-12 10:06:08,2026-05-12 11:36:08,5,Sandwiches,18.6,0.0,2.0,cancelled,137.4,True,20.61,2026-05-12 10:06:08
505,99,50033788,2026-05-17 18:00:31,2026-05-17 18:45:31,1,Asian/Asian Fusion,35.4,0.1,1.7,completed,18.52,False,0.0,2026-05-17 18:00:31
506,99,50132905,2026-05-22 22:00:01,2026-05-22 23:30:01,2,Mediterranean,39.2,0.0,0.0,completed,154.28,True,15.43,2026-05-22 22:00:01
507,100,50103610,2026-04-01 13:16:22,2026-04-01 14:01:22,2,Asian/Asian Fusion,23.0,0.0,0.5,completed,33.13,True,8.28,2026-04-01 13:16:22
508,100,50090463,2026-03-12 21:14:25,2026-03-12 22:44:25,2,Asian/Asian Fusion,33.6,0.0,0.1,completed,132.38,False,0.0,2026-03-12 21:14:25
509,100,50007880,2026-03-17 16:44:13,2026-03-17 18:14:13,4,Asian/Asian Fusion,30.1,0.0,4.9,completed,51.97,False,0.0,2026-03-17 16:44:13
510,100,50102879,2026-03-29 08:26:36,2026-03-29 08:56:36,2,Asian/Asian Fusion,26.7,0.0,0.0,completed,19.97,False,0.0,2026-03-29 08:26:36
511,100,50124278,2026-05-25 12:07:05,2026-05-25 13:07:05,2,Asian/Asian Fusion,7.3,0.0,0.0,completed,60.6,False,0.0,2026-05-25 12:07:05
512,100,50007880,2026-04-26 09:52:57,2026-04-26 10:52:57,2,Asian/Asian Fusion,19.9,0.0,0.0,completed,3.82,False,0.0,2026-04-26 09:52:57
513,100,50018385,2026-05-28 13:17:52,2026-05-28 14:17:52,1,American,7.3,0.0,4.0,cancelled,16.93,False,0.0,2026-05-28 13:17:52
514,102,50142983,2026-05-08 19:45:49,2026-05-08 20:00:49,2,Bakery Products/Desserts,16.2,0.0,0.1,cancelled,74.22,False,0.0,2026-05-08 19:45:49
515,102,50156517,2026-03-05 21:28:40,2026-03-05 23:28:40,2,Bakery Products/Desserts,16.9,0.0,0.0,completed,99.62,True,19.92,2026-03-05 21:28:40
516,102,50045945,2026-04-30 21:04:49,2026-04-30 21:49:49,3,Sandwiches,10.7,0.0,0.0,completed,159.1,False,0.0,2026-04-30 21:04:49
517,102,50174334,2026-05-16 18:39:05,2026-05-16 19:24:05,1,Bakery Products/Desserts,31.4,0.0,0.0,completed,4.26,False,0.0,2026-05-16 18:39:05
518,102,41467086,2026-04-21 10:08:48,2026-04-21 10:38:48,1,Sandwiches,24.9,0.0,0.0,completed,63.23,True,6.32,2026-04-21 10:08:48
519,102,41138581,2026-04-26 19:20:24,2026-04-26 19:50:24,2,Sandwiches,17.6,0.0,0.0,no_show,62.38,True,12.48,2026-04-26 19:20:24
520,103,50117985,2026-03-15 14:39:28,2026-03-15 15:09:28,2,Sandwiches,10.7,0.0,0.0,completed,17.14,False,0.0,2026-03-15 14:39:28
521,103,41325638,2026-05-31 15:39:35,2026-05-31 16:39:35,1,Sandwiches,28.4,0.0,4.5,completed,44.5,False,0.0,2026-05-31 15:39:35
522,103,50094961,2026-05-03 09:09:23,2026-05-03 09:39:23,3,Sandwiches,5.0,0.0,0.0,completed,147.59,False,0.0,2026-05-03 09:09:23
523,103,50163506,2026-04-10 20:20:14,2026-04-10 20:35:14,2,Sandwiches,24.3,0.0,3.0,completed,61.13,False,0.0,2026-04-10 20:20:14
524,103,50089187,2026-03-06 19:26:58,2026-03-06 19:56:58,4,Coffee/Tea,39.2,0.0,1.5,cancelled,128.79,False,0.0,2026-03-06 19:26:58
525,104,50139026,2026-04-14 18:07:02,2026-04-14 18:22:02,2,"Juice, Smoothies, Fruit Salads",7.9,0.0,1.3,completed,78.13,False,0.0,2026-04-14 18:07:02
526,105,50083465,2026-04-23 14:58:30,2026-04-23 15:43:30,5,Chinese,34.9,0.0,0.0,completed,350.74,False,0.0,2026-04-23 14:58:30
527,105,40535738,2026-03-09 14:58:26,2026-03-09 15:58:26,2,American,44.8,0.0,1.7,completed,21.79,False,0.0,2026-03-09 14:58:26
528,105,50145971,2026-04-21 16:21:36,2026-04-21 17:21:36,5,Chinese,29.6,0.0,1.2,completed,38.47,False,0.0,2026-04-21 16:21:36
529,105,50071506,2026-03-27 08:50:48,2026-03-27 09:20:48,2,French,20.2,0.0,0.0,completed,143.26,True,21.49,2026-03-27 08:50:48
530,105,50042621,2026-05-13 18:29:25,2026-05-13 18:44:25,3,Thai,23.3,0.0,4.0,completed,12.93,False,0.0,2026-05-13 18:29:25
531,105,50143553,2026-04-11 13:55:26,2026-04-11 14:55:26,2,Indian,44.6,0.0,0.0,completed,23.39,False,0.0,2026-04-11 13:55:26
532,105,50176558,2026-05-20 12:35:48,2026-05-20 14:05:48,1,Indian,8.7,0.0,0.0,completed,22.53,False,0.0,2026-05-20 12:35:48
533,106,40365942,2026-03-28 09:07:09,2026-03-28 09:52:09,3,Chinese,39.7,0.0,0.0,completed,296.68,False,0.0,2026-03-28 09:07:09
534,106,40886675,2026-03-24 18:22:57,2026-03-24 18:52:57,4,American,21.2,0.0,2.6,completed,222.75,False,0.0,2026-03-24 18:22:57
535,107,50149499,2026-04-30 19:23:47,2026-04-30 20:23:47,1,Chicken,8.5,0.0,0.1,completed,33.63,True,6.73,2026-04-30 19:23:47
536,107,50037410,2026-05-27 21:09:16,2026-05-27 21:24:16,2,Chicken,42.8,0.0,0.0,completed,59.16,False,0.0,2026-05-27 21:09:16
537,107,50137571,2026-03-09 15:07:16,2026-03-09 15:52:16,2,Chicken,33.8,0.0,0.0,completed,14.52,True,2.18,2026-03-09 15:07:16
538,107,50105774,2026-05-24 12:39:52,2026-05-24 13:24:52,2,Jewish/Kosher,27.4,0.0,0.0,completed,79.85,False,0.0,2026-05-24 12:39:52
539,107,50012356,2026-05-28 13:56:11,2026-05-28 14:56:11,3,Chicken,42.3,0.0,1.6,no_show,15.58,True,3.12,2026-05-28 13:56:11
540,107,50095023,2026-03-18 13:34:09,2026-03-18 14:19:09,2,Chicken,22.5,0.0,0.0,completed,47.66,False,0.0,2026-03-18 13:34:09
541,107,50129323,2026-03-26 08:19:32,2026-03-26 09:49:32,3,Chicken,39.6,0.0,0.0,completed,61.23,False,0.0,2026-03-26 08:19:32
542,107,50144001,2026-05-24 19:11:39,2026-05-24 21:11:39,2,Korean,21.2,0.0,0.0,completed,56.81,False,0.0,2026-05-24 19:11:39
543,108,40931920,2026-04-27 11:32:36,2026-04-27 13:02:36,3,Sandwiches,15.6,0.0,0.0,cancelled,28.73,False,0.0,2026-04-27 11:32:36
544,108,50131741,2026-05-24 13:21:20,2026-05-24 14:06:20,4,Japanese,19.3,0.2,1.9,completed,148.39,False,0.0,2026-05-24 13:21:20
545,108,50089809,2026-04-08 08:25:39,2026-04-08 09:10:39,1,Japanese,28.3,0.0,1.3,completed,27.35,False,0.0,2026-04-08 08:25:39
546,108,50137627,2026-03-17 13:24:18,2026-03-17 14:24:18,3,Japanese,18.5,0.0,0.0,completed,115.5,False,0.0,2026-03-17 13:24:18
547,109,50119003,2026-05-25 12:16:27,2026-05-25 12:46:27,2,Chinese,30.4,0.0,0.8,completed,190.3,False,0.0,2026-05-25 12:16:27
548,109,41326196,2026-05-17 10:27:17,2026-05-17 10:57:17,2,Chinese,28.7,0.0,5.3,completed,40.56,True,10.14,2026-05-17 10:27:17
549,109,50115912,2026-05-27 20:10:47,2026-05-27 20:55:47,2,Chinese,10.0,0.0,1.0,completed,223.51,False,0.0,2026-05-27 20:10:47
550,109,50131741,2026-04-15 20:25:29,2026-04-15 20:55:29,2,Japanese,22.7,0.2,0.5,completed,152.72,False,0.0,2026-04-15 20:25:29
551,109,41484499,2026-05-24 12:10:39,2026-05-24 12:55:39,2,Italian,31.1,0.0,4.1,completed,111.32,False,0.0,2026-05-24 12:10:39
552,109,41513849,2026-04-24 18:12:15,2026-04-24 18:27:15,2,Chinese,28.0,0.0,3.6,completed,266.85,False,0.0,2026-04-24 18:12:15
553,109,50095962,2026-05-04 19:02:35,2026-05-04 19:47:35,1,Chinese,10.9,0.0,0.8,completed,92.75,True,13.91,2026-05-04 19:02:35
554,109,50114388,2026-03-23 17:44:28,2026-03-23 18:29:28,2,Chinese,40.6,0.0,2.5,completed,49.07,False,0.0,2026-03-23 17:44:28
555,109,50150010,2026-05-22 18:36:15,2026-05-22 19:21:15,2,Coffee/Tea,23.6,0.0,1.1,completed,59.28,True,14.82,2026-05-22 18:36:15
556,109,50086421,2026-05-09 09:51:13,2026-05-09 10:51:13,2,Thai,35.0,0.0,1.1,completed,190.71,False,0.0,2026-05-09 09:51:13
557,109,41639363,2026-03-07 12:55:18,2026-03-07 13:10:18,2,Italian,8.1,0.0,0.0,completed,110.25,True,22.05,2026-03-07 12:55:18
558,109,50120141,2026-04-11 11:21:49,2026-04-11 11:36:49,5,Asian/Asian Fusion,35.5,0.0,0.0,completed,354.12,False,0.0,2026-04-11 11:21:49
559,109,50120540,2026-05-21 09:00:13,2026-05-21 09:30:13,3,Italian,31.2,0.0,4.1,completed,371.97,False,0.0,2026-05-21 09:00:13
560,109,50158791,2026-04-17 21:36:04,2026-04-17 22:21:04,2,Italian,16.7,27.4,25.4,completed,128.37,False,0.0,2026-04-17 21:36:04
561,109,50120540,2026-04-19 15:43:02,2026-04-19 16:13:02,3,Italian,28.4,0.0,1.0,completed,11.06,False,0.0,2026-04-19 15:43:02
562,110,50098846,2026-04-08 19:02:06,2026-04-08 20:02:06,2,Thai,35.1,2.4,4.7,completed,22.45,True,4.49,2026-04-08 19:02:06
563,110,50176710,2026-04-05 21:09:07,2026-04-05 21:39:07,3,Donuts,22.3,0.0,0.0,completed,9.89,False,0.0,2026-04-05 21:09:07
564,110,50146207,2026-04-12 18:51:47,2026-04-12 19:36:47,1,Other,36.2,0.0,0.0,completed,36.18,False,0.0,2026-04-12 18:51:47
565,110,50171571,2026-05-02 15:18:21,2026-05-02 16:03:21,1,Other,43.7,0.0,0.0,completed,17.86,False,0.0,2026-05-02 15:18:21
566,110,41279957,2026-05-21 19:26:41,2026-05-21 20:11:41,3,American,18.0,0.0,1.5,completed,164.48,False,0.0,2026-05-21 19:26:41
567,110,50080876,2026-04-28 21:21:26,2026-04-28 21:51:26,3,Donuts,27.5,0.0,0.0,completed,103.54,False,0.0,2026-04-28 21:21:26
568,110,50162773,2026-05-21 16:40:41,2026-05-21 17:40:41,2,Other,44.0,0.0,0.0,completed,138.99,False,0.0,2026-05-21 16:40:41
569,111,41502172,2026-04-04 20:31:03,2026-04-04 20:46:03,6,Donuts,19.8,0.0,1.7,completed,449.51,False,0.0,2026-04-04 20:31:03
570,111,50047571,2026-04-03 19:41:03,2026-04-03 21:11:03,2,Donuts,6.0,0.0,0.0,completed,57.73,False,0.0,2026-04-03 19:41:03
571,111,50045716,2026-03-19 19:15:48,2026-03-19 19:30:48,2,Mexican,16.0,0.0,0.0,completed,132.66,False,0.0,2026-03-19 19:15:48
572,112,41678381,2026-04-23 10:42:56,2026-04-23 12:42:56,4,Indian,40.0,0.9,3.5,no_show,82.77,False,0.0,2026-04-23 10:42:56
573,112,50060498,2026-04-14 16:53:24,2026-04-14 17:38:24,1,Indian,5.8,0.0,4.9,completed,9.63,False,0.0,2026-04-14 16:53:24
574,112,50067972,2026-03-22 18:13:09,2026-03-22 18:43:09,3,Italian,36.2,0.0,3.1,completed,60.91,False,0.0,2026-03-22 18:13:09
575,112,50174176,2026-03-20 12:52:16,2026-03-20 13:52:16,2,Pizza,32.7,0.0,2.3,completed,62.76,True,6.28,2026-03-20 12:52:16
576,113,50109226,2026-04-21 14:39:53,2026-04-21 15:39:53,4,Coffee/Tea,21.7,0.0,2.8,completed,124.03,False,0.0,2026-04-21 14:39:53
577,113,50119572,2026-05-17 10:19:59,2026-05-17 10:49:59,1,Korean,24.4,0.0,0.0,cancelled,43.71,False,0.0,2026-05-17 10:19:59
578,114,50164414,2026-03-13 12:50:06,2026-03-13 13:20:06,5,Chinese,12.6,0.0,0.0,completed,110.82,False,0.0,2026-03-13 12:50:06
579,114,50155349,2026-04-24 19:30:05,2026-04-24 20:15:05,1,Japanese,40.2,0.0,0.0,completed,48.95,False,0.0,2026-04-24 19:30:05
580,115,50140852,2026-05-12 18:03:26,2026-05-12 18:18:26,4,Mediterranean,32.7,0.0,0.1,completed,132.54,True,13.25,2026-05-12 18:03:26
581,115,50011006,2026-04-12 20:43:04,2026-04-12 21:13:04,2,Mediterranean,29.8,0.0,0.0,completed,86.97,False,0.0,2026-04-12 20:43:04
582,115,50170231,2026-04-29 13:20:17,2026-04-29 13:35:17,1,Italian,40.4,0.0,0.0,completed,49.82,False,0.0,2026-04-29 13:20:17
583,115,40401025,2026-04-14 17:08:09,2026-04-14 18:08:09,1,Italian,7.4,0.0,0.0,completed,18.14,False,0.0,2026-04-14 17:08:09
584,115,50119808,2026-03-04 20:26:48,2026-03-04 20:41:48,2,Mediterranean,36.1,0.0,0.4,completed,56.9,False,0.0,2026-03-04 20:26:48
585,115,50126049,2026-05-31 13:36:00,2026-05-31 14:06:00,2,Italian,27.9,0.0,0.0,completed,33.93,False,0.0,2026-05-31 13:36:00
586,115,50129852,2026-03-20 13:14:40,2026-03-20 13:44:40,1,Mediterranean,39.7,0.0,3.6,completed,38.04,False,0.0,2026-03-20 13:14:40
587,115,41401730,2026-03-08 10:44:04,2026-03-08 11:44:04,4,Italian,13.8,0.0,2.9,completed,72.2,False,0.0,2026-03-08 10:44:04
588,115,40367365,2026-05-13 12:04:50,2026-05-13 12:34:50,2,American,19.2,0.0,0.0,completed,47.31,False,0.0,2026-05-13 12:04:50
589,115,50157215,2026-04-19 13:17:42,2026-04-19 15:17:42,4,Italian,11.5,0.0,0.0,completed,26.73,False,0.0,2026-04-19 13:17:42
590,116,50108847,2026-03-27 11:28:51,2026-03-27 13:28:51,3,Bagels/Pretzels,41.0,0.0,1.9,completed,31.64,True,4.75,2026-03-27 11:28:51
591,116,41001192,2026-03-05 16:34:03,2026-03-05 17:19:03,2,Mediterranean,18.0,0.0,0.9,completed,25.7,False,0.0,2026-03-05 16:34:03
592,116,40803254,2026-05-15 20:30:12,2026-05-15 21:30:12,1,Italian,15.2,0.0,0.0,cancelled,21.92,False,0.0,2026-05-15 20:30:12
593,116,50162012,2026-04-29 12:46:42,2026-04-29 13:31:42,1,Mediterranean,35.2,4.0,1.1,cancelled,11.77,False,0.0,2026-04-29 12:46:42
594,116,50004512,2026-04-11 15:22:01,2026-04-11 15:37:01,3,Spanish,9.4,0.0,1.3,completed,22.16,False,0.0,2026-04-11 15:22:01
595,116,50055124,2026-03-24 20:59:56,2026-03-24 21:44:56,3,Coffee/Tea,11.2,0.0,0.0,no_show,35.64,False,0.0,2026-03-24 20:59:56
596,116,50115911,2026-03-02 18:12:27,2026-03-02 18:42:27,2,Italian,20.8,0.0,1.7,completed,23.18,False,0.0,2026-03-02 18:12:27
597,117,50055936,2026-03-08 22:23:08,2026-03-09 00:23:08,2,Thai,34.5,0.2,2.8,completed,28.54,False,0.0,2026-03-08 22:23:08
598,117,50037372,2026-03-18 17:56:14,2026-03-18 18:56:14,2,Spanish,18.2,0.0,3.5,completed,17.9,False,0.0,2026-03-18 17:56:14
599,117,50047414,2026-03-08 11:45:04,2026-03-08 12:45:04,1,Sandwiches,10.1,0.0,1.5,completed,21.2,True,5.3,2026-03-08 11:45:04
600,117,41026182,2026-05-30 17:19:55,2026-05-30 17:49:55,1,Sandwiches,32.2,0.0,7.9,completed,25.55,False,0.0,2026-05-30 17:19:55
601,117,50117413,2026-04-21 19:11:44,2026-04-21 19:56:44,6,Sandwiches,41.4,2.4,3.1,completed,21.11,True,2.11,2026-04-21 19:11:44
602,117,50143911,2026-04-03 13:58:56,2026-04-03 14:58:56,5,New American,15.3,0.0,3.2,completed,39.59,True,3.96,2026-04-03 13:58:56
603,117,50172772,2026-03-22 14:46:16,2026-03-22 15:31:16,1,Sandwiches,16.4,0.0,7.2,completed,14.59,True,2.19,2026-03-22 14:46:16
604,118,50124317,2026-05-23 20:05:50,2026-05-23 20:50:50,1,American,6.7,0.0,0.0,completed,7.33,False,0.0,2026-05-23 20:05:50
605,118,50076290,2026-04-30 11:30:18,2026-04-30 12:15:18,5,Mexican,39.8,0.0,0.0,completed,34.2,False,0.0,2026-04-30 11:30:18
606,118,50127708,2026-04-08 14:06:31,2026-04-08 15:06:31,6,New American,40.7,0.0,0.0,completed,130.06,True,13.01,2026-04-08 14:06:31
607,118,50041322,2026-03-20 19:47:11,2026-03-20 20:02:11,4,American,42.1,4.1,5.0,completed,38.67,True,7.73,2026-03-20 19:47:11
608,118,41718710,2026-04-21 18:36:55,2026-04-21 20:06:55,2,Korean,20.8,0.0,0.0,cancelled,40.27,False,0.0,2026-04-21 18:36:55
609,118,50129875,2026-04-22 09:46:09,2026-04-22 10:16:09,1,Korean,23.2,0.0,3.0,cancelled,7.78,False,0.0,2026-04-22 09:46:09
610,119,50049736,2026-05-30 13:38:17,2026-05-30 14:38:17,1,Salads,32.2,0.0,0.0,completed,19.44,False,0.0,2026-05-30 13:38:17
611,119,50089200,2026-05-24 20:14:55,2026-05-24 21:14:55,1,Donuts,15.9,0.0,0.0,completed,98.29,True,9.83,2026-05-24 20:14:55
612,119,50057614,2026-05-25 19:31:47,2026-05-25 20:16:47,2,Italian,13.3,0.0,3.0,completed,55.06,False,0.0,2026-05-25 19:31:47
613,119,50001977,2026-04-23 16:07:49,2026-04-23 17:37:49,2,Italian,6.9,0.0,0.0,completed,8.3,True,1.25,2026-04-23 16:07:49
614,119,50163011,2026-03-16 20:29:07,2026-03-16 21:14:07,3,Other,27.6,0.0,0.0,completed,125.41,False,0.0,2026-03-16 20:29:07
615,119,41231878,2026-04-27 16:00:16,2026-04-27 17:30:16,3,Italian,40.3,0.0,0.0,completed,133.29,False,0.0,2026-04-27 16:00:16
616,119,50149783,2026-05-12 13:25:15,2026-05-12 14:10:15,1,Italian,39.4,0.0,0.0,completed,11.42,True,2.85,2026-05-12 13:25:15
617,119,50180580,2026-05-31 18:14:33,2026-05-31 19:14:33,3,Donuts,12.8,0.0,0.0,completed,40.3,False,0.0,2026-05-31 18:14:33
618,120,50136699,2026-05-12 18:00:29,2026-05-12 18:45:29,5,Thai,23.7,0.0,0.1,completed,100.47,False,0.0,2026-05-12 18:00:29
619,120,40955649,2026-03-07 12:14:25,2026-03-07 14:14:25,5,Coffee/Tea,39.8,0.0,0.0,completed,33.88,False,0.0,2026-03-07 12:14:25
620,120,50148994,2026-05-12 17:41:09,2026-05-12 19:41:09,1,Bakery Products/Desserts,22.0,0.0,0.0,completed,10.0,True,1.0,2026-05-12 17:41:09
621,120,50014568,2026-05-10 19:29:39,2026-05-10 20:14:39,2,Bakery Products/Desserts,21.5,0.0,1.1,no_show,25.49,True,5.1,2026-05-10 19:29:39
622,121,50007878,2026-05-24 12:15:13,2026-05-24 12:45:13,2,Asian/Asian Fusion,43.0,0.0,0.0,completed,52.51,False,0.0,2026-05-24 12:15:13
623,122,50162012,2026-05-19 19:52:51,2026-05-19 20:07:51,2,Mediterranean,29.9,4.0,6.2,cancelled,136.59,False,0.0,2026-05-19 19:52:51
624,122,50000542,2026-03-29 14:14:21,2026-03-29 15:14:21,2,Chinese,13.9,2.6,3.8,completed,76.57,True,11.49,2026-03-29 14:14:21
625,122,50154136,2026-03-15 18:15:25,2026-03-15 19:00:25,2,Mediterranean,22.2,0.0,0.0,completed,122.61,False,0.0,2026-03-15 18:15:25
626,122,50164302,2026-04-21 11:34:26,2026-04-21 12:19:26,2,American,5.8,2.9,3.3,completed,3.12,False,0.0,2026-04-21 11:34:26
627,122,50130240,2026-03-20 10:17:32,2026-03-20 11:02:32,2,American,25.6,0.0,0.0,completed,91.62,False,0.0,2026-03-20 10:17:32
628,122,50158335,2026-04-27 19:49:18,2026-04-27 20:19:18,2,Mediterranean,25.4,1.5,0.0,completed,106.89,False,0.0,2026-04-27 19:49:18
629,123,50170799,2026-03-11 21:57:22,2026-03-11 22:27:22,3,American,16.0,0.0,3.8,completed,41.83,False,0.0,2026-03-11 21:57:22
630,123,50099022,2026-03-12 18:08:32,2026-03-12 18:53:32,2,Italian,9.5,0.0,0.0,completed,30.73,False,0.0,2026-03-12 18:08:32
631,123,50035857,2026-05-12 18:19:06,2026-05-12 18:49:06,3,Tex-Mex,30.0,0.0,0.0,completed,81.47,True,16.29,2026-05-12 18:19:06
632,123,50119978,2026-05-01 14:31:25,2026-05-01 15:16:25,2,American,42.5,0.0,0.0,completed,74.48,False,0.0,2026-05-01 14:31:25
633,124,50128311,2026-04-10 21:49:08,2026-04-10 22:19:08,2,American,18.7,2.8,5.2,completed,143.3,False,0.0,2026-04-10 21:49:08
634,124,50105940,2026-03-16 19:53:32,2026-03-16 20:38:32,3,Donuts,34.4,0.0,3.5,completed,118.19,False,0.0,2026-03-16 19:53:32
635,124,50081388,2026-03-03 18:49:18,2026-03-03 20:19:18,3,Thai,31.8,0.0,1.8,completed,243.0,True,48.6,2026-03-03 18:49:18
636,125,50017047,2026-05-25 18:23:16,2026-05-25 19:23:16,2,Salads,13.3,0.0,3.0,completed,138.27,False,0.0,2026-05-25 18:23:16
637,125,50129775,2026-04-20 12:18:54,2026-04-20 13:18:54,1,Japanese,28.0,0.0,0.0,completed,45.46,False,0.0,2026-04-20 12:18:54
638,126,50141955,2026-05-05 08:01:46,2026-05-05 08:46:46,2,Chicken,42.9,0.0,0.0,completed,32.1,False,0.0,2026-05-05 08:01:46
639,126,50136934,2026-04-28 11:51:01,2026-04-28 12:51:01,2,Latin American,16.7,0.0,0.0,completed,10.93,False,0.0,2026-04-28 11:51:01
640,126,50153742,2026-03-24 13:43:26,2026-03-24 14:28:26,1,Chicken,31.2,0.0,0.5,completed,6.2,False,0.0,2026-03-24 13:43:26
641,126,41709604,2026-04-21 18:28:21,2026-04-21 19:13:21,5,Chicken,20.2,0.0,0.8,completed,66.89,False,0.0,2026-04-21 18:28:21
642,126,50129833,2026-04-08 10:38:47,2026-04-08 11:23:47,1,Latin American,27.7,0.0,0.0,completed,6.23,True,0.93,2026-04-08 10:38:47
643,126,41382688,2026-03-09 09:37:52,2026-03-09 10:07:52,3,Latin American,10.8,1.2,1.6,completed,49.41,False,0.0,2026-03-09 09:37:52
644,126,50090708,2026-03-11 15:41:14,2026-03-11 16:41:14,4,Chicken,10.0,0.0,0.0,cancelled,26.45,False,0.0,2026-03-11 15:41:14
645,126,50060989,2026-05-23 11:02:15,2026-05-23 12:02:15,5,American,14.7,0.0,0.0,completed,142.17,False,0.0,2026-05-23 11:02:15
646,126,50166741,2026-05-13 20:09:57,2026-05-13 20:54:57,4,Latin American,37.8,0.0,4.0,completed,105.25,False,0.0,2026-05-13 20:09:57
647,127,50128218,2026-05-21 12:36:45,2026-05-21 13:06:45,1,Pizza,38.5,0.0,0.0,completed,90.44,True,9.04,2026-05-21 12:36:45
648,127,50084739,2026-04-05 18:23:02,2026-04-05 18:53:02,3,Asian/Asian Fusion,23.8,0.0,0.0,completed,214.66,True,42.93,2026-04-05 18:23:02
649,127,50018481,2026-04-09 18:28:32,2026-04-09 18:43:32,6,Asian/Asian Fusion,21.9,0.0,2.8,completed,352.67,False,0.0,2026-04-09 18:28:32
650,127,50122884,2026-04-12 19:17:42,2026-04-12 20:02:42,2,Coffee/Tea,25.7,0.0,0.0,completed,96.09,False,0.0,2026-04-12 19:17:42
651,127,50152306,2026-03-06 19:14:27,2026-03-06 19:59:27,1,Asian/Asian Fusion,15.9,0.0,3.9,completed,102.29,False,0.0,2026-03-06 19:14:27
652,127,50115912,2026-03-03 20:34:12,2026-03-03 21:04:12,1,Chinese,44.0,0.0,0.8,cancelled,139.33,False,0.0,2026-03-03 20:34:12
653,127,50001734,2026-03-30 12:31:25,2026-03-30 13:31:25,5,Asian/Asian Fusion,12.5,0.0,0.0,completed,413.21,False,0.0,2026-03-30 12:31:25
654,129,50164689,2026-04-26 16:53:20,2026-04-26 17:23:20,2,Korean,18.6,0.0,0.0,no_show,73.86,False,0.0,2026-04-26 16:53:20
655,129,41715982,2026-03-31 17:18:02,2026-03-31 19:18:02,3,Korean,31.8,0.0,0.0,completed,123.58,False,0.0,2026-03-31 17:18:02
656,130,50125923,2026-05-10 19:24:48,2026-05-10 20:09:48,3,Korean,31.5,0.0,0.0,completed,223.03,False,0.0,2026-05-10 19:24:48
657,130,50159348,2026-05-09 13:40:35,2026-05-09 14:10:35,2,Italian,7.8,0.0,0.0,completed,67.98,False,0.0,2026-05-09 13:40:35
658,130,50126157,2026-04-14 22:53:35,2026-04-14 23:23:35,2,Mediterranean,12.7,0.0,0.0,cancelled,34.82,False,0.0,2026-04-14 22:53:35
659,130,50033019,2026-05-28 20:39:24,2026-05-28 21:24:24,3,Japanese,15.2,3.7,3.9,cancelled,81.56,False,0.0,2026-05-28 20:39:24
660,130,41275238,2026-05-22 13:15:06,2026-05-22 13:45:06,2,Hamburgers,5.5,0.0,3.6,completed,180.06,False,0.0,2026-05-22 13:15:06
661,130,50177990,2026-03-25 16:54:27,2026-03-25 17:54:27,4,Mediterranean,11.5,0.0,0.0,completed,285.56,False,0.0,2026-03-25 16:54:27
662,130,50016536,2026-04-26 19:12:05,2026-04-26 20:12:05,3,Coffee/Tea,21.7,0.0,0.0,cancelled,51.1,False,0.0,2026-04-26 19:12:05
663,130,50167629,2026-03-21 13:44:41,2026-03-21 14:29:41,4,Korean,10.3,0.0,0.0,cancelled,66.76,False,0.0,2026-03-21 13:44:41
664,130,50129827,2026-05-21 13:55:27,2026-05-21 14:25:27,4,Mediterranean,41.7,0.0,0.7,completed,317.47,False,0.0,2026-05-21 13:55:27
665,130,50099890,2026-05-18 21:21:01,2026-05-18 22:21:01,4,American,21.0,0.0,0.0,completed,528.13,False,0.0,2026-05-18 21:21:01
666,130,41715982,2026-05-06 21:47:44,2026-05-06 22:32:44,2,Korean,25.6,0.0,0.0,completed,88.98,False,0.0,2026-05-06 21:47:44
667,130,50160415,2026-03-25 12:09:38,2026-03-25 12:24:38,5,Mediterranean,43.3,0.0,2.1,cancelled,104.18,False,0.0,2026-03-25 12:09:38
668,130,50149278,2026-04-11 14:02:28,2026-04-11 15:32:28,2,Korean,44.4,2.6,4.4,completed,15.4,False,0.0,2026-04-11 14:02:28
669,130,50157900,2026-05-20 11:04:35,2026-05-20 12:04:35,3,Chinese,15.3,0.0,0.0,completed,67.86,True,6.79,2026-05-20 11:04:35
670,130,50013238,2026-05-10 19:48:11,2026-05-10 20:33:11,5,Korean,12.4,0.0,0.0,completed,138.61,False,0.0,2026-05-10 19:48:11
671,130,50157555,2026-03-08 11:09:30,2026-03-08 11:54:30,2,Japanese,16.2,0.0,0.5,completed,46.85,False,0.0,2026-03-08 11:09:30
672,130,50173098,2026-04-24 20:10:40,2026-04-24 20:55:40,1,Korean,35.2,0.0,0.0,no_show,70.16,False,0.0,2026-04-24 20:10:40
673,131,50107907,2026-04-14 10:51:26,2026-04-14 11:21:26,1,Pizza,29.0,0.0,1.8,cancelled,63.9,False,0.0,2026-04-14 10:51:26
674,131,50103576,2026-03-26 11:32:39,2026-03-26 13:32:39,1,Pizza,42.2,0.0,0.0,completed,35.53,True,7.11,2026-03-26 11:32:39
675,131,50144305,2026-04-18 20:09:29,2026-04-18 20:24:29,2,Indian,44.1,0.0,0.1,cancelled,117.21,False,0.0,2026-04-18 20:09:29
676,131,50005710,2026-03-08 15:00:10,2026-03-08 15:15:10,1,Korean,16.9,0.0,1.4,completed,9.07,False,0.0,2026-03-08 15:00:10
677,131,50008977,2026-04-10 12:16:14,2026-04-10 12:31:14,3,Korean,31.9,21.8,13.2,completed,101.06,False,0.0,2026-04-10 12:16:14
678,131,50108824,2026-04-10 19:02:09,2026-04-10 19:17:09,2,Pizza,29.0,0.0,0.0,completed,0.91,True,0.18,2026-04-10 19:02:09
679,132,50161634,2026-04-17 21:23:17,2026-04-17 23:23:17,2,Korean,27.8,0.0,0.0,completed,121.5,False,0.0,2026-04-17 21:23:17
680,132,50110250,2026-03-03 20:28:31,2026-03-03 20:58:31,2,American,39.4,4.8,1.7,completed,212.06,False,0.0,2026-03-03 20:28:31
681,132,50153742,2026-04-03 13:31:28,2026-04-03 14:31:28,3,Chicken,15.2,0.0,0.0,completed,117.57,False,0.0,2026-04-03 13:31:28
682,132,40573507,2026-05-07 13:20:06,2026-05-07 14:05:06,2,Italian,44.1,0.0,0.0,completed,144.79,True,28.96,2026-05-07 13:20:06
683,133,50147844,2026-05-27 11:29:55,2026-05-27 12:14:55,4,Chicken,27.4,0.0,1.1,completed,94.61,False,0.0,2026-05-27 11:29:55
684,133,50088514,2026-03-30 20:30:36,2026-03-30 21:15:36,2,Chicken,32.3,0.0,2.3,cancelled,91.88,True,9.19,2026-03-30 20:30:36
685,133,50123564,2026-04-28 13:09:19,2026-04-28 13:39:19,2,Chicken,16.7,0.0,1.2,completed,93.1,False,0.0,2026-04-28 13:09:19
686,133,50096757,2026-05-18 16:35:06,2026-05-18 17:35:06,2,Thai,12.7,0.0,0.3,completed,57.65,False,0.0,2026-05-18 16:35:06
687,133,40602670,2026-04-07 10:52:13,2026-04-07 11:37:13,1,Japanese,27.4,0.0,0.2,completed,113.77,False,0.0,2026-04-07 10:52:13
688,133,40397189,2026-04-23 10:43:33,2026-04-23 10:58:33,2,Bagels/Pretzels,24.1,0.0,0.0,completed,18.89,False,0.0,2026-04-23 10:43:33
689,133,41212364,2026-05-26 08:39:27,2026-05-26 09:24:27,2,American,6.7,0.0,0.6,completed,34.33,False,0.0,2026-05-26 08:39:27
690,133,41682198,2026-03-26 22:56:07,2026-03-26 23:56:07,2,New American,15.0,0.0,0.0,completed,27.79,False,0.0,2026-03-26 22:56:07
691,133,50044778,2026-04-13 20:32:41,2026-04-13 21:02:41,3,Chicken,34.1,0.9,2.8,completed,73.77,False,0.0,2026-04-13 20:32:41
692,134,50154719,2026-03-27 15:58:57,2026-03-27 16:58:57,2,Japanese,13.5,0.0,5.0,completed,24.74,True,2.47,2026-03-27 15:58:57
693,134,50076604,2026-03-20 08:17:22,2026-03-20 08:47:22,5,Mexican,17.4,0.0,0.0,completed,142.86,False,0.0,2026-03-20 08:17:22
694,134,50164242,2026-05-05 09:18:07,2026-05-05 10:18:07,2,Japanese,9.2,0.0,1.6,completed,32.73,False,0.0,2026-05-05 09:18:07
695,135,50149745,2026-04-12 20:30:07,2026-04-12 21:15:07,2,Mexican,12.0,0.0,1.3,completed,57.01,False,0.0,2026-04-12 20:30:07
696,135,50154567,2026-03-08 14:10:18,2026-03-08 14:25:18,3,Mexican,20.9,0.0,0.0,completed,62.94,False,0.0,2026-03-08 14:10:18
697,135,50125788,2026-03-04 13:25:09,2026-03-04 13:40:09,3,Mediterranean,38.0,11.1,2.0,completed,55.83,False,0.0,2026-03-04 13:25:09
698,135,50181731,2026-04-05 22:48:05,2026-04-05 23:18:05,4,American,18.4,0.0,0.0,no_show,16.6,False,0.0,2026-04-05 22:48:05
699,135,50079818,2026-05-01 21:41:55,2026-05-01 23:11:55,3,Italian,6.5,0.9,7.2,completed,165.54,False,0.0,2026-05-01 21:41:55
700,135,50163249,2026-05-22 11:38:34,2026-05-22 11:53:34,1,Mediterranean,6.9,0.0,1.3,completed,10.04,False,0.0,2026-05-22 11:38:34
701,135,50112468,2026-05-21 18:33:21,2026-05-21 19:33:21,6,Mexican,40.6,0.0,3.4,cancelled,9.75,True,0.98,2026-05-21 18:33:21
702,135,50147434,2026-05-22 18:43:11,2026-05-22 19:43:11,2,Mexican,15.4,0.0,0.0,completed,55.62,True,11.12,2026-05-22 18:43:11
703,135,50174350,2026-03-02 16:26:25,2026-03-02 16:41:25,2,Mediterranean,12.9,0.0,0.0,completed,25.77,False,0.0,2026-03-02 16:26:25
704,135,50124500,2026-05-18 14:39:57,2026-05-18 15:09:57,1,Mediterranean,10.7,11.8,10.4,completed,19.38,True,2.91,2026-05-18 14:39:57
705,137,41296408,2026-04-27 20:56:09,2026-04-27 22:26:09,3,Italian,38.6,0.0,0.0,completed,93.1,False,0.0,2026-04-27 20:56:09
706,137,50047472,2026-05-02 20:59:52,2026-05-02 21:29:52,2,Italian,41.3,0.0,0.0,completed,100.69,True,10.07,2026-05-02 20:59:52
707,137,41410214,2026-03-12 12:21:42,2026-03-12 14:21:42,1,Italian,14.7,0.0,0.5,completed,48.63,False,0.0,2026-03-12 12:21:42
708,137,50157212,2026-04-21 20:35:50,2026-04-21 21:20:50,2,Japanese,35.8,0.0,0.9,completed,108.66,False,0.0,2026-04-21 20:35:50
709,137,40370436,2026-03-25 14:04:19,2026-03-25 14:34:19,2,Italian,26.8,0.0,0.0,cancelled,81.48,True,20.37,2026-03-25 14:04:19
710,137,50066109,2026-05-31 16:58:24,2026-05-31 17:58:24,4,Pizza,38.4,0.0,0.0,completed,364.35,False,0.0,2026-05-31 16:58:24
711,137,40402893,2026-03-11 09:15:40,2026-03-11 10:45:40,1,Italian,25.2,0.4,3.3,completed,223.98,False,0.0,2026-03-11 09:15:40
712,137,40991266,2026-04-29 15:03:09,2026-04-29 15:18:09,2,Italian,40.5,0.0,3.2,completed,190.61,False,0.0,2026-04-29 15:03:09
713,137,50133640,2026-04-01 14:12:49,2026-04-01 14:27:49,2,Thai,16.8,0.0,1.3,completed,389.19,False,0.0,2026-04-01 14:12:49
714,139,50101082,2026-05-19 19:57:29,2026-05-19 20:57:29,3,Italian,44.2,0.3,0.0,completed,64.33,True,6.43,2026-05-19 19:57:29
715,139,50067743,2026-04-26 17:37:20,2026-04-26 18:07:20,1,Mexican,19.7,2.4,3.6,completed,20.04,False,0.0,2026-04-26 17:37:20
716,139,50074238,2026-03-17 19:01:23,2026-03-17 19:16:23,2,Latin American,6.6,0.0,0.0,completed,93.57,False,0.0,2026-03-17 19:01:23
717,139,50136685,2026-05-02 11:04:04,2026-05-02 12:04:04,4,Latin American,24.2,0.0,0.2,completed,64.82,False,0.0,2026-05-02 11:04:04
718,139,50036072,2026-05-10 13:25:17,2026-05-10 13:55:17,3,Latin American,17.7,0.0,0.7,completed,97.45,False,0.0,2026-05-10 13:25:17
719,139,50182884,2026-03-05 20:53:33,2026-03-05 21:23:33,2,Thai,40.0,0.0,0.0,no_show,25.59,True,6.4,2026-03-05 20:53:33
720,139,50107959,2026-03-10 08:14:25,2026-03-10 09:44:25,3,Chinese,6.5,0.0,0.0,completed,110.0,False,0.0,2026-03-10 08:14:25
721,140,50163760,2026-04-10 12:14:43,2026-04-10 12:29:43,3,Other,28.8,0.0,0.0,completed,136.82,False,0.0,2026-04-10 12:14:43
722,140,50052617,2026-04-25 18:01:38,2026-04-25 18:16:38,1,American,10.9,0.0,1.8,completed,9.99,False,0.0,2026-04-25 18:01:38
723,140,50114882,2026-05-16 17:01:19,2026-05-16 17:31:19,1,Coffee/Tea,13.5,0.0,0.4,completed,18.57,False,0.0,2026-05-16 17:01:19
724,140,50014520,2026-04-06 19:41:10,2026-04-06 20:11:10,3,Coffee/Tea,9.6,0.0,0.0,completed,80.78,True,12.12,2026-04-06 19:41:10
725,140,50164080,2026-04-16 14:01:27,2026-04-16 14:46:27,2,Other,19.2,8.5,10.3,completed,14.67,False,0.0,2026-04-16 14:01:27
726,140,50117965,2026-03-07 12:05:22,2026-03-07 12:20:22,2,Coffee/Tea,20.3,0.0,0.0,completed,80.25,False,0.0,2026-03-07 12:05:22
727,141,50153910,2026-04-13 09:28:55,2026-04-13 09:58:55,2,Italian,9.8,0.0,2.4,completed,209.22,False,0.0,2026-04-13 09:28:55
728,141,50157110,2026-04-17 13:18:39,2026-04-17 14:03:39,2,Coffee/Tea,21.6,0.0,0.0,completed,18.1,False,0.0,2026-04-17 13:18:39
729,142,50003506,2026-05-20 18:54:12,2026-05-20 19:09:12,4,Mexican,44.7,0.0,0.0,completed,52.35,False,0.0,2026-05-20 18:54:12
730,142,50070859,2026-04-28 15:50:58,2026-04-28 17:20:58,3,Mexican,15.0,0.0,0.0,completed,37.56,False,0.0,2026-04-28 15:50:58
731,142,50172916,2026-03-21 16:51:56,2026-03-21 17:21:56,1,American,25.9,0.0,0.0,completed,13.34,False,0.0,2026-03-21 16:51:56
732,142,41708279,2026-05-14 15:01:34,2026-05-14 15:46:34,1,Mexican,16.1,0.0,0.0,completed,20.13,False,0.0,2026-05-14 15:01:34
733,142,50172117,2026-05-23 14:22:09,2026-05-23 15:07:09,4,Mexican,11.3,0.0,1.9,completed,46.17,True,11.54,2026-05-23 14:22:09
734,142,50175227,2026-03-17 19:17:29,2026-03-17 19:47:29,3,Mexican,20.8,0.0,0.0,completed,106.59,False,0.0,2026-03-17 19:17:29
735,142,50168216,2026-05-15 18:34:10,2026-05-15 19:04:10,2,Mexican,36.6,0.0,0.0,completed,16.99,False,0.0,2026-05-15 18:34:10
736,142,50105206,2026-03-13 09:59:04,2026-03-13 10:59:04,2,Mexican,8.9,0.0,0.1,completed,10.65,False,0.0,2026-03-13 09:59:04
737,142,50119430,2026-05-20 19:46:58,2026-05-20 20:46:58,2,American,10.4,0.0,1.1,completed,86.04,True,17.21,2026-05-20 19:46:58
738,142,50153853,2026-05-19 18:44:30,2026-05-19 19:14:30,1,Frozen Desserts,13.1,0.0,1.6,completed,7.47,False,0.0,2026-05-19 18:44:30
739,142,50165566,2026-05-27 17:13:50,2026-05-27 17:58:50,2,Coffee/Tea,30.3,0.0,0.0,completed,57.4,False,0.0,2026-05-27 17:13:50
740,142,41595904,2026-05-27 13:24:26,2026-05-27 14:54:26,2,Coffee/Tea,38.3,0.0,1.6,completed,19.4,False,0.0,2026-05-27 13:24:26
741,143,50114038,2026-05-07 18:59:22,2026-05-07 19:29:22,2,Mexican,25.4,0.0,0.6,completed,97.23,False,0.0,2026-05-07 18:59:22
742,143,50117320,2026-03-30 11:06:07,2026-03-30 11:51:07,4,Korean,39.5,0.0,4.0,completed,85.1,False,0.0,2026-03-30 11:06:07
743,143,50120409,2026-03-25 12:52:44,2026-03-25 14:22:44,2,Thai,42.8,0.0,0.2,cancelled,61.35,False,0.0,2026-03-25 12:52:44
744,144,50144666,2026-04-17 09:27:45,2026-04-17 10:27:45,5,Japanese,36.2,0.0,0.0,completed,17.66,False,0.0,2026-04-17 09:27:45
745,144,50129197,2026-03-04 16:14:53,2026-03-04 16:59:53,1,Salads,7.9,0.0,0.0,cancelled,27.62,False,0.0,2026-03-04 16:14:53
746,144,50126664,2026-05-23 11:20:11,2026-05-23 12:20:11,5,"Juice, Smoothies, Fruit Salads",13.0,0.0,4.5,completed,209.33,True,41.87,2026-05-23 11:20:11
747,144,41387302,2026-04-24 19:30:15,2026-04-24 20:00:15,3,Donuts,24.6,0.0,0.0,cancelled,63.05,False,0.0,2026-04-24 19:30:15
748,144,50162542,2026-04-19 11:02:07,2026-04-19 13:02:07,2,"Juice, Smoothies, Fruit Salads",9.0,0.0,1.4,completed,72.03,False,0.0,2026-04-19 11:02:07
749,144,50019200,2026-04-16 15:21:15,2026-04-16 16:06:15,1,"Juice, Smoothies, Fruit Salads",20.1,0.0,3.7,completed,69.54,False,0.0,2026-04-16 15:21:15
750,144,41704459,2026-05-05 20:55:36,2026-05-05 21:40:36,2,Donuts,16.0,0.0,0.3,completed,34.57,False,0.0,2026-05-05 20:55:36
751,144,50119740,2026-03-24 13:58:38,2026-03-24 14:28:38,3,Other,11.7,0.0,0.0,completed,72.9,False,0.0,2026-03-24 13:58:38
752,145,50128771,2026-04-20 19:57:38,2026-04-20 20:57:38,2,Latin American,12.4,0.0,0.0,completed,39.18,True,3.92,2026-04-20 19:57:38
753,145,50077236,2026-05-12 18:27:04,2026-05-12 19:12:04,2,New American,25.9,0.0,3.8,completed,59.72,False,0.0,2026-05-12 18:27:04
754,145,50153882,2026-04-26 11:14:37,2026-04-26 11:59:37,1,Latin American,5.3,0.0,1.3,completed,16.11,False,0.0,2026-04-26 11:14:37
755,145,50168755,2026-05-12 13:50:04,2026-05-12 14:50:04,2,Other,26.7,0.0,0.8,no_show,82.61,False,0.0,2026-05-12 13:50:04
756,145,50166385,2026-04-23 12:48:50,2026-04-23 13:03:50,5,Latin American,27.3,0.0,0.0,completed,70.2,False,0.0,2026-04-23 12:48:50
757,145,50115793,2026-04-23 12:33:34,2026-04-23 13:03:34,2,Latin American,22.7,0.0,0.0,completed,32.39,False,0.0,2026-04-23 12:33:34
758,145,50088365,2026-05-30 09:51:29,2026-05-30 10:36:29,2,Latin American,31.6,0.0,0.0,completed,29.79,False,0.0,2026-05-30 09:51:29
759,146,41302113,2026-04-10 11:03:44,2026-04-10 13:03:44,2,Italian,43.5,0.0,5.8,completed,4.57,False,0.0,2026-04-10 11:03:44
760,146,50144188,2026-05-14 13:20:19,2026-05-14 13:50:19,5,Bakery Products/Desserts,25.1,0.0,0.0,cancelled,151.63,True,15.16,2026-05-14 13:20:19
761,146,50167112,2026-04-20 12:57:10,2026-04-20 13:57:10,3,Bakery Products/Desserts,12.3,0.0,2.3,completed,39.37,True,5.9,2026-04-20 12:57:10
762,146,50126641,2026-05-14 12:36:52,2026-05-14 13:36:52,2,Bakery Products/Desserts,19.0,0.0,0.0,completed,42.61,False,0.0,2026-05-14 12:36:52
763,146,50006260,2026-04-04 18:51:22,2026-04-04 19:06:22,2,American,26.5,0.0,2.0,completed,37.65,False,0.0,2026-04-04 18:51:22
764,146,50135949,2026-03-24 15:39:51,2026-03-24 16:09:51,4,American,31.5,0.0,0.6,cancelled,33.04,False,0.0,2026-03-24 15:39:51
765,146,50182336,2026-03-11 16:50:23,2026-03-11 17:20:23,1,American,20.0,6.9,13.2,completed,21.45,False,0.0,2026-03-11 16:50:23
766,146,50103384,2026-04-30 22:29:22,2026-04-30 22:59:22,3,Bakery Products/Desserts,26.9,0.0,0.0,completed,23.15,True,2.31,2026-04-30 22:29:22
767,146,50140983,2026-04-18 14:14:02,2026-04-18 14:29:02,1,American,18.2,9.9,6.4,completed,31.95,False,0.0,2026-04-18 14:14:02
768,147,50102904,2026-03-27 18:54:19,2026-03-27 19:39:19,6,Coffee/Tea,8.9,0.0,3.4,cancelled,36.08,True,3.61,2026-03-27 18:54:19
769,147,50135525,2026-05-12 13:06:49,2026-05-12 13:36:49,2,Latin American,23.0,0.0,5.8,completed,22.27,False,0.0,2026-05-12 13:06:49
770,147,50160451,2026-04-21 15:00:44,2026-04-21 15:30:44,3,Latin American,18.1,0.0,1.8,completed,53.68,False,0.0,2026-04-21 15:00:44
771,147,41285675,2026-04-12 17:02:24,2026-04-12 18:32:24,1,American,7.3,0.0,0.0,completed,10.32,False,0.0,2026-04-12 17:02:24
772,147,50157163,2026-05-26 18:20:14,2026-05-26 18:35:14,2,Latin American,11.8,0.0,1.0,completed,41.58,False,0.0,2026-05-26 18:20:14
773,147,40983698,2026-03-17 14:05:44,2026-03-17 15:05:44,3,Latin American,35.3,0.0,0.0,completed,50.75,False,0.0,2026-03-17 14:05:44
774,147,50009899,2026-03-14 21:34:25,2026-03-14 22:19:25,1,Latin American,26.6,0.0,0.0,completed,10.17,False,0.0,2026-03-14 21:34:25
775,147,41565555,2026-03-25 19:56:02,2026-03-25 20:26:02,2,Latin American,36.0,1.4,0.0,completed,13.86,False,0.0,2026-03-25 19:56:02
776,148,50124096,2026-03-27 19:41:47,2026-03-27 20:26:47,2,Asian/Asian Fusion,16.2,0.0,2.1,completed,24.84,False,0.0,2026-03-27 19:41:47
777,148,50132610,2026-05-09 19:44:06,2026-05-09 20:44:06,2,Coffee/Tea,21.1,0.0,2.6,completed,87.61,True,8.76,2026-05-09 19:44:06
778,148,50117860,2026-04-09 13:19:04,2026-04-09 14:04:04,5,Coffee/Tea,11.7,0.0,0.0,completed,273.16,True,40.97,2026-04-09 13:19:04
779,148,50104400,2026-04-19 20:43:13,2026-04-19 21:28:13,4,Korean,14.1,0.0,7.1,cancelled,17.75,False,0.0,2026-04-19 20:43:13
780,149,50153690,2026-04-28 20:33:29,2026-04-28 21:33:29,3,Coffee/Tea,5.7,0.0,0.0,completed,92.16,True,9.22,2026-04-28 20:33:29
781,149,41138581,2026-05-22 13:31:26,2026-05-22 14:01:26,3,Sandwiches,7.6,0.0,1.4,completed,215.78,False,0.0,2026-05-22 13:31:26
782,149,50177097,2026-03-11 11:18:49,2026-03-11 12:18:49,2,Sandwiches,41.9,0.0,0.5,completed,102.12,False,0.0,2026-03-11 11:18:49
783,149,50105216,2026-05-14 12:56:32,2026-05-14 13:41:32,2,Chicken,20.6,0.0,2.1,completed,185.69,False,0.0,2026-05-14 12:56:32
784,150,50044003,2026-04-07 18:21:09,2026-04-07 19:21:09,3,Asian/Asian Fusion,22.2,0.0,0.0,completed,39.12,False,0.0,2026-04-07 18:21:09
785,150,50121731,2026-04-03 17:51:25,2026-04-03 18:21:25,4,Asian/Asian Fusion,17.3,0.0,0.0,completed,58.44,True,5.84,2026-04-03 17:51:25
786,150,50138517,2026-05-18 11:20:03,2026-05-18 12:05:03,1,Asian/Asian Fusion,12.2,0.0,1.9,completed,16.38,False,0.0,2026-05-18 11:20:03
787,150,41542069,2026-03-10 18:13:11,2026-03-10 18:28:11,3,Bakery Products/Desserts,11.2,0.0,1.1,completed,34.81,False,0.0,2026-03-10 18:13:11
788,150,50174096,2026-04-04 18:06:42,2026-04-04 18:51:42,5,Bakery Products/Desserts,15.8,0.0,3.1,completed,26.14,False,0.0,2026-04-04 18:06:42
789,150,41392668,2026-04-14 19:21:42,2026-04-14 20:06:42,3,Bakery Products/Desserts,42.2,0.0,0.8,completed,37.96,False,0.0,2026-04-14 19:21:42
790,150,50113322,2026-05-27 18:20:53,2026-05-27 19:20:53,3,Asian/Asian Fusion,8.8,0.0,0.0,completed,15.76,False,0.0,2026-05-27 18:20:53
791,150,50150505,2026-04-15 12:03:34,2026-04-15 14:03:34,2,Asian/Asian Fusion,19.9,0.0,0.0,completed,112.79,False,0.0,2026-04-15 12:03:34
792,151,50038716,2026-03-23 12:32:17,2026-03-23 12:47:17,4,Sandwiches,8.2,0.0,2.9,completed,128.33,False,0.0,2026-03-23 12:32:17
793,151,50008960,2026-04-27 19:03:18,2026-04-27 19:33:18,3,Jewish/Kosher,25.5,5.4,9.4,completed,26.94,False,0.0,2026-04-27 19:03:18
794,151,50013436,2026-05-04 14:05:05,2026-05-04 14:35:05,2,Coffee/Tea,30.0,0.0,4.7,completed,40.19,False,0.0,2026-05-04 14:05:05
795,151,50172689,2026-03-06 17:09:58,2026-03-06 17:54:58,2,Coffee/Tea,28.7,0.0,0.0,completed,9.83,False,0.0,2026-03-06 17:09:58
796,152,50162041,2026-03-06 18:02:49,2026-03-06 18:47:49,4,Chicken,10.5,0.0,0.7,completed,40.3,False,0.0,2026-03-06 18:02:49
797,152,50128705,2026-05-09 13:21:23,2026-05-09 13:51:23,2,Coffee/Tea,11.8,0.0,0.0,cancelled,30.34,False,0.0,2026-05-09 13:21:23
798,153,50149204,2026-04-09 13:56:08,2026-04-09 14:56:08,2,Bakery Products/Desserts,14.8,0.0,0.0,completed,30.61,False,0.0,2026-04-09 13:56:08
799,154,41020284,2026-05-28 12:57:12,2026-05-28 14:27:12,2,Pizza,43.0,0.0,0.6,completed,74.6,False,0.0,2026-05-28 12:57:12
800,155,50099576,2026-04-25 20:16:27,2026-04-25 20:31:27,2,Asian/Asian Fusion,17.1,0.0,0.0,no_show,135.95,False,0.0,2026-04-25 20:16:27
801,155,50045254,2026-05-12 11:46:14,2026-05-12 12:16:14,3,Asian/Asian Fusion,14.4,0.0,3.4,completed,40.6,False,0.0,2026-05-12 11:46:14
802,155,50096535,2026-05-01 16:27:47,2026-05-01 17:27:47,1,Asian/Asian Fusion,9.5,0.0,0.0,completed,10.35,False,0.0,2026-05-01 16:27:47
803,155,50118633,2026-03-15 12:59:57,2026-03-15 14:59:57,4,Asian/Asian Fusion,38.7,0.0,0.0,completed,77.67,False,0.0,2026-03-15 12:59:57
804,155,50171630,2026-04-21 12:23:31,2026-04-21 13:23:31,2,Asian/Asian Fusion,31.6,2.0,3.2,completed,110.02,True,16.5,2026-04-21 12:23:31
805,155,50119329,2026-03-07 20:26:52,2026-03-07 20:56:52,2,Asian/Asian Fusion,35.7,0.0,2.1,completed,44.7,False,0.0,2026-03-07 20:26:52
806,155,50132177,2026-03-25 22:45:20,2026-03-25 23:00:20,6,American,5.0,0.0,4.6,completed,93.63,True,18.73,2026-03-25 22:45:20
807,155,50009442,2026-04-17 18:06:17,2026-04-17 19:06:17,2,Coffee/Tea,41.5,0.0,1.2,completed,75.11,False,0.0,2026-04-17 18:06:17
808,155,41540996,2026-04-07 12:21:31,2026-04-07 12:51:31,2,Mediterranean,16.8,0.0,2.0,completed,97.57,False,0.0,2026-04-07 12:21:31
809,155,41270498,2026-05-11 12:40:53,2026-05-11 14:10:53,1,Coffee/Tea,25.2,0.0,2.6,completed,23.99,True,3.6,2026-05-11 12:40:53
810,156,50181829,2026-03-09 14:12:42,2026-03-09 14:42:42,2,Mexican,10.1,0.0,0.0,completed,76.8,False,0.0,2026-03-09 14:12:42
811,156,50044438,2026-04-01 21:15:08,2026-04-01 21:45:08,1,Mexican,17.6,0.0,0.0,cancelled,54.93,False,0.0,2026-04-01 21:15:08
812,156,41688043,2026-03-05 20:20:30,2026-03-05 21:20:30,2,Italian,7.1,0.0,1.5,completed,23.51,False,0.0,2026-03-05 20:20:30
813,157,50136408,2026-03-12 14:04:57,2026-03-12 14:49:57,3,Japanese,17.5,0.0,0.0,completed,229.15,False,0.0,2026-03-12 14:04:57
814,157,50057988,2026-05-01 08:22:00,2026-05-01 08:52:00,2,Chinese,14.6,0.0,0.0,completed,83.21,True,12.48,2026-05-01 08:22:00
815,157,50111329,2026-05-07 14:21:38,2026-05-07 14:36:38,4,French,23.5,0.0,4.0,cancelled,36.51,False,0.0,2026-05-07 14:21:38
816,157,50131408,2026-03-27 14:01:29,2026-03-27 14:16:29,4,French,26.1,0.0,0.0,completed,182.46,False,0.0,2026-03-27 14:01:29
817,157,50134985,2026-03-13 15:30:46,2026-03-13 15:45:46,3,Bakery Products/Desserts,15.9,0.0,1.7,completed,117.62,True,23.52,2026-03-13 15:30:46
818,157,50011059,2026-05-26 15:08:52,2026-05-26 15:38:52,1,French,32.1,0.0,2.7,completed,20.23,False,0.0,2026-05-26 15:08:52
819,158,50151859,2026-03-28 12:27:47,2026-03-28 12:42:47,1,Pizza,29.3,0.0,0.2,completed,53.03,False,0.0,2026-03-28 12:27:47
820,158,50017536,2026-03-29 20:46:26,2026-03-29 21:31:26,1,Sandwiches/Salads/Mixed Buffet,16.5,0.0,0.0,completed,49.78,False,0.0,2026-03-29 20:46:26
821,158,50110453,2026-05-28 18:10:07,2026-05-28 18:40:07,4,Donuts,14.7,0.0,0.5,completed,459.65,False,0.0,2026-05-28 18:10:07
822,158,50143498,2026-03-21 14:07:36,2026-03-21 14:52:36,1,Donuts,35.8,0.0,2.0,completed,120.02,False,0.0,2026-03-21 14:07:36
823,159,50076191,2026-05-25 17:49:20,2026-05-25 18:34:20,3,Chicken,32.6,0.0,3.2,completed,198.86,False,0.0,2026-05-25 17:49:20
824,159,50073481,2026-03-25 09:55:17,2026-03-25 10:40:17,5,Coffee/Tea,25.3,0.0,0.0,completed,55.74,True,8.36,2026-03-25 09:55:17
825,160,50159222,2026-04-04 11:02:24,2026-04-04 11:47:24,4,Asian/Asian Fusion,23.0,6.9,5.0,cancelled,29.95,False,0.0,2026-04-04 11:02:24
826,160,50102862,2026-05-30 19:32:16,2026-05-30 20:02:16,5,"Juice, Smoothies, Fruit Salads",13.5,0.0,3.5,completed,117.23,False,0.0,2026-05-30 19:32:16
827,160,41696471,2026-05-14 16:13:40,2026-05-14 17:13:40,1,French,8.7,0.0,0.0,cancelled,3.01,True,0.45,2026-05-14 16:13:40
828,161,50129446,2026-03-15 15:19:21,2026-03-15 16:04:21,2,Thai,31.5,0.0,0.0,completed,5.75,False,0.0,2026-03-15 15:19:21
829,161,40560953,2026-05-27 13:31:30,2026-05-27 14:31:30,2,American,19.5,0.0,0.0,completed,38.57,False,0.0,2026-05-27 13:31:30
830,161,50108911,2026-05-07 11:35:06,2026-05-07 12:05:06,2,Thai,16.7,0.0,2.4,completed,33.02,False,0.0,2026-05-07 11:35:06
831,162,50064785,2026-04-19 13:50:28,2026-04-19 14:35:28,2,Italian,35.7,0.0,4.2,completed,18.15,False,0.0,2026-04-19 13:50:28
832,162,41682994,2026-05-21 12:54:03,2026-05-21 13:09:03,2,Bakery Products/Desserts,9.8,0.0,0.0,completed,36.73,False,0.0,2026-05-21 12:54:03
833,162,50126641,2026-04-15 11:52:15,2026-04-15 12:52:15,2,Bakery Products/Desserts,40.7,0.0,0.0,completed,48.06,False,0.0,2026-04-15 11:52:15
834,162,40586000,2026-04-12 18:17:36,2026-04-12 18:47:36,2,Bakery Products/Desserts,32.2,0.0,2.8,completed,44.11,False,0.0,2026-04-12 18:17:36
835,163,41366512,2026-05-28 11:53:39,2026-05-28 13:23:39,2,Coffee/Tea,40.1,0.0,0.0,completed,28.42,False,0.0,2026-05-28 11:53:39
836,163,50079043,2026-04-03 19:58:38,2026-04-03 20:28:38,3,Seafood,35.7,0.0,0.0,completed,29.67,True,2.97,2026-04-03 19:58:38
837,163,50124605,2026-05-23 18:40:53,2026-05-23 19:10:53,2,Chinese,14.0,0.0,0.0,completed,81.33,False,0.0,2026-05-23 18:40:53
838,163,50105152,2026-05-22 08:46:45,2026-05-22 09:16:45,2,Chinese,33.0,0.0,0.0,completed,13.68,False,0.0,2026-05-22 08:46:45
839,163,50152775,2026-04-27 21:33:49,2026-04-27 22:18:49,2,Chinese,38.4,0.0,0.0,completed,48.58,False,0.0,2026-04-27 21:33:49
840,163,50055040,2026-05-22 21:01:44,2026-05-22 21:46:44,2,Coffee/Tea,36.6,0.0,2.1,completed,111.89,True,27.97,2026-05-22 21:01:44
841,163,50097947,2026-04-28 15:22:41,2026-04-28 16:22:41,3,Chinese,37.6,0.0,2.0,completed,38.0,False,0.0,2026-04-28 15:22:41
842,164,50063446,2026-05-27 08:58:44,2026-05-27 09:58:44,2,Mediterranean,41.0,0.0,4.3,completed,318.41,False,0.0,2026-05-27 08:58:44
843,165,50158378,2026-05-05 09:33:57,2026-05-05 11:03:57,4,Latin American,42.6,0.0,0.1,completed,95.82,False,0.0,2026-05-05 09:33:57
844,165,50154533,2026-04-06 18:32:25,2026-04-06 19:17:25,3,Mediterranean,5.6,0.0,0.0,completed,68.32,False,0.0,2026-04-06 18:32:25
845,165,41164650,2026-05-15 17:02:32,2026-05-15 17:17:32,2,Latin American,9.0,0.0,3.2,completed,31.57,False,0.0,2026-05-15 17:02:32
846,166,50089246,2026-05-21 11:15:11,2026-05-21 11:30:11,3,Donuts,35.2,0.0,0.0,completed,67.05,False,0.0,2026-05-21 11:15:11
847,167,50175402,2026-04-26 12:41:20,2026-04-26 13:11:20,4,Asian/Asian Fusion,44.2,3.8,5.2,completed,589.92,True,117.98,2026-04-26 12:41:20
848,167,50074148,2026-04-25 15:14:17,2026-04-25 15:44:17,4,"Juice, Smoothies, Fruit Salads",40.3,0.0,0.0,completed,218.12,False,0.0,2026-04-25 15:14:17
849,167,50150129,2026-03-16 17:12:48,2026-03-16 18:42:48,4,"Juice, Smoothies, Fruit Salads",18.6,0.0,0.0,completed,11.94,False,0.0,2026-03-16 17:12:48
850,168,50001945,2026-05-29 10:47:01,2026-05-29 11:17:01,2,Japanese,41.9,0.0,0.0,completed,111.26,False,0.0,2026-05-29 10:47:01
851,168,50043918,2026-03-14 10:40:33,2026-03-14 11:25:33,2,Donuts,16.5,0.0,4.6,completed,85.44,False,0.0,2026-03-14 10:40:33
852,168,41648313,2026-03-07 08:24:15,2026-03-07 09:24:15,1,Donuts,26.2,0.0,0.0,completed,90.4,False,0.0,2026-03-07 08:24:15
853,168,50088012,2026-04-29 19:47:44,2026-04-29 21:47:44,1,Japanese,19.6,6.8,10.2,completed,21.54,False,0.0,2026-04-29 19:47:44
854,169,50122406,2026-05-07 11:40:32,2026-05-07 11:55:32,2,Sandwiches,35.9,0.0,2.3,no_show,63.02,False,0.0,2026-05-07 11:40:32
855,170,50070663,2026-05-04 18:13:57,2026-05-04 18:43:57,4,Pizza,30.1,0.0,0.8,completed,283.43,False,0.0,2026-05-04 18:13:57
856,170,50066030,2026-05-28 14:17:40,2026-05-28 14:32:40,3,Italian,19.6,0.0,0.0,completed,80.08,True,20.02,2026-05-28 14:17:40
857,170,50000197,2026-04-24 19:23:50,2026-04-24 19:53:50,4,American,31.3,0.0,2.2,completed,85.17,True,21.29,2026-04-24 19:23:50
858,170,50111329,2026-03-14 19:36:19,2026-03-14 21:06:19,3,French,44.4,0.0,1.8,completed,53.32,False,0.0,2026-03-14 19:36:19
859,170,50157137,2026-05-08 18:43:04,2026-05-08 19:13:04,3,Japanese,38.6,0.0,0.0,cancelled,106.31,True,26.58,2026-05-08 18:43:04
860,170,50175992,2026-04-15 12:35:06,2026-04-15 13:35:06,2,Japanese,33.5,0.0,1.1,completed,151.24,True,37.81,2026-04-15 12:35:06
861,170,50149813,2026-04-18 10:32:18,2026-04-18 11:32:18,6,Coffee/Tea,35.0,0.0,0.0,completed,151.45,False,0.0,2026-04-18 10:32:18
862,170,41699605,2026-04-22 12:18:25,2026-04-22 12:48:25,2,Mexican,29.2,0.0,2.5,completed,107.24,False,0.0,2026-04-22 12:18:25
863,170,50121487,2026-03-24 19:54:43,2026-03-24 20:09:43,2,Coffee/Tea,38.2,0.0,1.4,completed,135.66,True,27.13,2026-03-24 19:54:43
864,171,40604769,2026-05-18 18:30:45,2026-05-18 19:00:45,1,Pizza,20.0,0.0,2.4,completed,14.36,False,0.0,2026-05-18 18:30:45
865,171,50160220,2026-04-28 14:24:15,2026-04-28 16:24:15,1,Japanese,18.2,0.0,0.8,completed,9.05,False,0.0,2026-04-28 14:24:15
866,171,50049177,2026-04-26 12:49:55,2026-04-26 13:19:55,5,Mexican,32.9,0.0,2.6,completed,103.41,False,0.0,2026-04-26 12:49:55
867,171,50097837,2026-03-24 18:07:00,2026-03-24 18:37:00,4,Japanese,13.6,0.0,4.6,completed,128.85,False,0.0,2026-03-24 18:07:00
868,171,50119792,2026-05-22 21:11:29,2026-05-22 22:11:29,2,Pizza,43.3,0.0,0.0,completed,94.59,False,0.0,2026-05-22 21:11:29
869,171,50057181,2026-05-07 18:04:01,2026-05-07 18:49:01,1,Pizza,13.8,0.0,0.0,completed,72.62,False,0.0,2026-05-07 18:04:01
870,171,50111080,2026-04-08 09:54:10,2026-04-08 11:54:10,3,Japanese,44.1,0.0,0.0,completed,189.15,False,0.0,2026-04-08 09:54:10
871,171,50141796,2026-04-21 12:26:00,2026-04-21 14:26:00,2,Japanese,28.2,1.5,0.5,completed,208.48,False,0.0,2026-04-21 12:26:00
872,171,50076577,2026-05-08 12:07:12,2026-05-08 12:52:12,2,Pizza,35.7,0.0,0.0,completed,124.13,False,0.0,2026-05-08 12:07:12
873,172,50142440,2026-05-24 22:28:31,2026-05-24 22:43:31,2,French,13.5,0.0,0.0,completed,49.08,False,0.0,2026-05-24 22:28:31
874,172,50108412,2026-05-28 08:10:26,2026-05-28 10:10:26,2,Bakery Products/Desserts,16.5,0.0,0.0,no_show,9.3,False,0.0,2026-05-28 08:10:26
875,172,41453428,2026-03-28 21:41:35,2026-03-28 22:11:35,4,Bakery Products/Desserts,41.7,0.0,0.0,completed,143.6,False,0.0,2026-03-28 21:41:35
876,172,50166154,2026-03-19 21:57:13,2026-03-19 22:27:13,1,American,41.7,0.0,1.1,completed,83.55,False,0.0,2026-03-19 21:57:13
877,172,50105476,2026-04-08 18:20:23,2026-04-08 18:35:23,3,Bakery Products/Desserts,44.0,0.0,0.0,completed,9.25,False,0.0,2026-04-08 18:20:23
878,172,50110602,2026-04-14 09:07:39,2026-04-14 09:52:39,3,Bakery Products/Desserts,15.7,0.0,0.6,completed,121.04,False,0.0,2026-04-14 09:07:39
879,172,40720288,2026-04-01 08:00:22,2026-04-01 08:45:22,2,French,13.2,19.0,19.6,cancelled,37.85,False,0.0,2026-04-01 08:00:22
880,172,50163819,2026-05-04 19:35:16,2026-05-04 21:05:16,2,Korean,21.8,0.0,0.0,completed,34.77,False,0.0,2026-05-04 19:35:16
881,172,50105163,2026-04-09 11:30:42,2026-04-09 12:30:42,4,Bakery Products/Desserts,5.9,0.0,0.4,no_show,140.48,False,0.0,2026-04-09 11:30:42
882,172,50056830,2026-05-19 13:32:57,2026-05-19 14:02:57,1,American,14.0,0.0,1.9,completed,32.54,False,0.0,2026-05-19 13:32:57
883,172,50118976,2026-04-25 20:55:59,2026-04-25 21:40:59,4,Bakery Products/Desserts,9.7,0.0,0.0,completed,270.11,True,67.53,2026-04-25 20:55:59
884,173,50157555,2026-03-09 15:22:53,2026-03-09 16:22:53,3,Japanese,6.8,0.0,0.0,completed,57.88,True,11.58,2026-03-09 15:22:53
885,173,50039988,2026-03-07 11:52:31,2026-03-07 12:52:31,2,Japanese,44.4,0.0,0.0,completed,37.94,False,0.0,2026-03-07 11:52:31
886,173,50163826,2026-05-29 19:15:56,2026-05-29 19:45:56,2,Chicken,18.2,0.0,0.0,completed,36.53,False,0.0,2026-05-29 19:15:56
887,174,50105474,2026-04-29 12:32:56,2026-04-29 13:17:56,3,Korean,9.7,0.0,6.1,completed,53.8,True,13.45,2026-04-29 12:32:56
888,174,50128920,2026-04-14 14:05:23,2026-04-14 14:20:23,4,Korean,8.0,1.9,5.9,completed,97.04,True,19.41,2026-04-14 14:05:23
889,174,50175510,2026-03-05 22:03:56,2026-03-05 22:18:56,3,Pizza,10.8,0.0,3.3,completed,77.79,False,0.0,2026-03-05 22:03:56
890,174,50105135,2026-03-30 15:14:44,2026-03-30 15:44:44,1,Chinese,24.5,0.0,0.0,completed,22.25,False,0.0,2026-03-30 15:14:44
891,174,50145159,2026-04-07 11:06:03,2026-04-07 11:51:03,2,Pizza,23.2,0.0,0.0,completed,33.74,True,5.06,2026-04-07 11:06:03
892,174,41245491,2026-04-10 15:41:28,2026-04-10 16:26:28,4,Pizza,10.6,0.1,0.0,completed,45.32,False,0.0,2026-04-10 15:41:28
893,175,50132705,2026-03-18 18:16:27,2026-03-18 20:16:27,3,Mexican,10.2,0.0,2.1,completed,57.17,True,5.72,2026-03-18 18:16:27
894,175,50080887,2026-03-07 20:39:40,2026-03-07 21:24:40,1,Donuts,37.9,0.0,4.6,completed,27.48,True,5.5,2026-03-07 20:39:40
895,175,50162276,2026-04-26 18:47:16,2026-04-26 19:32:16,3,Asian/Asian Fusion,7.4,0.0,3.5,cancelled,60.53,False,0.0,2026-04-26 18:47:16
896,175,50156862,2026-03-22 18:52:37,2026-03-22 19:52:37,3,Mexican,23.4,0.0,3.6,completed,84.74,True,21.18,2026-03-22 18:52:37
897,175,50132705,2026-05-20 21:14:43,2026-05-20 21:44:43,4,Mexican,7.8,0.0,0.0,completed,137.85,False,0.0,2026-05-20 21:14:43
898,175,50045884,2026-04-15 20:02:08,2026-04-15 20:32:08,2,Mexican,23.3,0.0,0.4,completed,49.63,False,0.0,2026-04-15 20:02:08
899,175,50083590,2026-05-14 12:54:10,2026-05-14 13:54:10,2,French,39.6,3.0,1.1,completed,88.91,False,0.0,2026-05-14 12:54:10
900,175,50149745,2026-05-20 11:39:30,2026-05-20 12:09:30,5,Mexican,43.5,0.0,0.0,no_show,113.15,False,0.0,2026-05-20 11:39:30
901,175,50082311,2026-05-07 09:29:32,2026-05-07 10:59:32,4,Thai,27.8,0.0,0.1,completed,17.57,False,0.0,2026-05-07 09:29:32
902,175,50098149,2026-04-26 20:56:53,2026-04-26 21:26:53,1,Mediterranean,36.1,0.0,0.0,completed,12.95,True,3.24,2026-04-26 20:56:53
903,175,50132215,2026-04-13 19:13:03,2026-04-13 20:13:03,2,Korean,10.2,0.0,3.9,no_show,76.1,False,0.0,2026-04-13 19:13:03
904,175,50009477,2026-04-22 15:16:33,2026-04-22 15:31:33,1,Mexican,29.4,0.0,0.9,cancelled,36.98,False,0.0,2026-04-22 15:16:33
905,176,50160735,2026-04-01 17:27:48,2026-04-01 18:12:48,4,Bakery Products/Desserts,22.1,0.0,3.2,completed,14.15,False,0.0,2026-04-01 17:27:48
906,176,50105790,2026-04-10 17:11:15,2026-04-10 17:26:15,2,Thai,43.4,0.0,0.0,completed,78.63,False,0.0,2026-04-10 17:11:15
907,176,50181633,2026-03-20 09:49:09,2026-03-20 11:19:09,2,Other,21.7,0.0,0.0,cancelled,52.57,False,0.0,2026-03-20 09:49:09
908,176,50144188,2026-04-16 12:04:08,2026-04-16 12:34:08,3,Bakery Products/Desserts,38.9,0.0,3.0,completed,51.23,False,0.0,2026-04-16 12:04:08
909,177,50044351,2026-03-02 20:51:41,2026-03-02 21:51:41,2,Chinese,11.3,0.0,5.8,completed,26.88,False,0.0,2026-03-02 20:51:41
910,177,50086007,2026-05-14 16:56:30,2026-05-14 17:41:30,2,Chinese,18.6,0.0,3.1,completed,32.69,True,3.27,2026-05-14 16:56:30
911,177,50163159,2026-05-13 15:07:24,2026-05-13 17:07:24,2,Chinese,44.6,0.0,1.8,completed,43.84,False,0.0,2026-05-13 15:07:24
912,177,50175861,2026-05-16 11:31:53,2026-05-16 12:01:53,2,Coffee/Tea,11.8,0.0,1.5,completed,81.27,False,0.0,2026-05-16 11:31:53
913,177,50078853,2026-04-27 19:19:36,2026-04-27 19:34:36,3,Coffee/Tea,30.5,0.0,0.0,completed,137.73,False,0.0,2026-04-27 19:19:36
914,177,50105152,2026-05-15 14:37:28,2026-05-15 15:07:28,5,Chinese,14.5,0.0,0.0,completed,181.38,False,0.0,2026-05-15 14:37:28
915,177,41314548,2026-05-31 10:17:58,2026-05-31 10:47:58,2,Coffee/Tea,21.4,0.0,0.8,completed,39.21,True,9.8,2026-05-31 10:17:58
916,177,50058195,2026-04-22 11:12:45,2026-04-22 11:42:45,3,Chinese,5.6,0.0,1.2,completed,53.56,False,0.0,2026-04-22 11:12:45
917,177,50167880,2026-03-11 19:03:14,2026-03-11 19:33:14,2,Chinese,30.8,0.0,0.0,completed,153.02,False,0.0,2026-03-11 19:03:14
918,178,50107443,2026-05-28 20:03:43,2026-05-28 20:18:43,5,Chinese,15.7,3.3,2.2,completed,43.41,False,0.0,2026-05-28 20:03:43
919,178,50116349,2026-03-03 15:06:32,2026-03-03 15:36:32,2,Chinese,12.1,0.0,3.1,completed,68.17,False,0.0,2026-03-03 15:06:32
920,178,50124029,2026-03-20 19:15:56,2026-03-20 20:15:56,2,French,19.0,0.0,4.9,completed,26.83,False,0.0,2026-03-20 19:15:56
921,178,50106212,2026-03-08 19:26:27,2026-03-08 19:56:27,2,Chinese,38.8,0.0,0.0,completed,25.8,False,0.0,2026-03-08 19:26:27
922,178,41053093,2026-05-17 15:29:03,2026-05-17 15:44:03,3,French,42.9,9.5,4.9,cancelled,34.92,False,0.0,2026-05-17 15:29:03
923,178,50018793,2026-03-23 13:16:30,2026-03-23 14:16:30,2,Chinese,27.3,0.0,2.4,completed,61.72,True,6.17,2026-03-23 13:16:30
924,178,50054273,2026-04-07 11:29:39,2026-04-07 11:59:39,3,French,24.4,45.6,46.7,completed,32.99,False,0.0,2026-04-07 11:29:39
925,178,50171201,2026-05-21 12:09:00,2026-05-21 13:09:00,3,American,7.6,0.0,0.0,completed,79.73,False,0.0,2026-05-21 12:09:00
926,178,40597409,2026-05-29 09:26:59,2026-05-29 10:26:59,2,Pizza,27.9,0.0,0.0,completed,22.95,False,0.0,2026-05-29 09:26:59
927,178,41137336,2026-05-06 12:40:37,2026-05-06 14:40:37,4,Chinese,38.6,0.0,2.1,no_show,51.29,True,10.26,2026-05-06 12:40:37
928,178,50135273,2026-03-18 19:07:43,2026-03-18 20:07:43,2,Chinese,5.3,0.0,5.3,completed,73.1,False,0.0,2026-03-18 19:07:43
929,179,41523630,2026-04-18 20:57:52,2026-04-18 21:42:52,2,Pizza,31.7,0.0,3.2,completed,52.94,False,0.0,2026-04-18 20:57:52
930,179,50172253,2026-03-02 17:21:34,2026-03-02 18:51:34,2,American,22.6,0.0,0.0,completed,59.67,False,0.0,2026-03-02 17:21:34
931,180,50105682,2026-03-03 20:32:37,2026-03-03 20:47:37,4,Pizza,43.6,0.0,0.0,completed,184.02,False,0.0,2026-03-03 20:32:37
932,180,50145159,2026-05-04 13:09:40,2026-05-04 13:24:40,3,Pizza,12.2,0.0,4.2,completed,81.74,False,0.0,2026-05-04 13:09:40
933,180,50160419,2026-05-24 12:04:57,2026-05-24 12:34:57,1,Pizza,30.9,0.0,0.0,completed,41.82,False,0.0,2026-05-24 12:04:57
934,180,50137354,2026-05-03 11:29:53,2026-05-03 12:14:53,2,American,18.2,0.0,1.7,completed,79.63,False,0.0,2026-05-03 11:29:53
935,181,50171393,2026-04-10 12:06:26,2026-04-10 13:36:26,3,Mediterranean,21.5,0.0,0.0,completed,23.33,True,4.67,2026-04-10 12:06:26
936,181,50053587,2026-04-10 17:08:57,2026-04-10 17:53:57,2,Indian,16.1,0.0,0.0,completed,25.57,True,5.11,2026-04-10 17:08:57
937,181,50118039,2026-03-21 15:01:20,2026-03-21 15:46:20,2,Japanese,40.7,3.8,10.2,completed,6.9,True,1.04,2026-03-21 15:01:20
938,182,50141717,2026-03-12 19:12:13,2026-03-12 20:42:13,2,Italian,30.9,0.0,0.0,completed,5.72,False,0.0,2026-03-12 19:12:13
939,183,50130554,2026-04-09 19:15:53,2026-04-09 19:30:53,2,French,23.5,2.7,3.0,completed,100.84,False,0.0,2026-04-09 19:15:53
940,184,50083195,2026-05-03 20:34:56,2026-05-03 20:49:56,1,Japanese,32.5,0.0,0.0,completed,103.54,False,0.0,2026-05-03 20:34:56
941,185,50114954,2026-05-20 18:44:23,2026-05-20 19:44:23,4,Other,38.6,32.3,19.4,completed,49.88,False,0.0,2026-05-20 18:44:23
942,185,50142155,2026-04-14 10:17:26,2026-04-14 10:32:26,2,Other,10.0,0.0,0.0,completed,90.58,False,0.0,2026-04-14 10:17:26
943,185,50131023,2026-03-07 22:06:41,2026-03-07 22:36:41,2,Mediterranean,8.0,0.0,0.0,completed,26.38,False,0.0,2026-03-07 22:06:41
944,185,50125206,2026-03-30 20:15:19,2026-03-30 20:30:19,4,Japanese,25.6,0.0,4.8,completed,168.15,True,33.63,2026-03-30 20:15:19
945,185,50168566,2026-05-13 13:43:29,2026-05-13 14:28:29,5,Other,11.4,0.0,3.3,completed,81.34,True,12.2,2026-05-13 13:43:29
946,185,50154473,2026-04-02 20:09:05,2026-04-02 21:09:05,2,Other,12.8,0.5,0.0,completed,36.72,False,0.0,2026-04-02 20:09:05
947,185,50179032,2026-03-19 19:29:15,2026-03-19 20:14:15,3,Thai,16.9,0.0,0.0,completed,9.86,False,0.0,2026-03-19 19:29:15
948,186,50131504,2026-05-24 12:31:57,2026-05-24 13:31:57,2,Chinese,31.1,0.0,0.0,completed,8.7,False,0.0,2026-05-24 12:31:57
949,186,41056448,2026-03-14 14:48:28,2026-03-14 15:03:28,2,Chinese,17.5,0.0,0.0,completed,13.12,False,0.0,2026-03-14 14:48:28
950,187,50160065,2026-05-12 20:44:32,2026-05-12 21:29:32,4,Japanese,38.1,0.0,0.0,cancelled,634.88,False,0.0,2026-05-12 20:44:32
951,187,50107475,2026-05-19 17:13:23,2026-05-19 17:28:23,2,Coffee/Tea,36.3,0.0,0.6,completed,168.33,False,0.0,2026-05-19 17:13:23
952,187,50075411,2026-03-05 11:28:34,2026-03-05 12:13:34,5,Japanese,8.1,2.0,7.5,completed,722.75,False,0.0,2026-03-05 11:28:34
953,187,50042501,2026-04-03 08:30:45,2026-04-03 09:00:45,3,French,37.3,0.0,1.8,completed,134.3,False,0.0,2026-04-03 08:30:45
954,187,50158931,2026-05-15 11:18:18,2026-05-15 11:48:18,4,Japanese,31.8,0.0,2.4,completed,115.79,False,0.0,2026-05-15 11:18:18
955,187,50119639,2026-04-03 13:19:07,2026-04-03 15:19:07,2,French,21.3,0.3,0.4,completed,121.99,False,0.0,2026-04-03 13:19:07
956,187,50128989,2026-05-08 13:37:34,2026-05-08 14:37:34,2,French,11.2,0.0,0.0,cancelled,94.24,False,0.0,2026-05-08 13:37:34
957,188,40965997,2026-04-29 10:26:12,2026-04-29 10:56:12,1,American,27.7,0.0,3.2,completed,5.04,True,1.26,2026-04-29 10:26:12
958,188,50158231,2026-03-23 20:05:25,2026-03-23 21:35:25,1,Japanese,25.4,3.7,3.9,completed,18.97,False,0.0,2026-03-23 20:05:25
959,188,50122871,2026-05-29 19:15:34,2026-05-29 19:30:34,5,Coffee/Tea,28.1,0.0,0.0,completed,140.22,True,28.04,2026-05-29 19:15:34
960,188,41656198,2026-03-01 18:34:18,2026-03-01 19:04:18,1,Bakery Products/Desserts,44.7,0.0,1.2,cancelled,43.27,False,0.0,2026-03-01 18:34:18
961,188,50173007,2026-03-05 22:46:57,2026-03-05 23:31:57,5,Coffee/Tea,19.7,0.0,3.3,completed,64.9,False,0.0,2026-03-05 22:46:57
962,189,50117112,2026-04-21 12:59:00,2026-04-21 13:14:00,4,New American,10.7,0.0,0.0,completed,42.43,True,8.49,2026-04-21 12:59:00
963,189,40884395,2026-04-14 18:05:43,2026-04-14 18:50:43,2,American,8.8,0.0,1.5,completed,13.83,False,0.0,2026-04-14 18:05:43
964,189,50149392,2026-04-10 10:57:20,2026-04-10 11:27:20,3,Other,20.1,0.0,0.0,completed,130.81,False,0.0,2026-04-10 10:57:20
965,190,50118487,2026-05-02 15:29:54,2026-05-02 16:59:54,2,Hamburgers,40.9,0.0,0.6,no_show,23.06,False,0.0,2026-05-02 15:29:54
966,190,50110022,2026-04-30 12:23:54,2026-04-30 12:53:54,4,American,26.4,0.0,0.0,completed,264.93,False,0.0,2026-04-30 12:23:54
967,190,50179280,2026-03-03 13:10:53,2026-03-03 13:40:53,4,Other,41.3,0.0,2.1,completed,62.79,False,0.0,2026-03-03 13:10:53
968,190,50073862,2026-05-29 19:55:39,2026-05-29 20:40:39,2,"Juice, Smoothies, Fruit Salads",33.9,0.0,0.0,completed,46.7,True,4.67,2026-05-29 19:55:39
969,192,50151071,2026-04-09 15:53:50,2026-04-09 17:23:50,2,Bakery Products/Desserts,40.1,0.0,0.7,completed,53.95,False,0.0,2026-04-09 15:53:50
970,192,50144392,2026-03-18 11:51:32,2026-03-18 12:36:32,4,Chinese,32.5,0.0,0.8,completed,525.98,False,0.0,2026-03-18 11:51:32
971,192,50163793,2026-05-09 14:00:50,2026-05-09 14:15:50,2,Coffee/Tea,8.7,0.0,0.1,completed,54.93,False,0.0,2026-05-09 14:00:50
972,192,50120214,2026-04-02 12:09:40,2026-04-02 14:09:40,2,American,6.5,0.0,4.3,cancelled,290.96,False,0.0,2026-04-02 12:09:40
973,192,50162360,2026-03-16 17:44:00,2026-03-16 18:14:00,1,Sandwiches/Salads/Mixed Buffet,43.7,0.0,0.0,completed,132.47,True,13.25,2026-03-16 17:44:00
974,193,50172216,2026-05-07 19:06:52,2026-05-07 19:51:52,2,Coffee/Tea,29.4,0.0,0.0,completed,30.37,False,0.0,2026-05-07 19:06:52
975,193,50167578,2026-03-26 21:06:20,2026-03-26 22:36:20,1,New American,40.6,0.0,3.7,completed,4.17,False,0.0,2026-03-26 21:06:20
976,193,50018380,2026-04-28 13:06:08,2026-04-28 13:21:08,2,Coffee/Tea,39.6,0.0,5.7,completed,56.71,False,0.0,2026-04-28 13:06:08
977,193,50124279,2026-03-25 19:15:57,2026-03-25 20:45:57,4,Coffee/Tea,16.4,0.0,0.0,completed,105.33,False,0.0,2026-03-25 19:15:57
978,193,50107657,2026-05-05 15:42:55,2026-05-05 17:12:55,2,Coffee/Tea,15.8,0.0,0.6,completed,5.17,True,1.03,2026-05-05 15:42:55
979,193,50087356,2026-04-17 21:21:39,2026-04-17 21:51:39,5,Coffee/Tea,25.0,0.0,5.7,completed,112.77,False,0.0,2026-04-17 21:21:39
980,193,41251791,2026-04-30 17:02:28,2026-04-30 18:32:28,3,Pizza,17.9,0.0,0.0,cancelled,63.73,False,0.0,2026-04-30 17:02:28
981,194,50129506,2026-03-07 20:19:17,2026-03-07 21:19:17,2,Asian/Asian Fusion,33.3,0.0,0.0,completed,27.01,False,0.0,2026-03-07 20:19:17
982,194,50175392,2026-05-30 18:10:41,2026-05-30 18:55:41,3,Italian,25.4,0.0,0.5,completed,87.54,False,0.0,2026-05-30 18:10:41
983,194,50058349,2026-03-26 22:55:06,2026-03-26 23:40:06,1,Mediterranean,40.5,0.0,2.8,completed,14.03,False,0.0,2026-03-26 22:55:06
984,194,50173346,2026-05-16 19:50:08,2026-05-16 20:50:08,1,Asian/Asian Fusion,32.7,0.0,0.0,completed,9.11,False,0.0,2026-05-16 19:50:08
985,194,50142568,2026-03-02 17:41:12,2026-03-02 18:41:12,2,Chinese,10.2,0.0,4.7,completed,34.96,True,6.99,2026-03-02 17:41:12
986,194,50033231,2026-05-24 19:38:46,2026-05-24 20:08:46,2,Salads,44.7,0.0,0.0,cancelled,43.06,False,0.0,2026-05-24 19:38:46
987,194,50093845,2026-04-19 20:24:05,2026-04-19 20:54:05,2,Mexican,20.9,0.0,0.0,completed,1.79,True,0.36,2026-04-19 20:24:05
988,195,50163080,2026-05-29 18:47:15,2026-05-29 19:47:15,3,American,8.2,0.0,1.4,completed,241.91,False,0.0,2026-05-29 18:47:15
989,195,50179425,2026-04-06 13:11:10,2026-04-06 13:26:10,1,Other,39.2,0.0,7.6,completed,120.72,False,0.0,2026-04-06 13:11:10
990,195,50098630,2026-03-22 15:32:39,2026-03-22 16:17:39,2,"Juice, Smoothies, Fruit Salads",38.6,0.8,1.9,completed,91.26,False,0.0,2026-03-22 15:32:39
991,196,50145006,2026-05-24 19:47:58,2026-05-24 20:17:58,1,Japanese,38.6,0.0,0.0,completed,3.12,False,0.0,2026-05-24 19:47:58
992,196,50131124,2026-04-07 16:33:42,2026-04-07 16:48:42,2,Chicken,12.2,0.0,1.7,completed,38.62,True,5.79,2026-04-07 16:33:42
993,196,50163562,2026-05-28 18:45:07,2026-05-28 20:15:07,2,American,8.5,0.0,1.4,no_show,99.38,False,0.0,2026-05-28 18:45:07
994,196,50072660,2026-04-26 20:29:42,2026-04-26 21:14:42,2,Thai,29.9,0.0,0.3,completed,6.62,False,0.0,2026-04-26 20:29:42
995,197,50147799,2026-05-20 21:54:02,2026-05-20 22:39:02,2,Mediterranean,41.6,0.0,1.7,cancelled,38.94,False,0.0,2026-05-20 21:54:02
996,198,50036043,2026-05-19 17:06:27,2026-05-19 19:06:27,5,American,41.8,0.0,2.4,cancelled,37.99,False,0.0,2026-05-19 17:06:27
997,198,50137306,2026-03-22 15:05:46,2026-03-22 16:35:46,2,American,21.2,1.2,0.0,completed,34.87,True,3.49,2026-03-22 15:05:46
998,198,50163244,2026-05-15 18:53:20,2026-05-15 19:38:20,5,Other,17.4,0.0,0.0,completed,28.94,False,0.0,2026-05-15 18:53:20
999,198,50039368,2026-04-19 15:04:41,2026-04-19 15:49:41,1,American,39.0,0.0,0.0,cancelled,52.87,True,13.22,2026-04-19 15:04:41
1000,198,50138413,2026-05-20 13:34:38,2026-05-20 14:04:38,2,"Juice, Smoothies, Fruit Salads",40.7,0.0,0.0,completed,45.81,False,0.0,2026-05-20 13:34:38
1001,198,50144747,2026-04-19 20:03:12,2026-04-19 20:48:12,2,American,27.0,0.0,0.0,completed,28.38,True,7.09,2026-04-19 20:03:12
1002,198,40364531,2026-03-23 21:04:45,2026-03-23 22:04:45,4,American,32.1,0.0,0.1,completed,36.06,True,7.21,2026-03-23 21:04:45
1003,198,50154052,2026-05-13 16:21:50,2026-05-13 17:06:50,5,"Juice, Smoothies, Fruit Salads",8.8,0.0,1.8,completed,58.47,True,8.77,2026-05-13 16:21:50
1004,198,50131013,2026-05-23 20:58:13,2026-05-23 21:58:13,4,American,33.6,0.0,0.2,completed,52.11,False,0.0,2026-05-23 20:58:13
1005,198,50010297,2026-03-07 17:16:16,2026-03-07 18:16:16,2,Mexican,36.4,0.0,0.0,completed,10.59,False,0.0,2026-03-07 17:16:16
1006,198,50146137,2026-03-12 09:23:01,2026-03-12 10:53:01,2,American,24.0,0.8,3.3,completed,7.35,False,0.0,2026-03-12 09:23:01
1007,198,50174014,2026-05-18 11:38:40,2026-05-18 12:08:40,2,Bagels/Pretzels,42.5,0.0,2.6,completed,81.65,False,0.0,2026-05-18 11:38:40
1008,198,50151970,2026-04-05 18:25:28,2026-04-05 19:55:28,3,New American,44.9,0.0,0.0,completed,53.09,False,0.0,2026-04-05 18:25:28
1009,198,50087434,2026-05-06 19:23:12,2026-05-06 20:08:12,1,"Juice, Smoothies, Fruit Salads",15.4,0.0,2.9,completed,24.2,False,0.0,2026-05-06 19:23:12
1010,198,50144392,2026-05-31 14:36:40,2026-05-31 16:06:40,2,Chinese,44.1,0.0,5.2,cancelled,18.85,True,1.89,2026-05-31 14:36:40
1011,198,50115887,2026-03-20 21:44:34,2026-03-20 22:44:34,3,Asian/Asian Fusion,11.2,0.0,0.0,completed,47.46,False,0.0,2026-03-20 21:44:34
1012,198,50103282,2026-05-18 13:30:32,2026-05-18 14:15:32,3,American,15.9,0.8,0.0,completed,44.26,False,0.0,2026-05-18 13:30:32
1013,198,50110148,2026-04-07 14:40:00,2026-04-07 15:10:00,1,American,24.8,0.0,0.7,completed,8.11,False,0.0,2026-04-07 14:40:00
1014,198,50102862,2026-03-14 21:36:19,2026-03-14 22:21:19,1,"Juice, Smoothies, Fruit Salads",36.0,0.0,0.2,completed,23.28,False,0.0,2026-03-14 21:36:19
1015,199,50033292,2026-03-15 22:19:04,2026-03-15 22:49:04,4,Latin American,34.4,0.0,0.3,cancelled,24.38,False,0.0,2026-03-15 22:19:04
1016,199,50067461,2026-05-31 10:11:16,2026-05-31 11:41:16,2,Latin American,21.9,0.0,0.0,completed,11.03,False,0.0,2026-05-31 10:11:16
1017,199,50001770,2026-03-18 19:59:53,2026-03-18 20:44:53,1,American,14.0,0.0,0.0,completed,16.38,False,0.0,2026-03-18 19:59:53
1018,200,50111579,2026-03-27 18:13:50,2026-03-27 18:28:50,2,Bagels/Pretzels,21.2,0.0,0.6,completed,30.01,False,0.0,2026-03-27 18:13:50
1019,200,50148042,2026-04-23 12:41:39,2026-04-23 13:26:39,2,Other,18.0,0.0,0.0,cancelled,8.37,True,1.26,2026-04-23 12:41:39
1020,200,50079366,2026-04-13 18:35:14,2026-04-13 18:50:14,4,Pizza,22.8,0.0,4.5,cancelled,129.98,False,0.0,2026-04-13 18:35:14
1021,200,41021523,2026-05-03 08:46:20,2026-05-03 09:16:20,2,American,17.1,0.0,6.3,completed,23.0,False,0.0,2026-05-03 08:46:20
1022,200,50036220,2026-05-29 12:40:22,2026-05-29 13:10:22,3,American,16.5,0.0,0.0,completed,63.32,False,0.0,2026-05-29 12:40:22
1023,200,50116334,2026-05-14 13:33:57,2026-05-14 14:33:57,6,French,20.7,1.0,0.0,completed,38.6,False,0.0,2026-05-14 13:33:57
1024,200,50096997,2026-04-29 22:30:34,2026-04-29 22:45:34,1,French,34.8,0.0,0.0,completed,5.37,False,0.0,2026-04-29 22:30:34
1025,200,50130200,2026-04-01 10:02:28,2026-04-01 10:47:28,1,French,14.0,40.5,17.1,cancelled,24.31,False,0.0,2026-04-01 10:02:28
1026,200,50112567,2026-04-25 14:53:11,2026-04-25 15:53:11,4,American,36.9,0.0,0.0,completed,134.79,False,0.0,2026-04-25 14:53:11
1027,200,50018004,2026-05-20 13:15:43,2026-05-20 14:45:43,4,American,35.4,0.0,0.0,cancelled,75.19,True,18.8,2026-05-20 13:15:43
1028,200,50113276,2026-05-07 18:56:55,2026-05-07 20:26:55,2,American,43.0,0.9,0.3,completed,38.08,False,0.0,2026-05-07 18:56:55
1029,200,50115539,2026-03-22 16:39:09,2026-03-22 17:24:09,1,Coffee/Tea,31.0,0.0,4.9,completed,2.63,False,0.0,2026-03-22 16:39:09
1030,200,50093794,2026-04-20 10:41:13,2026-04-20 11:26:13,1,American,10.3,0.0,8.3,completed,27.96,False,0.0,2026-04-20 10:41:13
1031,200,50125775,2026-05-15 19:25:16,2026-05-15 19:55:16,4,French,14.6,0.0,0.7,completed,110.36,True,11.04,2026-05-15 19:25:16
1032,200,50128684,2026-04-05 13:47:24,2026-04-05 15:17:24,1,Frozen Desserts,7.7,0.0,3.2,completed,10.13,False,0.0,2026-04-05 13:47:24
1033,201,40987470,2026-05-26 19:09:58,2026-05-26 19:54:58,1,Italian,29.7,0.0,0.0,completed,62.95,False,0.0,2026-05-26 19:09:58
1034,201,41410214,2026-04-23 15:20:08,2026-04-23 15:50:08,4,Italian,19.6,0.0,0.0,completed,83.84,True,20.96,2026-04-23 15:20:08
1035,201,50180734,2026-05-06 17:54:34,2026-05-06 18:54:34,2,Italian,40.9,0.0,0.0,cancelled,86.31,True,12.95,2026-05-06 17:54:34
1036,201,50054524,2026-03-21 19:37:49,2026-03-21 20:22:49,3,Coffee/Tea,22.1,0.0,0.0,completed,159.92,True,31.98,2026-03-21 19:37:49
1037,201,41719787,2026-05-14 12:47:20,2026-05-14 13:02:20,5,Japanese,33.8,0.0,1.0,completed,61.63,False,0.0,2026-05-14 12:47:20
1038,201,50150487,2026-04-15 14:41:13,2026-04-15 15:11:13,3,Japanese,13.0,0.0,0.0,completed,103.21,False,0.0,2026-04-15 14:41:13
1039,201,50105997,2026-05-10 14:43:31,2026-05-10 15:13:31,2,French,31.8,38.7,47.1,no_show,23.73,True,2.37,2026-05-10 14:43:31
1040,201,50163986,2026-05-18 10:03:34,2026-05-18 11:03:34,4,Chinese,35.5,0.0,0.0,completed,177.07,False,0.0,2026-05-18 10:03:34
1041,201,50108087,2026-05-10 12:41:56,2026-05-10 14:11:56,1,Asian/Asian Fusion,28.5,0.0,0.0,completed,18.67,True,3.73,2026-05-10 12:41:56
1042,201,40399174,2026-05-24 13:38:55,2026-05-24 13:53:55,3,Italian,13.4,0.0,1.3,completed,85.92,False,0.0,2026-05-24 13:38:55
1043,201,50124500,2026-04-20 16:29:25,2026-04-20 17:14:25,1,Mediterranean,22.4,11.8,4.0,cancelled,14.13,False,0.0,2026-04-20 16:29:25
1044,201,40401971,2026-03-22 13:57:10,2026-03-22 14:12:10,2,Irish,23.4,0.0,0.0,completed,109.78,True,21.96,2026-03-22 13:57:10
1045,201,50086894,2026-03-25 19:53:39,2026-03-25 21:53:39,3,Japanese,21.2,0.0,0.6,completed,131.3,False,0.0,2026-03-25 19:53:39
1046,201,50127697,2026-04-04 13:12:12,2026-04-04 13:27:12,3,Italian,31.3,0.0,0.0,completed,140.16,False,0.0,2026-04-04 13:12:12
1047,201,50095456,2026-03-18 11:58:25,2026-03-18 13:28:25,1,New American,44.3,33.2,34.1,completed,70.36,False,0.0,2026-03-18 11:58:25
1048,201,50105586,2026-05-21 08:16:32,2026-05-21 08:46:32,1,Italian,39.8,3.6,4.7,completed,44.56,False,0.0,2026-05-21 08:16:32
1049,201,50128765,2026-04-26 12:40:55,2026-04-26 14:40:55,2,Italian,28.1,0.0,1.2,completed,130.53,False,0.0,2026-04-26 12:40:55
1050,203,50147844,2026-05-08 18:30:19,2026-05-08 20:30:19,1,Chicken,7.4,0.0,0.0,completed,0.92,True,0.18,2026-05-08 18:30:19
1051,203,41514254,2026-05-06 12:31:52,2026-05-06 13:31:52,3,Sandwiches,27.5,0.0,0.0,completed,121.55,False,0.0,2026-05-06 12:31:52
1052,203,40560112,2026-05-29 17:25:48,2026-05-29 17:55:48,3,Latin American,16.8,2.4,0.1,completed,42.39,False,0.0,2026-05-29 17:25:48
1053,203,41632866,2026-05-03 13:21:33,2026-05-03 14:51:33,2,Sandwiches,37.1,0.0,2.7,completed,1.33,False,0.0,2026-05-03 13:21:33
1054,203,50011694,2026-03-26 14:07:28,2026-03-26 14:37:28,2,Chicken,15.5,0.0,2.0,no_show,9.32,True,2.33,2026-03-26 14:07:28
1055,203,50149948,2026-04-26 15:04:48,2026-04-26 15:49:48,2,Sandwiches,8.7,0.0,1.2,completed,50.34,False,0.0,2026-04-26 15:04:48
1056,203,50108065,2026-03-29 13:19:41,2026-03-29 14:04:41,3,Chicken,17.0,0.0,2.8,completed,43.78,True,10.95,2026-03-29 13:19:41
1057,204,50163507,2026-05-27 11:32:53,2026-05-27 12:17:53,2,Asian/Asian Fusion,39.3,0.0,0.1,completed,153.05,False,0.0,2026-05-27 11:32:53
1058,204,50053477,2026-05-10 18:26:05,2026-05-10 18:56:05,3,"Juice, Smoothies, Fruit Salads",8.4,0.0,0.0,cancelled,56.76,False,0.0,2026-05-10 18:26:05
1059,204,50033462,2026-03-11 12:58:12,2026-03-11 13:58:12,2,"Juice, Smoothies, Fruit Salads",39.6,0.0,2.7,completed,3.71,False,0.0,2026-03-11 12:58:12
1060,204,50178995,2026-04-29 22:23:32,2026-04-29 23:23:32,1,"Juice, Smoothies, Fruit Salads",19.3,0.0,1.0,completed,15.85,False,0.0,2026-04-29 22:23:32
1061,205,40914459,2026-04-17 20:44:52,2026-04-17 21:44:52,1,American,20.0,0.0,0.0,completed,12.26,False,0.0,2026-04-17 20:44:52
1062,205,50117982,2026-05-31 18:04:19,2026-05-31 19:04:19,4,American,40.0,0.0,0.0,completed,93.89,True,14.08,2026-05-31 18:04:19
1063,205,40913297,2026-05-13 18:22:50,2026-05-13 18:37:50,2,Coffee/Tea,13.9,0.4,0.6,no_show,63.59,False,0.0,2026-05-13 18:22:50
1064,205,41053236,2026-04-11 19:51:40,2026-04-11 21:21:40,2,American,40.6,3.3,4.7,completed,71.12,False,0.0,2026-04-11 19:51:40
1065,205,41210127,2026-05-24 11:50:03,2026-05-24 12:35:03,1,American,34.0,0.0,0.4,completed,10.59,False,0.0,2026-05-24 11:50:03
1066,206,50056017,2026-03-11 19:56:37,2026-03-11 20:41:37,1,French,7.3,20.4,13.2,completed,70.52,False,0.0,2026-03-11 19:56:37
1067,206,50159860,2026-04-15 12:30:01,2026-04-15 13:15:01,2,Other,12.3,0.0,3.2,completed,61.47,False,0.0,2026-04-15 12:30:01
1068,206,50079188,2026-05-02 20:13:43,2026-05-02 22:13:43,2,French,31.5,0.0,0.0,cancelled,100.7,False,0.0,2026-05-02 20:13:43
1069,206,50161424,2026-05-26 14:52:45,2026-05-26 15:22:45,2,Chicken,20.4,0.0,0.0,completed,81.77,False,0.0,2026-05-26 14:52:45
1070,206,50119193,2026-04-11 11:23:37,2026-04-11 11:53:37,2,Chicken,37.2,0.0,0.9,cancelled,14.5,False,0.0,2026-04-11 11:23:37
1071,206,50162041,2026-05-01 18:36:34,2026-05-01 19:21:34,1,Chicken,28.0,0.0,0.0,no_show,9.25,True,1.85,2026-05-01 18:36:34
1072,206,50118988,2026-05-28 12:58:58,2026-05-28 13:28:58,1,French,41.2,0.0,2.4,completed,56.63,False,0.0,2026-05-28 12:58:58
1073,206,50153601,2026-05-16 15:16:31,2026-05-16 15:31:31,2,Korean,27.6,0.0,0.0,completed,81.92,False,0.0,2026-05-16 15:16:31
1074,206,50139631,2026-03-14 12:40:15,2026-03-14 12:55:15,1,Chicken,12.5,0.0,0.0,completed,30.59,False,0.0,2026-03-14 12:40:15
1075,206,50131116,2026-05-01 21:36:04,2026-05-01 22:21:04,4,Latin American,27.4,0.0,0.0,completed,272.83,False,0.0,2026-05-01 21:36:04
1076,207,50106095,2026-04-22 18:34:38,2026-04-22 19:19:38,2,Chinese,22.2,0.0,0.0,cancelled,5.82,False,0.0,2026-04-22 18:34:38
1077,207,50118576,2026-04-16 12:58:23,2026-04-16 13:28:23,2,"Juice, Smoothies, Fruit Salads",6.3,0.0,0.0,completed,48.94,False,0.0,2026-04-16 12:58:23
1078,207,41688349,2026-03-11 11:40:23,2026-03-11 12:25:23,2,Donuts,34.9,0.0,0.1,completed,53.48,False,0.0,2026-03-11 11:40:23
1079,207,50089256,2026-04-15 09:32:38,2026-04-15 10:02:38,4,Donuts,17.4,0.0,0.0,completed,52.55,False,0.0,2026-04-15 09:32:38
1080,207,40800557,2026-03-02 18:53:51,2026-03-02 19:53:51,4,Hamburgers,5.9,0.0,3.7,completed,140.4,False,0.0,2026-03-02 18:53:51
1081,207,50179396,2026-03-28 12:13:59,2026-03-28 13:43:59,3,Other,40.6,0.0,0.0,completed,48.17,False,0.0,2026-03-28 12:13:59
1082,209,50099826,2026-05-19 16:31:44,2026-05-19 17:31:44,2,Indian,17.5,20.8,25.1,cancelled,41.2,False,0.0,2026-05-19 16:31:44
1083,209,41623363,2026-04-02 12:35:43,2026-04-02 13:05:43,2,Donuts,43.8,0.0,4.1,cancelled,34.84,True,6.97,2026-04-02 12:35:43
1084,209,50127701,2026-03-11 08:22:28,2026-03-11 08:37:28,2,Coffee/Tea,44.6,0.0,0.0,completed,64.15,False,0.0,2026-03-11 08:22:28
1085,210,50145886,2026-04-02 12:21:55,2026-04-02 12:51:55,4,French,33.9,0.0,4.3,completed,315.95,True,31.59,2026-04-02 12:21:55
1086,211,50043186,2026-03-16 19:04:40,2026-03-16 20:04:40,4,American,12.1,0.0,0.8,cancelled,104.57,False,0.0,2026-03-16 19:04:40
1087,212,50178330,2026-04-12 13:47:53,2026-04-12 14:32:53,4,Donuts,35.3,0.0,0.0,completed,299.18,True,44.88,2026-04-12 13:47:53
1088,213,50087329,2026-03-23 17:17:26,2026-03-23 17:32:26,4,American,31.8,0.0,4.7,completed,47.57,False,0.0,2026-03-23 17:17:26
1089,214,50145039,2026-05-18 16:07:01,2026-05-18 17:07:01,1,Pizza,36.2,0.0,0.0,completed,21.99,False,0.0,2026-05-18 16:07:01
1090,214,41503714,2026-03-06 20:42:24,2026-03-06 21:12:24,2,Korean,25.7,0.0,2.5,no_show,86.73,False,0.0,2026-03-06 20:42:24
1091,215,50159890,2026-05-12 18:26:25,2026-05-12 18:41:25,1,Latin American,17.4,9.2,10.8,completed,20.94,False,0.0,2026-05-12 18:26:25
1092,215,41466567,2026-03-04 19:10:17,2026-03-04 21:10:17,1,Latin American,35.2,0.0,0.1,cancelled,7.18,False,0.0,2026-03-04 19:10:17
1093,215,50150733,2026-05-06 17:27:41,2026-05-06 18:12:41,1,Thai,12.8,0.0,5.4,completed,37.56,True,3.76,2026-05-06 17:27:41
1094,215,41371272,2026-03-18 16:48:24,2026-03-18 17:48:24,2,American,14.1,0.0,0.0,completed,23.59,False,0.0,2026-03-18 16:48:24
1095,215,41503575,2026-05-02 16:52:18,2026-05-02 17:52:18,2,Thai,27.7,0.0,0.0,completed,55.28,False,0.0,2026-05-02 16:52:18
1096,215,50168335,2026-04-03 12:05:47,2026-04-03 12:50:47,3,Latin American,23.1,0.0,0.0,cancelled,4.4,False,0.0,2026-04-03 12:05:47
1097,215,50171987,2026-04-20 20:18:04,2026-04-20 21:03:04,2,Thai,27.1,0.0,2.0,completed,11.53,False,0.0,2026-04-20 20:18:04
1098,215,50170079,2026-03-06 14:54:31,2026-03-06 15:39:31,4,Thai,37.0,0.0,0.0,completed,108.89,False,0.0,2026-03-06 14:54:31
1099,215,41006035,2026-04-28 19:55:25,2026-04-28 20:40:25,3,American,12.6,0.4,3.8,completed,50.13,False,0.0,2026-04-28 19:55:25
1100,215,50119755,2026-03-16 14:07:57,2026-03-16 16:07:57,2,Coffee/Tea,33.8,0.0,0.0,completed,16.7,False,0.0,2026-03-16 14:07:57
1101,215,50123208,2026-03-03 19:44:22,2026-03-03 21:14:22,1,Thai,16.2,1.3,1.3,completed,0.58,False,0.0,2026-03-03 19:44:22
1102,215,50070184,2026-03-02 21:38:02,2026-03-02 21:53:02,1,Thai,27.9,0.0,0.0,cancelled,33.19,False,0.0,2026-03-02 21:38:02
1103,215,41375603,2026-03-14 21:47:57,2026-03-14 22:47:57,1,Latin American,22.8,0.0,0.0,completed,11.78,False,0.0,2026-03-14 21:47:57
1104,216,50128860,2026-03-06 16:06:21,2026-03-06 16:36:21,2,Chinese,17.6,0.0,0.4,completed,111.94,False,0.0,2026-03-06 16:06:21
1105,216,50076191,2026-05-19 20:53:35,2026-05-19 22:23:35,3,Chicken,27.8,0.0,0.0,completed,80.11,False,0.0,2026-05-19 20:53:35
1106,216,50142850,2026-03-24 17:04:55,2026-03-24 17:19:55,2,Coffee/Tea,18.3,0.0,4.4,cancelled,52.5,False,0.0,2026-03-24 17:04:55
1107,216,41168952,2026-03-10 19:56:26,2026-03-10 20:56:26,4,Coffee/Tea,16.3,0.0,0.0,completed,112.06,False,0.0,2026-03-10 19:56:26
1108,216,50142676,2026-04-15 18:19:10,2026-04-15 18:49:10,2,Japanese,44.9,0.0,1.4,completed,116.57,False,0.0,2026-04-15 18:19:10
1109,216,50155171,2026-05-29 18:52:41,2026-05-29 19:22:41,4,Coffee/Tea,7.2,0.0,0.0,completed,30.34,True,3.03,2026-05-29 18:52:41
1110,218,50089204,2026-03-19 20:42:43,2026-03-19 20:57:43,1,Donuts,38.6,0.0,0.0,completed,81.13,False,0.0,2026-03-19 20:42:43
1111,218,50052785,2026-05-03 13:14:22,2026-05-03 13:29:22,2,Italian,19.3,0.0,0.0,completed,123.59,False,0.0,2026-05-03 13:14:22
1112,218,50135609,2026-04-19 13:36:21,2026-04-19 14:21:21,4,Mediterranean,34.0,0.0,1.6,cancelled,160.54,False,0.0,2026-04-19 13:36:21
1113,219,50170859,2026-04-11 09:47:56,2026-04-11 11:47:56,5,Chinese,25.3,0.0,0.0,completed,208.46,True,20.85,2026-04-11 09:47:56
1114,219,50167636,2026-03-19 19:48:49,2026-03-19 20:03:49,1,Chinese,19.7,0.0,2.2,completed,30.46,False,0.0,2026-03-19 19:48:49
1115,220,50007953,2026-05-15 15:28:11,2026-05-15 15:58:11,2,French,23.8,0.0,0.0,completed,49.65,False,0.0,2026-05-15 15:28:11
1116,220,41621240,2026-04-28 18:23:35,2026-04-28 20:23:35,1,American,44.4,0.0,0.6,completed,39.72,False,0.0,2026-04-28 18:23:35
1117,220,41644048,2026-03-13 13:07:23,2026-03-13 14:37:23,2,French,36.8,0.0,0.4,completed,32.14,False,0.0,2026-03-13 13:07:23
1118,220,50055248,2026-03-20 19:54:55,2026-03-20 20:39:55,2,American,6.2,0.0,0.5,completed,7.77,False,0.0,2026-03-20 19:54:55
1119,220,50169935,2026-05-07 20:59:44,2026-05-07 22:59:44,4,Japanese,22.0,0.0,0.0,completed,47.87,False,0.0,2026-05-07 20:59:44
1120,221,41020466,2026-05-12 14:28:28,2026-05-12 15:13:28,2,Coffee/Tea,36.4,0.0,1.9,cancelled,49.08,False,0.0,2026-05-12 14:28:28
1121,221,41122841,2026-03-11 18:33:13,2026-03-11 19:33:13,1,Irish,42.4,0.0,7.4,completed,19.14,True,3.83,2026-03-11 18:33:13
1122,221,50180988,2026-03-28 11:51:41,2026-03-28 12:36:41,5,Bakery Products/Desserts,19.5,0.0,0.0,completed,96.42,True,14.46,2026-03-28 11:51:41
1123,222,50126940,2026-05-30 17:09:29,2026-05-30 17:54:29,1,Mexican,20.2,0.0,0.0,completed,15.75,False,0.0,2026-05-30 17:09:29
1124,222,41714997,2026-05-28 19:19:10,2026-05-28 20:49:10,3,French,8.0,0.0,2.4,completed,163.63,False,0.0,2026-05-28 19:19:10
1125,222,50104248,2026-03-12 17:49:55,2026-03-12 18:34:55,1,Other,16.9,0.0,4.1,cancelled,12.38,True,3.1,2026-03-12 17:49:55
1126,223,50159222,2026-05-21 12:33:49,2026-05-21 13:33:49,2,Asian/Asian Fusion,20.3,6.9,8.8,completed,99.65,False,0.0,2026-05-21 12:33:49
1127,223,50009132,2026-04-16 09:28:41,2026-04-16 10:13:41,4,Donuts,34.7,0.0,0.0,completed,100.64,False,0.0,2026-04-16 09:28:41
1128,223,50121131,2026-05-19 18:32:38,2026-05-19 19:17:38,4,Japanese,7.5,0.0,0.0,completed,32.07,True,3.21,2026-05-19 18:32:38
1129,223,41353418,2026-03-09 12:30:36,2026-03-09 14:00:36,3,Donuts,20.2,0.0,2.5,completed,98.38,False,0.0,2026-03-09 12:30:36
1130,223,41704459,2026-04-25 08:40:29,2026-04-25 10:40:29,2,Donuts,22.6,0.0,1.5,completed,161.78,False,0.0,2026-04-25 08:40:29
1131,223,50133237,2026-03-10 21:17:48,2026-03-10 21:47:48,2,Asian/Asian Fusion,29.0,0.0,0.0,completed,20.44,False,0.0,2026-03-10 21:17:48
1132,223,50044749,2026-05-21 19:24:19,2026-05-21 20:09:19,2,Donuts,18.2,0.0,1.9,completed,46.24,False,0.0,2026-05-21 19:24:19
1133,224,50104496,2026-04-26 13:39:26,2026-04-26 14:24:26,2,Bakery Products/Desserts,35.3,0.0,0.0,completed,239.04,True,47.81,2026-04-26 13:39:26
1134,225,50090565,2026-05-23 11:03:42,2026-05-23 11:33:42,3,Chicken,20.1,8.5,7.9,completed,158.42,False,0.0,2026-05-23 11:03:42
1135,225,50062581,2026-03-28 09:32:39,2026-03-28 10:17:39,2,Chicken,18.0,0.0,0.0,completed,28.77,False,0.0,2026-03-28 09:32:39
1136,225,40996365,2026-04-14 09:59:59,2026-04-14 10:44:59,2,Chicken,35.9,0.0,0.0,completed,57.68,False,0.0,2026-04-14 09:59:59
1137,225,50130102,2026-03-30 16:02:00,2026-03-30 17:02:00,6,Asian/Asian Fusion,26.8,17.6,16.8,completed,349.07,False,0.0,2026-03-30 16:02:00
1138,225,50147932,2026-04-04 12:53:27,2026-04-04 13:23:27,1,Other,44.0,6.1,4.6,completed,8.16,True,1.22,2026-04-04 12:53:27
1139,225,50096032,2026-05-22 10:10:17,2026-05-22 10:40:17,1,Mediterranean,42.5,0.0,0.0,completed,27.78,False,0.0,2026-05-22 10:10:17
1140,226,50162420,2026-03-10 14:15:37,2026-03-10 15:00:37,4,Indian,35.6,0.0,0.6,completed,15.3,False,0.0,2026-03-10 14:15:37
1141,226,50110049,2026-04-20 19:27:47,2026-04-20 20:27:47,2,Indian,41.1,0.0,3.0,completed,29.57,True,5.91,2026-04-20 19:27:47
1142,226,50165411,2026-04-05 18:03:49,2026-04-05 18:18:49,4,Italian,19.9,0.0,0.4,completed,14.91,False,0.0,2026-04-05 18:03:49
1143,226,50072252,2026-04-04 20:34:13,2026-04-04 21:19:13,3,Italian,34.0,0.0,3.6,cancelled,26.73,True,5.35,2026-04-04 20:34:13
1144,226,41490544,2026-05-10 20:13:35,2026-05-10 20:43:35,2,Italian,23.0,0.0,6.6,completed,70.54,False,0.0,2026-05-10 20:13:35
1145,226,50112571,2026-03-13 16:04:24,2026-03-13 16:49:24,1,French,42.7,30.2,24.3,completed,19.9,False,0.0,2026-03-13 16:04:24
1146,226,50161380,2026-03-20 08:32:49,2026-03-20 09:32:49,6,Indian,8.1,0.0,1.0,completed,63.74,False,0.0,2026-03-20 08:32:49
1147,226,50158271,2026-04-13 12:32:38,2026-04-13 13:17:38,2,Italian,43.0,0.0,2.9,completed,39.7,False,0.0,2026-04-13 12:32:38
1148,226,40373462,2026-03-10 17:06:07,2026-03-10 17:51:07,2,Italian,40.1,0.0,1.3,completed,56.85,False,0.0,2026-03-10 17:06:07
1149,226,41084188,2026-04-26 17:34:23,2026-04-26 19:04:23,2,Italian,32.8,0.0,0.0,cancelled,36.04,False,0.0,2026-04-26 17:34:23
1150,226,50162544,2026-03-22 20:11:36,2026-03-22 20:41:36,2,Indian,10.2,0.0,0.0,completed,45.25,False,0.0,2026-03-22 20:11:36
1151,226,50118283,2026-05-28 20:31:36,2026-05-28 21:01:36,3,Italian,16.7,0.0,0.0,no_show,34.23,False,0.0,2026-05-28 20:31:36
1152,228,50056274,2026-03-29 20:47:01,2026-03-29 22:17:01,2,Mediterranean,33.8,0.0,2.3,no_show,29.89,False,0.0,2026-03-29 20:47:01
1153,229,50127894,2026-05-30 19:49:14,2026-05-30 21:19:14,1,Coffee/Tea,9.7,0.0,0.0,completed,40.87,False,0.0,2026-05-30 19:49:14
1154,229,50070991,2026-05-26 18:08:52,2026-05-26 19:38:52,3,Bakery Products/Desserts,26.1,0.0,1.4,completed,319.08,False,0.0,2026-05-26 18:08:52
1155,229,50089206,2026-03-30 15:23:50,2026-03-30 15:38:50,1,Coffee/Tea,13.0,0.0,2.1,completed,44.73,True,11.18,2026-03-30 15:23:50
1156,230,50136685,2026-05-03 18:27:46,2026-05-03 19:12:46,3,Latin American,20.7,0.0,0.0,completed,149.4,False,0.0,2026-05-03 18:27:46
1157,230,40600780,2026-03-10 14:32:28,2026-03-10 15:17:28,2,French,24.5,0.0,4.7,completed,32.36,False,0.0,2026-03-10 14:32:28
1158,230,41067696,2026-04-02 20:35:53,2026-04-02 20:50:53,3,French,10.2,0.0,4.9,completed,53.73,True,10.75,2026-04-02 20:35:53
1159,230,50150285,2026-05-31 09:17:33,2026-05-31 10:02:33,2,Bakery Products/Desserts,26.0,0.0,1.6,completed,162.71,False,0.0,2026-05-31 09:17:33
1160,230,50131408,2026-05-16 21:04:00,2026-05-16 22:34:00,2,French,28.8,0.0,0.0,completed,74.67,False,0.0,2026-05-16 21:04:00
1161,230,41072936,2026-05-24 20:03:38,2026-05-24 21:03:38,2,Bakery Products/Desserts,24.1,0.0,2.9,cancelled,73.35,False,0.0,2026-05-24 20:03:38
1162,230,40922958,2026-03-21 11:11:52,2026-03-21 11:41:52,2,French,25.3,0.0,0.0,completed,35.34,False,0.0,2026-03-21 11:11:52
1163,231,50161469,2026-04-13 12:15:30,2026-04-13 13:45:30,2,Italian,36.8,0.0,0.0,completed,234.79,False,0.0,2026-04-13 12:15:30
1164,231,50175054,2026-03-18 12:11:28,2026-03-18 12:56:28,1,Chicken,37.8,0.0,0.0,no_show,167.22,False,0.0,2026-03-18 12:11:28
1165,231,50171386,2026-03-19 09:18:26,2026-03-19 09:48:26,2,Mexican,25.8,0.0,2.2,completed,152.52,False,0.0,2026-03-19 09:18:26
1166,231,50123175,2026-04-11 18:17:23,2026-04-11 18:32:23,2,Italian,15.3,0.0,3.7,completed,65.6,False,0.0,2026-04-11 18:17:23
1167,231,50107686,2026-05-04 15:01:29,2026-05-04 15:31:29,1,Italian,17.5,0.0,1.5,cancelled,70.56,True,14.11,2026-05-04 15:01:29
1168,231,40402785,2026-03-01 09:06:21,2026-03-01 09:51:21,2,American,20.9,0.0,4.4,no_show,190.48,True,47.62,2026-03-01 09:06:21
1169,232,41053093,2026-03-05 11:29:56,2026-03-05 11:44:56,3,French,34.3,9.5,10.9,completed,92.15,False,0.0,2026-03-05 11:29:56
1170,232,50148468,2026-05-15 11:54:30,2026-05-15 12:24:30,1,"Juice, Smoothies, Fruit Salads",10.0,0.0,0.8,completed,4.92,False,0.0,2026-05-15 11:54:30
1171,233,50167775,2026-03-01 09:32:03,2026-03-01 10:32:03,3,"Juice, Smoothies, Fruit Salads",16.9,0.0,1.3,completed,109.25,False,0.0,2026-03-01 09:32:03
1172,233,41711831,2026-04-13 19:18:48,2026-04-13 20:18:48,2,Bakery Products/Desserts,10.3,0.0,2.4,cancelled,25.72,False,0.0,2026-04-13 19:18:48
1173,233,50166247,2026-04-01 12:09:06,2026-04-01 12:39:06,2,Chinese,18.1,0.0,0.0,completed,171.97,False,0.0,2026-04-01 12:09:06
1174,233,50127104,2026-03-26 12:04:26,2026-03-26 12:34:26,2,Bakery Products/Desserts,19.8,0.0,3.5,completed,265.49,False,0.0,2026-03-26 12:04:26
1175,233,50087404,2026-05-29 12:17:49,2026-05-29 13:02:49,2,Bakery Products/Desserts,39.6,0.0,0.0,completed,39.22,False,0.0,2026-05-29 12:17:49
1176,233,50154794,2026-03-30 12:47:03,2026-03-30 13:47:03,1,Bakery Products/Desserts,39.4,0.0,0.0,completed,58.39,False,0.0,2026-03-30 12:47:03
1177,234,50088365,2026-05-18 18:19:11,2026-05-18 18:49:11,3,Latin American,22.0,0.0,1.5,completed,171.49,False,0.0,2026-05-18 18:19:11
1178,234,50139075,2026-05-11 18:28:40,2026-05-11 19:13:40,2,Latin American,34.6,0.0,0.0,completed,75.44,False,0.0,2026-05-11 18:28:40
1179,234,41429004,2026-04-10 18:42:09,2026-04-10 19:42:09,4,Latin American,44.0,0.0,4.0,completed,637.7,False,0.0,2026-04-10 18:42:09
1180,234,50133170,2026-04-06 11:04:50,2026-04-06 12:04:50,1,Mexican,26.1,0.0,0.7,no_show,43.74,False,0.0,2026-04-06 11:04:50
1181,234,41488494,2026-04-16 14:02:46,2026-04-16 14:47:46,6,Latin American,42.9,0.0,0.0,completed,488.56,False,0.0,2026-04-16 14:02:46
1182,234,50104853,2026-04-13 11:29:34,2026-04-13 12:59:34,2,Latin American,24.5,0.0,0.0,completed,90.73,False,0.0,2026-04-13 11:29:34
1183,234,50099959,2026-03-20 14:16:53,2026-03-20 15:01:53,3,American,28.0,0.0,0.0,completed,465.88,False,0.0,2026-03-20 14:16:53
1184,234,41333314,2026-03-13 13:36:37,2026-03-13 14:21:37,2,Coffee/Tea,16.6,0.0,1.8,completed,238.86,False,0.0,2026-03-13 13:36:37
1185,234,50163159,2026-05-01 20:45:43,2026-05-01 21:15:43,3,Chinese,36.5,0.0,0.0,completed,265.85,False,0.0,2026-05-01 20:45:43
1186,234,50032980,2026-04-10 18:14:33,2026-04-10 18:44:33,1,Mexican,24.6,0.0,0.7,completed,4.6,False,0.0,2026-04-10 18:14:33
1187,235,50070663,2026-05-14 14:09:57,2026-05-14 14:24:57,2,Pizza,24.3,0.0,0.5,completed,22.71,False,0.0,2026-05-14 14:09:57
1188,235,50168957,2026-05-21 12:27:24,2026-05-21 13:12:24,2,Bakery Products/Desserts,29.3,0.0,1.6,cancelled,100.46,False,0.0,2026-05-21 12:27:24
1189,235,50107497,2026-03-22 12:06:53,2026-03-22 12:36:53,1,Pizza,12.2,0.0,0.0,cancelled,3.76,False,0.0,2026-03-22 12:06:53
1190,235,50108362,2026-04-26 15:44:19,2026-04-26 16:29:19,2,Pizza,39.9,0.0,0.0,completed,26.68,True,5.34,2026-04-26 15:44:19
1191,235,50112571,2026-05-04 10:02:30,2026-05-04 10:47:30,2,French,35.0,30.2,8.8,cancelled,125.01,False,0.0,2026-05-04 10:02:30
1192,235,50067666,2026-05-19 09:22:56,2026-05-19 10:07:56,1,Sandwiches,31.8,0.0,2.8,completed,38.6,False,0.0,2026-05-19 09:22:56
1193,235,50157646,2026-04-03 14:00:38,2026-04-03 14:15:38,2,Italian,21.1,0.0,5.3,completed,73.07,True,14.61,2026-04-03 14:00:38
1194,236,50080311,2026-05-22 16:43:42,2026-05-22 17:13:42,1,American,31.8,0.0,6.7,cancelled,40.28,True,6.04,2026-05-22 16:43:42
1195,236,50108900,2026-04-27 17:47:10,2026-04-27 18:32:10,2,American,14.8,27.0,30.9,completed,139.46,False,0.0,2026-04-27 17:47:10
1196,236,50114013,2026-03-22 12:33:44,2026-03-22 13:18:44,6,American,39.5,0.0,5.9,cancelled,24.7,False,0.0,2026-03-22 12:33:44
1197,236,50173373,2026-03-19 18:45:56,2026-03-19 19:30:56,3,"Juice, Smoothies, Fruit Salads",32.1,0.0,0.0,completed,182.1,False,0.0,2026-03-19 18:45:56
1198,237,50107288,2026-03-06 19:05:25,2026-03-06 20:35:25,2,Japanese,7.5,0.0,0.0,completed,30.72,False,0.0,2026-03-06 19:05:25
1199,238,50133435,2026-04-18 21:34:27,2026-04-18 21:49:27,2,Latin American,36.6,0.0,9.2,no_show,274.93,False,0.0,2026-04-18 21:34:27
1200,238,50087293,2026-05-16 22:33:45,2026-05-17 00:03:45,2,Asian/Asian Fusion,41.2,0.0,2.3,completed,27.44,False,0.0,2026-05-16 22:33:45
1201,238,50146125,2026-05-25 20:32:52,2026-05-25 20:47:52,2,Sandwiches,32.2,0.0,0.0,completed,176.48,False,0.0,2026-05-25 20:32:52
1202,238,41429791,2026-05-17 18:26:07,2026-05-17 20:26:07,2,Sandwiches,25.7,0.0,0.0,completed,80.71,False,0.0,2026-05-17 18:26:07
1203,238,50143911,2026-05-27 20:19:16,2026-05-27 21:19:16,2,New American,18.4,0.0,1.4,completed,226.44,False,0.0,2026-05-27 20:19:16
1204,238,41306211,2026-05-28 19:18:14,2026-05-28 19:48:14,1,Sandwiches,36.0,0.0,0.0,completed,80.9,False,0.0,2026-05-28 19:18:14
1205,239,41067696,2026-03-30 20:56:27,2026-03-30 22:26:27,4,French,17.6,0.0,3.4,no_show,146.38,True,29.28,2026-03-30 20:56:27
1206,240,50062581,2026-04-04 12:33:54,2026-04-04 12:48:54,3,Chicken,29.3,0.0,0.0,cancelled,54.24,False,0.0,2026-04-04 12:33:54
1207,240,50069543,2026-03-30 17:28:18,2026-03-30 17:58:18,3,Thai,24.1,0.0,0.0,completed,24.04,False,0.0,2026-03-30 17:28:18
1208,240,50162035,2026-05-30 08:17:19,2026-05-30 08:47:19,2,Chicken,11.6,0.0,5.0,completed,43.43,False,0.0,2026-05-30 08:17:19
1209,240,41642682,2026-03-10 09:03:47,2026-03-10 09:33:47,2,Chicken,16.7,0.0,0.0,completed,66.5,False,0.0,2026-03-10 09:03:47
1210,240,50179302,2026-04-12 18:24:07,2026-04-12 19:24:07,3,Chicken,44.3,0.0,0.0,no_show,64.96,False,0.0,2026-04-12 18:24:07
1211,240,41617898,2026-04-24 15:33:59,2026-04-24 16:18:59,3,Chicken,44.2,0.0,0.0,completed,13.57,False,0.0,2026-04-24 15:33:59
1212,240,50145702,2026-04-15 09:52:23,2026-04-15 10:37:23,4,Chicken,35.0,0.0,4.0,completed,38.59,False,0.0,2026-04-15 09:52:23
1213,240,50170491,2026-03-28 15:46:12,2026-03-28 17:16:12,1,Chinese,14.2,0.0,0.0,completed,8.96,False,0.0,2026-03-28 15:46:12
1214,240,50165224,2026-04-23 20:48:39,2026-04-23 21:18:39,1,American,30.1,0.0,0.0,completed,6.83,False,0.0,2026-04-23 20:48:39
1215,241,50137811,2026-05-09 13:19:43,2026-05-09 14:49:43,1,"Juice, Smoothies, Fruit Salads",9.8,0.0,6.6,completed,31.13,False,0.0,2026-05-09 13:19:43
1216,241,41598066,2026-05-09 19:29:06,2026-05-09 20:14:06,5,Korean,19.5,0.0,2.5,completed,160.8,False,0.0,2026-05-09 19:29:06
1217,241,50013416,2026-05-17 15:38:55,2026-05-17 15:53:55,4,"Juice, Smoothies, Fruit Salads",33.7,0.0,4.8,cancelled,67.48,False,0.0,2026-05-17 15:38:55
1218,241,50150129,2026-04-12 19:33:08,2026-04-12 20:33:08,4,"Juice, Smoothies, Fruit Salads",29.7,0.0,0.0,completed,76.45,False,0.0,2026-04-12 19:33:08
1219,241,50044616,2026-05-09 19:23:57,2026-05-09 20:08:57,1,Chicken,40.4,0.9,2.1,completed,13.67,False,0.0,2026-05-09 19:23:57
1220,241,50167775,2026-05-05 19:56:44,2026-05-05 21:56:44,2,"Juice, Smoothies, Fruit Salads",7.5,0.0,3.5,completed,45.05,True,11.26,2026-05-05 19:56:44
1221,241,50058180,2026-03-06 13:57:21,2026-03-06 14:57:21,3,Chicken,34.0,0.0,0.0,completed,57.44,False,0.0,2026-03-06 13:57:21
1222,241,50151262,2026-05-29 18:01:12,2026-05-29 18:31:12,2,Chicken,16.1,0.0,2.7,completed,12.21,True,1.83,2026-05-29 18:01:12
1223,241,50119193,2026-04-21 17:10:15,2026-04-21 17:55:15,2,Chicken,11.8,0.0,0.0,completed,13.68,False,0.0,2026-04-21 17:10:15
1224,241,50147844,2026-05-27 20:53:20,2026-05-27 21:53:20,2,Chicken,35.1,0.0,0.0,cancelled,28.67,False,0.0,2026-05-27 20:53:20
1225,241,40605319,2026-05-24 17:32:50,2026-05-24 18:17:50,1,American,28.5,0.0,2.3,cancelled,8.37,True,1.26,2026-05-24 17:32:50
1226,241,50173787,2026-04-22 14:38:35,2026-04-22 15:08:35,2,"Juice, Smoothies, Fruit Salads",8.8,0.0,0.0,cancelled,50.57,True,12.64,2026-04-22 14:38:35
1227,242,50110046,2026-05-05 21:23:02,2026-05-05 22:53:02,1,"Juice, Smoothies, Fruit Salads",43.7,0.0,0.0,completed,45.69,True,11.42,2026-05-05 21:23:02
1228,242,50140134,2026-03-10 20:36:56,2026-03-10 22:06:56,4,"Juice, Smoothies, Fruit Salads",43.8,0.0,1.9,completed,154.07,True,30.81,2026-03-10 20:36:56
1229,242,50001085,2026-03-22 17:13:22,2026-03-22 17:28:22,2,Donuts,27.1,0.0,0.3,completed,119.36,True,29.84,2026-03-22 17:13:22
1230,243,41671103,2026-03-26 21:03:22,2026-03-26 21:18:22,4,Irish,43.0,0.0,0.0,completed,116.48,False,0.0,2026-03-26 21:03:22
1231,243,50121127,2026-03-03 14:44:30,2026-03-03 16:14:30,2,Donuts,12.9,0.0,0.0,completed,8.91,False,0.0,2026-03-03 14:44:30
1232,243,41549759,2026-05-07 12:25:58,2026-05-07 13:10:58,1,Tex-Mex,6.0,0.0,0.2,no_show,100.35,False,0.0,2026-05-07 12:25:58
1233,243,50170859,2026-03-28 14:43:21,2026-03-28 15:28:21,2,Chinese,34.8,0.0,0.0,completed,286.08,True,71.52,2026-03-28 14:43:21
1234,243,50046198,2026-04-21 19:02:56,2026-04-21 19:32:56,1,Bakery Products/Desserts,37.1,0.0,0.0,completed,24.53,False,0.0,2026-04-21 19:02:56
1235,244,50177571,2026-04-19 13:13:59,2026-04-19 15:13:59,2,Other,31.4,0.0,4.7,completed,142.15,True,28.43,2026-04-19 13:13:59
1236,244,50125635,2026-04-12 10:48:14,2026-04-12 11:03:14,2,Coffee/Tea,24.9,0.0,1.4,no_show,9.17,False,0.0,2026-04-12 10:48:14
1237,244,50083924,2026-03-30 20:19:41,2026-03-30 21:49:41,2,Indian,37.5,0.0,0.0,completed,116.4,False,0.0,2026-03-30 20:19:41
1238,244,50173121,2026-03-07 12:12:53,2026-03-07 12:57:53,5,Other,26.8,0.0,0.4,completed,426.74,False,0.0,2026-03-07 12:12:53
1239,244,50134006,2026-05-25 18:42:08,2026-05-25 19:27:08,1,Other,9.9,0.0,0.0,completed,55.76,False,0.0,2026-05-25 18:42:08
1240,245,41549888,2026-03-05 11:21:11,2026-03-05 11:51:11,1,Italian,10.5,0.0,0.0,completed,14.58,True,2.92,2026-03-05 11:21:11
1241,245,50108317,2026-03-24 19:44:34,2026-03-24 21:44:34,2,Chicken,42.6,0.0,2.6,cancelled,26.84,True,6.71,2026-03-24 19:44:34
1242,245,50083132,2026-04-29 15:31:55,2026-04-29 17:31:55,5,Korean,34.1,0.0,1.3,completed,61.1,False,0.0,2026-04-29 15:31:55
1243,245,50008977,2026-04-10 10:04:28,2026-04-10 10:49:28,2,Korean,9.3,21.8,29.2,completed,86.24,False,0.0,2026-04-10 10:04:28
1244,245,41185899,2026-03-25 14:47:41,2026-03-25 16:47:41,4,Korean,8.4,0.0,1.3,completed,166.65,False,0.0,2026-03-25 14:47:41
1245,245,50011207,2026-05-17 20:38:41,2026-05-17 22:08:41,2,Chicken,36.9,0.0,2.5,completed,18.64,False,0.0,2026-05-17 20:38:41
1246,245,50144001,2026-03-12 16:54:17,2026-03-12 17:39:17,3,Korean,42.8,0.0,0.0,completed,98.39,True,14.76,2026-03-12 16:54:17
1247,246,50099404,2026-03-23 19:37:58,2026-03-23 20:37:58,2,Italian,21.9,0.5,4.0,completed,16.14,False,0.0,2026-03-23 19:37:58
1248,246,41717184,2026-05-03 15:28:13,2026-05-03 15:43:13,5,Italian,21.5,0.0,0.0,completed,123.25,False,0.0,2026-05-03 15:28:13
1249,246,50166388,2026-03-10 20:46:08,2026-03-10 21:16:08,2,Italian,10.9,0.0,6.2,completed,17.98,False,0.0,2026-03-10 20:46:08
1250,246,50149191,2026-03-04 22:30:12,2026-03-04 22:45:12,2,Sandwiches,42.7,0.0,6.7,no_show,28.83,True,5.77,2026-03-04 22:30:12
1251,247,41644212,2026-05-18 12:08:46,2026-05-18 12:53:46,3,Italian,14.7,0.0,0.0,completed,65.45,True,9.82,2026-05-18 12:08:46
1252,247,50141924,2026-04-06 12:33:03,2026-04-06 13:18:03,2,Coffee/Tea,41.4,0.0,1.3,completed,31.85,False,0.0,2026-04-06 12:33:03
1253,247,50136418,2026-04-05 19:21:31,2026-04-05 20:21:31,2,Pizza,39.6,0.0,5.9,completed,31.08,False,0.0,2026-04-05 19:21:31
1254,247,50147799,2026-05-07 12:14:59,2026-05-07 12:44:59,3,Mediterranean,22.5,0.0,0.0,completed,26.29,False,0.0,2026-05-07 12:14:59
1255,247,50142024,2026-04-28 18:33:03,2026-04-28 20:03:03,1,French,24.4,29.3,28.6,cancelled,15.07,False,0.0,2026-04-28 18:33:03
1256,247,50122701,2026-03-09 18:29:52,2026-03-09 19:14:52,1,Mediterranean,15.0,0.0,0.0,completed,20.65,False,0.0,2026-03-09 18:29:52
1257,248,41706329,2026-05-26 08:58:14,2026-05-26 09:58:14,2,Indian,22.2,0.0,0.0,completed,19.13,True,4.78,2026-05-26 08:58:14
1258,248,50156522,2026-03-20 12:36:32,2026-03-20 13:06:32,2,Pizza,26.3,0.0,0.0,completed,54.13,True,13.53,2026-03-20 12:36:32
1259,248,50176558,2026-03-05 17:10:14,2026-03-05 17:25:14,3,Indian,23.2,0.0,0.0,completed,76.96,True,19.24,2026-03-05 17:10:14
1260,249,50093376,2026-05-06 19:12:53,2026-05-06 19:42:53,2,Hamburgers,32.7,0.0,0.0,no_show,29.8,False,0.0,2026-05-06 19:12:53
1261,250,50169698,2026-03-02 08:00:11,2026-03-02 09:00:11,4,Pizza,38.6,0.0,0.5,completed,257.93,True,25.79,2026-03-02 08:00:11
1262,250,50080692,2026-04-12 22:34:03,2026-04-12 22:49:03,2,"Juice, Smoothies, Fruit Salads",13.6,0.0,1.3,no_show,71.83,False,0.0,2026-04-12 22:34:03
1263,250,50174319,2026-04-03 10:45:41,2026-04-03 11:45:41,1,"Juice, Smoothies, Fruit Salads",7.9,0.0,1.6,no_show,86.67,True,8.67,2026-04-03 10:45:41
1264,250,50178995,2026-03-08 11:04:31,2026-03-08 11:19:31,4,"Juice, Smoothies, Fruit Salads",27.4,0.0,2.3,completed,140.33,True,35.08,2026-03-08 11:04:31
1265,250,50158701,2026-04-05 12:48:05,2026-04-05 13:48:05,1,"Juice, Smoothies, Fruit Salads",11.8,0.0,2.5,completed,10.35,True,1.04,2026-04-05 12:48:05
1266,250,50053477,2026-04-29 21:43:01,2026-04-29 22:13:01,3,"Juice, Smoothies, Fruit Salads",33.0,0.0,0.0,completed,74.21,False,0.0,2026-04-29 21:43:01
1267,250,40400710,2026-05-21 17:39:06,2026-05-21 18:09:06,2,Italian,36.0,0.0,0.0,completed,93.53,True,18.71,2026-05-21 17:39:06
1268,250,50152572,2026-04-29 19:25:27,2026-04-29 20:10:27,2,Pizza,25.4,0.0,0.0,completed,116.77,True,11.68,2026-04-29 19:25:27
1269,250,50133853,2026-03-28 15:26:31,2026-03-28 15:41:31,1,French,36.3,0.0,0.0,completed,11.66,False,0.0,2026-03-28 15:26:31
1270,250,50075331,2026-03-13 10:35:02,2026-03-13 11:35:02,2,American,42.8,5.0,6.5,completed,76.12,False,0.0,2026-03-13 10:35:02
1271,250,50066413,2026-03-01 20:00:09,2026-03-01 20:30:09,5,American,36.8,0.0,0.0,completed,59.69,False,0.0,2026-03-01 20:00:09
1272,250,50094976,2026-03-09 19:19:52,2026-03-09 20:04:52,4,Pizza,24.6,0.0,0.0,completed,248.57,False,0.0,2026-03-09 19:19:52
1273,250,50143089,2026-05-01 09:23:56,2026-05-01 10:23:56,2,Pizza,29.6,0.0,0.0,completed,17.17,False,0.0,2026-05-01 09:23:56
1274,250,50140110,2026-04-06 17:31:33,2026-04-06 18:31:33,4,"Juice, Smoothies, Fruit Salads",36.5,0.0,4.3,completed,103.61,False,0.0,2026-04-06 17:31:33
1275,250,50133334,2026-03-25 15:53:50,2026-03-25 17:53:50,2,Pizza,33.6,0.0,2.4,completed,35.37,False,0.0,2026-03-25 15:53:50
1276,250,50119562,2026-05-09 18:09:35,2026-05-09 18:24:35,2,"Juice, Smoothies, Fruit Salads",42.6,0.0,0.0,completed,51.33,False,0.0,2026-05-09 18:09:35
1277,250,50176532,2026-03-18 10:47:18,2026-03-18 11:47:18,1,Pizza,5.2,0.0,0.0,completed,28.85,False,0.0,2026-03-18 10:47:18
1278,250,50004456,2026-03-18 19:37:42,2026-03-18 20:22:42,1,Pizza,20.4,0.0,0.0,completed,55.35,True,5.53,2026-03-18 19:37:42
1279,250,50111716,2026-05-18 14:14:33,2026-05-18 14:29:33,4,Pizza,31.6,0.0,0.0,completed,128.06,True,25.61,2026-05-18 14:14:33
1280,251,50134578,2026-05-28 14:57:22,2026-05-28 15:27:22,4,Thai,29.8,3.2,1.6,completed,92.92,False,0.0,2026-05-28 14:57:22
1281,251,50105790,2026-04-06 14:48:29,2026-04-06 15:48:29,2,Thai,32.7,0.0,0.0,completed,25.45,False,0.0,2026-04-06 14:48:29
1282,252,41139219,2026-05-31 10:13:02,2026-05-31 11:13:02,2,Korean,5.6,0.0,0.0,completed,186.4,False,0.0,2026-05-31 10:13:02
1283,252,40512865,2026-05-10 09:32:27,2026-05-10 10:17:27,3,Pizza,7.0,0.0,0.0,completed,35.37,False,0.0,2026-05-10 09:32:27
1284,252,50087667,2026-04-14 11:14:45,2026-04-14 11:59:45,3,Korean,26.2,1.1,0.0,completed,6.72,False,0.0,2026-04-14 11:14:45
1285,252,50044603,2026-05-13 10:04:49,2026-05-13 10:49:49,2,Pizza,35.1,1.8,3.4,completed,105.44,False,0.0,2026-05-13 10:04:49
1286,252,50106587,2026-04-25 13:30:40,2026-04-25 14:15:40,1,Pizza,10.7,0.0,3.8,completed,19.56,True,2.93,2026-04-25 13:30:40
1287,252,50104400,2026-04-06 13:52:34,2026-04-06 15:22:34,2,Korean,34.5,0.0,1.9,completed,107.41,False,0.0,2026-04-06 13:52:34
1288,252,50125809,2026-05-30 12:22:00,2026-05-30 13:22:00,3,Pizza,11.5,0.0,1.6,completed,251.21,True,25.12,2026-05-30 12:22:00
1289,252,50108824,2026-05-09 10:24:39,2026-05-09 11:24:39,2,Pizza,11.9,0.0,3.1,completed,125.53,True,31.38,2026-05-09 10:24:39
1290,254,41662070,2026-04-25 21:17:40,2026-04-25 22:17:40,3,French,27.1,0.0,0.0,completed,47.88,False,0.0,2026-04-25 21:17:40
1291,255,50095294,2026-04-10 18:35:35,2026-04-10 18:50:35,2,Donuts,25.3,0.0,0.0,completed,26.6,False,0.0,2026-04-10 18:35:35
1292,257,50065982,2026-03-06 19:40:11,2026-03-06 21:10:11,2,Latin American,21.3,0.0,0.0,completed,28.06,False,0.0,2026-03-06 19:40:11
1293,257,50155349,2026-04-07 20:02:45,2026-04-07 20:17:45,1,Japanese,29.6,0.0,0.0,completed,6.18,False,0.0,2026-04-07 20:02:45
1294,257,50132385,2026-03-08 17:55:46,2026-03-08 18:10:46,3,Japanese,31.9,0.0,4.5,completed,0.9,False,0.0,2026-03-08 17:55:46
1295,257,50038886,2026-05-08 13:32:55,2026-05-08 14:02:55,2,Japanese,13.3,0.0,0.5,no_show,45.14,False,0.0,2026-05-08 13:32:55
1296,257,50161085,2026-05-15 08:49:15,2026-05-15 09:04:15,5,Korean,10.2,0.0,2.0,completed,23.36,True,3.5,2026-05-15 08:49:15
1297,257,41448576,2026-03-20 19:14:59,2026-03-20 20:14:59,2,Coffee/Tea,15.9,0.0,0.0,completed,58.43,False,0.0,2026-03-20 19:14:59
1298,257,50055651,2026-05-14 08:31:13,2026-05-14 09:16:13,2,Korean,8.2,0.0,0.0,completed,26.99,False,0.0,2026-05-14 08:31:13
1299,257,50133344,2026-04-01 09:01:33,2026-04-01 10:01:33,2,Korean,42.5,0.0,2.1,completed,57.09,False,0.0,2026-04-01 09:01:33
1300,257,50059509,2026-04-05 19:13:09,2026-04-05 20:43:09,4,Korean,17.8,7.1,6.6,completed,112.95,True,11.3,2026-04-05 19:13:09
1301,257,50002294,2026-03-09 18:29:56,2026-03-09 19:29:56,1,Korean,39.9,0.0,3.5,completed,27.14,True,2.71,2026-03-09 18:29:56
1302,257,50105680,2026-04-05 19:57:19,2026-04-05 21:27:19,4,Japanese,20.7,0.0,1.5,completed,101.85,False,0.0,2026-04-05 19:57:19
1303,257,50148373,2026-04-18 19:59:18,2026-04-18 21:29:18,2,Japanese,32.2,0.0,0.0,completed,17.88,True,3.58,2026-04-18 19:59:18
1304,257,50131013,2026-03-21 16:58:54,2026-03-21 17:28:54,1,American,5.3,0.0,1.4,completed,15.16,False,0.0,2026-03-21 16:58:54
1305,258,50051433,2026-03-13 14:38:25,2026-03-13 14:53:25,4,Italian,42.3,0.0,1.9,completed,97.52,False,0.0,2026-03-13 14:38:25
1306,258,50141883,2026-05-18 18:01:24,2026-05-18 18:46:24,2,"Juice, Smoothies, Fruit Salads",9.9,0.0,0.0,completed,87.83,False,0.0,2026-05-18 18:01:24
1307,258,40549610,2026-04-12 17:06:14,2026-04-12 17:36:14,3,Coffee/Tea,44.2,0.0,0.0,cancelled,36.46,True,9.11,2026-04-12 17:06:14
1308,258,50143155,2026-05-11 17:40:57,2026-05-11 19:40:57,1,Bakery Products/Desserts,15.7,0.0,2.8,completed,46.35,False,0.0,2026-05-11 17:40:57
1309,258,50168213,2026-04-12 10:40:41,2026-04-12 11:40:41,2,Korean,24.9,0.0,5.3,completed,53.74,True,8.06,2026-04-12 10:40:41
1310,258,50110819,2026-04-03 20:23:25,2026-04-03 21:53:25,3,Bakery Products/Desserts,35.1,0.0,2.2,completed,94.38,False,0.0,2026-04-03 20:23:25
1311,259,50143551,2026-04-05 20:06:57,2026-04-05 21:06:57,2,Indian,40.7,0.0,0.0,completed,36.12,False,0.0,2026-04-05 20:06:57
1312,259,50055399,2026-05-01 18:52:07,2026-05-01 19:37:07,3,Hamburgers,29.5,0.0,2.7,completed,6.91,False,0.0,2026-05-01 18:52:07
1313,259,50129611,2026-03-31 14:06:08,2026-03-31 14:51:08,2,Korean,41.5,0.0,0.8,completed,18.55,True,1.86,2026-03-31 14:06:08
1314,259,50164294,2026-03-24 12:02:23,2026-03-24 13:02:23,4,American,21.0,0.0,0.0,completed,106.8,True,16.02,2026-03-24 12:02:23
1315,260,41582081,2026-03-25 20:12:48,2026-03-25 20:42:48,2,Italian,36.5,0.0,0.0,completed,56.6,False,0.0,2026-03-25 20:12:48
1316,260,50000161,2026-04-06 10:04:27,2026-04-06 10:34:27,5,Italian,11.4,0.0,6.1,completed,54.46,False,0.0,2026-04-06 10:04:27
1317,260,40996589,2026-05-28 17:14:54,2026-05-28 17:59:54,2,Latin American,40.6,0.0,0.0,completed,64.09,True,16.02,2026-05-28 17:14:54
1318,261,50032842,2026-03-28 17:18:25,2026-03-28 18:03:25,5,"Juice, Smoothies, Fruit Salads",37.7,0.0,0.0,completed,112.96,False,0.0,2026-03-28 17:18:25
1319,261,50102670,2026-04-04 18:21:36,2026-04-04 19:21:36,3,Mexican,44.9,0.0,0.0,completed,67.82,True,13.56,2026-04-04 18:21:36
1320,261,50106850,2026-05-07 08:01:35,2026-05-07 09:01:35,2,Mexican,9.2,0.0,0.0,completed,5.27,True,1.05,2026-05-07 08:01:35
1321,261,41701618,2026-05-14 18:49:10,2026-05-14 19:34:10,1,Italian,35.0,0.0,0.0,completed,66.75,False,0.0,2026-05-14 18:49:10
1322,262,50098846,2026-04-25 19:04:54,2026-04-25 19:34:54,2,Thai,12.6,2.4,0.0,completed,57.53,False,0.0,2026-04-25 19:04:54
1323,262,50113149,2026-03-21 17:31:51,2026-03-21 18:01:51,1,Bakery Products/Desserts,40.6,0.0,0.0,completed,14.31,False,0.0,2026-03-21 17:31:51
1324,263,50144305,2026-05-25 15:40:41,2026-05-25 16:10:41,2,Indian,43.4,0.0,0.0,completed,36.74,False,0.0,2026-05-25 15:40:41
1325,263,50097025,2026-03-28 16:51:55,2026-03-28 17:51:55,1,Chinese,37.3,0.0,1.7,completed,9.63,False,0.0,2026-03-28 16:51:55
1326,263,41699341,2026-03-26 09:46:10,2026-03-26 10:31:10,2,Mexican,41.3,0.0,0.0,completed,24.39,False,0.0,2026-03-26 09:46:10
1327,263,50117774,2026-05-05 12:31:32,2026-05-05 13:16:32,4,Indian,12.3,0.0,0.0,completed,50.87,False,0.0,2026-05-05 12:31:32
1328,263,50168179,2026-05-30 10:33:49,2026-05-30 11:33:49,2,Korean,7.8,0.0,1.9,completed,45.94,False,0.0,2026-05-30 10:33:49
1329,263,40727750,2026-05-26 18:06:08,2026-05-26 18:36:08,4,Indian,9.1,0.1,3.8,completed,136.17,True,20.43,2026-05-26 18:06:08
1330,263,50120019,2026-05-19 18:34:10,2026-05-19 19:04:10,2,Indian,6.7,0.0,5.7,completed,34.01,False,0.0,2026-05-19 18:34:10
1331,264,50168755,2026-04-07 20:07:18,2026-04-07 20:22:18,3,Other,28.8,0.0,0.8,completed,83.34,True,16.67,2026-04-07 20:07:18
1332,264,50167263,2026-03-23 08:06:03,2026-03-23 08:36:03,2,Jewish/Kosher,30.8,0.0,0.0,completed,50.57,True,5.06,2026-03-23 08:06:03
1333,265,50155847,2026-05-15 13:49:37,2026-05-15 14:34:37,2,Mexican,26.5,0.0,1.4,completed,52.18,False,0.0,2026-05-15 13:49:37
1334,265,50093772,2026-05-20 13:31:34,2026-05-20 15:01:34,2,French,7.1,0.0,2.5,completed,164.3,False,0.0,2026-05-20 13:31:34
1335,265,41476195,2026-03-20 16:12:36,2026-03-20 16:57:36,2,Indian,11.2,0.0,0.0,completed,512.95,False,0.0,2026-03-20 16:12:36
1336,266,50055122,2026-05-28 16:45:14,2026-05-28 18:15:14,2,Mexican,17.1,0.0,1.0,completed,93.6,False,0.0,2026-05-28 16:45:14
1337,266,50123287,2026-04-13 11:46:25,2026-04-13 12:31:25,5,Coffee/Tea,44.4,0.0,1.7,completed,141.61,False,0.0,2026-04-13 11:46:25
1338,266,50117413,2026-03-15 09:26:08,2026-03-15 09:41:08,2,Sandwiches,29.6,2.4,1.9,completed,37.97,False,0.0,2026-03-15 09:26:08
1339,266,50106106,2026-05-19 13:13:55,2026-05-19 13:43:55,1,Japanese,41.5,0.0,0.0,completed,38.78,True,7.76,2026-05-19 13:13:55
1340,266,50117510,2026-05-06 20:54:39,2026-05-06 21:24:39,2,Coffee/Tea,19.4,0.0,2.6,completed,56.77,False,0.0,2026-05-06 20:54:39
1341,267,41008413,2026-04-20 13:30:35,2026-04-20 14:30:35,2,Latin American,21.7,0.0,0.0,completed,29.31,False,0.0,2026-04-20 13:30:35
1342,268,50139333,2026-05-14 20:43:39,2026-05-14 21:13:39,2,Coffee/Tea,32.1,0.0,0.6,completed,43.66,False,0.0,2026-05-14 20:43:39
1343,268,50066450,2026-05-25 15:11:44,2026-05-25 15:56:44,2,Mediterranean,17.6,0.0,0.0,cancelled,59.24,False,0.0,2026-05-25 15:11:44
1344,268,50171357,2026-03-15 17:52:20,2026-03-15 18:37:20,2,"Juice, Smoothies, Fruit Salads",5.2,0.0,0.4,completed,36.13,False,0.0,2026-03-15 17:52:20
1345,268,50078895,2026-04-17 19:01:41,2026-04-17 19:31:41,2,"Juice, Smoothies, Fruit Salads",6.3,0.0,0.0,completed,97.34,True,19.47,2026-04-17 19:01:41
1346,269,50095294,2026-05-28 21:00:07,2026-05-28 21:45:07,2,Donuts,7.7,0.0,3.4,completed,60.37,False,0.0,2026-05-28 21:00:07
1347,269,41145134,2026-03-16 13:08:06,2026-03-16 13:23:06,4,Donuts,11.3,0.0,0.0,completed,309.88,False,0.0,2026-03-16 13:08:06
1348,270,50047742,2026-03-22 16:44:33,2026-03-22 17:14:33,1,Donuts,39.6,0.0,0.0,completed,8.6,False,0.0,2026-03-22 16:44:33
1349,270,50005320,2026-05-02 12:02:27,2026-05-02 12:47:27,4,Chinese,38.8,0.0,0.0,completed,107.42,False,0.0,2026-05-02 12:02:27
1350,270,50106956,2026-03-22 12:35:34,2026-03-22 14:35:34,1,French,15.2,0.0,0.1,completed,42.29,False,0.0,2026-03-22 12:35:34
1351,270,50186403,2026-04-02 12:01:20,2026-04-02 12:31:20,2,Japanese,24.2,0.0,1.2,completed,14.73,False,0.0,2026-04-02 12:01:20
1352,270,41353418,2026-03-08 15:40:21,2026-03-08 16:10:21,5,Donuts,13.2,0.0,0.0,completed,24.45,False,0.0,2026-03-08 15:40:21
1353,270,40884395,2026-03-19 19:24:24,2026-03-19 20:09:24,2,American,23.5,0.0,0.0,completed,36.34,True,9.09,2026-03-19 19:24:24
1354,271,50152572,2026-03-26 11:49:18,2026-03-26 12:04:18,1,Pizza,11.2,0.0,2.1,completed,32.69,False,0.0,2026-03-26 11:49:18
1355,273,50150588,2026-03-11 13:53:24,2026-03-11 14:53:24,4,Chinese,43.5,0.0,0.0,completed,22.24,True,3.34,2026-03-11 13:53:24
1356,273,50122847,2026-04-19 20:24:18,2026-04-19 21:24:18,1,Chinese,29.7,0.0,0.0,completed,14.94,False,0.0,2026-04-19 20:24:18
1357,273,50131504,2026-04-30 13:18:30,2026-04-30 14:48:30,1,Chinese,20.5,0.0,0.9,completed,9.89,False,0.0,2026-04-30 13:18:30
1358,274,50070746,2026-04-01 17:52:27,2026-04-01 18:37:27,3,Asian/Asian Fusion,23.9,0.0,3.2,completed,337.02,True,50.55,2026-04-01 17:52:27
1359,274,50136510,2026-04-26 15:42:04,2026-04-26 16:12:04,2,Bakery Products/Desserts,7.4,0.0,0.0,completed,46.62,False,0.0,2026-04-26 15:42:04
1360,274,50141730,2026-05-15 10:24:59,2026-05-15 11:24:59,3,Asian/Asian Fusion,44.7,0.0,1.1,completed,48.58,True,12.15,2026-05-15 10:24:59
1361,274,50097403,2026-04-12 11:18:34,2026-04-12 11:48:34,2,Salads,36.2,0.0,0.0,cancelled,35.47,False,0.0,2026-04-12 11:18:34
1362,274,50135613,2026-05-11 09:44:00,2026-05-11 11:14:00,2,Mediterranean,24.9,7.5,10.4,completed,144.26,False,0.0,2026-05-11 09:44:00
1363,274,50055609,2026-05-20 08:59:04,2026-05-20 09:14:04,1,Asian/Asian Fusion,9.2,0.0,0.0,completed,149.79,False,0.0,2026-05-20 08:59:04
1364,274,50160415,2026-04-28 11:49:44,2026-04-28 12:19:44,1,Mediterranean,33.8,0.0,1.7,completed,54.59,False,0.0,2026-04-28 11:49:44
1365,275,50162663,2026-03-14 17:26:54,2026-03-14 18:11:54,1,Japanese,20.7,0.0,0.0,completed,11.88,False,0.0,2026-03-14 17:26:54
1366,275,50179015,2026-05-03 19:51:03,2026-05-03 20:36:03,2,Latin American,32.7,0.0,0.0,completed,114.6,False,0.0,2026-05-03 19:51:03
1367,276,41139219,2026-04-22 21:58:14,2026-04-22 22:13:14,2,Korean,41.5,0.0,0.0,completed,7.17,False,0.0,2026-04-22 21:58:14
1368,276,50058724,2026-05-13 17:33:38,2026-05-13 17:48:38,2,Indian,34.2,10.2,5.6,completed,25.08,False,0.0,2026-05-13 17:33:38
1369,277,41549281,2026-04-23 11:57:06,2026-04-23 12:57:06,1,Donuts,42.3,0.0,2.2,completed,60.82,False,0.0,2026-04-23 11:57:06
1370,277,41353218,2026-04-19 16:56:16,2026-04-19 17:26:16,4,Pizza,29.3,0.0,2.3,completed,38.98,False,0.0,2026-04-19 16:56:16
1371,277,41222453,2026-04-12 08:09:22,2026-04-12 08:24:22,2,Donuts,37.0,0.0,2.2,completed,73.69,True,18.42,2026-04-12 08:09:22
1372,277,50124355,2026-05-11 19:20:17,2026-05-11 19:50:17,2,Coffee/Tea,38.1,0.0,0.0,completed,63.96,False,0.0,2026-05-11 19:20:17
1373,278,50166461,2026-05-31 12:12:57,2026-05-31 12:27:57,2,Chinese,31.6,0.0,1.1,completed,18.19,False,0.0,2026-05-31 12:12:57
1374,278,50055973,2026-05-18 22:56:02,2026-05-18 23:41:02,1,Coffee/Tea,18.9,0.0,0.0,completed,28.46,False,0.0,2026-05-18 22:56:02
1375,278,40938945,2026-03-16 18:44:40,2026-03-16 19:29:40,4,Coffee/Tea,7.8,0.0,0.3,completed,429.01,False,0.0,2026-03-16 18:44:40
1376,278,50137537,2026-05-09 19:19:07,2026-05-09 19:34:07,4,Chinese,18.8,0.0,0.0,completed,655.53,False,0.0,2026-05-09 19:19:07
1377,279,50129852,2026-03-04 18:44:34,2026-03-04 19:29:34,3,Mediterranean,15.2,0.0,0.0,cancelled,35.4,False,0.0,2026-03-04 18:44:34
1378,279,50099801,2026-05-06 12:47:53,2026-05-06 13:47:53,3,Other,18.6,0.0,0.0,completed,4.02,True,1.0,2026-05-06 12:47:53
1379,279,50103040,2026-04-16 10:38:45,2026-04-16 11:08:45,3,American,34.3,0.0,5.6,completed,93.61,False,0.0,2026-04-16 10:38:45
1380,279,50162012,2026-04-26 20:07:17,2026-04-26 21:37:17,1,Mediterranean,33.4,4.0,2.8,completed,50.41,False,0.0,2026-04-26 20:07:17
1381,279,50086139,2026-04-07 18:52:59,2026-04-07 19:37:59,2,American,27.1,0.0,0.0,completed,19.7,False,0.0,2026-04-07 18:52:59
1382,279,40843676,2026-03-18 18:32:02,2026-03-18 19:02:02,3,Italian,26.5,0.0,0.0,completed,39.69,False,0.0,2026-03-18 18:32:02
1383,279,40374192,2026-04-19 20:06:14,2026-04-19 20:51:14,2,Italian,36.6,0.0,0.0,completed,71.97,False,0.0,2026-04-19 20:06:14
1384,279,50142134,2026-03-27 10:31:37,2026-03-27 11:16:37,3,American,10.2,0.0,0.0,completed,36.61,False,0.0,2026-03-27 10:31:37
1385,279,41641276,2026-05-30 18:00:23,2026-05-30 18:30:23,4,Mediterranean,18.2,0.0,1.2,completed,13.48,True,1.35,2026-05-30 18:00:23
1386,279,50163395,2026-03-17 12:37:15,2026-03-17 13:37:15,3,Donuts,9.7,0.0,4.2,completed,7.67,False,0.0,2026-03-17 12:37:15
1387,279,50167190,2026-03-07 12:39:38,2026-03-07 13:24:38,2,American,30.9,0.0,0.1,completed,28.14,True,5.63,2026-03-07 12:39:38
1388,280,50133237,2026-03-15 19:14:21,2026-03-15 19:44:21,3,Asian/Asian Fusion,29.0,0.0,0.0,completed,136.4,False,0.0,2026-03-15 19:14:21
1389,280,50118602,2026-05-29 17:34:32,2026-05-29 18:04:32,2,Chicken,43.8,0.0,0.5,completed,8.12,True,0.81,2026-05-29 17:34:32
1390,280,50161087,2026-03-18 10:44:43,2026-03-18 11:29:43,2,Chicken,10.2,0.0,0.0,completed,22.34,False,0.0,2026-03-18 10:44:43
1391,280,50043130,2026-04-12 18:19:57,2026-04-12 18:34:57,2,Asian/Asian Fusion,13.8,0.0,0.0,completed,59.03,True,11.81,2026-04-12 18:19:57
1392,280,50099959,2026-04-02 16:56:59,2026-04-02 17:11:59,5,American,8.0,0.0,0.0,cancelled,244.8,False,0.0,2026-04-02 16:56:59
1393,280,50146131,2026-05-19 19:16:27,2026-05-19 20:46:27,4,Chicken,39.8,0.0,1.5,completed,8.13,False,0.0,2026-05-19 19:16:27
1394,280,50120506,2026-05-14 08:11:56,2026-05-14 09:11:56,2,Chicken,5.3,0.0,1.1,completed,115.68,False,0.0,2026-05-14 08:11:56
1395,281,50127697,2026-05-11 19:03:37,2026-05-11 19:33:37,1,Italian,30.4,0.0,0.0,completed,143.31,False,0.0,2026-05-11 19:03:37
1396,281,50130364,2026-04-05 16:08:17,2026-04-05 18:08:17,2,American,33.2,0.0,2.3,completed,89.51,True,22.38,2026-04-05 16:08:17
1397,281,50129636,2026-03-18 18:16:25,2026-03-18 19:01:25,2,French,11.1,29.4,58.1,completed,122.6,True,24.52,2026-03-18 18:16:25
1398,281,50076528,2026-04-01 21:14:25,2026-04-01 22:44:25,1,French,25.7,5.8,5.8,completed,141.23,False,0.0,2026-04-01 21:14:25
1399,281,50149503,2026-03-07 19:25:47,2026-03-07 20:25:47,1,American,5.0,0.0,3.1,completed,55.03,False,0.0,2026-03-07 19:25:47
1400,282,50141697,2026-05-05 19:38:22,2026-05-05 20:08:22,3,Thai,11.3,9.1,8.6,completed,42.45,False,0.0,2026-05-05 19:38:22
1401,282,50129446,2026-03-13 20:48:21,2026-03-13 21:18:21,2,Thai,24.5,0.0,0.0,completed,54.27,False,0.0,2026-03-13 20:48:21
1402,282,50150733,2026-04-27 09:07:11,2026-04-27 09:22:11,2,Thai,6.6,0.0,4.0,cancelled,41.92,False,0.0,2026-04-27 09:07:11
1403,282,41473120,2026-05-11 21:18:28,2026-05-11 21:48:28,2,Bakery Products/Desserts,5.4,0.0,1.6,cancelled,78.58,False,0.0,2026-05-11 21:18:28
1404,282,50079278,2026-05-06 19:48:06,2026-05-06 20:18:06,2,Thai,19.7,0.0,1.7,cancelled,12.0,False,0.0,2026-05-06 19:48:06
1405,283,40560440,2026-05-23 15:26:12,2026-05-23 15:56:12,2,Coffee/Tea,31.3,0.0,0.0,cancelled,59.37,False,0.0,2026-05-23 15:26:12
1406,283,50121880,2026-04-19 19:03:34,2026-04-19 19:18:34,3,Italian,42.2,14.5,18.1,no_show,40.72,False,0.0,2026-04-19 19:03:34
1407,284,41498672,2026-04-17 12:01:23,2026-04-17 12:31:23,2,Chinese,20.9,0.0,0.0,completed,67.35,True,10.1,2026-04-17 12:01:23
1408,286,50105651,2026-05-05 18:00:16,2026-05-05 18:15:16,1,Pizza,7.2,0.0,0.0,completed,18.18,True,3.64,2026-05-05 18:00:16
1409,286,50000207,2026-04-02 09:06:32,2026-04-02 09:21:32,2,Italian,12.1,0.0,0.6,completed,62.57,False,0.0,2026-04-02 09:06:32
1410,286,50035244,2026-05-07 18:55:09,2026-05-07 19:25:09,4,Italian,17.4,0.0,0.0,completed,174.73,False,0.0,2026-05-07 18:55:09
1411,286,40759586,2026-04-03 18:49:14,2026-04-03 19:34:14,2,Italian,26.3,0.0,3.2,completed,46.55,False,0.0,2026-04-03 18:49:14
1412,286,50101000,2026-05-12 15:40:58,2026-05-12 16:10:58,2,Indian,8.3,0.2,5.7,completed,37.31,False,0.0,2026-05-12 15:40:58
1413,286,41207574,2026-04-16 12:56:01,2026-04-16 13:11:01,3,Italian,27.3,0.0,0.7,completed,257.25,True,51.45,2026-04-16 12:56:01
1414,286,50141271,2026-04-02 08:08:05,2026-04-02 08:23:05,4,Bakery Products/Desserts,33.4,0.0,0.0,completed,210.01,False,0.0,2026-04-02 08:08:05
1415,288,50144476,2026-04-17 18:02:25,2026-04-17 18:47:25,1,Japanese,26.2,25.9,14.3,completed,62.31,False,0.0,2026-04-17 18:02:25
1416,288,50082810,2026-04-22 19:34:27,2026-04-22 19:49:27,2,Mediterranean,24.1,0.0,0.1,completed,52.93,False,0.0,2026-04-22 19:34:27
1417,288,50132326,2026-03-22 11:30:23,2026-03-22 12:15:23,3,Japanese,34.2,0.0,0.0,completed,44.9,False,0.0,2026-03-22 11:30:23
1418,288,50046997,2026-04-12 21:37:41,2026-04-12 21:52:41,2,Japanese,42.8,20.8,15.5,completed,24.05,False,0.0,2026-04-12 21:37:41
1419,288,50123777,2026-03-02 13:40:17,2026-03-02 14:40:17,2,Coffee/Tea,44.0,0.0,0.0,completed,48.88,False,0.0,2026-03-02 13:40:17
1420,288,50098724,2026-05-25 19:41:06,2026-05-25 20:11:06,2,Salads,35.7,0.0,0.0,completed,29.03,True,5.81,2026-05-25 19:41:06
1421,288,41682198,2026-04-18 22:13:41,2026-04-18 22:43:41,5,New American,36.4,0.0,0.0,completed,334.61,True,33.46,2026-04-18 22:13:41
1422,288,41212839,2026-04-07 19:28:40,2026-04-07 20:58:40,4,Mediterranean,15.3,0.0,0.8,completed,143.23,False,0.0,2026-04-07 19:28:40
1423,288,50174290,2026-05-09 12:42:42,2026-05-09 13:12:42,4,Japanese,44.6,0.0,2.7,completed,218.33,False,0.0,2026-05-09 12:42:42
1424,288,50183085,2026-03-08 12:44:57,2026-03-08 13:14:57,2,Japanese,10.9,0.0,0.0,completed,134.38,False,0.0,2026-03-08 12:44:57
1425,288,50147929,2026-05-14 12:55:23,2026-05-14 13:40:23,1,Japanese,32.0,0.0,1.6,completed,24.91,False,0.0,2026-05-14 12:55:23
1426,288,50170700,2026-03-18 15:26:31,2026-03-18 16:26:31,2,American,43.7,0.0,0.0,cancelled,53.92,False,0.0,2026-03-18 15:26:31
1427,288,50124500,2026-04-11 17:52:23,2026-04-11 18:37:23,1,Mediterranean,39.5,11.8,9.7,completed,30.56,False,0.0,2026-04-11 17:52:23
1428,288,50153165,2026-05-28 17:28:53,2026-05-28 18:28:53,2,Japanese,41.3,0.0,0.0,completed,46.85,True,7.03,2026-05-28 17:28:53
1429,288,50057977,2026-05-31 13:56:59,2026-05-31 14:26:59,4,Japanese,10.9,0.0,0.0,completed,73.88,False,0.0,2026-05-31 13:56:59
1430,288,50161404,2026-03-19 11:59:37,2026-03-19 12:14:37,2,Mediterranean,28.4,0.0,2.9,no_show,69.25,True,17.31,2026-03-19 11:59:37
1431,288,50015159,2026-05-11 08:43:23,2026-05-11 08:58:23,6,Japanese,42.0,1.1,0.0,completed,459.96,False,0.0,2026-05-11 08:43:23
1432,288,50149716,2026-05-17 10:51:37,2026-05-17 11:51:37,1,Japanese,39.9,0.0,0.3,completed,76.08,False,0.0,2026-05-17 10:51:37
1433,289,50082132,2026-03-08 16:56:36,2026-03-08 17:26:36,1,Korean,43.2,0.0,2.0,completed,3.19,False,0.0,2026-03-08 16:56:36
1434,289,50099412,2026-04-09 18:06:34,2026-04-09 18:21:34,4,Korean,16.8,0.0,0.0,completed,56.53,False,0.0,2026-04-09 18:06:34
1435,289,41306211,2026-05-07 20:35:54,2026-05-07 21:20:54,5,Sandwiches,27.4,0.0,0.0,completed,112.94,True,16.94,2026-05-07 20:35:54
1436,289,40752437,2026-05-09 22:22:19,2026-05-09 22:37:19,1,Sandwiches,11.9,0.0,2.5,no_show,17.63,False,0.0,2026-05-09 22:22:19
1437,289,50157598,2026-03-04 11:05:33,2026-03-04 12:35:33,2,Korean,38.6,0.0,4.2,completed,52.84,False,0.0,2026-03-04 11:05:33
1438,289,50094961,2026-05-09 19:49:40,2026-05-09 21:19:40,2,Sandwiches,26.6,0.0,0.7,completed,83.83,False,0.0,2026-05-09 19:49:40
1439,289,50175861,2026-03-17 13:14:31,2026-03-17 14:14:31,2,Coffee/Tea,24.8,0.0,3.5,completed,41.3,False,0.0,2026-03-17 13:14:31
1440,290,50095051,2026-03-18 12:03:41,2026-03-18 12:33:41,1,Mexican,13.0,0.0,5.3,completed,28.55,False,0.0,2026-03-18 12:03:41
1441,290,40380660,2026-05-14 13:57:25,2026-05-14 14:12:25,2,Mexican,23.9,0.0,2.5,completed,86.72,False,0.0,2026-05-14 13:57:25
1442,291,50165096,2026-04-08 20:25:25,2026-04-08 20:40:25,2,Japanese,33.8,0.0,0.0,completed,33.61,False,0.0,2026-04-08 20:25:25
1443,291,50174288,2026-04-18 09:29:12,2026-04-18 10:14:12,3,American,9.2,0.0,0.0,completed,69.97,True,17.49,2026-04-18 09:29:12
1444,291,50139951,2026-05-07 11:46:24,2026-05-07 12:46:24,2,American,19.7,0.0,0.0,completed,58.27,False,0.0,2026-05-07 11:46:24
1445,291,41693660,2026-05-23 20:20:51,2026-05-23 20:50:51,3,Mediterranean,5.6,0.0,2.0,completed,32.64,True,4.9,2026-05-23 20:20:51
1446,291,50138456,2026-05-30 19:45:54,2026-05-30 20:15:54,2,Thai,36.9,0.0,0.0,completed,26.57,True,2.66,2026-05-30 19:45:54
1447,292,50163278,2026-03-30 20:18:21,2026-03-30 21:18:21,4,Indian,18.5,0.2,5.2,completed,104.63,False,0.0,2026-03-30 20:18:21
1448,292,50156343,2026-05-12 12:59:08,2026-05-12 13:59:08,4,Chicken,27.5,0.0,0.0,completed,62.35,True,15.59,2026-05-12 12:59:08
1449,292,50033747,2026-05-09 10:34:03,2026-05-09 12:04:03,1,American,25.0,0.0,0.0,completed,65.4,True,13.08,2026-05-09 10:34:03
1450,292,50039988,2026-04-11 12:33:08,2026-04-11 13:03:08,2,Japanese,23.0,0.0,0.0,completed,81.86,True,8.19,2026-04-11 12:33:08
1451,292,41271730,2026-03-07 17:03:34,2026-03-07 18:03:34,2,American,20.9,11.3,14.7,completed,51.75,False,0.0,2026-03-07 17:03:34
1452,292,50074726,2026-03-29 10:07:49,2026-03-29 10:52:49,2,American,26.0,0.0,0.0,completed,232.99,False,0.0,2026-03-29 10:07:49
1453,292,40482586,2026-05-07 15:20:10,2026-05-07 16:05:10,2,American,38.8,0.0,4.7,completed,36.35,False,0.0,2026-05-07 15:20:10
1454,292,50151490,2026-03-17 13:18:17,2026-03-17 13:48:17,2,American,5.0,0.0,0.0,completed,67.12,False,0.0,2026-03-17 13:18:17
1455,292,41489806,2026-05-13 19:32:20,2026-05-13 20:02:20,2,Indian,20.0,0.0,0.0,completed,53.02,True,13.26,2026-05-13 19:32:20
1456,292,50071605,2026-05-01 19:44:40,2026-05-01 20:29:40,4,Indian,18.5,0.0,0.0,completed,36.34,False,0.0,2026-05-01 19:44:40
1457,292,50002380,2026-05-09 09:44:16,2026-05-09 10:29:16,2,American,22.2,0.0,1.8,completed,57.59,False,0.0,2026-05-09 09:44:16
1458,292,50128429,2026-05-21 12:10:41,2026-05-21 12:55:41,4,American,32.3,0.0,4.3,completed,87.62,False,0.0,2026-05-21 12:10:41
1459,292,50143575,2026-05-05 13:33:17,2026-05-05 15:03:17,4,Indian,15.3,5.9,8.3,cancelled,169.15,False,0.0,2026-05-05 13:33:17
1460,292,41573739,2026-03-12 19:11:58,2026-03-12 19:26:58,6,Bakery Products/Desserts,22.3,0.0,0.0,completed,422.52,False,0.0,2026-03-12 19:11:58
1461,292,41377952,2026-03-05 14:26:50,2026-03-05 14:56:50,5,Indian,33.9,0.0,0.7,completed,72.89,False,0.0,2026-03-05 14:26:50
1462,296,50154052,2026-05-05 19:35:57,2026-05-05 20:35:57,4,"Juice, Smoothies, Fruit Salads",42.6,0.0,1.8,cancelled,53.4,False,0.0,2026-05-05 19:35:57
1463,296,50125904,2026-05-28 22:05:08,2026-05-28 22:50:08,4,Thai,41.4,0.0,0.0,completed,85.04,False,0.0,2026-05-28 22:05:08
1464,296,40999668,2026-04-23 20:24:32,2026-04-23 21:24:32,2,Donuts,38.9,0.0,6.2,completed,84.33,False,0.0,2026-04-23 20:24:32
1465,296,50123933,2026-03-12 19:31:53,2026-03-12 20:31:53,2,Asian/Asian Fusion,10.7,0.0,0.0,completed,8.58,False,0.0,2026-03-12 19:31:53
1466,296,50176894,2026-05-23 18:51:28,2026-05-23 19:51:28,2,Thai,12.2,0.0,4.3,completed,37.15,False,0.0,2026-05-23 18:51:28
1467,296,50089204,2026-05-27 17:49:29,2026-05-27 18:34:29,4,Donuts,36.9,0.0,2.6,completed,38.51,True,3.85,2026-05-27 17:49:29
1468,297,50120409,2026-05-05 11:04:51,2026-05-05 11:34:51,5,Thai,42.5,0.0,3.2,completed,586.91,False,0.0,2026-05-05 11:04:51
1469,297,50141271,2026-04-24 20:40:43,2026-04-24 22:10:43,1,Bakery Products/Desserts,15.7,0.0,1.2,completed,70.41,True,14.08,2026-04-24 20:40:43
1470,297,50135627,2026-03-31 18:10:53,2026-03-31 18:40:53,2,Bakery Products/Desserts,42.0,0.0,4.2,completed,100.61,False,0.0,2026-03-31 18:10:53
1471,298,50124268,2026-04-09 19:44:53,2026-04-09 20:14:53,4,Pizza,9.4,0.0,0.0,completed,13.32,False,0.0,2026-04-09 19:44:53
1472,298,50044537,2026-05-25 14:25:48,2026-05-25 14:55:48,2,American,6.9,8.6,13.9,completed,24.75,False,0.0,2026-05-25 14:25:48
1473,298,50067806,2026-04-13 16:25:54,2026-04-13 17:10:54,5,Sandwiches,33.3,0.0,0.0,completed,13.68,False,0.0,2026-04-13 16:25:54
1474,298,50146172,2026-05-14 17:08:41,2026-05-14 17:53:41,2,Sandwiches,16.6,0.0,0.0,completed,26.66,False,0.0,2026-05-14 17:08:41
1475,298,50119983,2026-05-29 15:42:06,2026-05-29 17:12:06,4,Hamburgers,32.5,0.0,0.0,completed,10.62,False,0.0,2026-05-29 15:42:06
1476,298,50131279,2026-04-24 13:02:04,2026-04-24 13:32:04,2,Japanese,16.9,0.0,0.0,completed,57.0,False,0.0,2026-04-24 13:02:04
1477,298,50094262,2026-03-08 11:16:25,2026-03-08 11:46:25,2,Sandwiches,18.3,0.0,3.2,completed,77.43,False,0.0,2026-03-08 11:16:25
1478,298,50165464,2026-04-03 08:05:30,2026-04-03 08:50:30,6,Sandwiches,23.7,0.0,3.5,completed,167.25,False,0.0,2026-04-03 08:05:30
1479,298,50173805,2026-03-08 19:10:52,2026-03-08 19:25:52,2,Pizza,44.0,0.0,0.0,completed,22.5,False,0.0,2026-03-08 19:10:52
1480,298,50094961,2026-04-21 11:01:14,2026-04-21 11:16:14,2,Sandwiches,8.4,0.0,0.0,completed,19.84,True,2.98,2026-04-21 11:01:14
1481,298,40402172,2026-05-16 19:53:37,2026-05-16 20:53:37,2,Pizza,32.9,0.0,0.0,cancelled,6.1,False,0.0,2026-05-16 19:53:37
1482,298,50137467,2026-05-25 19:50:39,2026-05-25 20:20:39,1,Pizza,8.1,0.0,0.6,completed,9.74,False,0.0,2026-05-25 19:50:39
1483,298,50070932,2026-04-22 19:29:20,2026-04-22 20:14:20,2,Pizza,6.1,0.0,5.1,completed,20.73,False,0.0,2026-04-22 19:29:20
1484,298,50145971,2026-04-16 10:24:38,2026-04-16 11:09:38,5,Chinese,17.9,0.0,0.0,completed,195.43,False,0.0,2026-04-16 10:24:38
1485,298,50046844,2026-04-15 17:06:32,2026-04-15 18:06:32,4,Pizza,33.5,0.0,0.0,completed,16.93,False,0.0,2026-04-15 17:06:32
1486,298,50119503,2026-05-21 12:17:01,2026-05-21 13:02:01,2,Sandwiches,19.0,0.0,0.0,completed,11.65,False,0.0,2026-05-21 12:17:01
1487,298,50152110,2026-03-10 13:57:49,2026-03-10 14:42:49,2,Pizza,8.4,0.0,2.8,completed,68.32,False,0.0,2026-03-10 13:57:49
1488,298,50170880,2026-05-05 13:16:05,2026-05-05 14:01:05,3,Pizza,14.3,0.0,3.2,cancelled,14.28,True,3.57,2026-05-05 13:16:05
1489,298,50129297,2026-04-27 11:58:43,2026-04-27 12:58:43,5,Pizza,30.4,0.0,0.0,completed,88.46,False,0.0,2026-04-27 11:58:43
1490,299,50126641,2026-05-07 21:58:24,2026-05-07 22:28:24,2,Bakery Products/Desserts,35.5,0.0,0.0,cancelled,30.27,False,0.0,2026-05-07 21:58:24
1491,300,50173977,2026-05-08 12:11:33,2026-05-08 12:26:33,3,Bakery Products/Desserts,38.2,0.0,0.0,completed,149.97,False,0.0,2026-05-08 12:11:33
1492,301,50152652,2026-03-07 10:58:25,2026-03-07 11:28:25,5,Korean,5.2,0.0,2.5,completed,130.88,False,0.0,2026-03-07 10:58:25
1493,301,50161085,2026-04-13 20:02:37,2026-04-13 20:17:37,2,Korean,17.9,0.0,0.0,cancelled,26.7,False,0.0,2026-04-13 20:02:37
1494,301,50013293,2026-05-05 12:54:38,2026-05-05 14:54:38,1,Mediterranean,42.6,0.0,0.0,completed,71.81,False,0.0,2026-05-05 12:54:38
1495,302,50088441,2026-04-28 11:19:53,2026-04-28 11:49:53,1,Frozen Desserts,34.3,0.0,2.0,cancelled,29.1,True,4.36,2026-04-28 11:19:53
1496,302,50145816,2026-03-07 18:42:24,2026-03-07 19:12:24,1,American,8.8,0.0,4.9,completed,23.72,False,0.0,2026-03-07 18:42:24
1497,302,50011694,2026-05-05 10:31:40,2026-05-05 11:01:40,1,Chicken,41.2,0.0,1.9,completed,26.17,False,0.0,2026-05-05 10:31:40
1498,302,50018160,2026-03-07 08:41:54,2026-03-07 08:56:54,1,Coffee/Tea,13.0,0.0,2.8,completed,42.53,False,0.0,2026-03-07 08:41:54
1499,302,50137899,2026-03-02 18:36:11,2026-03-02 20:36:11,1,Chicken,16.7,0.0,4.6,completed,15.79,False,0.0,2026-03-02 18:36:11
1500,302,50012356,2026-05-13 09:41:46,2026-05-13 10:26:46,4,Chicken,11.0,0.0,1.6,completed,83.39,False,0.0,2026-05-13 09:41:46
1501,302,50105997,2026-03-29 11:29:14,2026-03-29 12:29:14,4,French,28.3,38.7,43.2,completed,46.52,False,0.0,2026-03-29 11:29:14
1502,302,50053717,2026-03-22 21:57:21,2026-03-22 22:42:21,1,Chicken,27.5,0.0,0.0,completed,9.54,True,2.39,2026-03-22 21:57:21
1503,302,50128925,2026-03-21 19:17:09,2026-03-21 19:32:09,2,Coffee/Tea,14.4,0.0,3.7,completed,7.73,False,0.0,2026-03-21 19:17:09
1504,303,50102339,2026-04-30 16:54:11,2026-04-30 17:24:11,2,Thai,36.0,40.2,21.8,completed,35.79,False,0.0,2026-04-30 16:54:11
1505,303,50127162,2026-04-02 12:25:45,2026-04-02 13:25:45,2,Asian/Asian Fusion,34.8,0.0,1.9,cancelled,25.72,False,0.0,2026-04-02 12:25:45
1506,303,50181264,2026-04-02 13:35:48,2026-04-02 14:35:48,1,Coffee/Tea,9.7,0.0,4.0,completed,33.52,True,5.03,2026-04-02 13:35:48
1507,303,50081167,2026-05-25 19:34:39,2026-05-25 19:49:39,2,Coffee/Tea,32.0,0.0,0.0,completed,15.61,False,0.0,2026-05-25 19:34:39
1508,304,50070575,2026-03-08 14:48:21,2026-03-08 15:03:21,5,Japanese,5.3,0.0,2.3,completed,32.57,False,0.0,2026-03-08 14:48:21
1509,304,50151238,2026-03-23 18:28:09,2026-03-23 18:43:09,1,Japanese,20.3,0.0,0.1,cancelled,20.02,False,0.0,2026-03-23 18:28:09
1510,304,50128771,2026-03-24 20:32:18,2026-03-24 21:02:18,2,Latin American,42.9,0.0,0.0,completed,92.0,False,0.0,2026-03-24 20:32:18
1511,304,50160065,2026-03-22 16:30:49,2026-03-22 17:00:49,2,Japanese,15.8,0.0,0.0,completed,97.6,False,0.0,2026-03-22 16:30:49
1512,304,50068493,2026-03-20 19:28:22,2026-03-20 21:28:22,3,Latin American,39.0,0.0,1.9,completed,82.78,False,0.0,2026-03-20 19:28:22
1513,304,50118136,2026-05-30 20:28:36,2026-05-30 21:28:36,2,Japanese,34.1,1.7,7.0,completed,60.1,False,0.0,2026-05-30 20:28:36
1514,306,40600780,2026-04-04 17:16:09,2026-04-04 17:46:09,2,French,44.5,0.0,0.0,completed,56.51,False,0.0,2026-04-04 17:16:09
1515,306,50071605,2026-03-19 18:36:42,2026-03-19 20:06:42,1,Indian,41.9,0.0,0.0,completed,49.38,False,0.0,2026-03-19 18:36:42
1516,306,50173608,2026-04-21 18:13:14,2026-04-21 18:58:14,3,Indian,10.5,0.0,0.6,cancelled,243.6,False,0.0,2026-04-21 18:13:14
1517,306,50096535,2026-04-22 19:17:22,2026-04-22 19:47:22,2,Asian/Asian Fusion,11.6,0.0,4.7,cancelled,34.89,True,5.23,2026-04-22 19:17:22
1518,307,50017080,2026-04-14 15:42:22,2026-04-14 16:42:22,4,Coffee/Tea,37.5,0.0,0.0,completed,338.23,False,0.0,2026-04-14 15:42:22
1519,307,50000161,2026-03-29 16:23:52,2026-03-29 17:23:52,2,Italian,15.2,0.0,0.0,completed,95.9,True,19.18,2026-03-29 16:23:52
1520,308,50124084,2026-04-07 12:56:28,2026-04-07 13:41:28,4,Latin American,36.0,0.0,0.5,completed,181.96,False,0.0,2026-04-07 12:56:28
1521,308,41621699,2026-05-12 20:34:30,2026-05-12 21:04:30,4,Latin American,12.9,0.0,1.4,completed,18.62,False,0.0,2026-05-12 20:34:30
1522,308,50131023,2026-04-22 16:49:03,2026-04-22 17:49:03,2,Mediterranean,11.5,0.0,0.0,completed,67.11,False,0.0,2026-04-22 16:49:03
1523,308,41164472,2026-03-13 09:32:16,2026-03-13 10:02:16,2,Latin American,33.1,0.0,0.0,completed,128.61,False,0.0,2026-03-13 09:32:16
1524,308,50092593,2026-03-28 14:38:49,2026-03-28 15:38:49,3,Mediterranean,33.2,0.0,2.0,completed,246.59,False,0.0,2026-03-28 14:38:49
1525,308,50108511,2026-05-25 09:13:09,2026-05-25 09:58:09,2,Mediterranean,5.3,0.0,4.8,completed,83.75,True,12.56,2026-05-25 09:13:09
1526,308,50088233,2026-03-31 19:57:32,2026-03-31 20:57:32,2,American,9.1,0.0,0.0,completed,143.64,False,0.0,2026-03-31 19:57:32
1527,308,50058349,2026-03-04 13:26:12,2026-03-04 14:26:12,5,Mediterranean,18.8,0.0,0.2,cancelled,68.88,True,17.22,2026-03-04 13:26:12
1528,310,50120624,2026-04-10 11:52:52,2026-04-10 12:22:52,1,Japanese,35.4,1.0,2.9,completed,3.9,False,0.0,2026-04-10 11:52:52
1529,310,41569904,2026-05-11 12:08:28,2026-05-11 12:23:28,2,Indian,26.6,0.1,0.1,completed,62.13,False,0.0,2026-05-11 12:08:28
1530,311,50149401,2026-05-15 17:03:10,2026-05-15 17:33:10,1,Coffee/Tea,30.8,0.0,0.0,completed,15.53,False,0.0,2026-05-15 17:03:10
1531,311,50089189,2026-05-27 17:49:20,2026-05-27 18:04:20,3,Coffee/Tea,5.5,0.0,6.7,completed,171.7,False,0.0,2026-05-27 17:49:20
1532,311,50177493,2026-04-09 13:41:11,2026-04-09 14:11:11,2,Coffee/Tea,43.1,0.0,0.0,completed,46.21,False,0.0,2026-04-09 13:41:11
1533,311,50123208,2026-05-16 12:16:33,2026-05-16 12:46:33,2,Thai,17.4,1.3,3.0,completed,81.66,True,12.25,2026-05-16 12:16:33
1534,311,40803254,2026-03-04 21:52:01,2026-03-04 22:52:01,5,Italian,35.2,0.0,3.9,completed,187.67,False,0.0,2026-03-04 21:52:01
1535,311,50149354,2026-03-19 15:56:27,2026-03-19 16:11:27,1,Thai,40.5,0.0,1.0,completed,46.69,False,0.0,2026-03-19 15:56:27
1536,312,50100272,2026-05-01 19:59:59,2026-05-01 20:44:59,2,American,29.2,0.0,0.8,cancelled,16.49,True,4.12,2026-05-01 19:59:59
1537,312,50076881,2026-05-17 18:04:12,2026-05-17 18:49:12,4,Thai,21.9,0.0,0.0,no_show,59.85,True,11.97,2026-05-17 18:04:12
1538,312,50129446,2026-04-12 20:23:33,2026-04-12 21:08:33,2,Thai,20.9,0.0,2.7,completed,32.81,True,8.2,2026-04-12 20:23:33
1539,312,50086421,2026-03-02 20:58:03,2026-03-02 21:43:03,3,Thai,21.8,0.0,0.0,completed,102.64,False,0.0,2026-03-02 20:58:03
1540,313,50094883,2026-04-04 12:40:13,2026-04-04 13:40:13,1,Bakery Products/Desserts,35.1,0.0,3.9,completed,24.74,False,0.0,2026-04-04 12:40:13
1541,313,50153308,2026-04-28 19:58:39,2026-04-28 20:43:39,2,Chicken,19.0,0.0,0.0,completed,43.94,False,0.0,2026-04-28 19:58:39
1542,313,50137899,2026-03-13 19:25:46,2026-03-13 19:55:46,2,Chicken,36.4,0.0,7.6,completed,13.64,False,0.0,2026-03-13 19:25:46
1543,313,50051129,2026-05-08 14:46:49,2026-05-08 15:46:49,2,Korean,27.5,0.0,2.4,completed,57.44,False,0.0,2026-05-08 14:46:49
1544,313,41546717,2026-03-02 12:25:54,2026-03-02 13:10:54,3,Korean,34.2,0.0,0.1,completed,37.73,False,0.0,2026-03-02 12:25:54
1545,314,50176712,2026-05-23 14:31:15,2026-05-23 14:46:15,4,Donuts,13.1,0.0,0.0,completed,74.0,False,0.0,2026-05-23 14:31:15
1546,314,50089311,2026-03-09 11:54:36,2026-03-09 12:54:36,5,Japanese,23.7,0.0,0.0,completed,70.83,False,0.0,2026-03-09 11:54:36
1547,314,40933602,2026-04-25 20:32:54,2026-04-25 20:47:54,2,Pizza,13.8,0.0,1.9,completed,8.65,False,0.0,2026-04-25 20:32:54
1548,314,50142848,2026-04-25 18:19:42,2026-04-25 18:49:42,3,Japanese,20.3,0.0,3.7,completed,44.8,True,6.72,2026-04-25 18:19:42
1549,314,50176478,2026-03-30 19:22:17,2026-03-30 20:07:17,1,Hamburgers,12.4,0.0,0.0,completed,22.32,False,0.0,2026-03-30 19:22:17
1550,314,50089195,2026-03-17 13:02:13,2026-03-17 13:47:13,2,Donuts,43.1,0.0,4.0,completed,10.17,False,0.0,2026-03-17 13:02:13
1551,314,50099039,2026-05-01 11:46:01,2026-05-01 12:16:01,6,Donuts,37.1,0.0,0.0,completed,73.18,False,0.0,2026-05-01 11:46:01
1552,315,50158350,2026-04-20 12:37:51,2026-04-20 12:52:51,2,Other,16.7,0.0,2.7,completed,75.73,True,15.15,2026-04-20 12:37:51
1553,315,50164753,2026-03-26 11:42:56,2026-03-26 13:12:56,2,Other,11.8,0.0,4.9,completed,21.8,True,5.45,2026-03-26 11:42:56
1554,316,50107826,2026-05-18 12:45:53,2026-05-18 14:15:53,2,Bakery Products/Desserts,14.6,0.0,0.0,completed,12.71,False,0.0,2026-05-18 12:45:53
1555,316,50160980,2026-05-22 15:57:22,2026-05-22 16:57:22,4,Sandwiches,5.3,0.0,0.0,completed,127.95,False,0.0,2026-05-22 15:57:22
1556,316,50160179,2026-04-05 20:13:30,2026-04-05 20:58:30,2,Coffee/Tea,19.9,0.0,1.3,completed,25.41,False,0.0,2026-04-05 20:13:30
1557,316,50133883,2026-05-22 13:11:54,2026-05-22 13:41:54,2,Bakery Products/Desserts,18.5,0.0,0.0,completed,34.11,False,0.0,2026-05-22 13:11:54
1558,316,50133243,2026-04-29 21:58:17,2026-04-29 22:58:17,1,Sandwiches,43.0,0.0,0.0,completed,10.9,True,1.63,2026-04-29 21:58:17
1559,316,50146125,2026-03-26 17:54:12,2026-03-26 18:39:12,1,Sandwiches,28.9,0.0,0.3,completed,30.93,True,4.64,2026-03-26 17:54:12
1560,317,50112658,2026-05-10 19:10:33,2026-05-10 19:55:33,2,Pizza,8.9,0.0,3.8,completed,12.29,True,3.07,2026-05-10 19:10:33
1561,317,50112567,2026-05-11 22:08:09,2026-05-12 00:08:09,2,American,42.7,0.0,1.7,completed,100.46,False,0.0,2026-05-11 22:08:09
1562,317,50154922,2026-05-16 13:12:11,2026-05-16 13:27:11,1,Pizza,15.1,0.0,0.0,completed,22.49,False,0.0,2026-05-16 13:12:11
1563,319,41196158,2026-04-05 18:31:47,2026-04-05 20:01:47,2,Pizza,43.3,0.0,0.0,completed,59.33,False,0.0,2026-04-05 18:31:47
1564,320,50120704,2026-03-29 12:14:28,2026-03-29 12:44:28,2,Pizza,9.1,0.0,0.0,completed,26.96,False,0.0,2026-03-29 12:14:28
1565,320,50168698,2026-04-10 16:36:03,2026-04-10 17:36:03,5,Pizza,20.0,0.0,3.6,completed,71.11,True,10.67,2026-04-10 16:36:03
1566,320,50136443,2026-05-15 12:59:01,2026-05-15 14:59:01,2,American,32.3,0.0,3.8,completed,80.37,False,0.0,2026-05-15 12:59:01
1567,320,50166620,2026-04-19 21:47:58,2026-04-19 22:17:58,1,Pizza,28.8,0.0,1.0,completed,14.04,False,0.0,2026-04-19 21:47:58
1568,320,50167100,2026-03-01 11:22:02,2026-03-01 12:22:02,2,Pizza,11.4,0.0,0.0,cancelled,9.35,False,0.0,2026-03-01 11:22:02
1569,320,41601438,2026-03-09 19:32:49,2026-03-09 20:02:49,2,American,25.1,0.0,0.0,completed,27.52,False,0.0,2026-03-09 19:32:49
1570,320,50045945,2026-05-04 10:38:48,2026-05-04 11:23:48,4,Sandwiches,44.9,0.0,5.8,completed,122.52,False,0.0,2026-05-04 10:38:48
1571,321,50148212,2026-03-09 16:33:04,2026-03-09 17:18:04,2,Korean,33.2,0.0,3.7,cancelled,60.7,False,0.0,2026-03-09 16:33:04
1572,321,50146159,2026-03-23 19:30:53,2026-03-23 21:30:53,2,Sandwiches/Salads/Mixed Buffet,27.4,0.0,5.1,completed,95.86,False,0.0,2026-03-23 19:30:53
1573,321,40390696,2026-03-18 12:43:50,2026-03-18 14:43:50,3,Korean,11.8,0.0,0.0,completed,142.26,False,0.0,2026-03-18 12:43:50
1574,321,50144819,2026-04-22 09:19:43,2026-04-22 10:04:43,3,Korean,7.9,0.0,0.0,completed,94.11,False,0.0,2026-04-22 09:19:43
1575,321,41546717,2026-05-24 20:01:17,2026-05-24 20:16:17,2,Korean,19.0,0.0,2.0,completed,83.39,False,0.0,2026-05-24 20:01:17
1576,322,50008319,2026-04-06 13:56:38,2026-04-06 14:26:38,3,Chicken,37.4,0.0,5.4,completed,170.53,False,0.0,2026-04-06 13:56:38
1577,322,50154477,2026-03-31 20:51:38,2026-03-31 21:21:38,2,Korean,44.4,0.1,3.0,completed,28.66,False,0.0,2026-03-31 20:51:38
1578,322,50116938,2026-05-06 17:29:04,2026-05-06 18:14:04,1,Seafood,17.6,0.0,0.0,cancelled,20.4,False,0.0,2026-05-06 17:29:04
1579,322,50116258,2026-03-14 12:22:42,2026-03-14 13:52:42,4,French,42.2,19.4,27.6,no_show,124.93,False,0.0,2026-03-14 12:22:42
1580,322,50148436,2026-05-28 10:27:31,2026-05-28 11:57:31,6,Coffee/Tea,27.8,0.0,2.3,completed,314.38,True,78.59,2026-05-28 10:27:31
1581,322,50146223,2026-05-07 13:39:45,2026-05-07 13:54:45,3,Korean,14.1,0.0,0.3,completed,85.16,True,21.29,2026-05-07 13:39:45
1582,322,50043003,2026-04-03 15:58:45,2026-04-03 17:28:45,4,Korean,29.1,0.0,0.0,completed,45.01,False,0.0,2026-04-03 15:58:45
1583,323,41362111,2026-03-19 21:39:16,2026-03-19 23:09:16,3,Indian,5.1,0.0,0.0,completed,170.78,True,42.7,2026-03-19 21:39:16
1584,323,50163819,2026-04-09 18:24:17,2026-04-09 18:39:17,2,Korean,33.1,0.0,2.5,no_show,12.14,False,0.0,2026-04-09 18:24:17
1585,323,50165800,2026-04-24 21:52:53,2026-04-24 23:52:53,2,Japanese,21.4,0.0,1.0,no_show,32.54,False,0.0,2026-04-24 21:52:53
1586,323,41678381,2026-04-29 14:16:02,2026-04-29 15:46:02,3,Indian,39.8,0.9,1.0,completed,198.55,False,0.0,2026-04-29 14:16:02
1587,323,50168179,2026-03-05 09:02:10,2026-03-05 09:47:10,1,Korean,30.5,0.0,1.7,completed,86.08,False,0.0,2026-03-05 09:02:10
1588,323,50117774,2026-05-06 15:57:58,2026-05-06 16:27:58,4,Indian,36.5,0.0,0.3,completed,86.79,True,21.7,2026-05-06 15:57:58
1589,323,50177400,2026-03-03 18:49:54,2026-03-03 19:34:54,2,Korean,12.4,0.0,0.0,completed,96.66,False,0.0,2026-03-03 18:49:54
1590,323,50080117,2026-05-28 08:54:35,2026-05-28 10:24:35,3,American,35.0,0.0,0.0,completed,31.03,True,6.21,2026-05-28 08:54:35
1591,323,50133885,2026-04-26 17:07:04,2026-04-26 18:37:04,4,Korean,30.2,0.0,1.7,completed,257.76,False,0.0,2026-04-26 17:07:04
1592,323,50175649,2026-05-10 12:12:03,2026-05-10 12:57:03,2,Indian,30.1,0.0,3.5,completed,175.07,True,26.26,2026-05-10 12:12:03
1593,323,50159347,2026-03-25 15:01:57,2026-03-25 15:46:57,5,Indian,43.3,0.0,0.1,cancelled,120.27,False,0.0,2026-03-25 15:01:57
1594,323,50046914,2026-05-29 16:07:00,2026-05-29 16:37:00,2,Korean,23.0,0.0,0.0,no_show,69.13,False,0.0,2026-05-29 16:07:00
1595,323,50179744,2026-04-21 12:14:43,2026-04-21 14:14:43,2,Korean,5.0,0.0,0.0,completed,76.27,True,15.25,2026-04-21 12:14:43
1596,323,50143376,2026-04-24 20:52:17,2026-04-24 21:22:17,1,Korean,40.6,7.1,7.9,completed,31.71,False,0.0,2026-04-24 20:52:17
1597,323,41627217,2026-04-17 21:38:49,2026-04-17 21:53:49,5,Indian,27.3,0.7,1.5,cancelled,344.46,False,0.0,2026-04-17 21:38:49
1598,324,41241757,2026-03-30 20:30:37,2026-03-30 21:00:37,3,Thai,15.2,0.0,0.7,completed,44.89,True,4.49,2026-03-30 20:30:37
1599,325,50077334,2026-04-09 22:07:31,2026-04-09 23:07:31,1,Indian,42.6,0.0,2.0,completed,14.78,False,0.0,2026-04-09 22:07:31
1600,325,50137021,2026-05-17 20:00:55,2026-05-17 20:45:55,2,Italian,25.1,0.0,0.0,completed,69.5,False,0.0,2026-05-17 20:00:55
1601,325,50163739,2026-05-19 20:00:05,2026-05-19 20:30:05,2,Other,20.5,0.0,3.3,completed,22.59,True,5.65,2026-05-19 20:00:05
1602,325,50144932,2026-04-26 13:33:05,2026-04-26 14:03:05,2,Other,14.1,0.0,0.0,completed,26.44,False,0.0,2026-04-26 13:33:05
1603,325,50170762,2026-05-23 08:22:16,2026-05-23 09:22:16,3,Pizza,36.7,0.0,4.6,completed,18.41,False,0.0,2026-05-23 08:22:16
1604,325,50122872,2026-05-16 13:21:01,2026-05-16 14:21:01,1,Pizza,43.3,0.0,0.0,completed,69.79,True,6.98,2026-05-16 13:21:01
1605,325,50120704,2026-05-31 15:33:24,2026-05-31 16:33:24,3,Pizza,31.5,0.0,2.8,completed,117.32,False,0.0,2026-05-31 15:33:24
1606,325,40385873,2026-04-09 14:43:55,2026-04-09 15:13:55,5,Pizza,16.7,0.0,0.0,completed,82.83,False,0.0,2026-04-09 14:43:55
1607,325,50032643,2026-05-30 20:27:22,2026-05-30 21:12:22,4,Mexican,38.3,0.0,0.0,completed,242.97,False,0.0,2026-05-30 20:27:22
1608,325,50125858,2026-05-24 14:42:35,2026-05-24 15:12:35,2,Pizza,36.6,0.0,2.0,completed,85.51,False,0.0,2026-05-24 14:42:35
1609,325,50054114,2026-03-27 19:24:14,2026-03-27 20:24:14,1,Pizza,11.6,5.9,1.1,completed,42.42,False,0.0,2026-03-27 19:24:14
1610,325,50121356,2026-03-22 20:36:59,2026-03-22 20:51:59,5,Other,21.9,0.0,0.0,completed,39.33,True,5.9,2026-03-22 20:36:59
1611,325,50139134,2026-04-05 18:10:30,2026-04-05 18:55:30,1,Japanese,29.9,0.0,0.0,completed,14.45,False,0.0,2026-04-05 18:10:30
1612,325,50171048,2026-04-01 19:12:52,2026-04-01 19:57:52,3,Coffee/Tea,11.2,0.0,4.4,completed,80.08,True,12.01,2026-04-01 19:12:52
1613,325,50148819,2026-05-06 13:15:44,2026-05-06 15:15:44,1,Chinese,44.1,0.0,0.1,completed,27.51,False,0.0,2026-05-06 13:15:44
1614,326,50145990,2026-05-04 13:45:27,2026-05-04 14:30:27,1,Japanese,10.0,0.0,4.3,completed,38.02,False,0.0,2026-05-04 13:45:27
1615,326,50128610,2026-05-22 12:09:45,2026-05-22 12:39:45,1,Japanese,25.6,0.0,0.0,completed,25.02,False,0.0,2026-05-22 12:09:45
1616,326,50037443,2026-03-16 11:36:01,2026-03-16 11:51:01,1,Japanese,13.4,11.5,9.4,completed,45.89,False,0.0,2026-03-16 11:36:01
1617,326,50159594,2026-03-29 20:09:51,2026-03-29 21:09:51,1,Japanese,9.3,0.0,0.0,cancelled,28.87,False,0.0,2026-03-29 20:09:51
1618,327,41040475,2026-04-10 18:41:25,2026-04-10 19:41:25,2,American,14.9,0.0,0.0,completed,317.89,False,0.0,2026-04-10 18:41:25
1619,327,50152980,2026-03-23 10:28:20,2026-03-23 10:43:20,1,American,12.3,0.0,0.2,completed,10.39,False,0.0,2026-03-23 10:28:20
1620,327,50165548,2026-05-09 12:55:53,2026-05-09 13:40:53,2,Mexican,36.2,0.0,1.4,completed,162.97,False,0.0,2026-05-09 12:55:53
1621,327,50058180,2026-03-14 12:08:04,2026-03-14 13:08:04,5,Chicken,19.6,0.0,0.0,completed,234.53,False,0.0,2026-03-14 12:08:04
1622,327,50131124,2026-05-02 17:33:03,2026-05-02 18:18:03,3,Chicken,17.3,0.0,5.3,cancelled,177.86,False,0.0,2026-05-02 17:33:03
1623,327,50166965,2026-03-18 08:35:32,2026-03-18 09:20:32,2,Other,13.5,0.0,0.0,completed,139.66,False,0.0,2026-03-18 08:35:32
1624,327,50126405,2026-03-19 17:04:30,2026-03-19 17:34:30,4,Chicken,43.4,0.0,3.4,completed,179.03,False,0.0,2026-03-19 17:04:30
1625,327,50148954,2026-04-03 19:05:36,2026-04-03 19:20:36,2,Sandwiches,20.4,0.0,5.0,completed,126.91,False,0.0,2026-04-03 19:05:36
1626,328,50073147,2026-03-23 13:30:15,2026-03-23 13:45:15,4,Pizza,25.6,0.0,0.5,cancelled,26.13,False,0.0,2026-03-23 13:30:15
1627,329,50145979,2026-04-14 11:19:57,2026-04-14 11:34:57,3,Bakery Products/Desserts,5.5,0.0,4.6,completed,54.75,False,0.0,2026-04-14 11:19:57
1628,329,50144882,2026-03-17 18:57:27,2026-03-17 19:12:27,4,American,14.9,0.0,0.0,completed,41.64,True,6.25,2026-03-17 18:57:27
1629,329,50148190,2026-04-30 21:51:16,2026-04-30 22:51:16,2,Bakery Products/Desserts,12.7,0.0,0.0,completed,90.9,False,0.0,2026-04-30 21:51:16
1630,329,40998586,2026-03-26 16:41:20,2026-03-26 17:41:20,5,American,9.0,0.0,0.0,completed,343.79,False,0.0,2026-03-26 16:41:20
1631,329,50181544,2026-03-24 20:04:06,2026-03-24 20:49:06,4,Bakery Products/Desserts,20.9,0.0,0.0,completed,44.49,False,0.0,2026-03-24 20:04:06
1632,329,50100388,2026-04-03 11:18:18,2026-04-03 11:48:18,2,American,18.1,0.0,0.0,no_show,47.44,False,0.0,2026-04-03 11:18:18
1633,329,50165641,2026-03-14 12:05:41,2026-03-14 12:35:41,4,Bakery Products/Desserts,8.1,0.0,1.9,cancelled,168.71,False,0.0,2026-03-14 12:05:41
1634,329,50115912,2026-05-26 21:12:20,2026-05-26 21:42:20,1,Chinese,8.1,0.0,0.0,completed,62.81,False,0.0,2026-05-26 21:12:20
1635,329,50174334,2026-03-08 15:38:19,2026-03-08 15:53:19,4,Bakery Products/Desserts,34.8,0.0,0.0,completed,331.37,False,0.0,2026-03-08 15:38:19
1636,329,41646967,2026-05-28 20:22:16,2026-05-28 21:07:16,4,Bakery Products/Desserts,10.4,0.0,0.0,completed,213.47,False,0.0,2026-05-28 20:22:16
1637,329,50146129,2026-03-13 15:24:47,2026-03-13 16:24:47,6,Pizza,29.1,0.0,0.0,cancelled,662.81,False,0.0,2026-03-13 15:24:47
1638,329,50112928,2026-05-30 16:05:30,2026-05-30 16:35:30,2,Bakery Products/Desserts,35.0,0.0,0.0,completed,100.6,False,0.0,2026-05-30 16:05:30
1639,329,50166995,2026-05-23 13:59:49,2026-05-23 14:59:49,1,Chinese,27.6,0.0,0.5,completed,74.02,False,0.0,2026-05-23 13:59:49
1640,329,50165641,2026-05-07 19:07:16,2026-05-07 20:07:16,2,Bakery Products/Desserts,23.2,0.0,3.3,completed,25.98,True,2.6,2026-05-07 19:07:16
1641,330,50137234,2026-05-10 12:31:04,2026-05-10 13:31:04,1,Spanish,31.3,0.0,0.0,completed,16.14,False,0.0,2026-05-10 12:31:04
1642,331,50129635,2026-05-11 09:09:49,2026-05-11 09:54:49,2,Sandwiches,13.8,0.0,0.0,completed,20.55,True,3.08,2026-05-11 09:09:49
1643,331,50114289,2026-03-22 11:06:36,2026-03-22 12:06:36,2,"Juice, Smoothies, Fruit Salads",37.0,0.0,2.9,completed,82.86,False,0.0,2026-03-22 11:06:36
1644,331,50174319,2026-03-28 17:49:51,2026-03-28 18:19:51,4,"Juice, Smoothies, Fruit Salads",13.2,0.0,0.0,completed,477.86,True,95.57,2026-03-28 17:49:51
1645,331,50087951,2026-03-10 17:53:09,2026-03-10 18:23:09,2,Sandwiches,11.8,0.0,0.1,completed,113.6,False,0.0,2026-03-10 17:53:09
1646,331,50040555,2026-05-17 11:36:20,2026-05-17 12:21:20,2,Coffee/Tea,10.6,0.0,0.0,completed,25.64,False,0.0,2026-05-17 11:36:20
1647,331,50086101,2026-05-29 19:02:17,2026-05-29 19:47:17,1,Sandwiches,11.2,0.0,0.0,completed,26.52,True,3.98,2026-05-29 19:02:17
1648,332,50067792,2026-03-20 12:35:11,2026-03-20 12:50:11,2,Pizza,21.7,0.0,0.4,completed,166.62,False,0.0,2026-03-20 12:35:11
1649,332,50017684,2026-04-06 18:26:38,2026-04-06 19:11:38,6,American,42.2,0.0,4.1,no_show,66.38,False,0.0,2026-04-06 18:26:38
1650,332,50136294,2026-05-30 15:20:18,2026-05-30 15:35:18,1,American,26.7,0.9,0.0,completed,52.18,False,0.0,2026-05-30 15:20:18
1651,332,50163078,2026-04-20 16:54:03,2026-04-20 17:54:03,2,Japanese,6.8,0.0,0.5,completed,178.92,True,26.84,2026-04-20 16:54:03
1652,333,50118004,2026-04-26 19:47:12,2026-04-26 20:17:12,2,Frozen Desserts,36.6,0.0,3.0,completed,26.1,True,2.61,2026-04-26 19:47:12
1653,333,50105185,2026-05-21 18:35:27,2026-05-21 19:05:27,3,Bakery Products/Desserts,29.6,0.0,0.0,completed,70.03,False,0.0,2026-05-21 18:35:27
1654,333,40399834,2026-05-19 08:07:17,2026-05-19 08:52:17,3,Korean,12.3,0.0,4.3,completed,85.39,False,0.0,2026-05-19 08:07:17
1655,333,50168852,2026-05-24 09:18:17,2026-05-24 10:48:17,1,Chinese,12.7,0.0,0.0,completed,25.06,False,0.0,2026-05-24 09:18:17
1656,333,50167022,2026-05-07 19:22:46,2026-05-07 19:37:46,3,Korean,34.8,0.0,0.0,completed,102.97,True,20.59,2026-05-07 19:22:46
1657,333,50125923,2026-04-27 20:31:53,2026-04-27 21:01:53,2,Korean,42.5,0.0,0.0,completed,86.79,False,0.0,2026-04-27 20:31:53
1658,333,50041204,2026-03-02 14:34:34,2026-03-02 15:19:34,2,Japanese,15.7,1.6,0.0,completed,98.63,False,0.0,2026-03-02 14:34:34
1659,334,41306211,2026-04-23 13:13:41,2026-04-23 13:43:41,2,Sandwiches,15.2,0.0,0.0,completed,9.92,False,0.0,2026-04-23 13:13:41
1660,334,50171750,2026-05-23 20:56:10,2026-05-23 21:56:10,1,Sandwiches,26.3,0.0,0.0,cancelled,6.13,False,0.0,2026-05-23 20:56:10
1661,334,50071556,2026-05-31 12:54:47,2026-05-31 14:54:47,3,Japanese,28.5,0.0,6.0,cancelled,41.41,True,10.35,2026-05-31 12:54:47
1662,334,50153871,2026-03-18 20:12:35,2026-03-18 20:42:35,2,Japanese,30.8,0.0,0.0,completed,18.74,True,2.81,2026-03-18 20:12:35
1663,334,50133644,2026-04-24 20:12:51,2026-04-24 20:27:51,1,Sandwiches,5.7,0.0,0.0,completed,16.39,False,0.0,2026-04-24 20:12:51
1664,334,50044763,2026-04-02 17:22:07,2026-04-02 18:07:07,1,Sandwiches,8.6,0.0,3.6,completed,6.35,True,0.64,2026-04-02 17:22:07
1665,334,50133344,2026-04-14 16:16:23,2026-04-14 16:31:23,3,Korean,41.4,0.0,0.0,completed,33.71,False,0.0,2026-04-14 16:16:23
1666,334,50065089,2026-03-06 18:20:17,2026-03-06 18:50:17,3,Japanese,11.1,1.7,0.0,completed,61.88,True,9.28,2026-03-06 18:20:17
1667,334,50018574,2026-04-13 12:08:04,2026-04-13 12:38:04,2,American,31.3,0.0,3.6,completed,53.38,False,0.0,2026-04-13 12:08:04
1668,334,41583613,2026-03-11 15:45:23,2026-03-11 16:30:23,3,Sandwiches,30.3,0.0,4.2,completed,6.24,False,0.0,2026-03-11 15:45:23
1669,334,50116606,2026-03-29 17:42:26,2026-03-29 18:27:26,3,Sandwiches,43.1,0.0,0.0,completed,28.57,False,0.0,2026-03-29 17:42:26
1670,334,50154029,2026-03-24 21:14:09,2026-03-24 21:59:09,2,Sandwiches,14.4,0.0,0.0,completed,31.04,False,0.0,2026-03-24 21:14:09
1671,334,50012567,2026-04-19 15:53:42,2026-04-19 16:08:42,1,Sandwiches,18.5,0.0,1.3,completed,6.3,False,0.0,2026-04-19 15:53:42
1672,334,41623737,2026-03-01 19:41:21,2026-03-01 20:26:21,4,New American,10.4,0.0,1.4,completed,52.39,False,0.0,2026-03-01 19:41:21
1673,334,50018025,2026-05-11 20:00:53,2026-05-11 21:30:53,3,Sandwiches,18.8,0.0,3.7,completed,46.75,False,0.0,2026-05-11 20:00:53
1674,335,50173466,2026-03-12 15:20:11,2026-03-12 15:50:11,3,Coffee/Tea,24.7,0.0,0.0,completed,132.76,False,0.0,2026-03-12 15:20:11
1675,335,50076854,2026-04-21 14:44:47,2026-04-21 15:29:47,5,Latin American,6.9,0.0,4.9,completed,383.3,False,0.0,2026-04-21 14:44:47
1676,335,50013460,2026-03-15 18:03:51,2026-03-15 18:33:51,2,Coffee/Tea,28.3,0.0,4.4,completed,111.16,False,0.0,2026-03-15 18:03:51
1677,335,50104853,2026-05-27 09:38:57,2026-05-27 10:38:57,2,Latin American,11.0,0.0,0.0,completed,91.83,False,0.0,2026-05-27 09:38:57
1678,335,50170737,2026-03-26 20:01:03,2026-03-26 20:46:03,2,Latin American,40.4,0.0,0.0,cancelled,147.71,False,0.0,2026-03-26 20:01:03
1679,335,50000500,2026-05-27 16:29:17,2026-05-27 16:59:17,2,Coffee/Tea,6.0,0.0,0.0,completed,67.35,True,10.1,2026-05-27 16:29:17
1680,336,50120682,2026-05-02 09:27:55,2026-05-02 11:27:55,3,Mediterranean,10.9,0.0,0.0,completed,52.96,False,0.0,2026-05-02 09:27:55
1681,336,50160220,2026-03-24 17:48:49,2026-03-24 18:48:49,2,Japanese,18.7,0.0,0.0,completed,69.94,True,17.48,2026-03-24 17:48:49
1682,336,50161113,2026-04-09 08:50:18,2026-04-09 09:20:18,1,Coffee/Tea,12.4,0.0,3.8,completed,31.76,True,3.18,2026-04-09 08:50:18
1683,336,40424633,2026-05-20 17:45:41,2026-05-20 18:30:41,1,Chinese,43.8,0.0,0.6,cancelled,24.91,False,0.0,2026-05-20 17:45:41
1684,337,50141260,2026-05-21 17:13:37,2026-05-21 17:43:37,2,Mexican,6.5,0.0,1.1,completed,10.64,False,0.0,2026-05-21 17:13:37
1685,337,50071506,2026-03-25 12:06:29,2026-03-25 13:36:29,1,French,38.7,0.0,0.0,completed,33.18,True,3.32,2026-03-25 12:06:29
1686,337,50073282,2026-03-08 19:46:53,2026-03-08 21:16:53,4,Coffee/Tea,34.1,0.0,0.5,completed,52.8,False,0.0,2026-03-08 19:46:53
1687,337,50119699,2026-03-04 14:13:13,2026-03-04 15:13:13,3,Coffee/Tea,44.5,0.0,3.4,completed,561.99,False,0.0,2026-03-04 14:13:13
1688,339,50012300,2026-05-13 17:45:32,2026-05-13 18:45:32,2,French,13.6,0.0,0.0,completed,46.71,False,0.0,2026-05-13 17:45:32
1689,340,50107904,2026-05-15 19:52:56,2026-05-15 20:37:56,2,Asian/Asian Fusion,22.4,0.0,0.0,completed,43.8,False,0.0,2026-05-15 19:52:56
1690,340,41578971,2026-05-17 14:18:48,2026-05-17 16:18:48,1,Mediterranean,16.0,0.0,0.0,completed,1.27,False,0.0,2026-05-17 14:18:48
1691,340,41334807,2026-04-11 17:41:47,2026-04-11 18:41:47,5,Pizza,25.4,0.0,3.0,completed,19.86,True,1.99,2026-04-11 17:41:47
1692,340,41422914,2026-04-30 13:26:57,2026-04-30 14:56:57,2,Bakery Products/Desserts,22.0,0.0,1.4,completed,19.76,False,0.0,2026-04-30 13:26:57
1693,340,40750324,2026-05-15 17:50:02,2026-05-15 18:35:02,1,Bakery Products/Desserts,10.5,0.0,4.2,completed,21.72,True,3.26,2026-05-15 17:50:02
1694,341,50112649,2026-04-18 14:38:14,2026-04-18 16:08:14,1,Mediterranean,9.4,4.5,1.2,completed,91.88,False,0.0,2026-04-18 14:38:14
1695,341,50015423,2026-04-20 18:33:12,2026-04-20 20:03:12,1,American,35.9,0.0,5.5,completed,37.2,False,0.0,2026-04-20 18:33:12
1696,341,50131741,2026-03-23 20:50:02,2026-03-23 21:20:02,4,Japanese,39.0,0.2,1.7,completed,148.93,False,0.0,2026-03-23 20:50:02
1697,341,41212839,2026-03-24 13:40:28,2026-03-24 14:10:28,2,Mediterranean,19.4,0.0,0.3,completed,213.12,False,0.0,2026-03-24 13:40:28
1698,341,50151893,2026-04-12 16:28:18,2026-04-12 17:28:18,6,Japanese,38.1,0.0,0.2,cancelled,207.94,False,0.0,2026-04-12 16:28:18
1699,341,50134689,2026-05-14 22:49:52,2026-05-14 23:34:52,3,Mediterranean,26.2,0.0,0.0,completed,382.4,False,0.0,2026-05-14 22:49:52
1700,341,50170988,2026-05-18 20:03:28,2026-05-18 21:03:28,2,Pizza,6.9,0.0,0.0,completed,70.18,False,0.0,2026-05-18 20:03:28
1701,341,50135613,2026-04-22 09:16:45,2026-04-22 09:31:45,4,Mediterranean,21.3,7.5,6.6,cancelled,171.37,True,42.84,2026-04-22 09:16:45
1702,341,50167236,2026-03-28 19:14:30,2026-03-28 19:59:30,4,Mediterranean,43.4,0.0,0.6,completed,649.32,False,0.0,2026-03-28 19:14:30
1703,342,50170882,2026-04-26 14:10:47,2026-04-26 15:40:47,1,Asian/Asian Fusion,41.6,0.0,0.0,completed,137.22,True,34.31,2026-04-26 14:10:47
1704,342,50143553,2026-05-24 12:39:19,2026-05-24 13:09:19,1,Indian,12.9,0.0,1.9,completed,22.06,False,0.0,2026-05-24 12:39:19
1705,342,50121509,2026-05-25 15:24:47,2026-05-25 16:09:47,5,Coffee/Tea,37.3,0.0,0.0,completed,222.37,False,0.0,2026-05-25 15:24:47
1706,342,50060498,2026-05-26 18:53:23,2026-05-26 19:08:23,1,Indian,10.5,0.0,0.0,completed,50.19,False,0.0,2026-05-26 18:53:23
1707,342,50177305,2026-03-26 20:56:52,2026-03-26 21:41:52,4,Spanish,8.1,0.0,0.3,completed,36.64,False,0.0,2026-03-26 20:56:52
1708,342,50083319,2026-04-06 14:16:30,2026-04-06 15:01:30,2,Asian/Asian Fusion,40.4,0.0,0.0,completed,135.5,False,0.0,2026-04-06 14:16:30
1709,343,50089142,2026-05-20 12:57:53,2026-05-20 13:12:53,2,American,6.1,0.0,2.4,completed,99.16,False,0.0,2026-05-20 12:57:53
1710,343,41285675,2026-05-20 12:45:43,2026-05-20 14:15:43,2,American,40.5,0.0,0.0,completed,246.29,False,0.0,2026-05-20 12:45:43
1711,343,50144234,2026-03-17 12:02:44,2026-03-17 12:17:44,2,French,26.0,0.0,2.4,completed,315.13,False,0.0,2026-03-17 12:02:44
1712,343,50143541,2026-03-14 10:52:59,2026-03-14 11:07:59,3,Italian,31.8,0.0,0.0,cancelled,107.44,False,0.0,2026-03-14 10:52:59
1713,343,41639072,2026-04-04 12:25:01,2026-04-04 13:10:01,4,Italian,23.2,0.0,4.8,completed,83.81,False,0.0,2026-04-04 12:25:01
1714,343,50084009,2026-03-06 19:58:43,2026-03-06 20:43:43,1,Japanese,33.6,0.0,0.7,cancelled,76.16,False,0.0,2026-03-06 19:58:43
1715,343,50127387,2026-04-04 17:49:32,2026-04-04 18:19:32,4,Italian,30.5,0.0,2.2,completed,260.87,False,0.0,2026-04-04 17:49:32
1716,343,50119559,2026-03-22 19:14:56,2026-03-22 19:44:56,2,American,43.5,0.0,0.8,completed,288.5,False,0.0,2026-03-22 19:14:56
1717,343,50125775,2026-03-20 13:19:15,2026-03-20 13:49:15,3,French,5.2,0.0,4.9,completed,255.23,False,0.0,2026-03-20 13:19:15
1718,343,41549888,2026-03-21 10:18:02,2026-03-21 12:18:02,3,Italian,9.9,0.0,0.0,completed,183.72,False,0.0,2026-03-21 10:18:02
1719,344,41092403,2026-04-25 11:28:46,2026-04-25 12:13:46,1,American,26.2,16.3,25.6,cancelled,50.12,True,5.01,2026-04-25 11:28:46
1720,344,50149894,2026-03-02 20:42:57,2026-03-02 21:42:57,4,Italian,18.6,0.0,0.0,completed,84.33,False,0.0,2026-03-02 20:42:57
1721,345,50064055,2026-03-22 15:25:04,2026-03-22 15:55:04,1,Indian,31.3,0.0,0.0,cancelled,57.57,False,0.0,2026-03-22 15:25:04
1722,345,50143551,2026-05-10 17:45:02,2026-05-10 18:45:02,2,Indian,6.9,0.0,0.0,completed,16.25,False,0.0,2026-05-10 17:45:02
1723,345,50146173,2026-05-16 18:41:37,2026-05-16 19:11:37,6,Sandwiches/Salads/Mixed Buffet,33.0,0.0,3.9,completed,281.28,False,0.0,2026-05-16 18:41:37
1724,345,50149499,2026-03-10 09:48:11,2026-03-10 10:33:11,2,Chicken,23.4,0.0,0.5,completed,92.4,False,0.0,2026-03-10 09:48:11
1725,345,50099626,2026-03-29 18:54:22,2026-03-29 19:39:22,3,Coffee/Tea,12.6,0.0,1.3,cancelled,91.25,False,0.0,2026-03-29 18:54:22
1726,345,50143383,2026-05-08 19:36:05,2026-05-08 20:21:05,4,Italian,30.1,0.0,2.2,completed,118.51,False,0.0,2026-05-08 19:36:05
1727,345,50037749,2026-05-27 18:38:28,2026-05-27 19:08:28,2,Italian,38.2,5.2,8.5,completed,64.6,False,0.0,2026-05-27 18:38:28
1728,345,50120356,2026-04-07 21:26:51,2026-04-07 22:11:51,3,Salads,44.2,0.0,0.0,completed,98.11,False,0.0,2026-04-07 21:26:51
1729,345,50140390,2026-05-16 18:53:09,2026-05-16 19:38:09,4,Indian,9.7,0.0,0.3,cancelled,158.29,False,0.0,2026-05-16 18:53:09
1730,345,50063183,2026-03-03 16:24:39,2026-03-03 18:24:39,2,Italian,42.1,0.0,0.0,completed,82.87,False,0.0,2026-03-03 16:24:39
1731,345,50151226,2026-03-08 12:11:49,2026-03-08 12:41:49,2,Italian,14.8,3.7,5.0,completed,60.06,False,0.0,2026-03-08 12:11:49
1732,345,50182861,2026-03-29 20:19:03,2026-03-29 20:49:03,2,Indian,40.8,0.0,1.8,completed,43.68,False,0.0,2026-03-29 20:19:03
1733,345,50136331,2026-03-01 20:55:30,2026-03-01 21:40:30,2,Indian,37.3,0.0,2.3,cancelled,50.05,False,0.0,2026-03-01 20:55:30
1734,345,41638553,2026-05-07 14:32:18,2026-05-07 15:32:18,2,Italian,23.6,0.0,4.9,completed,84.47,True,12.67,2026-05-07 14:32:18
1735,345,50016488,2026-05-29 18:35:29,2026-05-29 19:20:29,2,Italian,11.2,0.0,3.5,completed,96.19,False,0.0,2026-05-29 18:35:29
1736,345,50152999,2026-04-25 20:09:31,2026-04-25 20:54:31,2,Italian,14.6,0.0,0.0,no_show,97.11,False,0.0,2026-04-25 20:09:31
1737,346,50158877,2026-04-01 18:40:33,2026-04-01 19:10:33,1,Coffee/Tea,27.0,0.0,1.2,completed,21.2,False,0.0,2026-04-01 18:40:33
1738,346,50132426,2026-03-24 08:50:21,2026-03-24 09:35:21,2,Chicken,20.1,0.0,0.0,completed,90.91,False,0.0,2026-03-24 08:50:21
1739,346,50101478,2026-05-15 15:00:35,2026-05-15 15:45:35,2,Coffee/Tea,18.7,0.0,1.3,completed,88.74,True,22.19,2026-05-15 15:00:35
1740,346,50181264,2026-04-12 21:12:32,2026-04-12 21:42:32,4,Coffee/Tea,27.7,0.0,0.0,completed,147.03,False,0.0,2026-04-12 21:12:32
1741,346,50158080,2026-04-27 17:16:27,2026-04-27 18:46:27,5,Coffee/Tea,26.2,0.0,0.0,completed,367.37,False,0.0,2026-04-27 17:16:27
1742,346,50172159,2026-05-03 20:04:47,2026-05-03 21:34:47,4,Chicken,40.3,0.0,0.0,completed,102.93,False,0.0,2026-05-03 20:04:47
1743,346,50163793,2026-05-08 20:39:38,2026-05-08 21:24:38,2,Coffee/Tea,11.1,0.0,4.1,completed,54.72,True,5.47,2026-05-08 20:39:38
1744,346,40750279,2026-05-10 12:33:11,2026-05-10 13:03:11,2,American,22.0,0.9,0.0,completed,48.17,False,0.0,2026-05-10 12:33:11
1745,347,50172505,2026-04-12 14:16:43,2026-04-12 15:01:43,3,American,10.9,0.0,0.0,completed,84.76,False,0.0,2026-04-12 14:16:43
1746,347,50117835,2026-04-21 18:33:00,2026-04-21 19:33:00,2,American,27.3,0.0,0.0,completed,69.3,False,0.0,2026-04-21 18:33:00
1747,347,50093790,2026-03-24 13:29:16,2026-03-24 14:14:16,4,American,39.2,0.0,0.9,completed,68.32,False,0.0,2026-03-24 13:29:16
1748,347,50176894,2026-04-02 09:41:52,2026-04-02 10:26:52,1,Thai,26.6,0.0,0.0,completed,9.76,False,0.0,2026-04-02 09:41:52
1749,347,50140483,2026-05-11 14:56:32,2026-05-11 15:41:32,2,Asian/Asian Fusion,13.9,0.0,0.7,completed,70.38,True,10.56,2026-05-11 14:56:32
1750,347,50055011,2026-03-11 18:03:14,2026-03-11 18:18:14,3,Thai,16.6,0.0,3.1,completed,15.46,False,0.0,2026-03-11 18:03:14
1751,347,50047488,2026-03-03 20:45:14,2026-03-03 22:15:14,4,Thai,32.7,0.0,0.0,completed,18.39,False,0.0,2026-03-03 20:45:14
1752,348,50166723,2026-05-16 12:31:56,2026-05-16 13:16:56,2,Other,22.0,0.0,0.0,completed,142.55,False,0.0,2026-05-16 12:31:56
1753,348,50168685,2026-03-13 14:42:09,2026-03-13 16:12:09,2,Other,23.5,0.0,1.4,completed,35.03,False,0.0,2026-03-13 14:42:09
1754,348,50126940,2026-04-07 16:37:06,2026-04-07 17:07:06,5,Mexican,21.4,0.0,0.0,completed,92.69,False,0.0,2026-04-07 16:37:06
1755,348,50119636,2026-05-03 18:40:08,2026-05-03 19:25:08,5,Other,6.0,4.0,3.6,completed,157.6,False,0.0,2026-05-03 18:40:08
1756,348,50071226,2026-04-02 21:51:44,2026-04-02 22:21:44,4,French,39.4,0.0,3.3,completed,64.97,True,6.5,2026-04-02 21:51:44
1757,348,40399620,2026-04-14 19:43:02,2026-04-14 19:58:02,5,American,7.4,0.0,0.9,completed,85.64,True,12.85,2026-04-14 19:43:02
1758,349,40386570,2026-04-19 21:28:13,2026-04-19 22:13:13,2,American,16.5,0.0,0.0,completed,31.98,False,0.0,2026-04-19 21:28:13
1759,349,50168685,2026-05-13 14:26:46,2026-05-13 15:11:46,4,Other,15.1,0.0,0.0,completed,285.23,False,0.0,2026-05-13 14:26:46
1760,350,50180518,2026-04-13 12:24:52,2026-04-13 13:09:52,2,Bakery Products/Desserts,16.0,0.0,0.0,completed,69.44,False,0.0,2026-04-13 12:24:52
1761,350,41608360,2026-05-27 17:18:13,2026-05-27 18:18:13,2,Bakery Products/Desserts,35.1,0.0,0.0,completed,57.05,False,0.0,2026-05-27 17:18:13
1762,350,50071902,2026-03-07 19:40:48,2026-03-07 20:40:48,4,Coffee/Tea,26.9,0.0,1.1,cancelled,195.02,False,0.0,2026-03-07 19:40:48
1763,350,50054524,2026-03-01 12:47:33,2026-03-01 13:02:33,1,Coffee/Tea,18.7,0.0,5.0,completed,109.84,False,0.0,2026-03-01 12:47:33
1764,350,50008135,2026-03-22 21:13:49,2026-03-22 21:58:49,4,Coffee/Tea,11.4,0.0,5.1,no_show,210.9,False,0.0,2026-03-22 21:13:49
1765,351,50050507,2026-03-06 11:09:25,2026-03-06 13:09:25,1,Salads,40.9,0.0,0.0,completed,13.73,False,0.0,2026-03-06 11:09:25
1766,351,50132833,2026-04-14 20:33:42,2026-04-14 22:33:42,6,New American,26.1,0.2,2.4,completed,212.54,True,21.25,2026-04-14 20:33:42
1767,351,41704639,2026-03-04 08:51:12,2026-03-04 09:36:12,2,Donuts,21.6,0.0,0.1,cancelled,5.5,False,0.0,2026-03-04 08:51:12
1768,351,41222453,2026-03-25 18:37:55,2026-03-25 19:37:55,2,Donuts,6.6,0.0,1.6,completed,12.81,False,0.0,2026-03-25 18:37:55
1769,352,50112299,2026-05-16 09:57:48,2026-05-16 10:42:48,3,Mexican,18.9,0.0,0.0,completed,88.88,False,0.0,2026-05-16 09:57:48
1770,352,50136802,2026-05-16 08:02:24,2026-05-16 08:32:24,1,Mediterranean,31.3,0.0,4.1,completed,19.74,False,0.0,2026-05-16 08:02:24
1771,352,50126011,2026-04-30 19:27:15,2026-04-30 19:57:15,3,Mediterranean,8.9,0.0,4.7,completed,21.0,False,0.0,2026-04-30 19:27:15
1772,352,50143768,2026-04-20 10:16:24,2026-04-20 11:46:24,5,Hamburgers,43.8,0.0,0.0,completed,262.51,False,0.0,2026-04-20 10:16:24
1773,352,50172722,2026-04-03 13:00:37,2026-04-03 13:45:37,2,Chicken,30.0,0.0,1.6,completed,32.39,False,0.0,2026-04-03 13:00:37
1774,352,50109092,2026-03-17 14:47:35,2026-03-17 15:32:35,2,American,19.5,0.0,0.0,completed,85.01,False,0.0,2026-03-17 14:47:35
1775,352,40523865,2026-03-27 18:10:59,2026-03-27 18:40:59,1,Chicken,29.6,0.0,0.0,completed,33.03,False,0.0,2026-03-27 18:10:59
1776,352,50014517,2026-05-05 14:34:35,2026-05-05 15:19:35,1,Mexican,13.9,0.0,3.1,no_show,45.31,True,6.8,2026-05-05 14:34:35
1777,352,50174477,2026-05-03 14:09:10,2026-05-03 14:24:10,1,Mediterranean,34.8,0.0,0.0,completed,43.27,False,0.0,2026-05-03 14:09:10
1778,352,50139512,2026-03-06 13:04:57,2026-03-06 14:34:57,1,Mediterranean,39.9,0.0,0.6,completed,46.79,True,4.68,2026-03-06 13:04:57
1779,353,50140852,2026-03-11 11:05:19,2026-03-11 11:35:19,2,Mediterranean,27.3,0.0,0.0,completed,85.19,False,0.0,2026-03-11 11:05:19
1780,353,50130516,2026-05-18 15:14:46,2026-05-18 17:14:46,1,Hamburgers,10.5,0.0,1.0,cancelled,22.93,False,0.0,2026-05-18 15:14:46
1781,353,50139826,2026-03-23 12:12:50,2026-03-23 12:57:50,1,"Juice, Smoothies, Fruit Salads",38.6,0.0,0.0,completed,57.33,False,0.0,2026-03-23 12:12:50
1782,353,50135935,2026-03-17 16:52:09,2026-03-17 17:22:09,1,Mediterranean,38.6,0.0,0.0,completed,30.73,False,0.0,2026-03-17 16:52:09
1783,354,41715751,2026-04-08 19:51:46,2026-04-08 20:36:46,3,Bakery Products/Desserts,9.5,0.0,0.0,completed,64.41,False,0.0,2026-04-08 19:51:46
1784,354,41709057,2026-03-22 12:06:26,2026-03-22 12:36:26,1,Bakery Products/Desserts,29.9,0.0,0.0,cancelled,13.36,True,2.0,2026-03-22 12:06:26
1785,355,40391143,2026-05-02 13:54:24,2026-05-02 14:39:24,5,Bakery Products/Desserts,23.6,0.0,3.9,completed,584.32,False,0.0,2026-05-02 13:54:24
1786,355,50172555,2026-03-28 22:55:33,2026-03-29 00:25:33,4,Other,24.1,0.0,1.3,completed,215.26,True,21.53,2026-03-28 22:55:33
1787,355,50184119,2026-04-07 20:35:46,2026-04-07 22:05:46,6,American,13.7,0.0,0.0,completed,497.95,False,0.0,2026-04-07 20:35:46
1788,355,50179280,2026-04-14 18:15:53,2026-04-14 19:00:53,3,Other,26.0,0.0,0.0,completed,458.74,False,0.0,2026-04-14 18:15:53
1789,355,50035662,2026-05-09 19:51:54,2026-05-09 20:21:54,1,Bakery Products/Desserts,20.2,0.0,1.8,completed,27.6,False,0.0,2026-05-09 19:51:54
1790,356,50103692,2026-04-10 13:44:26,2026-04-10 14:14:26,1,Japanese,33.0,0.0,2.4,completed,5.17,False,0.0,2026-04-10 13:44:26
1791,356,50149775,2026-04-19 13:51:09,2026-04-19 14:51:09,6,"Juice, Smoothies, Fruit Salads",28.7,0.0,0.7,completed,138.67,False,0.0,2026-04-19 13:51:09
1792,356,50073626,2026-04-19 13:43:50,2026-04-19 14:13:50,4,Italian,8.5,0.0,0.9,completed,45.71,False,0.0,2026-04-19 13:43:50
1793,356,50121471,2026-04-19 19:28:42,2026-04-19 19:58:42,5,Coffee/Tea,34.9,0.0,1.5,completed,22.88,False,0.0,2026-04-19 19:28:42
1794,356,50065427,2026-03-08 14:41:16,2026-03-08 15:41:16,3,"Juice, Smoothies, Fruit Salads",20.9,0.0,1.7,completed,38.04,False,0.0,2026-03-08 14:41:16
1795,356,50120607,2026-04-25 12:25:35,2026-04-25 12:55:35,3,American,13.0,0.0,2.7,completed,75.96,False,0.0,2026-04-25 12:25:35
1796,356,50109708,2026-05-25 11:59:47,2026-05-25 13:59:47,2,American,8.6,0.0,1.0,completed,23.64,True,3.55,2026-05-25 11:59:47
1797,356,41251140,2026-05-15 18:11:11,2026-05-15 20:11:11,2,Italian,18.6,0.0,1.3,completed,36.85,False,0.0,2026-05-15 18:11:11
1798,356,50130364,2026-03-04 19:37:54,2026-03-04 21:07:54,2,American,13.9,0.0,0.0,completed,69.78,False,0.0,2026-03-04 19:37:54
1799,356,50075680,2026-05-12 19:10:39,2026-05-12 19:40:39,3,American,6.4,0.0,0.0,completed,16.5,False,0.0,2026-05-12 19:10:39
1800,356,50063050,2026-04-21 14:44:33,2026-04-21 15:44:33,2,"Juice, Smoothies, Fruit Salads",23.7,0.0,3.2,completed,39.67,False,0.0,2026-04-21 14:44:33
1801,356,50110881,2026-05-18 12:40:13,2026-05-18 14:10:13,4,American,26.6,0.0,0.0,completed,7.73,False,0.0,2026-05-18 12:40:13
1802,356,50138413,2026-05-22 21:55:43,2026-05-22 22:25:43,1,"Juice, Smoothies, Fruit Salads",15.0,0.0,0.0,cancelled,2.97,False,0.0,2026-05-22 21:55:43
1803,356,50119430,2026-03-14 17:44:58,2026-03-14 17:59:58,2,American,6.0,0.0,0.3,completed,10.14,True,2.53,2026-03-14 17:44:58
1804,356,50117886,2026-03-30 12:22:02,2026-03-30 12:37:02,2,Thai,36.3,0.0,0.0,completed,41.15,True,6.17,2026-03-30 12:22:02
1805,356,50130981,2026-04-28 10:07:05,2026-04-28 10:37:05,2,American,39.1,0.0,5.9,cancelled,38.45,False,0.0,2026-04-28 10:07:05
1806,356,50053557,2026-04-08 10:44:54,2026-04-08 10:59:54,2,American,15.0,0.0,0.0,completed,12.83,False,0.0,2026-04-08 10:44:54
1807,357,50141122,2026-03-07 17:15:22,2026-03-07 17:30:22,2,Asian/Asian Fusion,37.1,0.0,3.3,completed,69.75,False,0.0,2026-03-07 17:15:22
1808,357,41564956,2026-03-16 20:30:54,2026-03-16 21:15:54,1,American,32.8,14.5,16.3,completed,32.32,False,0.0,2026-03-16 20:30:54
1809,357,40838693,2026-03-25 19:49:01,2026-03-25 20:19:01,2,American,42.1,0.0,0.0,completed,149.53,False,0.0,2026-03-25 19:49:01
1810,357,41721252,2026-05-02 20:23:28,2026-05-02 20:53:28,3,Italian,14.6,0.0,0.4,cancelled,30.07,False,0.0,2026-05-02 20:23:28
1811,357,50080764,2026-05-17 17:09:29,2026-05-17 17:54:29,2,Coffee/Tea,34.3,0.0,0.0,completed,33.85,False,0.0,2026-05-17 17:09:29
1812,357,50117153,2026-04-09 13:33:20,2026-04-09 15:03:20,2,American,7.5,0.0,0.0,completed,16.39,True,3.28,2026-04-09 13:33:20
1813,358,50144361,2026-03-23 09:40:06,2026-03-23 10:25:06,2,Thai,29.5,0.1,3.6,completed,7.51,False,0.0,2026-03-23 09:40:06
1814,359,50115418,2026-03-26 11:43:03,2026-03-26 13:13:03,2,Italian,25.3,17.1,7.5,cancelled,18.65,True,4.66,2026-03-26 11:43:03
1815,359,50167584,2026-05-20 20:43:21,2026-05-20 21:28:21,1,Pizza,34.0,0.0,0.5,completed,8.68,False,0.0,2026-05-20 20:43:21
1816,359,50114601,2026-04-22 14:39:42,2026-04-22 15:24:42,4,Pizza,30.0,0.0,0.0,completed,14.02,True,2.1,2026-04-22 14:39:42
1817,359,50103023,2026-04-17 11:14:39,2026-04-17 11:59:39,3,Japanese,25.1,0.0,1.7,completed,18.18,False,0.0,2026-04-17 11:14:39
1818,360,50133033,2026-03-20 19:33:43,2026-03-20 20:03:43,4,Japanese,17.2,45.4,41.7,completed,243.79,False,0.0,2026-03-20 19:33:43
1819,360,50118009,2026-04-26 14:12:36,2026-04-26 16:12:36,2,Bakery Products/Desserts,35.5,0.0,0.0,completed,33.77,False,0.0,2026-04-26 14:12:36
1820,361,50174959,2026-03-05 19:40:14,2026-03-05 20:40:14,1,French,33.5,0.0,3.4,completed,72.86,False,0.0,2026-03-05 19:40:14
1821,361,50144307,2026-03-18 13:09:30,2026-03-18 13:39:30,2,French,38.6,0.0,0.0,cancelled,41.26,False,0.0,2026-03-18 13:09:30
1822,361,50119000,2026-05-28 14:45:14,2026-05-28 15:15:14,3,French,33.4,0.0,4.6,completed,211.09,False,0.0,2026-05-28 14:45:14
1823,364,50059806,2026-04-21 20:52:57,2026-04-21 21:07:57,2,Japanese,40.9,0.0,2.4,completed,204.66,False,0.0,2026-04-21 20:52:57
1824,364,50114975,2026-04-02 13:33:57,2026-04-02 14:03:57,2,Japanese,28.0,0.0,2.2,cancelled,34.42,False,0.0,2026-04-02 13:33:57
1825,364,50046759,2026-03-22 17:57:23,2026-03-22 19:27:23,1,American,36.5,0.0,0.0,completed,4.2,False,0.0,2026-03-22 17:57:23
1826,364,50153701,2026-04-25 18:35:23,2026-04-25 18:50:23,2,Pizza,7.5,0.0,2.0,completed,81.64,False,0.0,2026-04-25 18:35:23
1827,364,41223011,2026-05-18 13:07:52,2026-05-18 14:07:52,6,Japanese,15.4,0.0,0.0,completed,163.54,False,0.0,2026-05-18 13:07:52
1828,364,50090321,2026-03-04 19:25:10,2026-03-04 20:10:10,2,American,20.3,0.0,0.0,completed,111.42,False,0.0,2026-03-04 19:25:10
1829,364,50144714,2026-05-06 18:49:03,2026-05-06 19:49:03,1,Japanese,39.5,0.0,0.0,completed,44.69,False,0.0,2026-05-06 18:49:03
1830,364,50042840,2026-03-26 17:29:22,2026-03-26 18:29:22,1,Donuts,41.0,0.0,0.0,completed,23.13,False,0.0,2026-03-26 17:29:22
1831,364,41711527,2026-04-18 13:08:22,2026-04-18 14:08:22,2,Donuts,33.9,0.0,1.9,completed,73.25,True,14.65,2026-04-18 13:08:22
1832,365,50133853,2026-04-23 09:02:05,2026-04-23 09:47:05,2,French,38.3,0.0,0.0,completed,184.69,False,0.0,2026-04-23 09:02:05
1833,365,40703739,2026-03-16 15:25:42,2026-03-16 16:10:42,3,American,14.7,0.0,0.0,completed,115.29,True,23.06,2026-03-16 15:25:42
1834,365,50044513,2026-04-11 16:19:52,2026-04-11 17:49:52,2,American,23.8,8.6,9.5,completed,59.59,False,0.0,2026-04-11 16:19:52
1835,365,41611725,2026-04-19 14:00:16,2026-04-19 14:15:16,1,American,19.5,22.0,29.5,completed,15.29,False,0.0,2026-04-19 14:00:16
1836,365,50182336,2026-03-03 12:07:59,2026-03-03 13:37:59,2,American,25.1,6.9,4.9,completed,110.08,False,0.0,2026-03-03 12:07:59
1837,365,50033767,2026-04-01 11:43:55,2026-04-01 12:28:55,3,American,43.3,0.0,0.0,completed,147.79,True,14.78,2026-04-01 11:43:55
1838,365,50119057,2026-03-04 09:41:35,2026-03-04 11:11:35,2,American,35.5,0.0,0.0,cancelled,52.99,False,0.0,2026-03-04 09:41:35
1839,365,40689838,2026-04-19 19:03:06,2026-04-19 19:18:06,2,American,33.2,0.8,0.9,completed,63.21,False,0.0,2026-04-19 19:03:06
1840,365,50103282,2026-04-06 10:34:05,2026-04-06 11:19:05,2,American,8.6,0.8,0.4,completed,83.24,True,16.65,2026-04-06 10:34:05
1841,365,50036378,2026-05-01 18:37:36,2026-05-01 19:37:36,3,Chinese,20.5,0.0,0.0,completed,193.86,False,0.0,2026-05-01 18:37:36
1842,365,50178156,2026-03-10 09:29:22,2026-03-10 10:29:22,1,"Juice, Smoothies, Fruit Salads",37.2,0.0,0.0,cancelled,17.08,False,0.0,2026-03-10 09:29:22
1843,365,50011353,2026-03-20 13:48:32,2026-03-20 14:48:32,2,American,32.0,0.0,1.6,completed,96.64,False,0.0,2026-03-20 13:48:32
1844,365,50002902,2026-05-05 18:48:19,2026-05-05 19:18:19,1,American,17.2,0.0,0.0,completed,13.82,False,0.0,2026-05-05 18:48:19
1845,365,50049008,2026-04-26 14:36:47,2026-04-26 15:06:47,1,American,10.9,0.0,0.0,completed,21.4,True,4.28,2026-04-26 14:36:47
1846,365,50105635,2026-03-02 18:15:04,2026-03-02 20:15:04,3,Chinese,37.3,0.9,0.0,completed,35.2,False,0.0,2026-03-02 18:15:04
1847,366,50159139,2026-03-25 20:28:58,2026-03-25 21:28:58,1,Italian,13.4,0.0,0.0,completed,23.2,False,0.0,2026-03-25 20:28:58
1848,366,50148468,2026-04-29 14:14:49,2026-04-29 15:44:49,1,"Juice, Smoothies, Fruit Salads",20.4,0.0,2.9,completed,39.95,False,0.0,2026-04-29 14:14:49
1849,366,41567044,2026-03-29 09:03:25,2026-03-29 10:33:25,1,American,15.8,0.0,0.6,completed,64.57,False,0.0,2026-03-29 09:03:25
1850,366,50118368,2026-04-20 12:34:06,2026-04-20 13:34:06,2,American,7.2,0.0,0.0,completed,56.3,True,8.45,2026-04-20 12:34:06
1851,366,50136945,2026-03-25 14:24:45,2026-03-25 15:54:45,2,"Juice, Smoothies, Fruit Salads",34.5,0.0,0.1,no_show,200.4,False,0.0,2026-03-25 14:24:45
1852,366,50139742,2026-04-10 12:45:44,2026-04-10 14:45:44,5,American,14.8,0.0,0.3,completed,73.57,False,0.0,2026-04-10 12:45:44
1853,366,41197487,2026-05-26 21:29:31,2026-05-26 22:29:31,6,American,8.2,0.0,0.2,completed,50.43,True,5.04,2026-05-26 21:29:31
1854,367,50099068,2026-03-18 10:15:30,2026-03-18 11:00:30,1,American,43.4,0.0,0.0,completed,12.81,False,0.0,2026-03-18 10:15:30
1855,367,50155513,2026-05-20 12:15:44,2026-05-20 13:00:44,2,French,14.9,56.8,48.6,completed,98.93,True,14.84,2026-05-20 12:15:44
1856,367,50111329,2026-05-17 21:16:05,2026-05-17 22:01:05,2,French,35.5,0.0,0.0,completed,79.16,False,0.0,2026-05-17 21:16:05
1857,367,50001109,2026-05-18 20:55:31,2026-05-18 21:40:31,1,French,36.9,0.0,0.0,completed,19.82,False,0.0,2026-05-18 20:55:31
1858,367,41147913,2026-05-14 08:36:31,2026-05-14 09:21:31,2,Sandwiches,31.8,0.0,6.8,completed,54.91,False,0.0,2026-05-14 08:36:31
1859,367,40847325,2026-03-15 17:01:26,2026-03-15 17:31:26,1,French,17.2,0.0,0.0,completed,18.59,True,4.65,2026-03-15 17:01:26
1860,367,41160076,2026-05-31 14:33:03,2026-05-31 15:33:03,3,French,32.3,0.0,2.4,completed,4.91,True,1.23,2026-05-31 14:33:03
1861,367,50109132,2026-03-14 15:35:22,2026-03-14 16:05:22,2,French,22.8,0.0,0.1,completed,3.4,False,0.0,2026-03-14 15:35:22
1862,367,41031707,2026-04-16 12:56:17,2026-04-16 13:41:17,2,French,13.8,0.0,3.7,completed,5.36,True,1.07,2026-04-16 12:56:17
1863,368,50152658,2026-03-05 14:51:34,2026-03-05 15:36:34,2,Indian,26.8,3.3,4.5,completed,121.3,False,0.0,2026-03-05 14:51:34
1864,369,50082348,2026-03-16 08:33:58,2026-03-16 09:33:58,1,American,6.4,0.0,6.4,completed,10.31,False,0.0,2026-03-16 08:33:58
1865,369,50149795,2026-05-11 11:32:19,2026-05-11 12:02:19,3,Coffee/Tea,19.5,0.0,0.0,completed,110.81,False,0.0,2026-05-11 11:32:19
1866,369,50073839,2026-05-11 08:43:56,2026-05-11 10:13:56,1,Korean,40.9,0.0,0.0,completed,37.79,False,0.0,2026-05-11 08:43:56
1867,369,50091996,2026-03-25 17:17:00,2026-03-25 18:02:00,3,Pizza,33.4,0.0,0.0,cancelled,57.79,False,0.0,2026-03-25 17:17:00
1868,370,40376735,2026-03-22 20:03:17,2026-03-22 20:48:17,3,Irish,10.1,0.0,4.8,cancelled,218.08,True,54.52,2026-03-22 20:03:17
1869,370,41594415,2026-05-12 15:14:30,2026-05-12 15:44:30,2,Bakery Products/Desserts,31.0,1.0,1.6,completed,65.46,True,13.09,2026-05-12 15:14:30
1870,370,50141883,2026-05-05 10:06:57,2026-05-05 11:06:57,1,"Juice, Smoothies, Fruit Salads",20.9,0.0,0.0,completed,38.96,False,0.0,2026-05-05 10:06:57
1871,370,50124827,2026-03-09 11:06:16,2026-03-09 11:51:16,2,French,5.8,0.0,0.0,completed,83.1,False,0.0,2026-03-09 11:06:16
1872,371,50165936,2026-05-20 14:54:14,2026-05-20 16:24:14,1,Coffee/Tea,6.2,0.0,0.0,completed,5.59,True,1.12,2026-05-20 14:54:14
1873,371,50124355,2026-05-02 14:56:53,2026-05-02 15:41:53,1,Coffee/Tea,7.8,0.0,0.0,completed,11.63,True,1.74,2026-05-02 14:56:53
1874,371,50135609,2026-04-05 12:58:50,2026-04-05 13:43:50,2,Mediterranean,25.5,0.0,0.0,completed,17.03,False,0.0,2026-04-05 12:58:50
1875,371,50083924,2026-05-10 11:38:35,2026-05-10 12:23:35,2,Indian,30.9,0.0,0.4,completed,13.28,False,0.0,2026-05-10 11:38:35
1876,372,50035710,2026-04-22 12:16:38,2026-04-22 13:01:38,2,French,33.4,0.0,2.3,completed,31.73,True,4.76,2026-04-22 12:16:38
1877,372,40402407,2026-03-15 20:20:49,2026-03-15 20:50:49,5,French,12.8,0.0,1.6,completed,137.93,False,0.0,2026-03-15 20:20:49
1878,373,50167236,2026-03-06 21:15:09,2026-03-06 22:00:09,3,Mediterranean,14.7,0.0,0.0,completed,324.56,False,0.0,2026-03-06 21:15:09
1879,373,50175992,2026-05-26 11:35:24,2026-05-26 12:35:24,4,Japanese,38.3,0.0,0.9,cancelled,92.26,True,18.45,2026-05-26 11:35:24
1880,373,50056274,2026-04-27 19:55:42,2026-04-27 20:25:42,2,Mediterranean,8.7,0.0,0.7,completed,8.92,False,0.0,2026-04-27 19:55:42
1881,373,50129852,2026-04-28 20:37:21,2026-04-28 20:52:21,3,Mediterranean,20.3,0.0,7.9,cancelled,63.17,False,0.0,2026-04-28 20:37:21
1882,373,50000832,2026-05-21 20:26:19,2026-05-21 22:26:19,2,American,12.8,0.0,0.0,completed,117.38,False,0.0,2026-05-21 20:26:19
1883,373,40910784,2026-05-13 18:34:50,2026-05-13 19:04:50,2,Hamburgers,34.9,0.0,1.3,completed,22.55,False,0.0,2026-05-13 18:34:50
1884,373,50141304,2026-04-24 17:03:51,2026-04-24 18:33:51,1,Mediterranean,38.7,0.0,4.8,completed,20.8,False,0.0,2026-04-24 17:03:51
1885,373,50107271,2026-03-08 22:23:27,2026-03-08 22:53:27,1,American,19.8,0.0,3.8,completed,43.5,False,0.0,2026-03-08 22:23:27
1886,373,50046997,2026-04-03 13:10:45,2026-04-03 14:10:45,2,Japanese,42.6,20.8,11.0,cancelled,88.04,False,0.0,2026-04-03 13:10:45
1887,373,50103023,2026-04-27 21:18:38,2026-04-27 22:48:38,1,Japanese,27.1,0.0,0.0,completed,28.24,True,4.24,2026-04-27 21:18:38
1888,373,50011006,2026-04-04 13:02:36,2026-04-04 14:02:36,2,Mediterranean,36.9,0.0,0.0,cancelled,41.52,False,0.0,2026-04-04 13:02:36
1889,373,50144218,2026-04-05 12:35:16,2026-04-05 13:20:16,2,Japanese,17.1,5.0,2.5,cancelled,58.1,False,0.0,2026-04-05 12:35:16
1890,373,50088667,2026-04-11 19:47:58,2026-04-11 20:17:58,1,Mediterranean,13.2,0.0,0.4,completed,32.45,False,0.0,2026-04-11 19:47:58
1891,373,50120682,2026-05-01 20:18:21,2026-05-01 21:48:21,2,Mediterranean,28.8,0.0,0.0,completed,128.3,True,19.24,2026-05-01 20:18:21
1892,373,50116474,2026-05-21 18:47:48,2026-05-21 19:32:48,1,Mediterranean,27.3,0.0,0.0,completed,68.02,True,6.8,2026-05-21 18:47:48
1893,374,50080884,2026-03-08 11:58:57,2026-03-08 12:28:57,2,Donuts,38.8,0.0,4.8,completed,113.36,True,17.0,2026-03-08 11:58:57
1894,374,50166521,2026-05-09 19:42:31,2026-05-09 21:12:31,2,Mediterranean,44.1,0.0,0.0,cancelled,87.31,False,0.0,2026-05-09 19:42:31
1895,375,40727750,2026-04-16 17:07:43,2026-04-16 18:37:43,1,Indian,44.4,0.1,2.1,completed,14.02,False,0.0,2026-04-16 17:07:43
1896,375,50128920,2026-05-11 13:47:53,2026-05-11 15:17:53,2,Korean,21.0,1.9,3.3,completed,7.69,True,1.92,2026-05-11 13:47:53
1897,375,50160038,2026-03-19 20:05:45,2026-03-19 20:20:45,4,Indian,16.9,0.0,0.0,cancelled,47.0,False,0.0,2026-03-19 20:05:45
1898,375,50055651,2026-05-21 09:00:09,2026-05-21 09:45:09,2,Korean,10.4,0.0,4.0,completed,30.36,False,0.0,2026-05-21 09:00:09
1899,375,50150589,2026-03-23 17:43:34,2026-03-23 18:28:34,2,Korean,24.5,0.0,0.0,completed,14.15,False,0.0,2026-03-23 17:43:34
1900,375,50117519,2026-03-04 12:55:01,2026-03-04 14:25:01,3,American,29.6,0.0,0.0,completed,82.16,False,0.0,2026-03-04 12:55:01
1901,375,50037443,2026-05-31 20:10:13,2026-05-31 20:25:13,4,Japanese,27.0,11.5,18.7,cancelled,45.51,True,6.83,2026-05-31 20:10:13
1902,375,50083924,2026-04-09 18:01:48,2026-04-09 18:46:48,2,Indian,39.3,0.0,0.0,cancelled,43.87,False,0.0,2026-04-09 18:01:48
1903,375,41476195,2026-05-31 09:01:43,2026-05-31 10:31:43,6,Indian,43.4,0.0,0.0,completed,40.86,False,0.0,2026-05-31 09:01:43
1904,375,50053587,2026-05-17 14:27:58,2026-05-17 14:57:58,2,Indian,29.9,0.0,0.0,completed,48.6,False,0.0,2026-05-17 14:27:58
1905,376,50089256,2026-03-27 15:48:32,2026-03-27 16:18:32,1,Donuts,31.5,0.0,7.3,completed,78.72,False,0.0,2026-03-27 15:48:32
1906,376,50080892,2026-03-24 12:40:54,2026-03-24 14:40:54,2,Donuts,15.1,0.0,0.0,completed,210.41,False,0.0,2026-03-24 12:40:54
1907,376,50178330,2026-05-12 19:12:30,2026-05-12 19:27:30,1,Donuts,20.4,0.0,1.0,cancelled,30.92,False,0.0,2026-05-12 19:12:30
1908,376,50047045,2026-03-08 19:02:51,2026-03-08 19:17:51,1,"Juice, Smoothies, Fruit Salads",24.0,0.0,0.0,completed,13.8,False,0.0,2026-03-08 19:02:51
1909,376,50157466,2026-05-28 19:05:50,2026-05-28 19:20:50,2,Spanish,37.5,0.0,0.7,completed,53.83,False,0.0,2026-05-28 19:05:50
1910,377,50106850,2026-05-04 17:51:22,2026-05-04 18:21:22,2,Mexican,35.2,0.0,0.0,completed,18.17,False,0.0,2026-05-04 17:51:22
1911,377,41379121,2026-04-10 13:00:33,2026-04-10 15:00:33,1,Asian/Asian Fusion,33.0,0.0,1.7,cancelled,13.67,False,0.0,2026-04-10 13:00:33
1912,378,50154440,2026-03-22 09:28:20,2026-03-22 10:13:20,2,Bagels/Pretzels,23.0,0.0,2.5,completed,35.27,False,0.0,2026-03-22 09:28:20
1913,378,41374209,2026-03-25 20:29:59,2026-03-25 20:44:59,1,Chicken,19.0,0.0,0.0,completed,7.97,False,0.0,2026-03-25 20:29:59
1914,378,50119298,2026-03-12 20:12:26,2026-03-12 20:27:26,2,Mediterranean,33.9,0.0,2.5,completed,117.97,False,0.0,2026-03-12 20:12:26
1915,378,50147799,2026-05-20 17:55:49,2026-05-20 18:40:49,1,Mediterranean,12.5,0.0,3.7,completed,12.87,False,0.0,2026-05-20 17:55:49
1916,378,50143809,2026-03-16 18:49:08,2026-03-16 19:34:08,4,Chicken,15.3,0.0,0.0,completed,59.01,False,0.0,2026-03-16 18:49:08
1917,379,50141717,2026-04-08 12:13:47,2026-04-08 12:58:47,2,Italian,38.0,0.0,0.2,completed,6.39,True,0.96,2026-04-08 12:13:47
1918,380,50129819,2026-04-05 20:34:34,2026-04-05 21:04:34,3,Japanese,15.4,0.0,0.0,completed,76.03,False,0.0,2026-04-05 20:34:34
1919,381,50158303,2026-04-18 20:55:13,2026-04-18 21:55:13,2,Coffee/Tea,19.5,0.0,0.0,completed,61.45,False,0.0,2026-04-18 20:55:13
1920,381,50172159,2026-05-25 13:28:34,2026-05-25 14:13:34,2,Chicken,27.0,0.0,0.3,cancelled,170.01,False,0.0,2026-05-25 13:28:34
1921,381,50149498,2026-05-10 19:40:29,2026-05-10 20:10:29,2,Coffee/Tea,28.3,0.0,0.0,completed,31.48,True,4.72,2026-05-10 19:40:29
1922,381,50037410,2026-03-22 15:16:38,2026-03-22 16:16:38,2,Chicken,43.0,0.0,0.0,completed,70.41,False,0.0,2026-03-22 15:16:38
1923,382,40365387,2026-03-06 18:42:58,2026-03-06 19:12:58,1,Italian,11.9,0.0,1.0,completed,22.32,False,0.0,2026-03-06 18:42:58
1924,382,40385852,2026-04-22 18:50:18,2026-04-22 19:50:18,2,Italian,29.0,0.0,0.0,completed,21.76,False,0.0,2026-04-22 18:50:18
1925,382,50082993,2026-05-18 18:17:38,2026-05-18 20:17:38,2,Bakery Products/Desserts,22.4,0.0,0.0,completed,55.72,False,0.0,2026-05-18 18:17:38
1926,382,50106371,2026-04-06 18:10:07,2026-04-06 18:40:07,2,Japanese,37.6,0.0,3.6,completed,61.1,False,0.0,2026-04-06 18:10:07
1927,383,50038715,2026-04-28 11:35:14,2026-04-28 12:05:14,2,Sandwiches,45.0,0.0,0.0,completed,78.18,False,0.0,2026-04-28 11:35:14
1928,383,50147158,2026-03-30 16:28:25,2026-03-30 16:43:25,4,Latin American,11.1,0.0,0.0,completed,283.49,False,0.0,2026-03-30 16:28:25
1929,383,50090897,2026-05-27 09:27:06,2026-05-27 09:57:06,2,American,5.7,0.0,2.8,completed,330.05,False,0.0,2026-05-27 09:27:06
1930,383,50038175,2026-03-20 17:07:00,2026-03-20 17:37:00,4,Sandwiches,37.3,0.0,5.5,cancelled,238.1,False,0.0,2026-03-20 17:07:00
1931,384,41296408,2026-04-16 15:50:14,2026-04-16 16:20:14,5,Italian,33.3,0.0,1.3,completed,378.57,False,0.0,2026-04-16 15:50:14
1932,384,50052114,2026-05-06 15:33:56,2026-05-06 16:03:56,1,Coffee/Tea,42.8,0.0,0.3,completed,14.59,False,0.0,2026-05-06 15:33:56
1933,385,50001045,2026-04-07 09:35:48,2026-04-07 10:35:48,3,Frozen Desserts,12.3,0.0,0.0,cancelled,113.37,False,0.0,2026-04-07 09:35:48
1934,385,41697314,2026-04-08 17:48:40,2026-04-08 18:18:40,2,American,21.5,0.0,0.1,completed,149.13,False,0.0,2026-04-08 17:48:40
1935,385,50167474,2026-05-01 16:50:42,2026-05-01 17:20:42,2,French,32.9,0.0,2.0,completed,6.12,True,0.92,2026-05-01 16:50:42
1936,385,50071144,2026-04-02 12:29:33,2026-04-02 12:59:33,3,American,10.2,0.0,0.0,completed,204.82,False,0.0,2026-04-02 12:29:33
1937,385,50135949,2026-04-17 13:07:49,2026-04-17 13:52:49,2,American,32.0,0.0,0.0,completed,124.92,False,0.0,2026-04-17 13:07:49
1938,385,50015659,2026-03-19 12:50:24,2026-03-19 13:20:24,5,American,34.6,4.5,0.0,completed,373.04,False,0.0,2026-03-19 12:50:24
1939,385,50001110,2026-03-25 09:21:21,2026-03-25 10:21:21,2,Japanese,31.8,0.0,0.0,completed,254.1,False,0.0,2026-03-25 09:21:21
1940,385,40402755,2026-05-23 12:23:44,2026-05-23 12:53:44,1,American,13.4,0.0,1.5,completed,17.01,False,0.0,2026-05-23 12:23:44
1941,385,50018745,2026-03-31 20:33:08,2026-03-31 21:03:08,2,Coffee/Tea,6.3,0.0,0.0,completed,62.13,False,0.0,2026-03-31 20:33:08
1942,385,50074158,2026-03-27 18:36:30,2026-03-27 19:06:30,2,American,41.8,0.0,4.7,completed,184.67,False,0.0,2026-03-27 18:36:30
1943,385,50055990,2026-03-18 09:05:20,2026-03-18 09:35:20,2,American,15.0,0.0,0.0,completed,286.01,False,0.0,2026-03-18 09:05:20
1944,385,50160984,2026-05-08 19:50:04,2026-05-08 20:50:04,1,American,39.3,0.6,0.0,completed,76.14,False,0.0,2026-05-08 19:50:04
1945,385,40364715,2026-03-12 16:46:34,2026-03-12 17:46:34,2,American,9.4,0.0,1.4,no_show,549.02,False,0.0,2026-03-12 16:46:34
1946,385,40669697,2026-05-03 11:37:12,2026-05-03 12:37:12,2,French,9.2,0.0,0.0,completed,119.55,False,0.0,2026-05-03 11:37:12
1947,386,50109807,2026-03-10 21:31:55,2026-03-10 23:01:55,4,Donuts,8.2,0.0,0.6,completed,18.24,True,1.82,2026-03-10 21:31:55
1948,387,40577007,2026-05-31 11:09:32,2026-05-31 12:09:32,1,French,26.2,0.0,0.1,completed,41.34,False,0.0,2026-05-31 11:09:32
1949,387,50054273,2026-04-11 17:07:25,2026-04-11 17:37:25,3,French,35.3,45.6,25.4,completed,20.05,False,0.0,2026-04-11 17:07:25
1950,387,40384671,2026-03-11 17:50:19,2026-03-11 18:20:19,5,French,27.4,0.0,0.0,completed,269.3,False,0.0,2026-03-11 17:50:19
1951,387,40384671,2026-04-30 20:08:57,2026-04-30 20:53:57,2,French,9.1,0.0,3.4,completed,38.22,True,9.56,2026-04-30 20:08:57
1952,387,50105374,2026-05-03 18:50:22,2026-05-03 19:50:22,4,French,42.8,0.0,2.0,completed,177.03,True,44.26,2026-05-03 18:50:22
1953,387,41031137,2026-05-21 12:48:06,2026-05-21 13:33:06,2,Coffee/Tea,7.8,0.0,0.1,completed,44.82,False,0.0,2026-05-21 12:48:06
1954,389,50070479,2026-03-01 13:46:19,2026-03-01 14:16:19,1,Mediterranean,41.6,0.0,0.0,no_show,68.74,False,0.0,2026-03-01 13:46:19
1955,389,50157110,2026-04-22 11:27:37,2026-04-22 12:12:37,2,Coffee/Tea,26.4,0.0,2.4,completed,51.94,False,0.0,2026-04-22 11:27:37
1956,390,50110739,2026-04-01 18:09:35,2026-04-01 18:54:35,2,Coffee/Tea,26.6,0.0,0.3,completed,64.18,False,0.0,2026-04-01 18:09:35
1957,390,50083587,2026-03-08 15:06:33,2026-03-08 15:36:33,2,Coffee/Tea,7.5,0.0,0.0,completed,11.95,False,0.0,2026-03-08 15:06:33
1958,390,50118796,2026-04-19 19:48:41,2026-04-19 20:33:41,1,Indian,41.6,0.0,0.0,completed,21.6,False,0.0,2026-04-19 19:48:41
1959,390,50091057,2026-05-27 11:30:30,2026-05-27 12:00:30,2,Coffee/Tea,45.0,0.0,0.0,completed,105.32,False,0.0,2026-05-27 11:30:30
1960,390,40930101,2026-05-24 19:33:24,2026-05-24 21:03:24,4,French,25.1,0.0,0.4,completed,176.03,False,0.0,2026-05-24 19:33:24
1961,390,50150898,2026-03-11 19:04:38,2026-03-11 21:04:38,2,Coffee/Tea,19.3,0.0,0.0,completed,52.14,False,0.0,2026-03-11 19:04:38
1962,390,50005590,2026-04-07 18:11:37,2026-04-07 19:41:37,3,Chinese,16.9,0.0,0.0,completed,147.7,False,0.0,2026-04-07 18:11:37
1963,390,50033788,2026-05-05 15:56:26,2026-05-05 16:41:26,2,Asian/Asian Fusion,43.4,0.1,2.4,completed,24.31,False,0.0,2026-05-05 15:56:26
1964,390,50089189,2026-03-02 22:23:34,2026-03-02 23:23:34,1,Coffee/Tea,36.5,0.0,2.2,completed,80.04,True,12.01,2026-03-02 22:23:34
1965,391,41546465,2026-03-14 13:56:23,2026-03-14 14:11:23,2,Thai,18.1,9.3,14.3,completed,112.81,False,0.0,2026-03-14 13:56:23
1966,391,50044623,2026-04-28 12:47:15,2026-04-28 14:47:15,2,Other,14.6,11.0,13.5,completed,64.31,True,12.86,2026-04-28 12:47:15
1967,391,50080795,2026-04-02 21:06:51,2026-04-02 22:06:51,2,Pizza,17.8,0.0,6.5,completed,83.51,False,0.0,2026-04-02 21:06:51
1968,391,40404080,2026-05-02 12:18:51,2026-05-02 13:03:51,1,American,7.2,4.6,7.1,completed,46.84,True,7.03,2026-05-02 12:18:51
1969,391,41086895,2026-04-28 19:21:31,2026-04-28 20:51:31,2,Tex-Mex,24.3,0.0,0.0,completed,69.86,False,0.0,2026-04-28 19:21:31
1970,391,50097427,2026-03-06 13:20:34,2026-03-06 13:35:34,4,Thai,17.0,37.7,53.0,completed,120.21,False,0.0,2026-03-06 13:20:34
1971,391,50112658,2026-05-29 12:41:40,2026-05-29 13:26:40,2,Pizza,36.1,0.0,0.0,completed,174.74,False,0.0,2026-05-29 12:41:40
1972,391,50015395,2026-04-29 10:21:12,2026-04-29 10:36:12,6,Thai,42.0,0.0,4.5,completed,140.71,True,14.07,2026-04-29 10:21:12
1973,391,50058131,2026-03-12 13:36:09,2026-03-12 14:36:09,4,Thai,5.4,0.0,0.0,completed,148.89,False,0.0,2026-03-12 13:36:09
1974,391,50097152,2026-04-14 12:29:12,2026-04-14 12:44:12,3,Pizza,28.5,0.0,0.0,completed,68.54,False,0.0,2026-04-14 12:29:12
1975,391,50105651,2026-04-08 13:46:48,2026-04-08 14:16:48,2,Pizza,15.0,0.0,0.0,completed,193.39,False,0.0,2026-04-08 13:46:48
1976,391,50113482,2026-03-28 20:11:36,2026-03-28 21:11:36,2,Bakery Products/Desserts,6.2,0.0,3.9,cancelled,99.39,True,24.85,2026-03-28 20:11:36
1977,391,41191334,2026-04-10 21:37:01,2026-04-10 22:22:01,2,Pizza,40.2,0.0,0.0,completed,141.79,False,0.0,2026-04-10 21:37:01
1978,391,50125881,2026-05-29 12:17:09,2026-05-29 12:32:09,2,Thai,18.4,0.0,0.0,completed,95.3,False,0.0,2026-05-29 12:17:09
1979,391,50062556,2026-04-24 21:55:24,2026-04-24 22:40:24,2,Thai,37.3,0.0,0.4,completed,293.77,True,58.75,2026-04-24 21:55:24
1980,392,40397359,2026-04-23 18:40:28,2026-04-23 19:25:28,4,Irish,15.9,0.0,0.3,completed,175.31,False,0.0,2026-04-23 18:40:28
1981,392,50168490,2026-03-26 22:10:02,2026-03-26 22:55:02,3,Other,14.1,0.0,0.3,completed,152.98,False,0.0,2026-03-26 22:10:02
1982,392,50118198,2026-05-05 14:36:09,2026-05-05 15:36:09,2,Pizza,13.1,0.0,0.0,completed,125.63,True,12.56,2026-05-05 14:36:09
1983,392,50168535,2026-03-13 09:55:57,2026-03-13 10:40:57,2,Pizza,8.5,0.0,1.1,completed,12.28,True,1.84,2026-03-13 09:55:57
1984,392,50159261,2026-03-14 15:13:49,2026-03-14 15:58:49,1,Other,10.4,0.0,0.0,completed,39.09,False,0.0,2026-03-14 15:13:49
1985,392,50182238,2026-03-13 17:50:38,2026-03-13 18:50:38,2,Other,33.2,0.0,2.8,completed,40.17,True,6.02,2026-03-13 17:50:38
1986,393,50090073,2026-04-03 12:26:45,2026-04-03 13:26:45,2,Latin American,14.2,0.0,3.2,completed,93.64,True,18.73,2026-04-03 12:26:45
1987,394,50126689,2026-05-28 13:00:52,2026-05-28 13:45:52,2,Korean,16.7,0.0,1.4,cancelled,30.52,True,7.63,2026-05-28 13:00:52
1988,394,50137017,2026-05-31 13:41:32,2026-05-31 14:26:32,4,French,43.4,28.9,40.7,completed,30.0,False,0.0,2026-05-31 13:41:32
1989,394,41237861,2026-03-18 20:56:17,2026-03-18 21:41:17,2,Italian,40.0,0.0,0.0,completed,54.24,False,0.0,2026-03-18 20:56:17
1990,394,50101661,2026-03-17 16:47:26,2026-03-17 17:47:26,5,Japanese,28.8,0.0,0.0,completed,86.8,False,0.0,2026-03-17 16:47:26
1991,394,50048671,2026-04-19 09:42:03,2026-04-19 10:12:03,3,French,30.9,0.6,0.3,completed,17.12,True,2.57,2026-04-19 09:42:03
1992,394,50167474,2026-03-24 11:27:10,2026-03-24 11:42:10,2,French,19.4,0.0,1.5,completed,30.81,False,0.0,2026-03-24 11:27:10
1993,394,50101851,2026-05-11 12:08:29,2026-05-11 12:23:29,2,French,26.1,0.0,0.4,completed,112.35,True,11.23,2026-05-11 12:08:29
1994,394,41598620,2026-03-19 14:33:05,2026-03-19 14:48:05,3,Mexican,17.4,0.0,4.0,cancelled,47.59,False,0.0,2026-03-19 14:33:05
1995,394,40665065,2026-04-14 16:54:48,2026-04-14 18:24:48,2,French,31.5,4.3,0.6,completed,38.13,True,9.53,2026-04-14 16:54:48
1996,394,41468117,2026-05-27 13:35:08,2026-05-27 14:20:08,2,French,36.0,0.0,0.7,completed,61.44,False,0.0,2026-05-27 13:35:08
1997,394,50116642,2026-05-13 17:51:47,2026-05-13 18:36:47,2,French,44.4,0.0,0.0,completed,10.2,False,0.0,2026-05-13 17:51:47
1998,394,41481394,2026-03-10 13:04:21,2026-03-10 13:19:21,2,American,21.5,0.0,3.0,completed,42.52,True,8.5,2026-03-10 13:04:21
1999,394,41223822,2026-05-04 16:48:30,2026-05-04 17:33:30,3,Chicken,7.3,0.0,0.0,cancelled,47.21,False,0.0,2026-05-04 16:48:30
2000,394,40510827,2026-04-22 21:45:32,2026-04-22 22:45:32,2,Mexican,44.3,0.0,0.7,completed,24.34,False,0.0,2026-04-22 21:45:32
2001,394,50035484,2026-04-20 19:27:33,2026-04-20 19:57:33,2,Sandwiches,28.7,0.0,0.6,completed,15.46,False,0.0,2026-04-20 19:27:33
2002,394,50146114,2026-04-25 18:54:24,2026-04-25 20:24:24,1,French,5.4,0.0,0.6,cancelled,5.04,False,0.0,2026-04-25 18:54:24
2003,394,50110540,2026-03-06 19:43:15,2026-03-06 20:13:15,2,Mexican,28.4,0.0,0.0,completed,74.51,True,14.9,2026-03-06 19:43:15
2004,394,41697654,2026-04-19 19:28:33,2026-04-19 20:13:33,2,Mexican,33.2,0.0,0.0,completed,3.32,False,0.0,2026-04-19 19:28:33
2005,394,50148732,2026-05-04 22:38:11,2026-05-04 23:38:11,2,Mexican,19.0,0.0,2.1,cancelled,21.11,True,3.17,2026-05-04 22:38:11
2006,394,50113613,2026-04-04 17:30:40,2026-04-04 17:45:40,2,Mexican,8.5,0.0,2.5,completed,60.86,False,0.0,2026-04-04 17:30:40
2007,395,50128175,2026-05-25 16:47:35,2026-05-25 18:47:35,2,Asian/Asian Fusion,35.8,0.0,0.4,completed,29.9,True,4.48,2026-05-25 16:47:35
2008,395,50182318,2026-05-17 11:31:50,2026-05-17 12:16:50,2,Asian/Asian Fusion,38.0,0.0,0.1,completed,61.14,False,0.0,2026-05-17 11:31:50
2009,395,50117248,2026-03-30 20:33:38,2026-03-30 21:03:38,3,Mexican,28.1,0.0,0.0,completed,157.45,False,0.0,2026-03-30 20:33:38
2010,395,40760809,2026-05-04 19:28:47,2026-05-04 20:28:47,4,Mexican,15.0,0.0,4.8,cancelled,127.54,False,0.0,2026-05-04 19:28:47
2011,396,50005075,2026-03-05 09:36:48,2026-03-05 10:21:48,3,American,5.7,4.1,4.0,completed,102.23,False,0.0,2026-03-05 09:36:48
2012,397,50166385,2026-05-11 20:17:49,2026-05-11 21:17:49,2,Latin American,41.7,0.0,0.0,completed,34.07,False,0.0,2026-05-11 20:17:49
2013,397,50056398,2026-04-11 20:48:01,2026-04-11 21:33:01,2,Donuts,35.6,0.0,0.0,completed,51.48,False,0.0,2026-04-11 20:48:01
2014,397,50085967,2026-03-09 21:13:47,2026-03-09 21:43:47,3,Donuts,18.3,0.0,3.1,completed,160.5,False,0.0,2026-03-09 21:13:47
2015,397,50019203,2026-05-02 17:53:00,2026-05-02 18:08:00,2,Latin American,22.1,0.0,0.1,completed,108.0,True,27.0,2026-05-02 17:53:00
2016,397,50136319,2026-05-06 15:30:11,2026-05-06 15:45:11,5,Latin American,8.4,0.0,0.0,completed,30.11,False,0.0,2026-05-06 15:30:11
2017,397,41688349,2026-03-28 19:48:12,2026-03-28 20:33:12,2,Donuts,25.9,0.0,0.0,completed,20.31,False,0.0,2026-03-28 19:48:12
2018,398,50099508,2026-05-22 17:22:14,2026-05-22 17:52:14,1,Other,22.0,0.0,0.0,no_show,17.33,False,0.0,2026-05-22 17:22:14
2019,398,50139065,2026-04-29 17:39:52,2026-04-29 18:24:52,1,Chinese,35.1,0.0,0.1,cancelled,26.61,False,0.0,2026-04-29 17:39:52
2020,398,50182448,2026-05-09 17:23:26,2026-05-09 18:23:26,1,Japanese,5.1,0.0,1.4,completed,8.05,False,0.0,2026-05-09 17:23:26
2021,398,50163159,2026-03-23 21:42:58,2026-03-23 23:12:58,2,Chinese,39.5,0.0,0.0,completed,33.42,False,0.0,2026-03-23 21:42:58
2022,399,41353639,2026-04-18 11:38:59,2026-04-18 11:53:59,1,Coffee/Tea,13.2,0.0,0.0,cancelled,51.63,False,0.0,2026-04-18 11:38:59
2023,399,50118133,2026-04-12 16:52:45,2026-04-12 17:52:45,3,Coffee/Tea,25.3,0.0,0.0,completed,246.4,False,0.0,2026-04-12 16:52:45
2024,399,50130650,2026-04-26 15:11:27,2026-04-26 15:56:27,2,Japanese,44.6,0.0,3.1,completed,48.69,False,0.0,2026-04-26 15:11:27
2025,399,50178511,2026-05-16 20:08:01,2026-05-16 21:08:01,2,Coffee/Tea,12.5,0.0,0.1,completed,58.72,False,0.0,2026-05-16 20:08:01
2026,399,50160967,2026-03-13 10:26:10,2026-03-13 10:56:10,4,American,35.3,0.0,5.6,completed,72.41,False,0.0,2026-03-13 10:26:10
2027,400,50152652,2026-05-31 12:46:27,2026-05-31 13:31:27,2,Korean,24.2,0.0,1.5,completed,19.25,False,0.0,2026-05-31 12:46:27
2028,400,50142569,2026-03-02 12:56:16,2026-03-02 14:26:16,6,Other,32.2,0.0,0.0,completed,104.6,False,0.0,2026-03-02 12:56:16
2029,400,50099434,2026-05-19 21:32:51,2026-05-19 22:02:51,2,Korean,40.6,0.0,0.3,completed,9.92,True,1.49,2026-05-19 21:32:51
2030,400,50125223,2026-05-21 18:09:27,2026-05-21 18:54:27,6,Other,43.8,0.0,1.1,completed,67.93,True,13.59,2026-05-21 18:09:27
2031,401,50136924,2026-03-12 19:06:34,2026-03-12 19:36:34,3,Chinese,28.7,0.0,0.0,cancelled,111.85,False,0.0,2026-03-12 19:06:34
2032,401,50111343,2026-05-28 18:21:11,2026-05-28 19:06:11,2,Mexican,24.8,0.0,2.8,cancelled,25.97,False,0.0,2026-05-28 18:21:11
2033,401,50160910,2026-04-01 14:49:22,2026-04-01 15:49:22,3,Coffee/Tea,23.2,0.0,0.0,completed,32.01,False,0.0,2026-04-01 14:49:22
2034,401,50150901,2026-05-27 13:49:20,2026-05-27 14:34:20,4,Korean,5.8,0.0,0.0,completed,88.47,False,0.0,2026-05-27 13:49:20
2035,402,50097493,2026-04-25 10:53:26,2026-04-25 11:08:26,1,Mediterranean,29.5,0.0,3.2,completed,24.35,False,0.0,2026-04-25 10:53:26
2036,402,50032946,2026-05-23 18:22:32,2026-05-23 19:22:32,2,Mediterranean,10.7,0.0,1.1,completed,63.48,False,0.0,2026-05-23 18:22:32
2037,402,41649359,2026-03-16 08:10:46,2026-03-16 09:10:46,3,Donuts,39.7,0.0,0.0,completed,266.67,False,0.0,2026-03-16 08:10:46
2038,402,50148199,2026-03-13 21:13:05,2026-03-13 22:13:05,2,Mediterranean,37.4,0.0,1.8,completed,34.04,False,0.0,2026-03-13 21:13:05
2039,402,50007925,2026-04-09 14:10:35,2026-04-09 14:40:35,3,Mediterranean,21.1,0.0,0.0,completed,154.13,True,23.12,2026-04-09 14:10:35
2040,403,50012218,2026-04-30 20:45:48,2026-04-30 22:15:48,2,Donuts,38.4,0.0,7.0,completed,29.75,False,0.0,2026-04-30 20:45:48
2041,403,50056398,2026-04-13 13:23:26,2026-04-13 13:38:26,2,Donuts,19.4,0.0,1.0,completed,104.62,False,0.0,2026-04-13 13:23:26
2042,403,50042840,2026-05-28 14:21:33,2026-05-28 15:51:33,2,Donuts,34.8,0.0,0.0,completed,62.74,True,15.69,2026-05-28 14:21:33
2043,403,50112933,2026-04-29 11:34:14,2026-04-29 12:19:14,2,Donuts,24.5,0.0,0.0,completed,114.65,False,0.0,2026-04-29 11:34:14
2044,403,50089251,2026-05-12 15:04:00,2026-05-12 15:49:00,2,Donuts,9.5,0.0,1.9,completed,36.74,False,0.0,2026-05-12 15:04:00
2045,403,50045177,2026-03-19 11:26:19,2026-03-19 11:56:19,3,Irish,30.6,0.0,1.6,completed,78.37,False,0.0,2026-03-19 11:26:19
2046,403,41263890,2026-03-27 08:19:55,2026-03-27 09:19:55,1,Donuts,30.5,0.0,0.0,completed,39.76,True,9.94,2026-03-27 08:19:55
2047,404,50154042,2026-05-24 13:35:50,2026-05-24 14:05:50,2,Chicken,16.9,0.0,0.8,completed,14.4,False,0.0,2026-05-24 13:35:50
2048,404,50091290,2026-05-01 08:25:11,2026-05-01 09:55:11,4,Thai,12.0,0.0,2.9,completed,96.41,False,0.0,2026-05-01 08:25:11
2049,404,50138456,2026-05-26 12:54:44,2026-05-26 14:24:44,4,Thai,35.2,0.0,0.0,completed,119.71,True,23.94,2026-05-26 12:54:44
2050,404,50154042,2026-04-05 19:34:53,2026-04-05 20:04:53,2,Chicken,27.6,0.0,0.0,completed,26.98,False,0.0,2026-04-05 19:34:53
2051,404,50167329,2026-03-29 15:50:49,2026-03-29 16:20:49,2,American,25.4,0.0,4.3,completed,62.94,False,0.0,2026-03-29 15:50:49
2052,404,50114995,2026-05-31 14:55:14,2026-05-31 15:40:14,1,Thai,38.2,45.4,29.2,completed,44.17,False,0.0,2026-05-31 14:55:14
2053,404,50160419,2026-05-19 13:45:01,2026-05-19 15:15:01,1,Pizza,19.6,0.0,0.0,completed,31.31,False,0.0,2026-05-19 13:45:01
2054,404,50179690,2026-04-14 16:51:33,2026-04-14 17:06:33,2,Coffee/Tea,23.7,0.0,0.0,completed,26.02,False,0.0,2026-04-14 16:51:33
2055,404,50105935,2026-04-25 10:49:03,2026-04-25 11:34:03,5,American,12.0,0.0,0.5,completed,67.2,True,6.72,2026-04-25 10:49:03
2056,404,50091469,2026-04-11 11:32:54,2026-04-11 11:47:54,5,Chicken,11.2,0.0,0.3,completed,80.23,False,0.0,2026-04-11 11:32:54
2057,405,50151893,2026-04-06 09:17:01,2026-04-06 10:02:01,3,Japanese,19.4,0.0,0.0,completed,26.41,True,5.28,2026-04-06 09:17:01
2058,405,50051556,2026-05-04 19:04:38,2026-05-04 19:19:38,2,Latin American,33.6,0.0,0.0,completed,93.25,False,0.0,2026-05-04 19:04:38
2059,405,50058330,2026-05-14 14:33:22,2026-05-14 14:48:22,4,Coffee/Tea,37.0,0.0,0.8,completed,132.84,True,19.93,2026-05-14 14:33:22
2060,405,40693546,2026-04-01 18:25:35,2026-04-01 18:40:35,1,American,15.1,0.0,5.0,completed,18.89,False,0.0,2026-04-01 18:25:35
2061,405,50108954,2026-03-06 13:34:16,2026-03-06 13:49:16,2,Chicken,30.2,0.0,0.0,completed,7.92,False,0.0,2026-03-06 13:34:16
2062,405,50119540,2026-05-14 17:44:16,2026-05-14 18:14:16,2,Chicken,43.3,0.0,1.1,completed,39.16,False,0.0,2026-05-14 17:44:16
2063,405,41720680,2026-03-19 18:07:22,2026-03-19 18:52:22,4,Mediterranean,30.8,0.0,1.9,completed,44.99,False,0.0,2026-03-19 18:07:22
2064,405,50090708,2026-03-09 20:02:57,2026-03-09 20:32:57,2,Chicken,29.3,0.0,0.9,completed,28.01,False,0.0,2026-03-09 20:02:57
2065,405,50077203,2026-03-01 20:26:28,2026-03-01 20:56:28,2,Chicken,16.0,0.0,2.9,completed,89.59,False,0.0,2026-03-01 20:26:28
2066,405,50163249,2026-05-04 19:09:50,2026-05-04 19:39:50,2,Mediterranean,34.6,0.0,0.0,completed,67.79,False,0.0,2026-05-04 19:09:50
2067,405,50052956,2026-04-17 13:25:42,2026-04-17 14:25:42,1,American,39.4,0.0,0.0,completed,12.26,False,0.0,2026-04-17 13:25:42
2068,405,50045109,2026-04-20 10:47:15,2026-04-20 11:02:15,1,Chicken,28.0,0.9,0.0,no_show,21.46,True,5.36,2026-04-20 10:47:15
2069,405,50126957,2026-04-05 18:33:15,2026-04-05 19:33:15,4,Mediterranean,19.8,0.0,9.4,completed,175.01,False,0.0,2026-04-05 18:33:15
2070,406,50074148,2026-03-26 10:09:35,2026-03-26 11:39:35,1,"Juice, Smoothies, Fruit Salads",41.6,0.0,4.9,cancelled,20.06,False,0.0,2026-03-26 10:09:35
2071,406,50137811,2026-03-03 09:03:02,2026-03-03 10:33:02,2,"Juice, Smoothies, Fruit Salads",17.8,0.0,0.0,completed,37.18,False,0.0,2026-03-03 09:03:02
2072,406,50070654,2026-04-23 14:50:43,2026-04-23 15:35:43,2,"Juice, Smoothies, Fruit Salads",15.5,0.0,2.4,completed,19.15,False,0.0,2026-04-23 14:50:43
2073,407,50182543,2026-03-21 13:05:26,2026-03-21 13:50:26,2,Other,7.5,1.0,4.0,completed,65.44,False,0.0,2026-03-21 13:05:26
2074,407,50171357,2026-03-02 11:36:51,2026-03-02 12:36:51,5,"Juice, Smoothies, Fruit Salads",12.9,0.0,0.0,completed,145.06,False,0.0,2026-03-02 11:36:51
2075,407,50053477,2026-03-01 22:26:21,2026-03-01 23:11:21,2,"Juice, Smoothies, Fruit Salads",37.9,0.0,0.4,completed,83.43,True,16.69,2026-03-01 22:26:21
2076,407,50153269,2026-05-14 20:40:22,2026-05-14 22:40:22,2,Other,19.3,0.0,0.0,completed,48.97,False,0.0,2026-05-14 20:40:22
2077,407,50143691,2026-05-18 15:10:38,2026-05-18 15:40:38,2,Other,21.9,0.0,0.0,completed,44.91,False,0.0,2026-05-18 15:10:38
2078,407,50143691,2026-05-06 15:09:04,2026-05-06 15:24:04,2,Other,5.3,0.0,0.0,completed,100.14,False,0.0,2026-05-06 15:09:04
2079,407,50119636,2026-05-17 19:21:36,2026-05-17 19:51:36,2,Other,7.0,4.0,2.7,completed,88.32,False,0.0,2026-05-17 19:21:36
2080,407,50172475,2026-03-15 12:18:43,2026-03-15 13:03:43,2,Coffee/Tea,30.0,0.0,0.0,completed,77.49,True,7.75,2026-03-15 12:18:43
2081,407,50126957,2026-03-17 19:06:51,2026-03-17 19:21:51,3,Mediterranean,35.4,0.0,0.0,completed,76.34,True,15.27,2026-03-17 19:06:51
2082,407,40933963,2026-04-20 18:00:15,2026-04-20 18:30:15,2,Coffee/Tea,44.4,0.0,0.0,completed,80.39,False,0.0,2026-04-20 18:00:15
2083,407,50011694,2026-05-15 16:55:54,2026-05-15 17:25:54,1,Chicken,24.6,0.0,0.0,completed,15.42,True,3.08,2026-05-15 16:55:54
2084,408,50146131,2026-03-25 19:49:09,2026-03-25 20:49:09,1,Chicken,16.0,0.0,0.0,completed,15.0,False,0.0,2026-03-25 19:49:09
2085,408,50154042,2026-05-07 17:01:58,2026-05-07 18:01:58,5,Chicken,42.8,0.0,0.9,completed,267.81,False,0.0,2026-05-07 17:01:58
2086,408,50108511,2026-04-11 19:36:02,2026-04-11 21:06:02,1,Mediterranean,10.8,0.0,0.0,completed,39.72,False,0.0,2026-04-11 19:36:02
2087,408,50183153,2026-04-05 16:06:46,2026-04-05 17:36:46,3,Chicken,26.2,0.0,0.0,completed,129.44,True,25.89,2026-04-05 16:06:46
2088,409,50148469,2026-03-04 18:28:00,2026-03-04 18:58:00,2,Coffee/Tea,32.9,0.0,0.0,completed,22.08,False,0.0,2026-03-04 18:28:00
2089,409,40939600,2026-03-11 12:37:20,2026-03-11 12:52:20,1,American,6.0,0.0,0.0,completed,39.11,False,0.0,2026-03-11 12:37:20
2090,409,50130200,2026-03-10 22:13:48,2026-03-10 22:28:48,2,French,11.3,40.5,45.4,completed,153.34,True,30.67,2026-03-10 22:13:48
2091,409,41631538,2026-03-19 12:31:22,2026-03-19 12:46:22,2,French,36.6,12.6,7.7,completed,49.15,False,0.0,2026-03-19 12:31:22
2092,409,50116877,2026-04-15 12:44:15,2026-04-15 13:44:15,2,Chinese,8.0,0.0,1.0,no_show,59.15,False,0.0,2026-04-15 12:44:15
2093,410,50131695,2026-03-04 17:03:34,2026-03-04 18:03:34,3,Latin American,37.3,0.0,1.0,completed,402.89,False,0.0,2026-03-04 17:03:34
2094,410,50179690,2026-05-17 21:07:40,2026-05-17 21:22:40,6,Coffee/Tea,33.5,0.0,0.0,completed,224.43,False,0.0,2026-05-17 21:07:40
2095,410,50144824,2026-04-28 20:00:08,2026-04-28 21:30:08,1,Coffee/Tea,36.0,0.0,0.8,no_show,4.8,False,0.0,2026-04-28 20:00:08
2096,410,50036394,2026-03-07 13:32:06,2026-03-07 14:02:06,4,Latin American,7.0,0.0,0.0,completed,44.94,False,0.0,2026-03-07 13:32:06
2097,410,50170737,2026-04-30 15:12:42,2026-04-30 15:42:42,2,Latin American,22.6,0.0,0.0,completed,102.72,True,10.27,2026-04-30 15:12:42
2098,410,41366512,2026-04-14 17:10:02,2026-04-14 17:40:02,4,Coffee/Tea,27.6,0.0,3.4,completed,101.94,False,0.0,2026-04-14 17:10:02
2099,411,50044763,2026-05-05 13:35:57,2026-05-05 14:20:57,5,Sandwiches,41.8,0.0,4.1,completed,64.72,False,0.0,2026-05-05 13:35:57
2100,411,50015128,2026-05-01 12:29:46,2026-05-01 13:14:46,3,Sandwiches,33.5,0.0,1.1,completed,57.85,False,0.0,2026-05-01 12:29:46
2101,412,50143809,2026-03-01 21:59:53,2026-03-01 23:29:53,2,Chicken,34.5,0.0,3.4,completed,56.02,False,0.0,2026-03-01 21:59:53
2102,412,50182290,2026-03-07 10:24:55,2026-03-07 10:54:55,1,Chicken,26.9,0.0,0.0,completed,5.5,False,0.0,2026-03-07 10:24:55
2103,412,50032887,2026-05-24 20:10:18,2026-05-24 20:25:18,5,Mexican,37.5,0.0,6.8,completed,73.58,False,0.0,2026-05-24 20:10:18
2104,412,50181127,2026-04-24 12:39:46,2026-04-24 13:09:46,2,Mexican,7.8,0.0,2.3,completed,59.54,False,0.0,2026-04-24 12:39:46
2105,412,50141260,2026-05-31 17:54:25,2026-05-31 18:24:25,1,Mexican,12.3,0.0,0.0,no_show,2.85,False,0.0,2026-05-31 17:54:25
2106,412,50146232,2026-03-31 14:26:37,2026-03-31 15:11:37,4,Coffee/Tea,16.4,0.0,0.0,completed,235.83,False,0.0,2026-03-31 14:26:37
2107,412,50050991,2026-03-08 19:35:00,2026-03-08 20:05:00,2,Chicken,38.2,0.0,0.0,completed,28.4,False,0.0,2026-03-08 19:35:00
2108,413,50121356,2026-05-15 10:37:24,2026-05-15 11:07:24,5,Other,45.0,0.0,0.0,completed,159.34,False,0.0,2026-05-15 10:37:24
2109,414,50035484,2026-03-11 14:02:52,2026-03-11 14:17:52,5,Sandwiches,21.0,0.0,0.3,completed,109.22,False,0.0,2026-03-11 14:02:52
2110,414,50165641,2026-04-08 21:08:05,2026-04-08 21:38:05,2,Bakery Products/Desserts,31.8,0.0,0.9,completed,95.76,False,0.0,2026-04-08 21:08:05
2111,414,50116474,2026-04-21 18:25:40,2026-04-21 18:55:40,1,Mediterranean,27.7,0.0,0.0,completed,117.02,True,17.55,2026-04-21 18:25:40
2112,416,50065420,2026-03-28 20:38:18,2026-03-28 20:53:18,4,Italian,22.0,0.0,0.8,completed,36.48,False,0.0,2026-03-28 20:38:18
2113,416,40574293,2026-05-25 17:55:58,2026-05-25 18:10:58,2,American,10.3,0.0,3.8,completed,44.75,False,0.0,2026-05-25 17:55:58
2114,417,50053465,2026-03-21 14:02:57,2026-03-21 14:32:57,1,Latin American,29.4,0.0,1.6,cancelled,56.28,False,0.0,2026-03-21 14:02:57
2115,417,50087778,2026-04-26 11:13:22,2026-04-26 13:13:22,5,Pizza,17.6,0.0,0.0,completed,390.65,True,78.13,2026-04-26 11:13:22
2116,417,41577295,2026-03-19 19:53:29,2026-03-19 20:38:29,2,Latin American,13.1,0.0,0.0,completed,58.96,False,0.0,2026-03-19 19:53:29
2117,417,50165750,2026-04-22 12:58:47,2026-04-22 14:28:47,4,Coffee/Tea,38.6,0.0,0.0,completed,206.77,False,0.0,2026-04-22 12:58:47
2118,417,41096461,2026-05-29 11:43:54,2026-05-29 12:43:54,3,Irish,38.4,0.0,0.0,completed,282.79,False,0.0,2026-05-29 11:43:54
2119,418,50157471,2026-05-02 19:43:35,2026-05-02 20:28:35,2,Bakery Products/Desserts,24.9,0.0,0.0,completed,121.47,False,0.0,2026-05-02 19:43:35
2120,418,50064374,2026-05-24 11:56:13,2026-05-24 13:26:13,2,Seafood,12.0,0.0,2.4,completed,88.33,True,8.83,2026-05-24 11:56:13
2121,418,50113122,2026-05-10 20:15:38,2026-05-10 21:15:38,2,Chicken,24.4,0.0,3.1,completed,4.86,False,0.0,2026-05-10 20:15:38
2122,419,50176710,2026-05-27 17:40:03,2026-05-27 18:10:03,1,Donuts,28.8,0.0,0.0,completed,60.96,False,0.0,2026-05-27 17:40:03
2123,419,50118007,2026-05-21 11:38:25,2026-05-21 13:08:25,1,Donuts,15.7,0.0,2.6,completed,150.16,False,0.0,2026-05-21 11:38:25
2124,419,41704459,2026-05-03 18:16:40,2026-05-03 19:46:40,1,Donuts,29.6,0.0,0.0,completed,41.54,False,0.0,2026-05-03 18:16:40
2125,419,50098784,2026-03-19 21:15:03,2026-03-19 22:45:03,2,Thai,32.8,0.0,0.4,completed,23.03,True,3.45,2026-03-19 21:15:03
2126,419,50098654,2026-03-25 13:04:16,2026-03-25 13:34:16,2,Donuts,29.7,0.0,0.0,completed,74.32,False,0.0,2026-03-25 13:04:16
2127,419,50166642,2026-03-04 20:07:11,2026-03-04 21:37:11,2,Chinese,30.8,0.0,1.1,cancelled,67.55,True,16.89,2026-03-04 20:07:11
2128,419,50127097,2026-04-21 21:16:50,2026-04-21 22:01:50,1,American,42.6,0.0,4.9,cancelled,56.11,False,0.0,2026-04-21 21:16:50
2129,419,50151696,2026-04-21 11:49:54,2026-04-21 12:34:54,1,Donuts,35.3,0.0,6.0,completed,134.91,False,0.0,2026-04-21 11:49:54
2130,420,50117581,2026-04-21 12:36:12,2026-04-21 13:06:12,3,Italian,25.9,0.3,1.5,completed,74.03,False,0.0,2026-04-21 12:36:12
2131,420,50145144,2026-03-01 13:13:20,2026-03-01 13:43:20,3,Other,9.2,0.0,0.0,completed,48.06,False,0.0,2026-03-01 13:13:20
2132,420,50102700,2026-05-05 20:40:49,2026-05-05 21:25:49,1,Other,6.3,0.0,0.0,completed,7.72,False,0.0,2026-05-05 20:40:49
2133,421,50132573,2026-03-19 12:17:17,2026-03-19 13:17:17,1,American,7.3,0.0,4.8,completed,98.83,False,0.0,2026-03-19 12:17:17
2134,421,50145771,2026-03-06 11:14:19,2026-03-06 12:44:19,1,Asian/Asian Fusion,29.9,0.0,0.0,completed,65.78,True,13.16,2026-03-06 11:14:19
2135,421,50109998,2026-05-06 20:44:02,2026-05-06 21:44:02,2,"Juice, Smoothies, Fruit Salads",17.1,0.0,0.0,completed,199.88,False,0.0,2026-05-06 20:44:02
2136,421,50134409,2026-03-27 19:27:07,2026-03-27 21:27:07,3,Coffee/Tea,6.5,0.0,0.0,completed,343.02,False,0.0,2026-03-27 19:27:07
2137,421,50158303,2026-03-25 20:38:07,2026-03-25 21:38:07,6,Coffee/Tea,10.1,0.0,0.0,completed,111.69,False,0.0,2026-03-25 20:38:07
2138,421,50172166,2026-04-25 10:36:43,2026-04-25 11:21:43,2,Coffee/Tea,16.8,0.0,0.5,cancelled,32.62,False,0.0,2026-04-25 10:36:43
2139,421,50109268,2026-04-07 12:35:29,2026-04-07 12:50:29,1,Asian/Asian Fusion,17.5,0.0,0.0,completed,42.63,False,0.0,2026-04-07 12:35:29
2140,421,50129875,2026-03-21 18:19:09,2026-03-21 19:04:09,2,Korean,14.7,0.0,0.0,completed,30.13,True,6.03,2026-03-21 18:19:09
2141,421,50072352,2026-05-24 13:21:32,2026-05-24 13:51:32,6,Asian/Asian Fusion,38.4,0.0,0.0,completed,261.71,False,0.0,2026-05-24 13:21:32
2142,421,50171190,2026-03-26 17:56:51,2026-03-26 18:26:51,3,Asian/Asian Fusion,37.4,0.0,0.3,completed,256.26,True,51.25,2026-03-26 17:56:51
2143,421,50148469,2026-03-03 09:35:57,2026-03-03 10:05:57,2,Coffee/Tea,44.3,0.0,0.0,completed,38.38,True,5.76,2026-03-03 09:35:57
2144,421,50138101,2026-03-05 09:04:09,2026-03-05 09:19:09,2,Chinese,6.5,0.0,0.1,completed,65.38,True,9.81,2026-03-05 09:04:09
2145,421,50121348,2026-04-05 15:46:44,2026-04-05 16:01:44,2,Coffee/Tea,16.9,0.0,5.7,completed,71.23,True,14.25,2026-04-05 15:46:44
2146,421,50119231,2026-03-11 08:59:20,2026-03-11 09:14:20,2,Donuts,10.2,0.0,0.0,completed,360.64,False,0.0,2026-03-11 08:59:20
2147,421,50136082,2026-05-23 10:45:00,2026-05-23 11:30:00,1,Asian/Asian Fusion,26.9,0.0,0.6,completed,76.86,False,0.0,2026-05-23 10:45:00
2148,421,50079399,2026-04-28 12:10:08,2026-04-28 12:40:08,1,Asian/Asian Fusion,41.9,0.0,1.8,completed,63.02,False,0.0,2026-04-28 12:10:08
2149,421,50144353,2026-03-29 08:20:47,2026-03-29 09:05:47,2,American,23.1,0.0,0.0,completed,222.25,False,0.0,2026-03-29 08:20:47
2150,422,50100272,2026-04-29 22:28:37,2026-04-29 22:43:37,2,American,5.3,0.0,1.2,completed,16.71,False,0.0,2026-04-29 22:28:37
2151,422,50067502,2026-05-17 13:40:04,2026-05-17 14:25:04,1,Donuts,18.6,0.0,0.0,completed,21.12,False,0.0,2026-05-17 13:40:04
2152,422,50149775,2026-04-30 12:12:58,2026-04-30 13:12:58,2,"Juice, Smoothies, Fruit Salads",34.5,0.0,1.2,completed,41.69,True,6.25,2026-04-30 12:12:58
2153,423,50164005,2026-04-28 18:08:17,2026-04-28 18:38:17,3,Indian,33.6,0.0,0.0,completed,98.16,False,0.0,2026-04-28 18:08:17
2154,423,50051545,2026-05-25 18:52:11,2026-05-25 20:52:11,4,Japanese,20.3,0.0,0.0,completed,55.73,False,0.0,2026-05-25 18:52:11
2155,423,50112925,2026-04-29 20:50:26,2026-04-29 21:20:26,2,Indian,12.0,0.0,0.0,completed,68.69,False,0.0,2026-04-29 20:50:26
2156,423,50158477,2026-04-01 20:11:09,2026-04-01 21:41:09,1,Japanese,11.4,0.0,0.0,completed,11.79,False,0.0,2026-04-01 20:11:09
2157,423,50136331,2026-05-06 19:09:19,2026-05-06 19:39:19,1,Indian,18.0,0.0,1.3,completed,48.63,False,0.0,2026-05-06 19:09:19
2158,423,50046997,2026-05-12 10:46:53,2026-05-12 11:16:53,1,Japanese,18.1,20.8,24.2,completed,38.92,True,5.84,2026-05-12 10:46:53
2159,423,50121348,2026-03-12 15:40:08,2026-03-12 16:10:08,2,Coffee/Tea,35.6,0.0,0.0,completed,19.66,False,0.0,2026-03-12 15:40:08
2160,423,50058308,2026-04-26 19:53:41,2026-04-26 20:23:41,2,Chinese,7.5,0.0,0.0,completed,117.29,False,0.0,2026-04-26 19:53:41
2161,423,50144219,2026-03-27 19:21:31,2026-03-27 20:06:31,6,Japanese,15.8,0.0,2.8,completed,130.43,False,0.0,2026-03-27 19:21:31
2162,423,50125909,2026-04-18 19:05:32,2026-04-18 20:35:32,2,Japanese,10.6,8.8,9.3,completed,47.12,False,0.0,2026-04-18 19:05:32
2163,423,50121070,2026-05-15 19:00:51,2026-05-15 19:45:51,2,Mexican,43.8,0.0,0.0,completed,58.87,False,0.0,2026-05-15 19:00:51
2164,423,50131291,2026-03-21 20:53:38,2026-03-21 21:23:38,2,Indian,26.1,0.2,0.7,completed,39.01,False,0.0,2026-03-21 20:53:38
2165,423,50144320,2026-03-04 12:52:04,2026-03-04 13:07:04,2,Indian,30.6,9.4,12.0,completed,73.61,True,7.36,2026-03-04 12:52:04
2166,423,50123492,2026-04-13 13:55:06,2026-04-13 14:40:06,2,Indian,14.0,21.8,28.0,completed,69.4,False,0.0,2026-04-13 13:55:06
2167,423,50097492,2026-03-13 15:49:18,2026-03-13 16:49:18,3,American,34.5,0.0,0.0,completed,53.44,False,0.0,2026-03-13 15:49:18
2168,424,50164310,2026-05-27 17:36:56,2026-05-27 19:36:56,1,American,41.9,0.0,0.0,completed,42.34,False,0.0,2026-05-27 17:36:56
2169,424,50107403,2026-04-18 21:22:41,2026-04-18 22:22:41,2,Chicken,40.8,0.0,0.0,completed,33.54,False,0.0,2026-04-18 21:22:41
2170,424,50168016,2026-04-28 18:21:44,2026-04-28 18:36:44,5,Chicken,10.0,0.0,0.0,completed,124.35,False,0.0,2026-04-28 18:21:44
2171,424,41163622,2026-05-30 15:00:00,2026-05-30 15:30:00,2,Chicken,16.0,0.0,4.7,completed,34.07,True,3.41,2026-05-30 15:00:00
2172,424,50080589,2026-05-07 15:00:41,2026-05-07 15:45:41,2,Coffee/Tea,25.9,0.0,6.0,completed,28.64,True,5.73,2026-05-07 15:00:41
2173,424,50111727,2026-04-22 11:56:54,2026-04-22 13:56:54,2,Chicken,39.5,0.0,3.5,cancelled,17.4,False,0.0,2026-04-22 11:56:54
2174,424,50059434,2026-05-19 12:53:44,2026-05-19 14:23:44,1,Bakery Products/Desserts,26.2,0.0,0.8,completed,16.43,False,0.0,2026-05-19 12:53:44
2175,424,41395881,2026-03-18 19:25:17,2026-03-18 20:10:17,2,American,12.6,0.0,1.3,completed,45.33,True,11.33,2026-03-18 19:25:17
2176,424,50147844,2026-04-25 17:50:10,2026-04-25 18:50:10,2,Chicken,26.5,0.0,2.0,completed,64.27,False,0.0,2026-04-25 17:50:10
2177,424,50172722,2026-04-01 08:37:32,2026-04-01 10:07:32,4,Chicken,17.7,0.0,5.4,completed,70.43,False,0.0,2026-04-01 08:37:32
2178,424,50128774,2026-03-28 10:42:57,2026-03-28 11:12:57,6,Chicken,15.0,0.0,0.0,cancelled,193.09,False,0.0,2026-03-28 10:42:57
2179,424,50151238,2026-03-28 19:20:07,2026-03-28 19:50:07,3,Japanese,33.1,0.0,0.0,completed,20.59,False,0.0,2026-03-28 19:20:07
2180,424,50172321,2026-05-07 14:46:38,2026-05-07 15:46:38,2,Japanese,11.4,0.0,3.1,completed,33.41,False,0.0,2026-05-07 14:46:38
2181,425,40602878,2026-04-27 08:16:17,2026-04-27 09:01:17,3,Coffee/Tea,12.7,0.0,0.0,cancelled,46.16,False,0.0,2026-04-27 08:16:17
2182,425,40558850,2026-05-22 12:59:35,2026-05-22 13:59:35,2,American,16.5,0.0,0.0,completed,105.47,False,0.0,2026-05-22 12:59:35
2183,425,41542821,2026-05-23 11:16:58,2026-05-23 11:46:58,3,Coffee/Tea,36.1,0.0,0.0,completed,204.45,False,0.0,2026-05-23 11:16:58
2184,425,50120176,2026-04-15 13:46:11,2026-04-15 14:01:11,3,Coffee/Tea,44.5,0.0,0.0,completed,32.5,False,0.0,2026-04-15 13:46:11
2185,426,50122147,2026-05-12 20:08:25,2026-05-12 20:38:25,2,Korean,19.7,0.0,0.0,completed,6.29,False,0.0,2026-05-12 20:08:25
2186,427,50137991,2026-04-15 08:24:23,2026-04-15 09:54:23,3,Coffee/Tea,9.2,0.0,0.0,completed,226.74,False,0.0,2026-04-15 08:24:23
2187,427,50170180,2026-03-25 18:40:26,2026-03-25 19:10:26,2,Latin American,25.1,0.0,0.0,completed,525.96,True,78.89,2026-03-25 18:40:26
2188,427,50101452,2026-03-16 09:55:42,2026-03-16 11:25:42,2,"Juice, Smoothies, Fruit Salads",8.2,0.0,0.0,completed,269.74,False,0.0,2026-03-16 09:55:42
2189,427,50103445,2026-04-24 11:44:31,2026-04-24 12:44:31,4,"Juice, Smoothies, Fruit Salads",22.4,0.0,2.4,completed,39.28,False,0.0,2026-04-24 11:44:31
2190,427,50063627,2026-05-25 14:51:43,2026-05-25 15:21:43,4,"Juice, Smoothies, Fruit Salads",27.3,0.0,0.0,completed,100.04,False,0.0,2026-05-25 14:51:43
2191,427,50101533,2026-04-02 21:10:38,2026-04-02 22:40:38,3,Coffee/Tea,5.9,0.0,0.0,completed,140.55,False,0.0,2026-04-02 21:10:38
2192,427,41249363,2026-05-07 19:15:41,2026-05-07 20:00:41,1,Coffee/Tea,28.1,0.0,4.3,completed,73.54,False,0.0,2026-05-07 19:15:41
2193,428,50146219,2026-05-08 17:07:39,2026-05-08 17:37:39,2,Sandwiches,35.4,0.0,0.5,completed,47.63,True,11.91,2026-05-08 17:07:39
2194,428,50139872,2026-05-06 08:51:14,2026-05-06 10:21:14,1,Korean,27.6,0.0,2.1,completed,141.16,False,0.0,2026-05-06 08:51:14
2195,429,50176207,2026-04-25 12:03:03,2026-04-25 12:18:03,1,Other,15.4,0.0,1.9,completed,24.93,False,0.0,2026-04-25 12:03:03
2196,429,50116632,2026-05-06 09:58:13,2026-05-06 10:43:13,2,Sandwiches,39.9,0.0,0.3,completed,22.2,False,0.0,2026-05-06 09:58:13
2197,429,50137356,2026-05-22 20:53:26,2026-05-22 21:23:26,1,Other,12.9,0.0,0.0,completed,24.5,True,4.9,2026-05-22 20:53:26
2198,430,50173574,2026-05-12 19:08:54,2026-05-12 20:08:54,2,Latin American,26.9,0.0,3.6,completed,305.44,False,0.0,2026-05-12 19:08:54
2199,430,50162524,2026-03-29 19:56:24,2026-03-29 20:41:24,2,Chinese,11.5,0.0,0.0,completed,223.18,False,0.0,2026-03-29 19:56:24
2200,430,50171869,2026-05-02 14:27:37,2026-05-02 15:27:37,4,Mexican,39.6,0.0,0.0,completed,83.2,False,0.0,2026-05-02 14:27:37
2201,430,50092153,2026-04-09 10:31:11,2026-04-09 11:31:11,1,Chinese,41.9,0.0,4.4,completed,80.58,False,0.0,2026-04-09 10:31:11
2202,430,50133516,2026-05-11 19:20:17,2026-05-11 19:50:17,4,Latin American,15.6,0.0,0.0,completed,96.47,False,0.0,2026-05-11 19:20:17
2203,430,50135943,2026-04-12 08:40:44,2026-04-12 09:10:44,4,Chinese,24.3,0.0,0.0,completed,88.24,False,0.0,2026-04-12 08:40:44
2204,430,40374266,2026-05-04 14:29:31,2026-05-04 15:29:31,2,Irish,29.4,0.0,0.0,completed,116.25,False,0.0,2026-05-04 14:29:31
2205,430,50162524,2026-05-07 13:10:57,2026-05-07 14:40:57,4,Chinese,8.6,0.0,0.0,cancelled,651.75,True,97.76,2026-05-07 13:10:57
2206,430,41482939,2026-05-25 11:33:35,2026-05-25 13:03:35,2,Latin American,18.1,0.0,3.3,completed,58.77,False,0.0,2026-05-25 11:33:35
2207,431,41415537,2026-04-08 21:16:22,2026-04-08 21:31:22,1,Thai,29.1,0.0,1.3,completed,13.8,False,0.0,2026-04-08 21:16:22
2208,431,40904478,2026-04-22 09:23:12,2026-04-22 09:53:12,2,Thai,28.2,0.0,0.0,completed,7.85,False,0.0,2026-04-22 09:23:12
2209,431,50134578,2026-05-26 20:40:57,2026-05-26 22:10:57,3,Thai,34.6,3.2,1.6,completed,79.08,False,0.0,2026-05-26 20:40:57
2210,431,50069320,2026-03-18 19:50:06,2026-03-18 20:20:06,4,Korean,16.9,0.0,3.8,completed,189.59,True,18.96,2026-03-18 19:50:06
2211,431,50005710,2026-03-15 08:52:05,2026-03-15 09:22:05,1,Korean,14.8,0.0,1.2,completed,29.46,False,0.0,2026-03-15 08:52:05
2212,431,50161634,2026-05-13 19:09:07,2026-05-13 19:54:07,2,Korean,17.1,0.0,0.0,completed,68.14,False,0.0,2026-05-13 19:09:07
2213,431,50067953,2026-05-14 17:08:37,2026-05-14 17:23:37,3,Korean,40.4,0.0,1.3,completed,118.26,False,0.0,2026-05-14 17:08:37
2214,432,50101367,2026-04-10 12:20:53,2026-04-10 13:20:53,2,Korean,6.5,0.0,1.2,cancelled,20.34,False,0.0,2026-04-10 12:20:53
2215,432,50135792,2026-05-11 20:11:49,2026-05-11 20:56:49,2,Korean,43.6,0.0,4.2,completed,11.63,False,0.0,2026-05-11 20:11:49
2216,432,50018211,2026-05-09 20:54:25,2026-05-09 21:39:25,5,Bakery Products/Desserts,29.8,0.0,8.0,cancelled,160.27,True,40.07,2026-05-09 20:54:25
2217,432,50168179,2026-04-05 20:38:04,2026-04-05 21:23:04,1,Korean,10.9,0.0,0.0,completed,39.52,False,0.0,2026-04-05 20:38:04
2218,432,50049346,2026-03-09 20:59:41,2026-03-09 21:14:41,3,Chicken,33.3,0.0,2.7,completed,75.25,True,11.29,2026-03-09 20:59:41
2219,432,50126689,2026-05-06 15:00:54,2026-05-06 16:00:54,2,Korean,31.0,0.0,0.4,completed,10.67,False,0.0,2026-05-06 15:00:54
2220,432,50076500,2026-03-30 10:57:00,2026-03-30 12:27:00,6,Korean,18.2,0.0,3.7,completed,286.8,False,0.0,2026-03-30 10:57:00
2221,433,50170946,2026-04-13 21:14:28,2026-04-13 21:59:28,2,Indian,43.8,0.0,0.9,cancelled,26.37,False,0.0,2026-04-13 21:14:28
2222,433,50145133,2026-04-06 18:47:39,2026-04-06 19:47:39,4,Chinese,20.7,0.0,0.0,completed,73.23,True,10.98,2026-04-06 18:47:39
2223,433,41066841,2026-04-03 13:39:36,2026-04-03 15:39:36,2,French,30.7,0.0,0.0,completed,41.86,True,6.28,2026-04-03 13:39:36
2224,434,50150505,2026-05-22 12:11:15,2026-05-22 12:41:15,2,Asian/Asian Fusion,25.2,0.0,1.9,completed,27.96,False,0.0,2026-05-22 12:11:15
2225,434,41644027,2026-05-18 10:42:47,2026-05-18 12:42:47,2,Indian,23.4,2.9,0.2,completed,24.78,False,0.0,2026-05-18 10:42:47
2226,434,50011024,2026-05-07 13:49:33,2026-05-07 14:49:33,4,Indian,8.4,5.1,2.8,completed,151.63,False,0.0,2026-05-07 13:49:33
2227,435,50116258,2026-05-10 19:59:38,2026-05-10 20:14:38,2,French,36.1,19.4,26.5,completed,25.38,True,3.81,2026-05-10 19:59:38
2228,435,50181856,2026-04-14 17:44:07,2026-04-14 18:14:07,2,Bakery Products/Desserts,40.7,0.0,0.7,completed,67.06,False,0.0,2026-04-14 17:44:07
2229,435,50124278,2026-04-19 12:59:39,2026-04-19 13:29:39,1,Asian/Asian Fusion,34.5,0.0,1.5,completed,34.64,False,0.0,2026-04-19 12:59:39
2230,435,41241757,2026-03-09 21:34:44,2026-03-09 22:04:44,1,Thai,17.9,0.0,0.0,cancelled,29.42,False,0.0,2026-03-09 21:34:44
2231,436,50083465,2026-04-01 13:21:58,2026-04-01 14:06:58,3,Chinese,37.7,0.0,2.3,completed,31.52,True,3.15,2026-04-01 13:21:58
2232,436,50163798,2026-05-13 09:04:57,2026-05-13 09:49:57,1,Asian/Asian Fusion,12.9,0.0,3.1,completed,22.03,False,0.0,2026-05-13 09:04:57
2233,436,50162906,2026-04-29 16:22:21,2026-04-29 17:52:21,4,Asian/Asian Fusion,28.0,0.0,0.0,completed,71.17,False,0.0,2026-04-29 16:22:21
2234,436,50156592,2026-04-02 12:36:42,2026-04-02 14:06:42,3,Chinese,31.4,0.0,1.9,completed,56.01,False,0.0,2026-04-02 12:36:42
2235,436,50125105,2026-04-27 13:23:34,2026-04-27 13:38:34,2,Asian/Asian Fusion,12.9,0.0,0.0,completed,23.3,False,0.0,2026-04-27 13:23:34
2236,436,50081021,2026-04-08 15:53:49,2026-04-08 16:38:49,4,Asian/Asian Fusion,12.6,0.0,2.2,completed,17.46,False,0.0,2026-04-08 15:53:49
2237,436,50177861,2026-04-25 11:25:08,2026-04-25 12:25:08,4,Chinese,5.0,0.0,4.5,completed,208.78,True,31.32,2026-04-25 11:25:08
2238,436,41138983,2026-04-19 19:20:32,2026-04-19 19:35:32,3,American,19.6,0.0,0.0,cancelled,125.93,False,0.0,2026-04-19 19:20:32
2239,436,50142839,2026-04-06 14:30:48,2026-04-06 14:45:48,1,Chinese,13.8,0.0,1.4,cancelled,19.32,False,0.0,2026-04-06 14:30:48
2240,436,50163798,2026-03-30 12:58:16,2026-03-30 13:43:16,2,Asian/Asian Fusion,31.6,0.0,0.0,cancelled,48.23,False,0.0,2026-03-30 12:58:16
2241,437,50015570,2026-04-07 13:10:24,2026-04-07 13:40:24,4,Indian,25.0,17.7,12.7,cancelled,195.26,True,29.29,2026-04-07 13:10:24
2242,437,50111727,2026-04-08 18:51:48,2026-04-08 19:36:48,2,Chicken,10.1,0.0,0.8,completed,77.66,False,0.0,2026-04-08 18:51:48
2243,437,41688349,2026-05-04 12:32:34,2026-05-04 14:32:34,5,Donuts,14.6,0.0,1.2,completed,154.28,False,0.0,2026-05-04 12:32:34
2244,437,50018553,2026-04-18 14:31:51,2026-04-18 15:01:51,2,Chicken,31.0,0.0,2.0,completed,106.88,False,0.0,2026-04-18 14:31:51
2245,438,50080158,2026-05-27 20:16:42,2026-05-27 21:16:42,2,Chicken,17.1,0.0,0.0,completed,40.06,False,0.0,2026-05-27 20:16:42
2246,438,40848604,2026-03-10 20:20:15,2026-03-10 21:50:15,6,French,21.9,6.1,2.6,completed,86.52,False,0.0,2026-03-10 20:20:15
2247,438,50035490,2026-04-23 11:12:48,2026-04-23 11:57:48,2,Asian/Asian Fusion,15.8,0.0,0.9,completed,36.55,False,0.0,2026-04-23 11:12:48
2248,438,50130367,2026-03-28 13:02:30,2026-03-28 13:47:30,2,Pizza,28.5,0.0,0.0,completed,2.27,False,0.0,2026-03-28 13:02:30
2249,438,50135336,2026-03-18 19:46:11,2026-03-18 20:01:11,6,Chicken,13.7,0.0,0.0,completed,161.9,False,0.0,2026-03-18 19:46:11
2250,438,50127583,2026-03-01 14:15:42,2026-03-01 14:30:42,2,Chicken,30.1,0.0,0.0,cancelled,38.46,True,5.77,2026-03-01 14:15:42
2251,438,50107617,2026-04-02 17:05:45,2026-04-02 17:20:45,1,Asian/Asian Fusion,39.2,0.0,0.4,completed,6.24,False,0.0,2026-04-02 17:05:45
2252,439,40838460,2026-04-27 20:40:24,2026-04-27 22:40:24,1,Coffee/Tea,23.7,0.0,0.8,completed,12.43,False,0.0,2026-04-27 20:40:24
2253,439,50168208,2026-04-19 10:57:13,2026-04-19 11:57:13,5,"Juice, Smoothies, Fruit Salads",13.0,0.0,4.9,completed,459.4,False,0.0,2026-04-19 10:57:13
2254,440,41645852,2026-03-05 15:57:04,2026-03-05 16:27:04,2,American,38.5,0.0,0.0,no_show,11.7,False,0.0,2026-03-05 15:57:04
2255,440,50116880,2026-04-19 19:19:16,2026-04-19 19:34:16,2,Coffee/Tea,28.5,0.0,4.6,completed,9.66,False,0.0,2026-04-19 19:19:16
2256,440,50038175,2026-05-01 17:12:51,2026-05-01 17:57:51,2,Sandwiches,26.3,0.0,2.4,completed,11.51,False,0.0,2026-05-01 17:12:51
2257,440,50060415,2026-03-03 08:47:32,2026-03-03 09:02:32,3,Coffee/Tea,26.5,0.0,0.0,completed,31.22,False,0.0,2026-03-03 08:47:32
2258,442,50168228,2026-05-24 11:58:49,2026-05-24 12:13:49,2,Japanese,42.2,0.0,2.6,completed,39.95,False,0.0,2026-05-24 11:58:49
2259,442,50059581,2026-03-23 19:51:14,2026-03-23 20:21:14,1,Japanese,26.4,0.0,0.0,no_show,10.33,True,2.07,2026-03-23 19:51:14
2260,442,50106956,2026-05-24 12:41:48,2026-05-24 13:11:48,2,French,42.4,0.0,2.3,completed,14.46,False,0.0,2026-05-24 12:41:48
2261,442,50114558,2026-05-14 11:22:27,2026-05-14 11:37:27,4,Japanese,11.0,0.0,3.0,completed,127.23,False,0.0,2026-05-14 11:22:27
2262,442,50128989,2026-03-17 19:10:17,2026-03-17 20:40:17,3,French,9.1,0.0,2.4,completed,128.34,False,0.0,2026-03-17 19:10:17
2263,442,50064456,2026-04-18 12:01:00,2026-04-18 13:01:00,2,Italian,15.4,0.0,0.1,completed,12.27,False,0.0,2026-04-18 12:01:00
2264,442,50105500,2026-03-28 13:30:52,2026-03-28 14:15:52,2,French,25.0,9.2,6.3,completed,156.38,True,39.1,2026-03-28 13:30:52
2265,442,50096997,2026-05-08 17:01:52,2026-05-08 17:31:52,2,French,32.6,0.0,5.5,completed,73.15,False,0.0,2026-05-08 17:01:52
2266,442,50158103,2026-04-25 17:30:37,2026-04-25 19:00:37,1,French,40.4,0.0,0.0,completed,17.49,False,0.0,2026-04-25 17:30:37
2267,443,50084799,2026-03-29 11:25:56,2026-03-29 11:55:56,2,Indian,23.3,0.7,3.3,cancelled,9.79,False,0.0,2026-03-29 11:25:56
2268,443,50053587,2026-04-30 18:03:53,2026-04-30 18:48:53,2,Indian,29.5,0.0,0.0,completed,98.74,True,9.87,2026-04-30 18:03:53
2269,444,50164200,2026-05-13 11:21:10,2026-05-13 11:36:10,3,Japanese,30.0,3.8,4.0,completed,16.02,False,0.0,2026-05-13 11:21:10
2270,444,50045582,2026-04-01 19:24:55,2026-04-01 20:24:55,4,Donuts,11.5,0.0,3.1,completed,23.25,False,0.0,2026-04-01 19:24:55
2271,444,50161436,2026-04-02 08:31:21,2026-04-02 08:46:21,1,Coffee/Tea,43.4,0.0,1.5,completed,18.69,False,0.0,2026-04-02 08:31:21
2272,444,50110453,2026-04-29 15:23:44,2026-04-29 16:08:44,2,Donuts,18.9,0.0,0.0,completed,41.03,True,8.21,2026-04-29 15:23:44
2273,446,50104886,2026-04-07 18:46:04,2026-04-07 19:16:04,1,Mediterranean,35.6,0.0,0.0,completed,5.45,False,0.0,2026-04-07 18:46:04
2274,446,41449587,2026-05-28 11:36:38,2026-05-28 12:06:38,2,New American,27.8,70.5,63.1,completed,58.88,False,0.0,2026-05-28 11:36:38
2275,446,50107381,2026-05-15 17:56:41,2026-05-15 18:56:41,2,American,22.8,0.0,1.6,completed,27.27,False,0.0,2026-05-15 17:56:41
2276,446,50047324,2026-04-09 12:39:40,2026-04-09 13:39:40,1,Sandwiches/Salads/Mixed Buffet,41.2,0.0,2.9,completed,14.99,False,0.0,2026-04-09 12:39:40
2277,447,50165800,2026-03-20 20:14:28,2026-03-20 20:44:28,4,Japanese,39.5,0.0,0.6,completed,116.61,False,0.0,2026-03-20 20:14:28
2278,447,50141884,2026-03-19 18:07:43,2026-03-19 18:52:43,4,Japanese,15.0,0.0,1.0,completed,36.33,False,0.0,2026-03-19 18:07:43
2279,448,50150578,2026-05-04 10:40:30,2026-05-04 11:25:30,2,Italian,28.5,0.0,0.7,completed,23.12,False,0.0,2026-05-04 10:40:30
2280,449,40729164,2026-03-04 17:58:07,2026-03-04 18:28:07,2,American,34.0,0.0,0.0,cancelled,62.55,False,0.0,2026-03-04 17:58:07
2281,449,50073168,2026-04-08 12:15:02,2026-04-08 13:00:02,2,Korean,27.1,0.0,0.1,completed,37.04,False,0.0,2026-04-08 12:15:02
2282,450,50158477,2026-04-05 11:01:21,2026-04-05 12:31:21,2,Japanese,20.5,0.0,0.0,completed,57.28,False,0.0,2026-04-05 11:01:21
2283,450,41058228,2026-03-11 19:10:10,2026-03-11 19:40:10,1,Japanese,20.4,0.0,3.5,cancelled,35.8,False,0.0,2026-03-11 19:10:10
2284,450,50180483,2026-03-20 19:08:21,2026-03-20 19:53:21,5,"Juice, Smoothies, Fruit Salads",11.3,0.0,0.0,completed,145.54,True,21.83,2026-03-20 19:08:21
2285,450,50151893,2026-05-15 09:08:14,2026-05-15 10:08:14,2,Japanese,17.3,0.0,1.8,completed,74.91,False,0.0,2026-05-15 09:08:14
2286,450,41579022,2026-04-16 16:17:06,2026-04-16 17:47:06,2,Italian,13.1,0.0,0.0,completed,85.32,False,0.0,2026-04-16 16:17:06
2287,450,50166860,2026-03-06 14:47:44,2026-03-06 15:32:44,2,Italian,20.4,0.0,0.0,completed,89.51,False,0.0,2026-03-06 14:47:44
2288,450,50014784,2026-05-21 21:55:19,2026-05-21 22:40:19,2,Japanese,36.2,1.1,0.0,completed,91.5,False,0.0,2026-05-21 21:55:19
2289,450,50077156,2026-03-26 13:05:17,2026-03-26 13:35:17,2,"Juice, Smoothies, Fruit Salads",20.6,0.0,0.0,completed,73.42,False,0.0,2026-03-26 13:05:17
2290,451,50155477,2026-03-23 19:27:18,2026-03-23 20:57:18,2,Thai,12.0,21.8,22.0,completed,29.52,False,0.0,2026-03-23 19:27:18
2291,451,50145656,2026-05-23 17:09:12,2026-05-23 17:54:12,4,Donuts,14.7,0.0,0.8,completed,111.21,False,0.0,2026-05-23 17:09:12
2292,452,50118311,2026-04-15 13:08:04,2026-04-15 13:53:04,2,Bakery Products/Desserts,24.6,0.0,0.0,completed,114.79,False,0.0,2026-04-15 13:08:04
2293,454,50104806,2026-03-01 16:34:35,2026-03-01 17:19:35,3,Thai,34.4,37.7,52.6,completed,98.06,False,0.0,2026-03-01 16:34:35
2294,454,50117911,2026-05-02 19:41:40,2026-05-02 20:11:40,3,Asian/Asian Fusion,32.4,0.0,2.3,completed,88.93,False,0.0,2026-05-02 19:41:40
2295,454,50076526,2026-04-15 12:38:30,2026-04-15 13:38:30,1,Italian,22.2,0.0,0.0,completed,35.97,False,0.0,2026-04-15 12:38:30
2296,454,50149013,2026-05-07 18:14:51,2026-05-07 18:29:51,4,Thai,25.5,0.0,4.6,completed,23.37,False,0.0,2026-05-07 18:14:51
2297,454,50094531,2026-04-24 11:00:09,2026-04-24 11:30:09,2,Thai,9.1,21.8,2.8,completed,130.71,False,0.0,2026-04-24 11:00:09
2298,455,50012808,2026-04-07 21:52:08,2026-04-07 23:22:08,3,Latin American,36.8,0.0,0.0,completed,338.9,False,0.0,2026-04-07 21:52:08
2299,455,50168175,2026-05-12 14:11:55,2026-05-12 16:11:55,1,Korean,24.8,0.0,0.8,cancelled,160.32,False,0.0,2026-05-12 14:11:55
2300,455,50174558,2026-05-18 14:43:20,2026-05-18 15:13:20,2,Japanese,7.7,1.1,6.7,completed,99.63,False,0.0,2026-05-18 14:43:20
2301,455,40545741,2026-05-24 20:13:46,2026-05-24 20:43:46,3,American,36.0,0.0,4.5,no_show,188.07,False,0.0,2026-05-24 20:13:46
2302,455,41004674,2026-05-15 22:08:44,2026-05-15 23:08:44,1,Latin American,33.8,0.0,0.0,cancelled,8.18,True,0.82,2026-05-15 22:08:44
2303,455,50129833,2026-04-02 17:31:41,2026-04-02 18:16:41,2,Latin American,16.8,0.0,3.4,completed,40.16,False,0.0,2026-04-02 17:31:41
2304,455,50107075,2026-03-19 20:17:56,2026-03-19 20:47:56,3,Coffee/Tea,28.2,0.0,0.4,completed,50.37,False,0.0,2026-03-19 20:17:56
2305,455,50158231,2026-05-03 19:13:57,2026-05-03 20:13:57,3,Japanese,9.1,3.7,4.4,completed,72.05,False,0.0,2026-05-03 19:13:57
2306,456,41320866,2026-04-30 12:04:28,2026-04-30 12:34:28,2,Chinese,6.9,0.0,0.0,completed,93.68,True,23.42,2026-04-30 12:04:28
2307,456,50126157,2026-04-07 12:57:50,2026-04-07 13:42:50,2,Mediterranean,42.4,0.0,0.0,completed,105.13,False,0.0,2026-04-07 12:57:50
2308,456,41608360,2026-05-22 10:56:04,2026-05-22 11:41:04,1,Bakery Products/Desserts,25.7,0.0,2.2,completed,66.24,False,0.0,2026-05-22 10:56:04
2309,456,50118860,2026-05-18 18:16:38,2026-05-18 19:01:38,2,Pizza,25.9,0.0,0.0,completed,95.1,False,0.0,2026-05-18 18:16:38
2310,456,50018426,2026-05-23 20:46:50,2026-05-23 22:16:50,1,Mediterranean,32.3,0.0,0.0,completed,67.49,False,0.0,2026-05-23 20:46:50
2311,456,50096486,2026-03-22 15:41:07,2026-03-22 16:26:07,1,French,26.1,66.4,68.7,completed,34.81,True,8.7,2026-03-22 15:41:07
2312,456,50134689,2026-03-03 20:46:43,2026-03-03 21:16:43,3,Mediterranean,27.3,0.0,4.0,cancelled,223.39,False,0.0,2026-03-03 20:46:43
2313,456,50009228,2026-04-08 11:24:55,2026-04-08 11:54:55,1,American,28.2,0.0,0.2,completed,115.71,False,0.0,2026-04-08 11:24:55
2314,456,50122928,2026-03-07 18:36:18,2026-03-07 20:06:18,2,Bakery Products/Desserts,16.1,0.0,0.0,completed,256.07,False,0.0,2026-03-07 18:36:18
2315,456,50131023,2026-03-28 20:54:36,2026-03-28 22:24:36,4,Mediterranean,10.1,0.0,0.0,completed,352.55,False,0.0,2026-03-28 20:54:36
2316,456,50146173,2026-05-17 08:29:23,2026-05-17 09:29:23,2,Sandwiches/Salads/Mixed Buffet,34.6,0.0,0.0,cancelled,238.94,False,0.0,2026-05-17 08:29:23
2317,456,40482600,2026-05-03 11:23:43,2026-05-03 11:53:43,2,American,37.0,0.0,0.0,completed,287.4,False,0.0,2026-05-03 11:23:43
2318,456,50136066,2026-03-08 09:17:47,2026-03-08 09:47:47,2,Mediterranean,15.8,0.0,3.4,completed,178.28,False,0.0,2026-03-08 09:17:47
2319,456,50101002,2026-05-10 13:43:34,2026-05-10 14:13:34,2,Bakery Products/Desserts,28.9,0.0,3.2,completed,52.71,False,0.0,2026-05-10 13:43:34
2320,456,50155846,2026-04-27 19:32:40,2026-04-27 19:47:40,2,Mexican,41.8,0.0,4.0,completed,68.34,False,0.0,2026-04-27 19:32:40
2321,457,50173755,2026-05-07 18:00:06,2026-05-07 19:00:06,1,Chinese,13.6,0.0,0.0,cancelled,16.25,False,0.0,2026-05-07 18:00:06
2322,457,50108333,2026-05-13 12:47:26,2026-05-13 13:17:26,1,Chinese,36.7,0.0,0.0,cancelled,20.54,False,0.0,2026-05-13 12:47:26
2323,457,50145565,2026-03-21 21:20:41,2026-03-21 22:20:41,1,Italian,18.5,0.9,8.2,completed,19.33,False,0.0,2026-03-21 21:20:41
2324,457,50094704,2026-04-08 19:01:25,2026-04-08 19:31:25,2,Chinese,17.2,1.4,0.9,no_show,61.74,False,0.0,2026-04-08 19:01:25
2325,457,50146361,2026-03-24 18:27:01,2026-03-24 19:57:01,2,Asian/Asian Fusion,38.4,0.0,0.0,completed,29.41,True,7.35,2026-03-24 18:27:01
2326,457,40795021,2026-05-27 20:29:31,2026-05-27 20:44:31,3,Asian/Asian Fusion,19.0,0.0,0.0,cancelled,101.01,False,0.0,2026-05-27 20:29:31
2327,458,50154719,2026-03-08 13:05:02,2026-03-08 14:35:02,3,Japanese,7.0,0.0,0.0,cancelled,81.22,False,0.0,2026-03-08 13:05:02
2328,458,50125904,2026-03-21 15:40:00,2026-03-21 15:55:00,1,Thai,29.9,0.0,0.0,completed,35.54,False,0.0,2026-03-21 15:40:00
2329,458,50066022,2026-05-12 17:17:29,2026-05-12 17:32:29,2,Japanese,16.9,0.0,0.0,completed,43.38,False,0.0,2026-05-12 17:17:29
2330,458,50061298,2026-03-08 13:37:26,2026-03-08 15:07:26,1,Japanese,6.4,0.0,1.6,completed,22.92,False,0.0,2026-03-08 13:37:26
2331,458,50135540,2026-05-21 18:21:07,2026-05-21 18:36:07,2,American,15.3,0.0,0.0,no_show,35.45,False,0.0,2026-05-21 18:21:07
2332,458,40832580,2026-04-10 16:50:09,2026-04-10 18:20:09,3,Japanese,32.2,20.8,13.3,completed,232.21,True,34.83,2026-04-10 16:50:09
2333,458,50161039,2026-05-21 16:29:16,2026-05-21 17:29:16,2,Japanese,35.2,0.0,0.0,completed,46.35,False,0.0,2026-05-21 16:29:16
2334,458,50034059,2026-04-03 15:27:46,2026-04-03 15:57:46,2,Japanese,19.8,0.0,0.0,completed,17.21,False,0.0,2026-04-03 15:27:46
2335,458,50077626,2026-03-11 21:47:29,2026-03-11 22:47:29,5,Asian/Asian Fusion,22.4,0.0,0.0,completed,58.98,False,0.0,2026-03-11 21:47:29
2336,458,50168094,2026-05-09 14:31:24,2026-05-09 15:01:24,2,Japanese,5.1,0.0,0.8,no_show,23.73,True,4.75,2026-05-09 14:31:24
2337,458,50171081,2026-05-16 21:18:39,2026-05-16 21:48:39,1,"Juice, Smoothies, Fruit Salads",27.8,0.0,0.0,completed,15.68,False,0.0,2026-05-16 21:18:39
2338,458,50164926,2026-05-21 12:43:47,2026-05-21 13:28:47,2,Mediterranean,38.1,0.0,2.0,completed,8.76,False,0.0,2026-05-21 12:43:47
2339,458,50120464,2026-04-05 09:58:06,2026-04-05 10:58:06,3,Asian/Asian Fusion,22.6,0.0,0.1,cancelled,86.0,False,0.0,2026-04-05 09:58:06
2340,460,50160415,2026-05-07 13:09:15,2026-05-07 13:54:15,2,Mediterranean,21.2,0.0,2.2,completed,45.96,False,0.0,2026-05-07 13:09:15
2341,460,50002485,2026-04-17 09:13:06,2026-04-17 09:58:06,2,American,39.2,0.0,0.0,cancelled,134.42,False,0.0,2026-04-17 09:13:06
2342,460,50140390,2026-03-19 09:41:23,2026-03-19 10:26:23,2,Indian,12.0,0.0,0.0,completed,50.86,False,0.0,2026-03-19 09:41:23
2343,460,50124735,2026-03-29 21:14:45,2026-03-29 22:44:45,3,Indian,31.1,0.0,0.0,completed,125.86,False,0.0,2026-03-29 21:14:45
2344,460,50163324,2026-03-15 12:53:09,2026-03-15 13:08:09,2,Indian,37.8,0.0,1.2,completed,27.43,False,0.0,2026-03-15 12:53:09
2345,460,41489806,2026-03-07 20:26:04,2026-03-07 21:11:04,6,Indian,39.6,0.0,2.9,completed,89.6,False,0.0,2026-03-07 20:26:04
2346,461,50070060,2026-03-26 19:07:21,2026-03-26 20:37:21,1,American,23.6,0.0,0.0,cancelled,17.71,True,3.54,2026-03-26 19:07:21
2347,461,50172555,2026-03-12 09:01:53,2026-03-12 10:01:53,4,Other,31.1,0.0,1.1,completed,42.63,True,6.39,2026-03-12 09:01:53
2348,461,50134450,2026-04-09 18:06:36,2026-04-09 18:36:36,3,Chinese,36.9,0.0,0.0,completed,50.24,False,0.0,2026-04-09 18:06:36
2349,461,50002380,2026-04-08 15:49:04,2026-04-08 16:34:04,6,American,11.1,0.0,9.3,completed,30.39,False,0.0,2026-04-08 15:49:04
2350,461,50002019,2026-05-30 20:48:11,2026-05-30 21:33:11,2,American,16.0,0.0,0.0,completed,35.16,False,0.0,2026-05-30 20:48:11
2351,462,50179291,2026-05-30 11:28:15,2026-05-30 12:13:15,1,Bakery Products/Desserts,9.9,0.0,0.0,completed,51.24,False,0.0,2026-05-30 11:28:15
2352,462,50086635,2026-03-21 19:13:00,2026-03-21 19:43:00,4,Bakery Products/Desserts,40.3,0.0,5.6,completed,127.52,False,0.0,2026-03-21 19:13:00
2353,462,50083554,2026-03-09 22:27:36,2026-03-09 23:27:36,2,Bakery Products/Desserts,41.4,0.0,1.5,completed,53.99,True,5.4,2026-03-09 22:27:36
2354,463,50002902,2026-04-18 21:22:24,2026-04-18 22:22:24,1,American,12.8,0.0,0.2,completed,26.08,False,0.0,2026-04-18 21:22:24
2355,464,50105367,2026-05-12 22:21:48,2026-05-12 23:21:48,3,Coffee/Tea,27.5,0.0,0.0,completed,293.91,False,0.0,2026-05-12 22:21:48
2356,464,50183352,2026-05-27 13:10:55,2026-05-27 13:55:55,5,Pizza,25.8,0.0,0.8,completed,153.35,False,0.0,2026-05-27 13:10:55
2357,464,41628619,2026-03-13 12:15:34,2026-03-13 13:00:34,1,Bakery Products/Desserts,24.4,0.0,7.2,completed,46.92,False,0.0,2026-03-13 12:15:34
2358,464,50094531,2026-03-04 15:26:53,2026-03-04 16:11:53,2,Thai,7.6,21.8,19.8,cancelled,80.03,False,0.0,2026-03-04 15:26:53
2359,464,50135573,2026-04-26 12:16:35,2026-04-26 12:31:35,2,Korean,42.5,0.0,0.4,completed,176.51,False,0.0,2026-04-26 12:16:35
2360,464,41611718,2026-03-07 12:50:06,2026-03-07 13:20:06,5,American,9.8,22.0,36.4,completed,161.1,False,0.0,2026-03-07 12:50:06
2361,465,50152153,2026-04-04 16:39:03,2026-04-04 16:54:03,2,Sandwiches,18.1,0.0,0.4,completed,25.08,False,0.0,2026-04-04 16:39:03
2362,465,50036199,2026-04-20 18:06:41,2026-04-20 18:36:41,2,Mediterranean,7.1,0.0,5.5,completed,21.1,False,0.0,2026-04-20 18:06:41
2363,465,41533744,2026-04-24 19:37:55,2026-04-24 20:07:55,1,Sandwiches,9.3,0.0,4.4,completed,17.8,True,3.56,2026-04-24 19:37:55
2364,466,41468415,2026-03-25 11:40:26,2026-03-25 11:55:26,3,Mediterranean,7.7,0.0,7.0,completed,56.83,False,0.0,2026-03-25 11:40:26
2365,466,50061445,2026-05-22 13:07:53,2026-05-22 13:37:53,1,Japanese,28.7,0.0,5.1,cancelled,64.6,False,0.0,2026-05-22 13:07:53
2366,466,50148830,2026-04-20 15:59:58,2026-04-20 17:29:58,2,Mediterranean,39.0,0.0,3.1,completed,50.24,False,0.0,2026-04-20 15:59:58
2367,466,41475632,2026-04-14 17:32:44,2026-04-14 19:02:44,3,Mexican,12.2,0.0,5.0,cancelled,98.37,False,0.0,2026-04-14 17:32:44
2368,466,50105367,2026-04-06 21:42:57,2026-04-06 21:57:57,2,Coffee/Tea,16.7,0.0,0.0,completed,35.35,False,0.0,2026-04-06 21:42:57
2369,466,50136066,2026-03-17 15:50:37,2026-03-17 16:20:37,4,Mediterranean,36.7,0.0,0.0,completed,215.08,False,0.0,2026-03-17 15:50:37
2370,466,50087615,2026-03-27 20:22:35,2026-03-27 21:22:35,2,Japanese,23.0,0.0,5.9,completed,44.52,False,0.0,2026-03-27 20:22:35
2371,466,50118072,2026-03-21 19:20:44,2026-03-21 20:05:44,4,Mexican,38.2,0.0,1.4,completed,219.39,False,0.0,2026-03-21 19:20:44
2372,467,50001317,2026-04-04 09:28:13,2026-04-04 09:43:13,2,Bakery Products/Desserts,17.2,0.0,0.0,completed,51.41,False,0.0,2026-04-04 09:28:13
2373,467,50155977,2026-03-10 13:05:19,2026-03-10 13:20:19,2,Bakery Products/Desserts,19.0,0.0,0.5,completed,48.29,False,0.0,2026-03-10 13:05:19
2374,467,50160998,2026-04-30 12:45:19,2026-04-30 13:00:19,4,Bakery Products/Desserts,29.7,0.0,0.0,completed,64.12,True,6.41,2026-04-30 12:45:19
2375,467,41601611,2026-05-20 19:32:09,2026-05-20 20:17:09,2,American,37.8,0.3,0.0,completed,37.3,False,0.0,2026-05-20 19:32:09
2376,469,50123933,2026-03-25 20:27:05,2026-03-25 21:27:05,1,Asian/Asian Fusion,43.9,0.0,2.2,completed,14.5,False,0.0,2026-03-25 20:27:05
2377,469,50116552,2026-05-16 17:01:15,2026-05-16 17:46:15,5,Irish,5.5,0.0,0.0,completed,32.09,False,0.0,2026-05-16 17:01:15
2378,469,50163406,2026-04-07 17:50:50,2026-04-07 19:20:50,1,Asian/Asian Fusion,35.0,1.4,4.1,completed,29.95,False,0.0,2026-04-07 17:50:50
2379,469,50124500,2026-05-30 12:17:55,2026-05-30 12:32:55,3,Mediterranean,18.6,11.8,14.9,completed,23.4,False,0.0,2026-05-30 12:17:55
2380,469,50126957,2026-04-29 17:24:57,2026-04-29 18:54:57,3,Mediterranean,9.1,0.0,0.0,completed,27.61,False,0.0,2026-04-29 17:24:57
2381,469,50124776,2026-04-10 19:08:34,2026-04-10 20:08:34,1,Asian/Asian Fusion,27.1,0.0,0.0,completed,13.09,False,0.0,2026-04-10 19:08:34
2382,470,50130183,2026-03-02 15:33:00,2026-03-02 15:48:00,5,Thai,24.2,0.0,0.0,completed,7.23,False,0.0,2026-03-02 15:33:00
2383,470,41682994,2026-04-21 12:48:47,2026-04-21 13:33:47,1,Bakery Products/Desserts,10.3,0.0,1.7,cancelled,3.08,False,0.0,2026-04-21 12:48:47
2384,471,50176712,2026-04-10 10:10:29,2026-04-10 10:40:29,2,Donuts,13.5,0.0,0.0,completed,23.01,False,0.0,2026-04-10 10:10:29
2385,471,50019121,2026-05-22 13:57:25,2026-05-22 14:57:25,3,Asian/Asian Fusion,35.9,0.7,0.0,completed,38.94,False,0.0,2026-05-22 13:57:25
2386,472,50045754,2026-03-20 11:54:11,2026-03-20 12:09:11,2,Bakery Products/Desserts,28.4,0.0,0.8,completed,33.12,True,3.31,2026-03-20 11:54:11
2387,472,41185899,2026-03-27 19:28:08,2026-03-27 20:58:08,2,Korean,20.1,0.0,0.0,completed,3.92,True,0.39,2026-03-27 19:28:08
2388,472,50127378,2026-03-22 18:08:01,2026-03-22 19:08:01,3,American,35.6,0.0,6.0,completed,22.91,False,0.0,2026-03-22 18:08:01
2389,472,50052956,2026-05-04 17:30:36,2026-05-04 18:15:36,1,American,44.0,0.0,0.9,no_show,3.64,False,0.0,2026-05-04 17:30:36
2390,472,50104171,2026-05-08 17:35:13,2026-05-08 18:05:13,2,American,17.2,0.0,0.0,completed,27.15,False,0.0,2026-05-08 17:35:13
2391,472,50111076,2026-05-01 21:16:20,2026-05-01 22:16:20,2,Korean,30.1,0.0,0.0,cancelled,6.24,False,0.0,2026-05-01 21:16:20
2392,472,50046863,2026-05-24 09:37:18,2026-05-24 11:37:18,2,Latin American,36.3,0.0,0.0,completed,57.34,False,0.0,2026-05-24 09:37:18
2393,472,50124916,2026-05-15 19:01:31,2026-05-15 19:31:31,2,Korean,16.6,0.0,0.0,completed,46.47,False,0.0,2026-05-15 19:01:31
2394,472,50115694,2026-04-15 17:19:36,2026-04-15 18:04:36,2,Bakery Products/Desserts,30.5,0.0,3.7,no_show,32.33,False,0.0,2026-04-15 17:19:36
2395,472,50082993,2026-03-31 16:51:14,2026-03-31 17:06:14,2,Bakery Products/Desserts,35.4,0.0,1.9,completed,59.69,False,0.0,2026-03-31 16:51:14
2396,472,50099843,2026-05-06 18:34:41,2026-05-06 19:19:41,2,Mexican,8.8,0.0,0.0,no_show,51.37,False,0.0,2026-05-06 18:34:41
2397,472,50130299,2026-03-31 21:02:18,2026-03-31 22:02:18,2,Korean,20.5,0.0,0.0,completed,4.04,True,0.81,2026-03-31 21:02:18
2398,472,50078229,2026-04-21 17:04:31,2026-04-21 17:34:31,2,"Juice, Smoothies, Fruit Salads",44.5,0.0,0.0,completed,15.74,False,0.0,2026-04-21 17:04:31
2399,472,50013238,2026-05-06 18:35:15,2026-05-06 19:05:15,2,Korean,22.2,0.0,1.7,completed,91.21,False,0.0,2026-05-06 18:35:15
2400,473,50105771,2026-05-14 21:34:57,2026-05-14 22:34:57,3,Sandwiches,23.0,0.0,0.0,completed,23.89,False,0.0,2026-05-14 21:34:57
2401,473,50119636,2026-04-23 13:45:07,2026-04-23 14:15:07,4,Other,39.5,4.0,7.0,completed,66.96,True,13.39,2026-04-23 13:45:07
2402,473,50179818,2026-04-24 15:41:03,2026-04-24 16:26:03,1,Bagels/Pretzels,21.7,0.0,1.4,completed,42.33,False,0.0,2026-04-24 15:41:03
2403,473,50168566,2026-04-11 20:55:29,2026-04-11 21:55:29,1,Other,17.6,0.0,3.4,no_show,6.57,False,0.0,2026-04-11 20:55:29
2404,474,50043130,2026-03-22 15:48:40,2026-03-22 17:18:40,2,Asian/Asian Fusion,18.6,0.0,4.0,completed,119.39,False,0.0,2026-03-22 15:48:40
2405,474,50165892,2026-03-07 13:49:51,2026-03-07 14:34:51,2,Asian/Asian Fusion,36.3,0.0,1.1,completed,26.84,False,0.0,2026-03-07 13:49:51
2406,474,50010838,2026-03-29 14:02:27,2026-03-29 14:47:27,2,American,15.2,4.6,2.1,completed,41.77,False,0.0,2026-03-29 14:02:27
2407,474,50163390,2026-04-13 11:11:54,2026-04-13 11:41:54,2,Indian,42.8,1.0,0.0,no_show,51.3,True,7.69,2026-04-13 11:11:54
2408,475,50098630,2026-04-11 15:45:37,2026-04-11 16:45:37,2,"Juice, Smoothies, Fruit Salads",6.8,0.8,0.0,completed,89.41,False,0.0,2026-04-11 15:45:37
2409,475,50097856,2026-04-20 17:08:52,2026-04-20 17:53:52,1,Donuts,16.0,0.0,0.0,completed,10.14,False,0.0,2026-04-20 17:08:52
2410,476,50049260,2026-04-02 15:23:16,2026-04-02 15:53:16,1,Korean,9.1,0.0,0.1,completed,60.89,False,0.0,2026-04-02 15:23:16
2411,476,50165648,2026-05-31 17:16:30,2026-05-31 17:46:30,3,Korean,21.8,1.7,3.8,cancelled,93.2,False,0.0,2026-05-31 17:16:30
2412,476,50011835,2026-05-23 13:20:40,2026-05-23 13:35:40,1,Asian/Asian Fusion,20.4,0.0,3.2,completed,43.11,False,0.0,2026-05-23 13:20:40
2413,476,50118145,2026-05-31 12:11:24,2026-05-31 12:26:24,2,Indian,8.8,0.0,0.0,completed,43.55,False,0.0,2026-05-31 12:11:24
2414,476,50172659,2026-05-26 18:31:45,2026-05-26 20:01:45,2,Asian/Asian Fusion,38.4,0.0,0.7,completed,81.23,False,0.0,2026-05-26 18:31:45
2415,476,50055609,2026-04-12 12:14:50,2026-04-12 12:59:50,1,Asian/Asian Fusion,17.6,0.0,0.8,no_show,123.27,True,12.33,2026-04-12 12:14:50
2416,476,50149815,2026-04-30 17:03:35,2026-04-30 18:03:35,3,Asian/Asian Fusion,13.6,0.0,0.0,completed,102.17,False,0.0,2026-04-30 17:03:35
2417,476,50089704,2026-03-22 14:39:00,2026-03-22 15:39:00,4,Asian/Asian Fusion,30.5,0.0,0.3,completed,375.02,True,37.5,2026-03-22 14:39:00
2418,477,50171074,2026-03-18 11:10:42,2026-03-18 11:55:42,4,"Juice, Smoothies, Fruit Salads",25.3,0.0,2.5,completed,125.16,False,0.0,2026-03-18 11:10:42
2419,478,40401025,2026-03-30 12:13:11,2026-03-30 12:43:11,2,Italian,32.5,0.0,0.0,completed,42.31,False,0.0,2026-03-30 12:13:11
2420,478,50109149,2026-05-26 10:47:54,2026-05-26 11:32:54,2,Coffee/Tea,21.6,0.0,0.0,completed,112.41,False,0.0,2026-05-26 10:47:54
2421,478,50050022,2026-03-25 20:54:02,2026-03-25 21:54:02,2,Mexican,20.8,0.0,1.2,completed,99.59,False,0.0,2026-03-25 20:54:02
2422,478,41589635,2026-04-17 11:06:46,2026-04-17 12:36:46,2,American,38.5,0.0,0.0,cancelled,121.88,False,0.0,2026-04-17 11:06:46
2423,478,41092609,2026-05-23 19:24:14,2026-05-23 19:39:14,1,American,37.2,0.0,0.0,completed,64.44,False,0.0,2026-05-23 19:24:14
2424,478,50177707,2026-03-02 15:15:17,2026-03-02 15:30:17,1,Other,35.3,19.0,29.7,completed,31.12,False,0.0,2026-03-02 15:15:17
2425,478,50046844,2026-04-05 12:06:19,2026-04-05 13:36:19,2,Pizza,13.4,0.0,1.9,completed,112.96,False,0.0,2026-04-05 12:06:19
2426,478,50169011,2026-05-03 09:11:13,2026-05-03 10:41:13,2,Coffee/Tea,41.7,0.0,2.6,no_show,76.48,False,0.0,2026-05-03 09:11:13
2427,479,41482939,2026-04-26 08:30:41,2026-04-26 09:15:41,4,Latin American,5.9,0.0,0.0,cancelled,124.23,True,24.85,2026-04-26 08:30:41
2428,479,50058155,2026-05-02 11:24:20,2026-05-02 11:39:20,2,Latin American,41.6,0.0,0.0,completed,10.19,False,0.0,2026-05-02 11:24:20
2429,479,50060796,2026-03-01 20:59:56,2026-03-01 22:29:56,2,American,42.7,0.0,0.0,completed,157.56,False,0.0,2026-03-01 20:59:56
2430,479,50179203,2026-05-28 19:31:58,2026-05-28 20:01:58,1,Chinese,13.6,0.0,2.9,completed,21.24,False,0.0,2026-05-28 19:31:58
2431,479,50166052,2026-05-06 18:57:14,2026-05-06 20:27:14,1,Latin American,43.4,0.0,0.0,completed,54.73,True,13.68,2026-05-06 18:57:14
2432,479,41050171,2026-05-28 13:42:28,2026-05-28 14:42:28,5,Latin American,9.0,0.0,1.5,completed,232.48,False,0.0,2026-05-28 13:42:28
2433,479,40510439,2026-04-15 10:48:51,2026-04-15 11:18:51,2,Latin American,8.3,0.0,0.0,cancelled,143.17,False,0.0,2026-04-15 10:48:51
2434,480,50098846,2026-05-14 16:24:31,2026-05-14 17:24:31,5,Thai,15.5,2.4,0.0,completed,67.76,True,16.94,2026-05-14 16:24:31
2435,480,50170737,2026-04-02 16:28:07,2026-04-02 17:28:07,2,Latin American,12.6,0.0,0.3,completed,18.1,False,0.0,2026-04-02 16:28:07
2436,480,50182884,2026-05-01 08:34:03,2026-05-01 09:19:03,3,Thai,13.3,0.0,0.0,completed,222.63,False,0.0,2026-05-01 08:34:03
2437,480,50138463,2026-04-17 19:39:12,2026-04-17 21:09:12,2,Coffee/Tea,8.9,0.0,0.0,completed,124.53,False,0.0,2026-04-17 19:39:12
2438,480,50151969,2026-04-18 15:03:13,2026-04-18 15:33:13,2,Thai,21.6,0.0,3.1,no_show,206.81,True,31.02,2026-04-18 15:03:13
2439,480,50166741,2026-05-18 19:56:46,2026-05-18 21:26:46,6,Latin American,18.2,0.0,0.0,completed,256.41,True,51.28,2026-05-18 19:56:46
2440,480,50036900,2026-03-08 22:21:35,2026-03-08 23:51:35,1,Thai,9.7,0.0,0.0,completed,38.91,False,0.0,2026-03-08 22:21:35
2441,480,50153871,2026-03-02 16:30:29,2026-03-02 17:30:29,3,Japanese,21.0,0.0,1.2,completed,182.39,False,0.0,2026-03-02 16:30:29
2442,480,41429004,2026-05-23 22:43:54,2026-05-23 23:13:54,2,Latin American,25.1,0.0,2.0,completed,129.94,True,32.48,2026-05-23 22:43:54
2443,480,50136699,2026-03-25 13:46:19,2026-03-25 14:31:19,1,Thai,39.6,0.0,1.2,completed,94.18,False,0.0,2026-03-25 13:46:19
2444,480,50011657,2026-04-09 09:32:10,2026-04-09 10:17:10,2,Thai,33.0,0.0,0.8,no_show,97.15,False,0.0,2026-04-09 09:32:10
2445,480,50102339,2026-05-22 14:20:55,2026-05-22 15:05:55,5,Thai,28.5,40.2,60.3,completed,268.92,False,0.0,2026-05-22 14:20:55
2446,480,50088036,2026-05-19 11:58:11,2026-05-19 12:43:11,1,Thai,12.8,0.0,5.3,completed,12.55,False,0.0,2026-05-19 11:58:11
2447,481,50132389,2026-05-09 10:36:52,2026-05-09 11:06:52,1,Thai,11.9,0.0,1.4,completed,62.35,True,15.59,2026-05-09 10:36:52
2448,481,41530103,2026-03-02 18:23:19,2026-03-02 18:53:19,2,Thai,17.7,0.0,0.0,cancelled,160.34,False,0.0,2026-03-02 18:23:19
2449,481,50063757,2026-03-30 13:59:54,2026-03-30 14:14:54,3,Italian,15.7,1.3,0.1,completed,111.45,True,27.86,2026-03-30 13:59:54
2450,481,50004862,2026-05-06 12:33:28,2026-05-06 12:48:28,4,Thai,6.4,36.2,48.6,completed,305.42,True,76.36,2026-05-06 12:33:28
2451,481,50144746,2026-04-18 13:24:24,2026-04-18 14:09:24,2,Thai,39.2,0.0,0.4,completed,76.3,True,15.26,2026-04-18 13:24:24
2452,481,40535399,2026-05-16 13:52:48,2026-05-16 14:52:48,3,American,25.2,0.0,0.0,cancelled,67.27,True,16.82,2026-05-16 13:52:48
2453,482,50123289,2026-05-04 15:26:31,2026-05-04 17:26:31,4,Mexican,33.5,0.0,0.0,completed,175.87,False,0.0,2026-05-04 15:26:31
2454,482,50114996,2026-05-08 15:06:28,2026-05-08 15:36:28,1,American,20.9,0.0,0.4,completed,46.98,True,7.05,2026-05-08 15:06:28
2455,482,40935269,2026-05-22 17:37:41,2026-05-22 19:07:41,2,Mexican,20.7,0.0,2.6,completed,9.05,True,1.81,2026-05-22 17:37:41
2456,482,50108911,2026-03-24 10:38:17,2026-03-24 10:53:17,2,Thai,21.8,0.0,1.6,completed,113.32,False,0.0,2026-03-24 10:38:17
2457,483,50131384,2026-03-02 11:26:12,2026-03-02 12:56:12,2,Japanese,10.9,0.0,3.7,completed,70.23,False,0.0,2026-03-02 11:26:12
2458,483,50054403,2026-05-13 12:46:49,2026-05-13 13:46:49,2,Asian/Asian Fusion,22.6,0.0,0.0,completed,52.82,False,0.0,2026-05-13 12:46:49
2459,483,41718215,2026-04-29 19:37:57,2026-04-29 20:07:57,2,Japanese,13.2,20.8,20.4,completed,111.59,True,16.74,2026-04-29 19:37:57
2460,483,50157137,2026-03-24 09:27:22,2026-03-24 09:57:22,4,Japanese,19.8,0.0,3.1,completed,35.38,False,0.0,2026-03-24 09:27:22
2461,483,50172476,2026-03-10 17:52:26,2026-03-10 18:07:26,2,Pizza,39.6,0.0,1.2,cancelled,22.57,False,0.0,2026-03-10 17:52:26
2462,483,50123009,2026-03-23 15:59:58,2026-03-23 16:44:58,2,Japanese,14.0,21.0,20.4,completed,165.65,False,0.0,2026-03-23 15:59:58
2463,483,50176619,2026-05-08 08:13:58,2026-05-08 09:13:58,2,Asian/Asian Fusion,34.0,0.0,0.0,cancelled,67.14,True,13.43,2026-05-08 08:13:58
2464,484,50118614,2026-05-25 20:02:24,2026-05-25 20:32:24,1,Korean,20.9,0.0,0.0,completed,10.66,False,0.0,2026-05-25 20:02:24
2465,484,50159268,2026-04-04 12:00:24,2026-04-04 12:15:24,2,Korean,39.9,0.0,0.0,completed,9.57,False,0.0,2026-04-04 12:00:24
2466,484,50175438,2026-04-26 19:47:09,2026-04-26 20:02:09,2,"Juice, Smoothies, Fruit Salads",8.6,0.0,0.0,completed,59.71,True,5.97,2026-04-26 19:47:09
2467,484,50164689,2026-03-10 20:23:15,2026-03-10 21:08:15,3,Korean,33.0,0.0,0.1,completed,47.18,False,0.0,2026-03-10 20:23:15
2468,484,50086208,2026-03-03 11:53:13,2026-03-03 12:23:13,1,Korean,7.5,0.0,0.0,completed,6.17,False,0.0,2026-03-03 11:53:13
2469,484,50167022,2026-04-16 16:14:50,2026-04-16 17:14:50,2,Korean,25.9,0.0,0.0,completed,45.34,False,0.0,2026-04-16 16:14:50
2470,484,50145360,2026-04-27 19:27:06,2026-04-27 20:27:06,3,Japanese,9.2,0.0,0.0,completed,85.35,False,0.0,2026-04-27 19:27:06
2471,484,50035485,2026-03-16 12:39:34,2026-03-16 14:09:34,2,Korean,14.7,0.0,0.0,completed,25.86,False,0.0,2026-03-16 12:39:34
2472,485,50173092,2026-05-10 08:18:00,2026-05-10 09:18:00,2,Coffee/Tea,23.4,0.0,0.0,no_show,45.06,False,0.0,2026-05-10 08:18:00
2473,485,50171081,2026-05-28 12:24:52,2026-05-28 13:24:52,2,"Juice, Smoothies, Fruit Salads",28.4,0.0,3.7,completed,18.68,True,4.67,2026-05-28 12:24:52
2474,485,50127672,2026-04-23 19:36:28,2026-04-23 21:06:28,2,American,27.9,0.0,8.0,completed,71.11,True,10.67,2026-04-23 19:36:28
2475,485,50115687,2026-03-25 20:01:57,2026-03-25 21:31:57,4,Pizza,14.1,0.0,0.7,completed,106.57,False,0.0,2026-03-25 20:01:57
2476,485,50160890,2026-03-10 18:54:58,2026-03-10 19:39:58,3,Coffee/Tea,16.3,0.0,0.0,completed,24.24,False,0.0,2026-03-10 18:54:58
2477,485,50122279,2026-03-24 14:20:34,2026-03-24 15:20:34,2,"Juice, Smoothies, Fruit Salads",15.2,0.0,0.7,completed,20.9,False,0.0,2026-03-24 14:20:34
2478,485,50126664,2026-05-11 08:11:17,2026-05-11 08:26:17,2,"Juice, Smoothies, Fruit Salads",8.3,0.0,0.0,completed,50.22,False,0.0,2026-05-11 08:11:17
2479,485,50110046,2026-05-06 15:28:39,2026-05-06 16:13:39,2,"Juice, Smoothies, Fruit Salads",15.6,0.0,0.0,completed,47.71,False,0.0,2026-05-06 15:28:39
2480,486,50090083,2026-04-19 13:55:16,2026-04-19 14:55:16,3,American,44.5,0.0,0.0,completed,96.53,True,19.31,2026-04-19 13:55:16
2481,486,50165892,2026-05-13 15:29:46,2026-05-13 15:59:46,1,Asian/Asian Fusion,18.6,0.0,0.0,cancelled,34.58,False,0.0,2026-05-13 15:29:46
2482,486,50153619,2026-05-28 13:29:43,2026-05-28 13:44:43,2,Asian/Asian Fusion,16.8,0.0,1.7,completed,130.99,True,19.65,2026-05-28 13:29:43
2483,486,50090463,2026-05-19 17:23:04,2026-05-19 18:08:04,1,Asian/Asian Fusion,6.6,0.0,0.0,completed,41.83,False,0.0,2026-05-19 17:23:04
2484,486,40823209,2026-05-11 18:38:28,2026-05-11 19:38:28,1,American,7.1,9.4,5.3,completed,20.14,False,0.0,2026-05-11 18:38:28
2485,486,50098200,2026-03-31 18:00:53,2026-03-31 18:15:53,3,American,29.4,0.0,0.0,completed,70.45,True,7.05,2026-03-31 18:00:53
2486,486,50131269,2026-04-09 13:14:47,2026-04-09 14:14:47,1,American,23.7,0.0,2.5,completed,35.67,True,5.35,2026-04-09 13:14:47
2487,487,41514254,2026-03-12 14:59:09,2026-03-12 15:44:09,2,Sandwiches,44.3,0.0,0.1,completed,93.6,False,0.0,2026-03-12 14:59:09
2488,488,41720680,2026-04-08 17:30:44,2026-04-08 18:30:44,5,Mediterranean,13.8,0.0,0.0,completed,135.19,True,13.52,2026-04-08 17:30:44
2489,488,50116712,2026-04-14 11:23:26,2026-04-14 12:23:26,1,Other,41.9,1.9,3.6,completed,39.56,False,0.0,2026-04-14 11:23:26
2490,489,41452375,2026-03-19 16:57:22,2026-03-19 17:12:22,2,Mexican,20.3,0.0,1.1,cancelled,63.34,False,0.0,2026-03-19 16:57:22
2491,490,50035490,2026-05-09 09:13:04,2026-05-09 09:28:04,2,Asian/Asian Fusion,43.4,0.0,0.0,completed,31.81,False,0.0,2026-05-09 09:13:04
2492,490,50015812,2026-05-26 18:24:08,2026-05-26 18:54:08,2,Sandwiches,39.7,0.0,0.1,cancelled,97.52,False,0.0,2026-05-26 18:24:08
2493,491,50089980,2026-04-20 13:49:44,2026-04-20 14:19:44,2,Mexican,38.6,0.0,1.6,completed,21.4,False,0.0,2026-04-20 13:49:44
2494,491,41013755,2026-04-24 10:24:44,2026-04-24 10:39:44,5,American,22.6,0.0,3.9,completed,328.59,False,0.0,2026-04-24 10:24:44
2495,491,50074365,2026-05-29 21:45:38,2026-05-29 23:45:38,5,American,38.8,0.0,0.0,completed,73.48,False,0.0,2026-05-29 21:45:38
2496,491,50049177,2026-03-07 17:49:53,2026-03-07 19:19:53,2,Mexican,7.6,0.0,0.0,completed,34.19,False,0.0,2026-03-07 17:49:53
2497,492,50011024,2026-05-09 21:27:46,2026-05-09 22:57:46,1,Indian,40.0,5.1,9.2,completed,180.92,True,18.09,2026-05-09 21:27:46
2498,492,50041097,2026-03-06 10:51:44,2026-03-06 11:06:44,5,Indian,33.0,0.0,0.0,cancelled,103.07,True,25.77,2026-03-06 10:51:44
2499,492,50132615,2026-05-05 11:30:07,2026-05-05 12:00:07,4,Latin American,41.3,0.0,0.0,completed,311.11,False,0.0,2026-05-05 11:30:07
2500,493,50169840,2026-05-18 11:30:00,2026-05-18 12:15:00,4,Asian/Asian Fusion,44.5,0.0,1.3,completed,112.62,False,0.0,2026-05-18 11:30:00
2501,494,50118644,2026-05-22 13:05:29,2026-05-22 13:35:29,2,Chinese,44.5,0.0,0.0,completed,11.93,True,2.98,2026-05-22 13:05:29
2502,495,50056992,2026-04-18 08:45:26,2026-04-18 09:30:26,1,Sandwiches,7.6,0.0,0.0,cancelled,51.43,False,0.0,2026-04-18 08:45:26
2503,495,50128675,2026-05-27 21:31:27,2026-05-27 23:01:27,2,Chinese,33.6,0.0,0.0,completed,10.36,False,0.0,2026-05-27 21:31:27
2504,495,50092491,2026-04-06 19:09:58,2026-04-06 19:39:58,2,Chinese,38.8,0.0,0.0,completed,36.44,False,0.0,2026-04-06 19:09:58
2505,495,50123009,2026-04-22 18:35:55,2026-04-22 19:35:55,1,Japanese,35.9,21.0,19.7,completed,30.43,True,6.09,2026-04-22 18:35:55
2506,495,50119362,2026-03-12 15:05:55,2026-03-12 15:50:55,3,Sandwiches,5.1,0.0,4.9,no_show,66.8,True,13.36,2026-03-12 15:05:55
2507,495,50161044,2026-05-07 19:11:50,2026-05-07 19:56:50,1,Sandwiches,32.4,0.0,0.0,completed,4.97,True,0.5,2026-05-07 19:11:50
2508,495,50163272,2026-04-27 20:20:09,2026-04-27 21:20:09,2,Indian,18.8,0.0,0.0,completed,34.0,False,0.0,2026-04-27 20:20:09
2509,495,50129878,2026-05-11 20:40:07,2026-05-11 21:40:07,2,Sandwiches,19.5,0.0,3.6,completed,55.15,False,0.0,2026-05-11 20:40:07
2510,495,50098735,2026-03-11 09:24:52,2026-03-11 11:24:52,5,"Juice, Smoothies, Fruit Salads",8.7,0.0,0.0,completed,200.87,True,20.09,2026-03-11 09:24:52
2511,495,50167775,2026-03-25 22:22:14,2026-03-25 23:07:14,5,"Juice, Smoothies, Fruit Salads",41.2,0.0,1.6,completed,132.75,False,0.0,2026-03-25 22:22:14
2512,495,50171750,2026-03-26 13:43:53,2026-03-26 14:13:53,2,Sandwiches,22.6,0.0,1.4,completed,51.29,True,10.26,2026-03-26 13:43:53
2513,495,50047414,2026-05-06 14:25:44,2026-05-06 14:40:44,1,Sandwiches,6.7,0.0,0.4,completed,29.69,True,7.42,2026-05-06 14:25:44
2514,495,50112325,2026-05-26 12:33:26,2026-05-26 13:33:26,6,Sandwiches,21.5,0.0,2.6,completed,242.65,False,0.0,2026-05-26 12:33:26
2515,495,41217775,2026-04-20 13:30:54,2026-04-20 15:30:54,4,Chinese,15.1,0.0,1.3,completed,55.19,True,13.8,2026-04-20 13:30:54
2516,496,50077334,2026-04-07 21:45:52,2026-04-07 22:00:52,3,Indian,8.7,0.0,1.4,completed,117.45,False,0.0,2026-04-07 21:45:52
2517,497,41229180,2026-03-17 13:08:20,2026-03-17 14:38:20,4,Pizza,12.8,0.0,0.0,completed,143.68,False,0.0,2026-03-17 13:08:20
2518,497,40402026,2026-04-24 13:35:25,2026-04-24 14:20:25,2,Latin American,35.8,0.0,3.1,completed,155.84,False,0.0,2026-04-24 13:35:25
2519,497,50164242,2026-05-06 13:12:26,2026-05-06 15:12:26,2,Japanese,23.3,0.0,0.0,completed,53.97,False,0.0,2026-05-06 13:12:26
2520,498,50100007,2026-05-14 20:31:41,2026-05-14 21:01:41,1,Chinese,37.1,0.0,0.0,completed,51.03,True,10.21,2026-05-14 20:31:41
2521,498,50169701,2026-03-08 12:43:00,2026-03-08 13:13:00,2,Pizza,42.6,0.0,1.8,completed,20.76,False,0.0,2026-03-08 12:43:00
2522,498,50182397,2026-04-06 13:13:43,2026-04-06 15:13:43,2,Mexican,19.8,0.0,0.0,completed,98.12,False,0.0,2026-04-06 13:13:43
2523,499,50017430,2026-04-21 16:25:05,2026-04-21 16:55:05,2,American,22.5,0.0,3.6,completed,107.11,False,0.0,2026-04-21 16:25:05
2524,499,50057810,2026-03-19 19:41:08,2026-03-19 19:56:08,1,Coffee/Tea,36.2,0.0,4.8,completed,51.03,False,0.0,2026-03-19 19:41:08
2525,500,41031707,2026-03-01 21:46:14,2026-03-01 22:16:14,1,French,6.0,0.0,1.3,completed,50.99,True,7.65,2026-03-01 21:46:14
2526,500,41600154,2026-03-21 21:31:13,2026-03-21 21:46:13,2,Coffee/Tea,40.1,0.0,0.0,completed,67.38,True,6.74,2026-03-21 21:31:13
2527,500,50150721,2026-03-24 14:36:52,2026-03-24 15:21:52,4,French,15.4,0.0,0.0,completed,214.49,False,0.0,2026-03-24 14:36:52
2528,500,41336628,2026-04-27 14:31:39,2026-04-27 14:46:39,3,French,17.3,0.0,0.0,completed,577.31,False,0.0,2026-04-27 14:31:39
2529,500,50155608,2026-04-06 18:32:22,2026-04-06 19:17:22,2,French,13.0,0.0,2.0,completed,36.83,True,5.52,2026-04-06 18:32:22
2530,500,50076528,2026-03-31 19:26:17,2026-03-31 19:56:17,1,French,16.8,5.8,5.5,completed,42.77,False,0.0,2026-03-31 19:26:17
2531,500,50106956,2026-04-11 14:33:17,2026-04-11 15:18:17,2,French,36.1,0.0,0.0,cancelled,93.19,False,0.0,2026-04-11 14:33:17
2532,500,50048250,2026-03-27 10:52:28,2026-03-27 11:07:28,3,French,21.9,1.5,4.6,no_show,360.76,False,0.0,2026-03-27 10:52:28
2533,501,41691166,2026-03-23 18:47:00,2026-03-23 19:32:00,1,Mexican,5.3,0.0,0.0,completed,8.1,True,1.62,2026-03-23 18:47:00
2534,501,50148327,2026-04-02 18:02:47,2026-04-02 18:32:47,4,Other,39.5,0.0,2.1,completed,149.91,True,37.48,2026-04-02 18:02:47
2535,501,50160260,2026-03-16 14:30:39,2026-03-16 15:00:39,2,Other,30.7,0.0,0.0,completed,67.35,True,10.1,2026-03-16 14:30:39
2536,501,50001750,2026-03-24 12:00:39,2026-03-24 12:30:39,3,Mexican,42.2,0.0,1.3,completed,56.15,False,0.0,2026-03-24 12:00:39
2537,501,50018775,2026-04-17 15:53:28,2026-04-17 17:23:28,2,Mexican,21.5,0.0,2.6,completed,58.37,False,0.0,2026-04-17 15:53:28
2538,502,50044619,2026-04-01 15:16:19,2026-04-01 15:31:19,2,American,24.2,8.6,6.1,completed,6.64,False,0.0,2026-04-01 15:16:19
2539,502,50140007,2026-03-02 17:00:51,2026-03-02 17:30:51,3,American,23.7,0.0,0.0,completed,179.49,False,0.0,2026-03-02 17:00:51
2540,502,50159100,2026-04-08 17:06:43,2026-04-08 18:06:43,2,Coffee/Tea,20.1,0.3,5.9,completed,42.81,False,0.0,2026-04-08 17:06:43
2541,502,40719059,2026-03-23 09:35:12,2026-03-23 10:35:12,4,American,33.2,0.0,0.0,completed,98.07,False,0.0,2026-03-23 09:35:12
2542,502,50160711,2026-04-01 17:56:27,2026-04-01 18:26:27,2,American,15.9,0.0,4.3,completed,83.94,False,0.0,2026-04-01 17:56:27
2543,503,41005529,2026-05-25 18:36:46,2026-05-25 19:21:46,2,Latin American,12.2,0.0,2.8,no_show,368.87,False,0.0,2026-05-25 18:36:46
2544,503,50074365,2026-03-15 10:04:06,2026-03-15 10:34:06,3,American,44.8,0.0,0.0,cancelled,280.25,False,0.0,2026-03-15 10:04:06
2545,504,50076131,2026-05-19 20:46:49,2026-05-19 22:16:49,2,Donuts,44.0,0.0,0.0,completed,61.38,True,9.21,2026-05-19 20:46:49
2546,504,50145494,2026-05-19 10:48:33,2026-05-19 11:18:33,3,Frozen Desserts,19.8,0.2,0.0,completed,51.98,False,0.0,2026-05-19 10:48:33
2547,504,50158456,2026-04-08 19:06:37,2026-04-08 20:06:37,2,Donuts,12.3,0.0,5.2,no_show,81.81,False,0.0,2026-04-08 19:06:37
2548,504,40732665,2026-05-19 11:55:45,2026-05-19 12:40:45,2,Sandwiches,30.4,0.0,0.7,cancelled,48.63,False,0.0,2026-05-19 11:55:45
2549,504,50044841,2026-04-27 20:14:16,2026-04-27 21:14:16,4,Donuts,39.5,0.0,1.5,cancelled,114.24,False,0.0,2026-04-27 20:14:16
2550,505,50153145,2026-03-17 17:27:12,2026-03-17 18:12:12,1,Coffee/Tea,5.3,0.0,0.0,completed,31.82,False,0.0,2026-03-17 17:27:12
2551,505,50109998,2026-03-05 13:32:43,2026-03-05 15:02:43,3,"Juice, Smoothies, Fruit Salads",13.3,0.0,0.0,completed,138.93,False,0.0,2026-03-05 13:32:43
2552,506,50137816,2026-05-25 11:31:43,2026-05-25 12:16:43,2,Coffee/Tea,19.5,0.0,4.4,completed,99.77,False,0.0,2026-05-25 11:31:43
2553,506,50082993,2026-05-20 19:56:03,2026-05-20 20:11:03,2,Bakery Products/Desserts,36.4,0.0,0.0,completed,249.37,False,0.0,2026-05-20 19:56:03
2554,506,50134929,2026-03-19 15:40:55,2026-03-19 15:55:55,1,Coffee/Tea,38.8,0.0,0.2,completed,70.28,False,0.0,2026-03-19 15:40:55
2555,506,50129725,2026-04-25 10:43:42,2026-04-25 12:43:42,3,Bakery Products/Desserts,11.0,0.0,3.8,cancelled,379.14,True,37.91,2026-04-25 10:43:42
2556,506,41006744,2026-05-05 12:41:05,2026-05-05 12:56:05,3,Coffee/Tea,26.5,0.0,6.6,completed,378.2,False,0.0,2026-05-05 12:41:05
2557,506,50096809,2026-05-21 09:29:57,2026-05-21 09:59:57,1,"Juice, Smoothies, Fruit Salads",12.7,0.0,0.0,completed,82.79,False,0.0,2026-05-21 09:29:57
2558,506,50121207,2026-03-03 20:21:35,2026-03-03 21:51:35,3,Bakery Products/Desserts,32.6,0.0,0.0,completed,127.56,False,0.0,2026-03-03 20:21:35
2559,507,50149380,2026-05-17 10:07:41,2026-05-17 10:52:41,6,French,37.3,0.0,4.3,completed,3.68,True,0.37,2026-05-17 10:07:41
2560,507,40685734,2026-03-22 09:50:19,2026-03-22 10:35:19,2,American,10.9,0.0,0.0,completed,26.51,False,0.0,2026-03-22 09:50:19
2561,507,50179744,2026-03-19 19:45:10,2026-03-19 20:45:10,2,Korean,10.0,0.0,0.0,completed,117.5,False,0.0,2026-03-19 19:45:10
2562,507,50134690,2026-05-02 19:49:58,2026-05-02 20:19:58,1,Italian,34.7,0.0,0.0,completed,16.68,False,0.0,2026-05-02 19:49:58
2563,508,50058131,2026-04-03 19:38:11,2026-04-03 20:38:11,2,Thai,16.1,0.0,3.7,completed,62.01,False,0.0,2026-04-03 19:38:11
2564,508,50069039,2026-05-10 10:27:28,2026-05-10 11:12:28,2,"Juice, Smoothies, Fruit Salads",43.7,0.0,0.0,completed,48.73,False,0.0,2026-05-10 10:27:28
2565,508,50182148,2026-05-18 10:57:20,2026-05-18 11:12:20,5,"Juice, Smoothies, Fruit Salads",18.9,0.0,0.0,completed,135.91,False,0.0,2026-05-18 10:57:20
2566,509,40837666,2026-03-10 15:32:13,2026-03-10 16:17:13,2,Asian/Asian Fusion,33.8,0.0,0.0,completed,142.86,True,28.57,2026-03-10 15:32:13
2567,509,50137819,2026-03-29 17:13:59,2026-03-29 17:28:59,5,Japanese,30.1,0.0,0.0,completed,73.15,False,0.0,2026-03-29 17:13:59
2568,509,50102879,2026-05-08 22:12:12,2026-05-08 23:42:12,3,Asian/Asian Fusion,10.2,0.0,0.0,completed,132.15,False,0.0,2026-05-08 22:12:12
2569,509,50112066,2026-05-07 20:48:33,2026-05-07 21:33:33,2,Coffee/Tea,41.6,0.0,0.8,no_show,183.38,False,0.0,2026-05-07 20:48:33
2570,509,50165875,2026-03-07 12:51:01,2026-03-07 13:51:01,2,Asian/Asian Fusion,36.9,0.3,0.0,completed,76.03,False,0.0,2026-03-07 12:51:01
2571,510,41711813,2026-05-26 18:16:15,2026-05-26 19:01:15,1,American,12.8,0.0,4.7,completed,36.68,False,0.0,2026-05-26 18:16:15
2572,511,50069039,2026-03-23 09:07:07,2026-03-23 09:22:07,2,"Juice, Smoothies, Fruit Salads",36.9,0.0,0.0,completed,114.06,False,0.0,2026-03-23 09:07:07
2573,512,50177834,2026-04-25 18:35:04,2026-04-25 20:05:04,2,Asian/Asian Fusion,31.4,0.0,4.4,completed,212.07,False,0.0,2026-04-25 18:35:04
2574,513,40402893,2026-03-30 10:32:41,2026-03-30 11:32:41,1,Italian,12.3,0.4,0.0,completed,88.2,False,0.0,2026-03-30 10:32:41
2575,513,50112295,2026-03-07 18:19:36,2026-03-07 18:49:36,1,Coffee/Tea,32.6,0.0,0.0,completed,11.45,False,0.0,2026-03-07 18:19:36
2576,513,50068093,2026-05-29 14:57:22,2026-05-29 15:42:22,1,Coffee/Tea,22.1,0.0,0.1,no_show,45.23,False,0.0,2026-05-29 14:57:22
2577,514,50146113,2026-04-17 15:59:39,2026-04-17 17:59:39,2,Japanese,5.5,0.0,6.7,completed,49.38,True,4.94,2026-04-17 15:59:39
2578,514,50121179,2026-04-19 17:17:55,2026-04-19 18:02:55,2,Japanese,44.2,0.3,0.9,completed,24.7,False,0.0,2026-04-19 17:17:55
2579,514,41209159,2026-05-23 21:01:55,2026-05-23 22:01:55,2,Japanese,8.1,0.0,0.0,completed,175.21,False,0.0,2026-05-23 21:01:55
2580,514,50149716,2026-05-15 22:46:35,2026-05-15 23:46:35,4,Japanese,11.2,0.0,0.0,completed,221.16,False,0.0,2026-05-15 22:46:35
2581,514,50058678,2026-05-02 19:51:01,2026-05-02 20:36:01,1,Mediterranean,8.6,0.0,3.9,completed,26.37,False,0.0,2026-05-02 19:51:01
2582,514,50136764,2026-04-29 09:28:58,2026-04-29 09:43:58,2,"Juice, Smoothies, Fruit Salads",28.0,0.0,0.0,completed,24.75,False,0.0,2026-04-29 09:28:58
2583,514,50046008,2026-03-28 16:01:00,2026-03-28 16:46:00,2,Japanese,31.1,2.2,1.2,completed,73.36,False,0.0,2026-03-28 16:01:00
2584,514,50146192,2026-05-19 19:06:01,2026-05-19 20:06:01,2,American,31.4,0.0,0.0,cancelled,319.24,True,63.85,2026-05-19 19:06:01
2585,515,50163332,2026-03-09 17:02:53,2026-03-09 17:32:53,1,Asian/Asian Fusion,27.4,0.0,4.9,completed,7.66,False,0.0,2026-03-09 17:02:53
2586,515,50074810,2026-03-13 12:17:20,2026-03-13 12:47:20,2,Korean,27.4,0.0,1.0,completed,40.26,True,4.03,2026-03-13 12:17:20
2587,515,50109268,2026-04-24 19:52:55,2026-04-24 20:22:55,2,Asian/Asian Fusion,41.8,0.0,0.0,completed,18.41,False,0.0,2026-04-24 19:52:55
2588,515,50145771,2026-04-29 19:02:17,2026-04-29 20:02:17,2,Asian/Asian Fusion,31.3,0.0,0.0,completed,16.35,True,4.09,2026-04-29 19:02:17
2589,515,50118614,2026-03-30 20:31:21,2026-03-30 21:01:21,4,Korean,30.2,0.0,3.2,completed,109.7,False,0.0,2026-03-30 20:31:21
2590,515,50145702,2026-05-25 16:52:43,2026-05-25 17:22:43,2,Chicken,8.8,0.0,0.0,completed,23.65,False,0.0,2026-05-25 16:52:43
2591,516,50148139,2026-05-03 14:26:12,2026-05-03 14:41:12,4,American,19.0,0.5,0.0,completed,90.34,False,0.0,2026-05-03 14:26:12
2592,516,50087582,2026-05-17 19:18:24,2026-05-17 20:48:24,2,American,31.7,0.0,3.5,completed,27.66,False,0.0,2026-05-17 19:18:24
2593,516,50096032,2026-03-04 17:19:20,2026-03-04 17:49:20,3,Mediterranean,11.2,0.0,2.3,completed,8.25,False,0.0,2026-03-04 17:19:20
2594,517,50006337,2026-05-15 11:57:43,2026-05-15 12:42:43,3,American,38.4,0.0,1.4,completed,106.58,False,0.0,2026-05-15 11:57:43
2595,517,50123914,2026-04-26 21:52:38,2026-04-26 22:52:38,1,Indian,37.5,0.0,3.0,completed,40.41,False,0.0,2026-04-26 21:52:38
2596,517,41594882,2026-04-17 18:59:52,2026-04-17 20:29:52,5,Pizza,16.2,0.0,5.4,completed,42.61,False,0.0,2026-04-17 18:59:52
2597,517,40946298,2026-04-11 20:19:19,2026-04-11 20:49:19,3,Indian,12.9,0.0,0.0,no_show,21.09,False,0.0,2026-04-11 20:19:19
2598,517,50102319,2026-05-06 08:18:53,2026-05-06 08:48:53,1,Donuts,29.1,0.0,1.6,completed,52.3,True,13.07,2026-05-06 08:18:53
2599,518,50128558,2026-03-22 16:09:03,2026-03-22 17:09:03,2,Coffee/Tea,9.2,0.0,0.0,completed,70.46,True,14.09,2026-03-22 16:09:03
2600,518,50105682,2026-05-06 09:47:45,2026-05-06 10:17:45,2,Pizza,5.2,0.0,0.7,completed,31.23,False,0.0,2026-05-06 09:47:45
2601,518,50146105,2026-05-06 19:58:02,2026-05-06 21:58:02,1,Pizza,29.9,0.0,0.0,completed,27.46,True,5.49,2026-05-06 19:58:02
2602,518,50146342,2026-04-08 13:57:42,2026-04-08 14:12:42,5,Pizza,6.0,0.0,1.2,completed,65.7,False,0.0,2026-04-08 13:57:42
2603,518,50106006,2026-04-25 20:43:19,2026-04-25 22:13:19,2,Coffee/Tea,22.4,0.0,0.0,no_show,40.01,True,8.0,2026-04-25 20:43:19
2604,518,50172203,2026-03-04 17:01:05,2026-03-04 17:46:05,1,Coffee/Tea,26.5,0.0,3.4,completed,24.37,True,6.09,2026-03-04 17:01:05
2605,519,50176680,2026-05-29 11:24:42,2026-05-29 12:09:42,2,Sandwiches,31.6,0.0,0.0,completed,153.44,False,0.0,2026-05-29 11:24:42
2606,519,50043100,2026-03-27 18:30:06,2026-03-27 20:30:06,2,Coffee/Tea,6.7,0.0,0.0,completed,53.57,False,0.0,2026-03-27 18:30:06
2607,520,50090490,2026-04-09 15:03:59,2026-04-09 16:33:59,2,Asian/Asian Fusion,17.6,0.0,5.4,completed,47.56,True,9.51,2026-04-09 15:03:59
2608,520,50017185,2026-05-25 17:12:05,2026-05-25 17:57:05,3,"Juice, Smoothies, Fruit Salads",40.9,0.0,0.7,no_show,115.71,False,0.0,2026-05-25 17:12:05
2609,520,40837666,2026-05-20 09:50:17,2026-05-20 10:20:17,2,Asian/Asian Fusion,21.5,0.0,4.4,completed,117.66,True,23.53,2026-05-20 09:50:17
2610,520,50033788,2026-04-29 13:17:33,2026-04-29 13:47:33,5,Asian/Asian Fusion,27.0,0.1,0.0,completed,193.83,False,0.0,2026-04-29 13:17:33
2611,520,50132596,2026-04-10 22:37:23,2026-04-11 00:07:23,2,Asian/Asian Fusion,33.5,0.0,0.0,completed,162.82,False,0.0,2026-04-10 22:37:23
2612,521,50051612,2026-05-23 20:19:47,2026-05-23 21:49:47,3,Mexican,28.0,0.0,1.5,completed,56.54,False,0.0,2026-05-23 20:19:47
2613,521,50005405,2026-03-20 08:22:42,2026-03-20 09:07:42,3,Italian,7.4,0.0,0.5,completed,135.93,False,0.0,2026-03-20 08:22:42
2614,521,50164764,2026-04-29 19:10:16,2026-04-29 19:55:16,2,Other,31.1,8.9,5.4,completed,94.26,False,0.0,2026-04-29 19:10:16
2615,521,50177220,2026-05-17 13:38:10,2026-05-17 14:08:10,4,Mexican,27.1,0.0,0.1,completed,433.94,False,0.0,2026-05-17 13:38:10
2616,521,40849849,2026-05-20 19:17:34,2026-05-20 19:32:34,2,Pizza,35.9,0.0,0.0,completed,63.58,False,0.0,2026-05-20 19:17:34
2617,522,50146273,2026-03-09 12:51:17,2026-03-09 13:36:17,2,American,38.8,0.0,1.6,completed,105.0,True,21.0,2026-03-09 12:51:17
2618,523,50132385,2026-03-08 12:57:53,2026-03-08 13:57:53,2,Japanese,19.2,0.0,1.2,completed,55.09,False,0.0,2026-03-08 12:57:53
2619,523,50118905,2026-04-03 16:37:28,2026-04-03 16:52:28,3,Indian,44.7,0.0,0.0,cancelled,31.46,False,0.0,2026-04-03 16:37:28
2620,523,50120019,2026-03-14 08:54:31,2026-03-14 09:39:31,4,Indian,42.3,0.0,0.0,completed,29.01,False,0.0,2026-03-14 08:54:31
2621,523,50165375,2026-04-13 13:23:07,2026-04-13 13:38:07,2,Japanese,20.4,0.0,1.3,completed,75.29,False,0.0,2026-04-13 13:23:07
2622,523,41248591,2026-03-30 16:38:36,2026-03-30 17:23:36,2,American,41.6,5.0,5.3,completed,65.84,False,0.0,2026-03-30 16:38:36
2623,524,41092609,2026-05-10 20:40:22,2026-05-10 21:25:22,2,American,16.4,0.0,0.0,no_show,111.12,False,0.0,2026-05-10 20:40:22
2624,524,50079981,2026-05-31 19:13:18,2026-05-31 20:13:18,5,American,30.2,0.0,0.0,completed,62.04,True,9.31,2026-05-31 19:13:18
2625,524,50089623,2026-05-14 16:04:54,2026-05-14 16:34:54,2,American,44.3,0.0,1.6,cancelled,30.9,False,0.0,2026-05-14 16:04:54
2626,524,50137899,2026-03-07 14:17:50,2026-03-07 15:17:50,4,Chicken,6.2,0.0,0.0,completed,277.01,False,0.0,2026-03-07 14:17:50
2627,524,50153742,2026-05-21 21:40:03,2026-05-21 22:25:03,2,Chicken,10.9,0.0,0.0,completed,93.92,True,18.78,2026-05-21 21:40:03
2628,524,50118940,2026-03-11 12:32:52,2026-03-11 13:32:52,5,Chicken,28.9,0.0,0.0,cancelled,368.1,False,0.0,2026-03-11 12:32:52
2629,524,50054046,2026-03-29 08:55:19,2026-03-29 09:40:19,3,French,44.6,0.0,0.4,cancelled,81.48,False,0.0,2026-03-29 08:55:19
2630,524,50118602,2026-04-20 12:31:25,2026-04-20 13:01:25,2,Chicken,16.1,0.0,0.0,completed,93.25,False,0.0,2026-04-20 12:31:25
2631,524,50108065,2026-03-25 14:18:30,2026-03-25 15:03:30,2,Chicken,32.2,0.0,5.4,completed,104.28,False,0.0,2026-03-25 14:18:30
2632,525,50177372,2026-05-14 08:17:54,2026-05-14 09:47:54,2,Italian,9.8,0.0,0.0,completed,41.0,False,0.0,2026-05-14 08:17:54
2633,525,40818115,2026-03-16 13:13:42,2026-03-16 13:58:42,2,Coffee/Tea,36.8,0.0,0.0,cancelled,60.6,False,0.0,2026-03-16 13:13:42
2634,525,50178354,2026-05-27 11:19:59,2026-05-27 12:04:59,2,Latin American,11.3,0.0,2.5,completed,32.61,False,0.0,2026-05-27 11:19:59
2635,526,50004211,2026-03-17 08:03:33,2026-03-17 08:33:33,2,Donuts,21.8,0.0,0.3,cancelled,46.32,False,0.0,2026-03-17 08:03:33
2636,526,50117513,2026-04-04 12:05:05,2026-04-04 12:50:05,3,Coffee/Tea,5.4,0.0,0.0,cancelled,85.9,False,0.0,2026-04-04 12:05:05
2637,526,40399329,2026-03-20 21:49:58,2026-03-20 22:34:58,5,Italian,9.5,0.0,0.0,completed,39.88,False,0.0,2026-03-20 21:49:58
2638,526,50151969,2026-03-03 11:19:10,2026-03-03 12:04:10,4,Thai,9.7,0.0,0.0,completed,64.06,False,0.0,2026-03-03 11:19:10
2639,526,50162534,2026-04-27 10:31:43,2026-04-27 12:31:43,2,Thai,34.3,0.0,6.0,cancelled,61.14,False,0.0,2026-04-27 10:31:43
2640,526,50157215,2026-04-18 18:37:32,2026-04-18 19:07:32,2,Italian,30.5,0.0,2.3,cancelled,12.42,False,0.0,2026-04-18 18:37:32
2641,526,50150733,2026-04-15 16:45:11,2026-04-15 17:15:11,4,Thai,11.7,0.0,0.8,completed,58.3,False,0.0,2026-04-15 16:45:11
2642,526,50064785,2026-05-01 08:58:07,2026-05-01 10:28:07,3,Italian,10.1,0.0,0.0,no_show,23.69,True,3.55,2026-05-01 08:58:07
2643,526,40398989,2026-04-16 19:06:39,2026-04-16 21:06:39,2,Italian,27.7,0.0,3.0,completed,26.41,False,0.0,2026-04-16 19:06:39
2644,526,50151969,2026-04-19 13:28:52,2026-04-19 14:28:52,1,Thai,10.0,0.0,0.0,completed,6.11,True,1.53,2026-04-19 13:28:52
2645,526,50068505,2026-03-24 12:09:00,2026-03-24 12:39:00,2,Italian,13.3,0.9,0.0,completed,46.8,True,7.02,2026-03-24 12:09:00
2646,526,41319437,2026-03-22 09:48:25,2026-03-22 10:18:25,2,Italian,22.2,0.1,0.2,completed,25.79,True,6.45,2026-03-22 09:48:25
2647,527,50052280,2026-03-18 10:44:17,2026-03-18 10:59:17,2,Chinese,35.4,0.0,1.8,completed,64.54,False,0.0,2026-03-18 10:44:17
2648,527,50011690,2026-03-12 20:05:31,2026-03-12 20:35:31,2,Mexican,44.3,0.0,0.3,completed,37.67,False,0.0,2026-03-12 20:05:31
2649,528,50175817,2026-04-24 14:23:58,2026-04-24 15:08:58,2,Sandwiches,15.6,0.0,4.3,completed,30.03,False,0.0,2026-04-24 14:23:58
2650,529,50113404,2026-04-18 10:35:29,2026-04-18 10:50:29,5,Sandwiches,28.8,0.0,1.5,completed,103.1,False,0.0,2026-04-18 10:35:29
2651,529,50143375,2026-04-06 17:46:17,2026-04-06 18:16:17,3,Sandwiches,32.9,0.0,1.2,cancelled,29.28,False,0.0,2026-04-06 17:46:17
2652,530,50161217,2026-03-27 13:27:16,2026-03-27 13:57:16,2,Thai,15.8,0.0,2.9,completed,61.59,False,0.0,2026-03-27 13:27:16
2653,530,50067469,2026-05-22 11:52:34,2026-05-22 12:37:34,2,Thai,31.3,2.2,0.3,completed,89.15,True,17.83,2026-05-22 11:52:34
2654,530,50053728,2026-05-26 11:45:53,2026-05-26 13:45:53,2,Mediterranean,29.6,0.0,1.4,completed,69.93,False,0.0,2026-05-26 11:45:53
2655,530,50044629,2026-04-12 12:44:54,2026-04-12 12:59:54,2,Italian,28.1,1.0,1.6,completed,56.7,True,8.5,2026-04-12 12:44:54
2656,530,41011581,2026-04-27 15:48:08,2026-04-27 17:18:08,5,American,16.6,0.0,0.0,completed,100.2,False,0.0,2026-04-27 15:48:08
2657,530,50086421,2026-05-03 21:27:46,2026-05-03 22:12:46,3,Thai,9.2,0.0,2.1,cancelled,234.28,False,0.0,2026-05-03 21:27:46
2658,531,50036394,2026-05-30 18:46:01,2026-05-30 20:46:01,2,Latin American,34.7,0.0,0.0,completed,62.76,True,12.55,2026-05-30 18:46:01
2659,531,50156698,2026-03-30 18:04:59,2026-03-30 18:49:59,1,Indian,22.3,0.0,0.0,cancelled,11.09,True,2.22,2026-03-30 18:04:59
2660,531,50113163,2026-04-03 18:59:22,2026-04-03 19:59:22,1,Indian,37.0,0.0,0.3,completed,26.77,False,0.0,2026-04-03 18:59:22
2661,531,50005085,2026-05-07 13:03:51,2026-05-07 13:48:51,1,Latin American,36.3,0.0,6.7,no_show,16.44,False,0.0,2026-05-07 13:03:51
2662,532,50041043,2026-05-14 18:02:05,2026-05-14 18:47:05,1,Pizza,42.9,0.0,0.0,completed,18.52,True,1.85,2026-05-14 18:02:05
2663,532,50082220,2026-05-16 11:32:05,2026-05-16 13:02:05,2,Pizza,27.1,0.0,0.1,completed,86.61,False,0.0,2026-05-16 11:32:05
2664,532,50138860,2026-05-10 12:17:44,2026-05-10 13:02:44,3,Pizza,43.4,0.0,0.0,completed,307.36,False,0.0,2026-05-10 12:17:44
2665,532,50053364,2026-03-31 17:13:46,2026-03-31 17:58:46,3,"Juice, Smoothies, Fruit Salads",8.6,0.0,2.6,completed,176.77,False,0.0,2026-03-31 17:13:46
2666,532,50133645,2026-03-06 11:15:42,2026-03-06 12:00:42,2,Thai,29.4,7.9,8.5,completed,171.64,False,0.0,2026-03-06 11:15:42
2667,532,50163572,2026-03-27 17:21:23,2026-03-27 17:51:23,3,Thai,23.9,0.0,0.0,completed,62.35,True,6.23,2026-03-27 17:21:23
2668,533,40373937,2026-03-01 11:37:47,2026-03-01 13:07:47,2,Chinese,24.7,0.0,1.5,cancelled,18.93,False,0.0,2026-03-01 11:37:47
2669,533,50129141,2026-03-29 18:09:06,2026-03-29 19:09:06,3,Other,20.1,0.0,0.0,completed,53.31,False,0.0,2026-03-29 18:09:06
2670,533,40826386,2026-05-16 20:34:07,2026-05-16 20:49:07,3,Mexican,27.8,0.0,0.0,completed,148.45,True,37.11,2026-05-16 20:34:07
2671,534,50150010,2026-04-29 19:57:17,2026-04-29 20:27:17,2,Coffee/Tea,27.2,0.0,0.8,completed,33.69,False,0.0,2026-04-29 19:57:17
2672,534,50124173,2026-05-18 21:12:53,2026-05-18 21:42:53,2,Bakery Products/Desserts,41.3,0.0,0.0,completed,43.1,True,4.31,2026-05-18 21:12:53
2673,534,50065679,2026-05-17 13:28:38,2026-05-17 13:58:38,2,"Juice, Smoothies, Fruit Salads",35.1,0.0,2.5,completed,30.44,False,0.0,2026-05-17 13:28:38
2674,535,50036378,2026-03-25 20:29:50,2026-03-25 20:59:50,2,Chinese,38.6,0.0,0.0,completed,27.83,False,0.0,2026-03-25 20:29:50
2675,535,50159618,2026-04-21 22:27:33,2026-04-21 23:12:33,3,Japanese,17.7,9.1,9.1,cancelled,63.36,False,0.0,2026-04-21 22:27:33
2676,535,50139464,2026-05-30 11:47:04,2026-05-30 12:02:04,1,Japanese,23.1,0.0,1.9,completed,226.88,False,0.0,2026-05-30 11:47:04
2677,535,50073925,2026-04-16 10:57:36,2026-04-16 11:57:36,2,Chinese,43.8,0.0,0.0,cancelled,56.69,False,0.0,2026-04-16 10:57:36
2678,536,50163324,2026-05-17 09:52:24,2026-05-17 10:52:24,3,Indian,27.0,0.0,3.0,completed,29.75,True,5.95,2026-05-17 09:52:24
2679,536,40946298,2026-05-26 18:09:26,2026-05-26 18:54:26,2,Indian,39.7,0.0,0.4,completed,236.15,False,0.0,2026-05-26 18:09:26
2680,536,50006735,2026-05-01 15:53:19,2026-05-01 16:08:19,4,Tex-Mex,7.2,0.0,0.4,no_show,163.74,False,0.0,2026-05-01 15:53:19
2681,536,50017275,2026-04-01 14:17:58,2026-04-01 15:47:58,1,Salads,12.2,0.0,0.0,no_show,64.52,True,6.45,2026-04-01 14:17:58
2682,537,50155977,2026-03-16 13:55:39,2026-03-16 14:55:39,3,Bakery Products/Desserts,9.7,0.0,1.5,completed,131.18,False,0.0,2026-03-16 13:55:39
2683,537,50119095,2026-05-25 18:10:22,2026-05-25 18:40:22,6,Indian,21.2,0.0,0.0,completed,96.09,False,0.0,2026-05-25 18:10:22
2684,537,50123492,2026-05-11 12:25:23,2026-05-11 13:10:23,1,Indian,16.6,21.8,16.9,completed,7.73,False,0.0,2026-05-11 12:25:23
2685,537,50045754,2026-04-21 20:54:26,2026-04-21 22:54:26,3,Bakery Products/Desserts,13.1,0.0,0.0,cancelled,77.2,False,0.0,2026-04-21 20:54:26
2686,537,50085359,2026-05-01 17:59:37,2026-05-01 18:14:37,3,Indian,34.6,0.0,0.0,completed,47.68,False,0.0,2026-05-01 17:59:37
2687,537,41299322,2026-04-30 12:03:38,2026-04-30 12:48:38,2,Latin American,17.6,0.0,0.0,completed,13.47,False,0.0,2026-04-30 12:03:38
2688,537,41476195,2026-04-27 14:12:40,2026-04-27 15:42:40,4,Indian,9.1,0.0,0.1,completed,61.15,False,0.0,2026-04-27 14:12:40
2689,537,50041388,2026-04-10 21:36:52,2026-04-10 22:06:52,2,Bakery Products/Desserts,18.3,0.0,8.0,completed,5.89,False,0.0,2026-04-10 21:36:52
2690,537,50110602,2026-05-11 11:35:25,2026-05-11 13:05:25,2,Bakery Products/Desserts,36.1,0.0,0.0,completed,27.86,False,0.0,2026-05-11 11:35:25
2691,537,50113213,2026-05-06 13:06:54,2026-05-06 15:06:54,3,Mexican,21.1,0.0,0.0,cancelled,44.73,False,0.0,2026-05-06 13:06:54
2692,537,50181505,2026-04-05 19:09:11,2026-04-05 20:39:11,4,Indian,33.9,0.0,1.1,completed,87.57,True,21.89,2026-04-05 19:09:11
2693,538,50112658,2026-05-20 20:14:02,2026-05-20 20:44:02,2,Pizza,8.6,0.0,3.5,completed,200.71,False,0.0,2026-05-20 20:14:02
2694,538,50162967,2026-05-19 18:06:03,2026-05-19 18:51:03,2,Chinese,13.2,0.0,0.0,completed,33.93,False,0.0,2026-05-19 18:06:03
2695,538,50138860,2026-04-10 13:30:48,2026-04-10 14:00:48,4,Pizza,24.3,0.0,3.0,completed,447.51,False,0.0,2026-04-10 13:30:48
2696,538,40530583,2026-03-07 13:53:32,2026-03-07 15:23:32,2,American,15.9,0.0,1.6,completed,107.38,False,0.0,2026-03-07 13:53:32
2697,538,41585567,2026-05-05 15:11:06,2026-05-05 16:41:06,1,Italian,42.7,0.0,0.0,completed,71.44,False,0.0,2026-05-05 15:11:06
2698,539,50134704,2026-03-01 20:14:34,2026-03-01 20:59:34,2,Latin American,36.2,0.0,0.0,completed,72.59,True,10.89,2026-03-01 20:14:34
2699,539,50171074,2026-03-18 18:18:06,2026-03-18 18:33:06,3,"Juice, Smoothies, Fruit Salads",19.8,0.0,0.0,completed,49.41,False,0.0,2026-03-18 18:18:06
2700,540,50119559,2026-05-18 13:42:46,2026-05-18 13:57:46,1,American,27.5,0.0,0.0,cancelled,51.89,True,5.19,2026-05-18 13:42:46
2701,540,50154018,2026-03-21 13:46:21,2026-03-21 15:16:21,1,Korean,24.3,0.0,4.6,completed,81.49,True,8.15,2026-03-21 13:46:21
2702,540,50046914,2026-05-26 21:49:27,2026-05-26 23:49:27,2,Korean,19.4,0.0,0.0,completed,125.55,False,0.0,2026-05-26 21:49:27
2703,540,50146727,2026-03-31 12:59:50,2026-03-31 13:14:50,1,"Juice, Smoothies, Fruit Salads",14.0,0.0,0.0,completed,25.07,False,0.0,2026-03-31 12:59:50
2704,540,50122409,2026-03-30 21:01:10,2026-03-30 22:31:10,4,Korean,38.3,1.1,0.0,completed,257.14,False,0.0,2026-03-30 21:01:10
2705,540,50177681,2026-04-01 13:41:24,2026-04-01 13:56:24,2,"Juice, Smoothies, Fruit Salads",6.8,0.0,0.6,completed,58.46,False,0.0,2026-04-01 13:41:24
2706,540,50168739,2026-03-22 10:05:50,2026-03-22 10:20:50,2,Sandwiches,28.9,0.0,0.0,completed,53.98,True,10.8,2026-03-22 10:05:50
2707,540,50073713,2026-04-08 17:58:25,2026-04-08 18:13:25,1,Korean,43.6,0.0,0.0,completed,40.56,True,4.06,2026-04-08 17:58:25
2708,541,50066399,2026-03-06 18:44:24,2026-03-06 18:59:24,5,Italian,43.4,0.0,1.2,completed,286.01,False,0.0,2026-03-06 18:44:24
2709,541,50133530,2026-05-11 21:54:53,2026-05-11 23:54:53,2,Italian,38.2,55.8,63.8,completed,16.7,True,4.17,2026-05-11 21:54:53
2710,541,50035437,2026-04-09 13:26:44,2026-04-09 13:41:44,4,Italian,5.8,0.0,2.6,completed,82.58,False,0.0,2026-04-09 13:26:44
2711,541,41461860,2026-03-01 12:14:13,2026-03-01 12:44:13,2,Italian,21.9,0.0,0.1,completed,28.97,True,7.24,2026-03-01 12:14:13
2712,541,50183671,2026-04-15 10:46:14,2026-04-15 11:01:14,2,Latin American,44.7,0.0,0.0,completed,24.57,True,4.91,2026-04-15 10:46:14
2713,541,50017853,2026-03-30 13:07:43,2026-03-30 13:52:43,2,Indian,44.9,0.0,0.0,completed,46.63,False,0.0,2026-03-30 13:07:43
2714,542,50104139,2026-04-20 19:03:39,2026-04-20 19:33:39,1,Chinese,31.2,0.7,0.0,completed,48.84,False,0.0,2026-04-20 19:03:39
2715,542,50076854,2026-03-08 14:43:14,2026-03-08 15:28:14,1,Latin American,39.2,0.0,0.1,completed,55.54,False,0.0,2026-03-08 14:43:14
2716,542,50125649,2026-05-06 15:17:10,2026-05-06 16:02:10,5,Chinese,23.7,0.0,0.8,completed,125.85,False,0.0,2026-05-06 15:17:10
2717,542,50168335,2026-05-29 14:49:45,2026-05-29 15:34:45,2,Latin American,15.8,0.0,0.1,completed,107.18,False,0.0,2026-05-29 14:49:45
2718,542,50178814,2026-03-09 17:35:02,2026-03-09 19:05:02,1,Chinese,37.8,0.0,2.3,completed,69.45,True,6.94,2026-03-09 17:35:02
2719,542,50137313,2026-04-25 18:47:26,2026-04-25 19:17:26,2,Chinese,34.7,0.0,3.0,completed,26.24,True,6.56,2026-04-25 18:47:26
2720,543,50119871,2026-03-31 13:36:08,2026-03-31 14:06:08,2,Donuts,6.9,0.0,0.4,completed,27.59,True,2.76,2026-03-31 13:36:08
2721,544,50166719,2026-05-23 14:28:58,2026-05-23 15:28:58,3,Coffee/Tea,20.5,0.0,0.0,completed,178.75,False,0.0,2026-05-23 14:28:58
2722,544,50135393,2026-03-06 09:51:46,2026-03-06 10:51:46,4,Other,31.1,0.0,0.0,completed,241.44,False,0.0,2026-03-06 09:51:46
2723,544,50161085,2026-03-12 14:22:10,2026-03-12 15:52:10,2,Korean,44.6,0.0,0.9,completed,14.99,False,0.0,2026-03-12 14:22:10
2724,544,41451912,2026-05-17 08:55:46,2026-05-17 09:40:46,4,Korean,37.7,0.9,0.0,completed,66.99,False,0.0,2026-05-17 08:55:46
2725,544,50130183,2026-05-09 13:01:02,2026-05-09 13:31:02,2,Thai,24.5,0.0,0.0,completed,55.46,False,0.0,2026-05-09 13:01:02
2726,544,50158624,2026-05-17 16:20:17,2026-05-17 17:50:17,2,Other,42.2,0.0,5.0,completed,57.25,True,14.31,2026-05-17 16:20:17
2727,546,50002691,2026-05-17 15:53:10,2026-05-17 16:23:10,2,American,28.6,0.0,0.0,completed,26.64,False,0.0,2026-05-17 15:53:10
2728,546,50114429,2026-05-05 22:31:02,2026-05-05 23:16:02,2,Coffee/Tea,6.6,0.0,0.0,completed,140.48,False,0.0,2026-05-05 22:31:02
2729,546,50152999,2026-03-25 08:58:19,2026-03-25 09:13:19,3,Italian,29.6,0.0,1.2,completed,76.61,False,0.0,2026-03-25 08:58:19
2730,547,50080262,2026-05-30 18:42:25,2026-05-30 19:42:25,1,Indian,31.8,0.0,0.0,completed,27.07,True,4.06,2026-05-30 18:42:25
2731,547,50151764,2026-05-20 20:24:58,2026-05-20 20:39:58,4,Sandwiches,20.1,0.0,0.3,completed,142.65,False,0.0,2026-05-20 20:24:58
2732,547,50146295,2026-05-03 20:21:54,2026-05-03 21:51:54,3,Pizza,37.3,0.0,0.0,completed,77.66,True,11.65,2026-05-03 20:21:54
2733,547,50163390,2026-05-03 14:42:41,2026-05-03 15:27:41,3,Indian,38.2,1.0,5.7,completed,67.17,False,0.0,2026-05-03 14:42:41
2734,547,50077901,2026-04-25 13:11:08,2026-04-25 13:56:08,2,American,39.5,0.0,0.0,completed,49.33,False,0.0,2026-04-25 13:11:08
2735,548,40392834,2026-03-01 12:41:54,2026-03-01 13:41:54,4,Mexican,19.9,0.0,0.0,no_show,107.22,False,0.0,2026-03-01 12:41:54
2736,548,41255436,2026-03-08 21:41:28,2026-03-08 22:26:28,2,Mexican,44.0,0.0,0.0,completed,38.48,True,5.77,2026-03-08 21:41:28
2737,548,50112295,2026-04-05 12:15:07,2026-04-05 13:45:07,4,Coffee/Tea,15.3,0.0,3.3,completed,81.57,False,0.0,2026-04-05 12:15:07
2738,548,41542299,2026-05-14 12:27:01,2026-05-14 14:27:01,3,Spanish,41.4,0.0,0.0,completed,174.16,False,0.0,2026-05-14 12:27:01
2739,548,41715927,2026-05-13 20:04:18,2026-05-13 20:49:18,2,Pizza,34.9,0.0,0.0,completed,116.14,True,23.23,2026-05-13 20:04:18
2740,548,50044307,2026-05-10 13:59:07,2026-05-10 14:29:07,3,Frozen Desserts,41.8,0.0,0.0,completed,28.78,False,0.0,2026-05-10 13:59:07
2741,548,50105940,2026-03-18 15:01:50,2026-03-18 15:46:50,4,Donuts,34.5,0.0,0.0,completed,227.88,True,22.79,2026-03-18 15:01:50
2742,548,50181127,2026-03-23 19:16:54,2026-03-23 19:31:54,6,Mexican,20.9,0.0,0.0,completed,261.77,False,0.0,2026-03-23 19:16:54
2743,548,50139570,2026-03-14 11:08:26,2026-03-14 12:08:26,1,Mexican,28.5,0.0,0.0,completed,15.72,False,0.0,2026-03-14 11:08:26
2744,548,50143224,2026-05-27 18:20:08,2026-05-27 19:05:08,3,Coffee/Tea,12.1,0.0,1.3,completed,62.1,True,9.31,2026-05-27 18:20:08
2745,548,50134543,2026-05-19 12:06:47,2026-05-19 12:21:47,1,Mexican,10.9,0.0,2.3,completed,45.47,False,0.0,2026-05-19 12:06:47
2746,549,50014517,2026-04-15 17:46:09,2026-04-15 19:16:09,3,Mexican,12.7,0.0,0.0,completed,132.76,False,0.0,2026-04-15 17:46:09
2747,549,50125059,2026-04-18 21:01:26,2026-04-18 21:46:26,1,Mediterranean,15.9,0.0,1.4,completed,22.21,False,0.0,2026-04-18 21:01:26
2748,549,50138456,2026-05-31 11:50:59,2026-05-31 12:20:59,4,Thai,22.8,0.0,0.0,completed,134.03,False,0.0,2026-05-31 11:50:59
2749,549,50173839,2026-03-21 15:45:57,2026-03-21 16:45:57,4,Thai,15.8,0.0,0.0,completed,31.43,True,7.86,2026-03-21 15:45:57
2750,549,50142532,2026-05-01 22:05:21,2026-05-01 23:05:21,2,Mexican,17.3,0.0,0.0,no_show,82.27,False,0.0,2026-05-01 22:05:21
2751,549,41256007,2026-04-13 12:44:49,2026-04-13 13:14:49,2,Mexican,32.8,0.0,0.0,completed,35.17,False,0.0,2026-04-13 12:44:49
2752,549,50162534,2026-04-23 17:57:48,2026-04-23 18:57:48,2,Thai,10.8,0.0,3.8,cancelled,17.61,False,0.0,2026-04-23 17:57:48
2753,549,50042621,2026-05-20 19:39:16,2026-05-20 20:24:16,4,Thai,35.4,0.0,0.1,completed,64.42,True,6.44,2026-05-20 19:39:16
2754,549,50116345,2026-05-29 15:36:57,2026-05-29 16:21:57,4,Thai,36.0,0.0,4.1,completed,28.29,False,0.0,2026-05-29 15:36:57
2755,549,50110343,2026-03-29 20:24:36,2026-03-29 21:09:36,2,Mexican,36.2,0.0,2.0,completed,35.54,False,0.0,2026-03-29 20:24:36
2756,550,50104712,2026-05-11 22:39:51,2026-05-11 23:24:51,4,Mexican,6.6,0.0,0.0,cancelled,26.79,False,0.0,2026-05-11 22:39:51
2757,550,50145734,2026-03-08 16:06:47,2026-03-08 16:36:47,2,Mexican,7.8,0.0,0.3,completed,18.47,True,4.62,2026-03-08 16:06:47
2758,550,50068868,2026-03-25 17:49:22,2026-03-25 18:34:22,1,Coffee/Tea,14.4,0.0,0.0,cancelled,14.77,False,0.0,2026-03-25 17:49:22
2759,550,50075407,2026-03-10 13:34:17,2026-03-10 14:34:17,2,"Juice, Smoothies, Fruit Salads",43.7,0.0,0.1,completed,36.7,False,0.0,2026-03-10 13:34:17
2760,551,50088559,2026-03-02 17:57:08,2026-03-02 18:27:08,2,Pizza,39.3,0.0,7.5,completed,144.12,False,0.0,2026-03-02 17:57:08
2761,551,41178124,2026-03-14 10:49:37,2026-03-14 11:19:37,1,American,23.3,0.0,0.0,completed,44.73,False,0.0,2026-03-14 10:49:37
2762,552,50151766,2026-03-09 19:02:10,2026-03-09 19:47:10,4,Mexican,13.7,0.0,0.0,completed,27.41,False,0.0,2026-03-09 19:02:10
2763,552,50147804,2026-05-31 17:15:47,2026-05-31 18:15:47,2,Bagels/Pretzels,18.4,0.0,5.6,completed,25.66,False,0.0,2026-05-31 17:15:47
2764,552,50149892,2026-03-31 15:38:24,2026-03-31 16:38:24,3,Mexican,36.8,0.0,0.0,completed,126.39,False,0.0,2026-03-31 15:38:24
2765,552,50142945,2026-05-16 14:40:42,2026-05-16 15:10:42,2,Mexican,33.7,0.0,2.6,completed,28.28,False,0.0,2026-05-16 14:40:42
2766,552,50046291,2026-03-13 22:05:20,2026-03-13 22:20:20,4,Mediterranean,34.8,0.0,0.0,completed,77.06,False,0.0,2026-03-13 22:05:20
2767,552,50112655,2026-05-11 20:05:12,2026-05-11 20:50:12,2,Mexican,29.6,0.0,0.0,completed,141.31,False,0.0,2026-05-11 20:05:12
2768,552,41720680,2026-03-06 16:08:30,2026-03-06 16:38:30,1,Mediterranean,29.7,0.0,3.4,cancelled,26.71,False,0.0,2026-03-06 16:08:30
2769,552,50081064,2026-03-13 15:20:46,2026-03-13 16:50:46,5,Mediterranean,12.6,0.0,0.1,completed,170.8,False,0.0,2026-03-13 15:20:46
2770,552,41689361,2026-04-12 19:17:59,2026-04-12 20:47:59,1,American,25.3,0.0,0.0,completed,35.21,False,0.0,2026-04-12 19:17:59
2771,552,50131283,2026-03-19 09:46:43,2026-03-19 10:16:43,2,Japanese,38.5,0.0,1.8,completed,68.37,False,0.0,2026-03-19 09:46:43
2772,552,41690737,2026-04-21 20:09:12,2026-04-21 21:09:12,2,Mediterranean,29.5,0.0,0.8,completed,76.3,False,0.0,2026-04-21 20:09:12
2773,552,50168044,2026-03-27 14:09:36,2026-03-27 15:39:36,4,Mediterranean,42.1,0.0,1.2,completed,155.61,False,0.0,2026-03-27 14:09:36
2774,553,41338348,2026-03-14 18:54:56,2026-03-14 19:24:56,2,American,40.5,0.0,3.1,completed,356.37,False,0.0,2026-03-14 18:54:56
2775,553,50107339,2026-03-17 21:27:37,2026-03-17 22:57:37,4,American,24.6,0.0,1.0,completed,548.31,False,0.0,2026-03-17 21:27:37
2776,553,50159347,2026-04-11 18:56:53,2026-04-11 19:26:53,3,Indian,29.2,0.0,0.0,completed,261.19,False,0.0,2026-04-11 18:56:53
2777,553,50101000,2026-04-25 19:03:28,2026-04-25 19:33:28,1,Indian,11.1,0.2,2.7,completed,116.36,False,0.0,2026-04-25 19:03:28
2778,553,50007475,2026-03-18 21:43:35,2026-03-18 22:43:35,2,Indian,10.6,0.0,0.7,completed,87.55,False,0.0,2026-03-18 21:43:35
2779,553,50146023,2026-05-04 19:04:19,2026-05-04 19:49:19,2,Indian,24.4,0.0,0.0,cancelled,75.95,False,0.0,2026-05-04 19:04:19
2780,553,41588604,2026-03-01 17:20:55,2026-03-01 17:50:55,2,Jewish/Kosher,12.2,21.7,23.9,completed,237.7,False,0.0,2026-03-01 17:20:55
2781,553,41512057,2026-05-28 15:21:46,2026-05-28 16:06:46,4,French,38.4,0.9,0.3,completed,438.89,False,0.0,2026-05-28 15:21:46
2782,554,50174319,2026-03-20 20:10:53,2026-03-20 21:10:53,2,"Juice, Smoothies, Fruit Salads",37.4,0.0,0.0,completed,77.11,False,0.0,2026-03-20 20:10:53
2783,554,50171074,2026-04-03 19:00:39,2026-04-03 19:30:39,4,"Juice, Smoothies, Fruit Salads",5.9,0.0,0.0,completed,178.92,False,0.0,2026-04-03 19:00:39
2784,554,50183228,2026-03-24 17:33:47,2026-03-24 18:33:47,2,Pizza,20.0,0.0,0.0,completed,79.65,False,0.0,2026-03-24 17:33:47
2785,554,41025692,2026-05-31 14:29:51,2026-05-31 14:44:51,1,Italian,6.7,0.0,1.6,completed,31.97,False,0.0,2026-05-31 14:29:51
2786,554,50043260,2026-03-05 08:32:39,2026-03-05 09:17:39,2,Irish,8.5,36.9,22.1,completed,137.57,False,0.0,2026-03-05 08:32:39
2787,554,50108926,2026-05-05 12:01:49,2026-05-05 12:16:49,2,"Juice, Smoothies, Fruit Salads",10.6,0.0,0.0,completed,119.1,True,23.82,2026-05-05 12:01:49
2788,554,50099183,2026-05-16 18:13:23,2026-05-16 18:58:23,2,Italian,5.3,0.0,0.6,completed,220.73,False,0.0,2026-05-16 18:13:23
2789,554,50140110,2026-05-07 19:31:53,2026-05-07 19:46:53,4,"Juice, Smoothies, Fruit Salads",14.9,0.0,0.0,completed,12.22,False,0.0,2026-05-07 19:31:53
2790,554,50078229,2026-04-16 20:36:51,2026-04-16 21:21:51,4,"Juice, Smoothies, Fruit Salads",15.1,0.0,0.0,cancelled,123.39,False,0.0,2026-04-16 20:36:51
2791,554,40396159,2026-05-06 12:49:51,2026-05-06 13:19:51,3,Italian,21.5,0.0,0.0,completed,118.39,False,0.0,2026-05-06 12:49:51
2792,554,50124011,2026-04-29 21:59:10,2026-04-29 23:29:10,2,"Juice, Smoothies, Fruit Salads",39.8,0.0,1.6,completed,117.22,False,0.0,2026-04-29 21:59:10
2793,554,50131933,2026-03-24 12:56:43,2026-03-24 13:41:43,5,"Juice, Smoothies, Fruit Salads",24.2,0.0,0.0,completed,22.8,False,0.0,2026-03-24 12:56:43
2794,554,50124011,2026-03-22 15:55:41,2026-03-22 16:25:41,3,"Juice, Smoothies, Fruit Salads",22.3,0.0,1.3,completed,43.32,False,0.0,2026-03-22 15:55:41
2795,554,50137811,2026-03-22 15:08:33,2026-03-22 16:08:33,5,"Juice, Smoothies, Fruit Salads",36.9,0.0,0.1,completed,304.34,True,45.65,2026-03-22 15:08:33
2796,554,50069956,2026-05-07 13:07:48,2026-05-07 14:07:48,1,Italian,21.8,0.0,0.0,completed,12.96,False,0.0,2026-05-07 13:07:48
2797,554,50140110,2026-03-26 08:36:00,2026-03-26 10:06:00,3,"Juice, Smoothies, Fruit Salads",26.1,0.0,0.0,completed,33.33,True,8.33,2026-03-26 08:36:00
2798,554,41631799,2026-03-06 21:30:07,2026-03-06 23:00:07,1,Italian,39.1,1.8,6.3,completed,80.66,False,0.0,2026-03-06 21:30:07
2799,554,50178995,2026-05-18 12:27:48,2026-05-18 12:57:48,2,"Juice, Smoothies, Fruit Salads",19.8,0.0,0.0,completed,83.63,False,0.0,2026-05-18 12:27:48
2800,554,50131460,2026-03-01 22:45:10,2026-03-01 23:15:10,3,Italian,35.7,0.0,0.0,completed,331.3,False,0.0,2026-03-01 22:45:10
2801,554,50178935,2026-05-17 14:38:15,2026-05-17 15:23:15,3,Italian,27.2,0.0,0.0,completed,152.6,False,0.0,2026-05-17 14:38:15
2802,555,50146116,2026-04-22 18:07:21,2026-04-22 19:07:21,2,Asian/Asian Fusion,9.2,11.1,9.5,completed,241.72,False,0.0,2026-04-22 18:07:21
2803,555,50067461,2026-04-05 14:40:32,2026-04-05 15:25:32,4,Latin American,25.4,0.0,0.0,completed,44.83,False,0.0,2026-04-05 14:40:32
2804,555,50177911,2026-04-05 10:35:36,2026-04-05 12:05:36,4,Seafood,21.2,0.0,7.0,completed,190.29,False,0.0,2026-04-05 10:35:36
2805,555,50164643,2026-05-28 17:17:45,2026-05-28 17:32:45,1,Asian/Asian Fusion,41.2,0.3,1.6,completed,13.73,False,0.0,2026-05-28 17:17:45
2806,556,50182208,2026-03-30 20:40:59,2026-03-30 21:40:59,6,Other,32.6,1.0,0.0,cancelled,46.66,False,0.0,2026-03-30 20:40:59
2807,556,50137596,2026-03-07 16:24:30,2026-03-07 17:54:30,2,Other,20.8,0.0,0.0,completed,56.01,False,0.0,2026-03-07 16:24:30
2808,556,50165133,2026-04-15 10:43:53,2026-04-15 10:58:53,2,Other,21.6,0.0,0.0,no_show,48.97,False,0.0,2026-04-15 10:43:53
2809,556,41622588,2026-04-03 09:29:52,2026-04-03 09:59:52,1,Bakery Products/Desserts,30.5,0.0,0.1,cancelled,17.78,False,0.0,2026-04-03 09:29:52
2810,556,50099801,2026-05-28 20:43:07,2026-05-28 21:28:07,1,Other,26.8,0.0,2.0,completed,81.46,True,16.29,2026-05-28 20:43:07
2811,556,50080782,2026-04-20 13:16:59,2026-04-20 14:01:59,2,American,38.0,0.0,5.0,cancelled,167.84,False,0.0,2026-04-20 13:16:59
2812,556,50143543,2026-04-19 19:33:21,2026-04-19 19:48:21,2,Asian/Asian Fusion,14.4,0.0,2.9,cancelled,102.44,True,15.37,2026-04-19 19:33:21
2813,556,40394392,2026-03-08 17:08:00,2026-03-08 17:38:00,4,Italian,42.8,9.8,8.8,completed,34.12,True,3.41,2026-03-08 17:08:00
2814,556,50099574,2026-03-06 19:44:21,2026-03-06 21:14:21,2,Other,16.1,0.0,1.9,completed,124.68,True,18.7,2026-03-06 19:44:21
2815,556,50157041,2026-03-19 20:54:48,2026-03-19 22:54:48,2,Other,26.1,0.0,5.9,cancelled,29.44,False,0.0,2026-03-19 20:54:48
2816,557,50129760,2026-04-16 18:56:59,2026-04-16 19:26:59,3,Thai,18.2,0.0,1.2,completed,24.8,False,0.0,2026-04-16 18:56:59
2817,557,41503575,2026-03-06 19:24:34,2026-03-06 20:54:34,2,Thai,33.9,0.0,2.6,completed,35.04,False,0.0,2026-03-06 19:24:34
2818,557,50129688,2026-03-17 19:49:25,2026-03-17 21:49:25,1,Thai,34.1,0.0,1.6,no_show,18.44,True,3.69,2026-03-17 19:49:25
2819,557,50111920,2026-03-17 13:54:48,2026-03-17 14:09:48,1,French,44.6,0.0,4.0,completed,23.09,False,0.0,2026-03-17 13:54:48
2820,558,50032969,2026-05-29 17:05:07,2026-05-29 17:35:07,3,Chinese,5.5,0.0,1.0,completed,39.85,True,5.98,2026-05-29 17:05:07
2821,558,40398811,2026-03-29 22:01:27,2026-03-29 22:46:27,2,American,22.4,0.0,2.4,completed,57.53,False,0.0,2026-03-29 22:01:27
2822,558,50117835,2026-03-29 08:00:22,2026-03-29 08:30:22,2,American,31.6,0.0,0.0,completed,61.48,True,12.3,2026-03-29 08:00:22
2823,558,50036654,2026-05-23 18:25:00,2026-05-23 19:10:00,2,American,13.9,0.0,0.2,completed,4.23,False,0.0,2026-05-23 18:25:00
2824,559,50180361,2026-03-09 20:20:34,2026-03-09 21:20:34,3,Pizza,10.3,0.0,0.6,completed,23.58,False,0.0,2026-03-09 20:20:34
2825,559,50176247,2026-03-30 12:35:10,2026-03-30 13:05:10,1,Pizza,12.2,0.0,0.3,completed,11.09,False,0.0,2026-03-30 12:35:10
2826,559,41704745,2026-04-25 13:07:18,2026-04-25 14:07:18,6,Sandwiches,25.4,0.0,0.0,completed,50.14,False,0.0,2026-04-25 13:07:18
2827,559,40835721,2026-03-12 10:55:53,2026-03-12 11:40:53,5,American,37.1,0.0,0.0,completed,30.59,False,0.0,2026-03-12 10:55:53
2828,560,41646967,2026-05-27 15:59:23,2026-05-27 16:59:23,2,Bakery Products/Desserts,39.5,0.0,0.0,completed,82.21,False,0.0,2026-05-27 15:59:23
2829,560,50123319,2026-03-13 12:26:36,2026-03-13 12:41:36,2,Bakery Products/Desserts,23.1,0.0,1.8,completed,64.37,True,16.09,2026-03-13 12:26:36
2830,560,50001968,2026-05-18 14:37:32,2026-05-18 15:07:32,5,Japanese,26.0,0.0,0.0,completed,58.09,False,0.0,2026-05-18 14:37:32
2831,560,40424894,2026-04-04 20:08:22,2026-04-04 20:38:22,2,Bakery Products/Desserts,24.2,0.0,0.0,completed,48.62,False,0.0,2026-04-04 20:08:22
2832,560,50082993,2026-05-18 12:01:49,2026-05-18 12:16:49,2,Bakery Products/Desserts,21.9,0.0,0.0,completed,54.96,False,0.0,2026-05-18 12:01:49
2833,560,50146163,2026-05-10 13:35:36,2026-05-10 14:20:36,2,Sandwiches,32.8,0.0,0.0,completed,104.98,False,0.0,2026-05-10 13:35:36
2834,560,40943754,2026-04-30 18:42:48,2026-04-30 20:42:48,2,Sandwiches,28.8,0.0,8.1,no_show,17.53,False,0.0,2026-04-30 18:42:48
2835,561,50175539,2026-03-13 21:01:15,2026-03-13 21:31:15,1,Indian,41.0,0.0,0.0,completed,33.94,False,0.0,2026-03-13 21:01:15
2836,561,50125452,2026-05-24 11:32:16,2026-05-24 11:47:16,2,Asian/Asian Fusion,8.8,0.0,0.0,completed,50.19,True,7.53,2026-05-24 11:32:16
2837,562,50143738,2026-04-14 20:47:06,2026-04-14 21:17:06,1,Coffee/Tea,22.5,0.0,0.4,cancelled,9.38,False,0.0,2026-04-14 20:47:06
2838,562,50141563,2026-05-30 18:26:23,2026-05-30 19:56:23,1,Sandwiches,15.1,0.0,0.0,completed,18.34,False,0.0,2026-05-30 18:26:23
2839,562,50086714,2026-03-04 18:28:18,2026-03-04 19:13:18,5,Coffee/Tea,39.0,0.0,0.0,completed,25.38,False,0.0,2026-03-04 18:28:18
2840,562,50186295,2026-05-11 18:26:29,2026-05-11 19:11:29,2,Coffee/Tea,11.4,0.0,2.4,completed,68.12,True,10.22,2026-05-11 18:26:29
2841,562,50146922,2026-05-22 12:40:33,2026-05-22 13:25:33,2,Coffee/Tea,5.3,0.0,0.0,completed,64.83,False,0.0,2026-05-22 12:40:33
2842,563,50143066,2026-03-24 14:38:46,2026-03-24 15:23:46,6,Chinese,11.0,0.0,0.0,completed,178.06,False,0.0,2026-03-24 14:38:46
2843,563,50147702,2026-03-01 18:12:43,2026-03-01 18:57:43,2,Korean,43.3,0.0,0.0,completed,48.37,False,0.0,2026-03-01 18:12:43
2844,564,41248584,2026-05-24 12:58:38,2026-05-24 13:58:38,2,Japanese,34.6,1.3,0.0,completed,86.72,False,0.0,2026-05-24 12:58:38
2845,564,50011835,2026-04-30 11:34:13,2026-04-30 12:04:13,2,Asian/Asian Fusion,14.7,0.0,5.3,completed,7.09,False,0.0,2026-04-30 11:34:13
2846,564,41621807,2026-04-05 12:49:42,2026-04-05 13:19:42,4,Asian/Asian Fusion,24.8,0.0,0.0,completed,137.92,False,0.0,2026-04-05 12:49:42
2847,565,50067978,2026-04-26 19:54:49,2026-04-26 20:39:49,2,American,27.9,0.0,0.0,completed,58.88,False,0.0,2026-04-26 19:54:49
2848,565,50130812,2026-04-06 18:21:20,2026-04-06 19:21:20,2,"Juice, Smoothies, Fruit Salads",41.7,0.0,0.0,completed,37.05,False,0.0,2026-04-06 18:21:20
2849,565,50101986,2026-03-20 10:17:25,2026-03-20 10:32:25,5,Donuts,15.7,0.0,3.7,completed,52.16,False,0.0,2026-03-20 10:17:25
2850,565,50046954,2026-04-11 12:11:59,2026-04-11 12:56:59,2,Hamburgers,21.0,0.0,0.0,completed,21.3,False,0.0,2026-04-11 12:11:59
2851,565,50172135,2026-04-16 11:29:04,2026-04-16 11:44:04,2,Donuts,12.3,0.0,0.0,cancelled,98.41,False,0.0,2026-04-16 11:29:04
2852,565,50125008,2026-03-25 20:17:35,2026-03-25 22:17:35,4,"Juice, Smoothies, Fruit Salads",10.7,0.0,2.2,completed,126.39,False,0.0,2026-03-25 20:17:35
2853,565,50018708,2026-04-06 19:29:25,2026-04-06 21:29:25,2,"Juice, Smoothies, Fruit Salads",11.8,0.0,1.0,completed,95.96,False,0.0,2026-04-06 19:29:25
2854,565,41053236,2026-03-20 20:14:35,2026-03-20 20:44:35,1,American,18.5,3.3,5.5,cancelled,50.43,False,0.0,2026-03-20 20:14:35
2855,565,50131933,2026-04-24 12:22:48,2026-04-24 13:52:48,1,"Juice, Smoothies, Fruit Salads",21.1,0.0,2.9,no_show,35.75,False,0.0,2026-04-24 12:22:48
2856,566,50037372,2026-05-05 16:04:15,2026-05-05 16:19:15,2,Spanish,44.4,0.0,0.8,cancelled,17.83,True,3.57,2026-05-05 16:04:15
2857,566,50113707,2026-03-21 11:50:36,2026-03-21 12:35:36,2,French,26.5,0.0,0.3,completed,91.8,False,0.0,2026-03-21 11:50:36
2858,566,50098654,2026-05-23 19:29:32,2026-05-23 19:59:32,2,Donuts,15.3,0.0,2.5,completed,67.34,False,0.0,2026-05-23 19:29:32
2859,566,50172135,2026-03-19 14:28:42,2026-03-19 14:43:42,2,Donuts,25.6,0.0,0.0,completed,36.1,True,9.02,2026-03-19 14:28:42
2860,566,40402369,2026-05-25 14:05:44,2026-05-25 14:20:44,5,American,24.2,0.0,1.8,completed,55.96,True,5.6,2026-05-25 14:05:44
2861,566,40374974,2026-04-14 21:17:11,2026-04-14 22:02:11,2,French,36.2,0.0,0.0,completed,64.34,False,0.0,2026-04-14 21:17:11
2862,566,41289647,2026-03-28 10:55:17,2026-03-28 11:40:17,1,French,27.4,5.1,3.1,completed,24.04,False,0.0,2026-03-28 10:55:17
2863,566,50179225,2026-04-11 17:48:30,2026-04-11 18:18:30,2,Mexican,15.9,0.0,0.0,cancelled,54.54,True,10.91,2026-04-11 17:48:30
2864,566,41051587,2026-04-11 20:15:51,2026-04-11 21:00:51,4,Donuts,36.0,0.0,0.0,cancelled,139.13,False,0.0,2026-04-11 20:15:51
2865,567,50103445,2026-03-14 12:03:54,2026-03-14 12:33:54,2,"Juice, Smoothies, Fruit Salads",12.0,0.0,1.6,completed,32.62,False,0.0,2026-03-14 12:03:54
2866,567,50166860,2026-04-20 19:18:21,2026-04-20 19:48:21,2,Italian,31.7,0.0,0.0,completed,27.64,False,0.0,2026-04-20 19:18:21
2867,567,50176994,2026-05-03 11:17:12,2026-05-03 11:47:12,1,Italian,9.1,0.0,0.0,completed,9.92,False,0.0,2026-05-03 11:17:12
2868,568,50181505,2026-03-25 19:42:54,2026-03-25 20:27:54,2,Indian,19.2,0.0,0.0,completed,34.68,True,8.67,2026-03-25 19:42:54
2869,568,50107643,2026-04-04 20:53:22,2026-04-04 21:38:22,2,Pizza,20.2,0.0,0.0,completed,65.9,False,0.0,2026-04-04 20:53:22
2870,568,50119462,2026-03-24 13:37:19,2026-03-24 14:37:19,4,Mediterranean,35.5,0.0,0.0,cancelled,16.48,False,0.0,2026-03-24 13:37:19
2871,568,50175054,2026-04-25 08:22:56,2026-04-25 08:52:56,2,Chicken,6.3,0.0,0.0,completed,23.48,False,0.0,2026-04-25 08:22:56
2872,568,50107980,2026-03-13 12:52:01,2026-03-13 13:22:01,2,Indian,38.7,0.0,0.0,completed,57.69,False,0.0,2026-03-13 12:52:01
2873,568,50173608,2026-04-15 20:47:55,2026-04-15 21:17:55,1,Indian,15.6,0.0,2.7,completed,13.76,True,2.75,2026-04-15 20:47:55
2874,570,41696796,2026-05-28 21:18:59,2026-05-28 21:33:59,1,Sandwiches,11.9,0.0,0.0,completed,44.15,False,0.0,2026-05-28 21:18:59
2875,570,50177336,2026-05-13 19:09:03,2026-05-13 19:54:03,2,Sandwiches,17.1,0.0,0.4,completed,79.62,False,0.0,2026-05-13 19:09:03
2876,570,50151518,2026-04-26 20:29:44,2026-04-26 21:59:44,2,American,22.9,0.0,2.0,completed,140.99,False,0.0,2026-04-26 20:29:44
2877,570,41605850,2026-04-04 13:52:01,2026-04-04 14:52:01,2,Japanese,44.1,0.0,0.0,completed,23.66,False,0.0,2026-04-04 13:52:01
2878,570,50102031,2026-03-05 15:00:20,2026-03-05 16:00:20,1,"Juice, Smoothies, Fruit Salads",25.5,0.0,2.6,cancelled,88.41,False,0.0,2026-03-05 15:00:20
2879,571,50171215,2026-05-31 18:09:04,2026-05-31 18:24:04,2,Indian,19.6,0.0,1.0,completed,22.58,True,4.52,2026-05-31 18:09:04
2880,572,41208272,2026-05-02 09:37:48,2026-05-02 09:52:48,2,Japanese,29.9,0.0,0.0,no_show,40.58,False,0.0,2026-05-02 09:37:48
2881,572,50150749,2026-05-03 13:32:56,2026-05-03 14:17:56,5,Pizza,8.1,0.0,1.0,no_show,41.46,False,0.0,2026-05-03 13:32:56
2882,572,41008526,2026-04-02 18:55:01,2026-04-02 19:25:01,2,Japanese,43.7,0.0,3.9,completed,49.22,False,0.0,2026-04-02 18:55:01
2883,572,50131269,2026-03-02 18:01:18,2026-03-02 18:46:18,1,American,12.5,0.0,0.7,completed,22.57,True,5.64,2026-03-02 18:01:18
2884,572,50159996,2026-03-06 22:28:23,2026-03-06 23:28:23,2,Japanese,35.1,0.0,0.6,cancelled,35.73,True,8.93,2026-03-06 22:28:23
2885,572,50009665,2026-03-02 15:16:07,2026-03-02 15:46:07,1,American,12.6,0.0,6.6,completed,2.29,False,0.0,2026-03-02 15:16:07
2886,572,50164593,2026-03-29 20:13:32,2026-03-29 20:28:32,2,New American,31.1,0.0,0.0,completed,8.46,False,0.0,2026-03-29 20:13:32
2887,573,50162276,2026-04-16 18:47:02,2026-04-16 19:17:02,2,Asian/Asian Fusion,19.2,0.0,3.1,completed,32.81,False,0.0,2026-04-16 18:47:02
2888,573,50162881,2026-03-23 11:15:55,2026-03-23 12:00:55,2,Asian/Asian Fusion,28.4,0.0,0.0,completed,137.6,False,0.0,2026-03-23 11:15:55
2889,573,50168377,2026-04-20 18:09:38,2026-04-20 18:24:38,2,Latin American,28.3,0.0,0.0,completed,79.87,False,0.0,2026-04-20 18:09:38
2890,573,50061117,2026-05-31 09:37:14,2026-05-31 10:07:14,2,French,34.6,0.0,0.0,completed,74.62,False,0.0,2026-05-31 09:37:14
2891,573,50001734,2026-05-17 10:53:04,2026-05-17 11:38:04,2,Asian/Asian Fusion,41.4,0.0,3.8,completed,44.45,False,0.0,2026-05-17 10:53:04
2892,573,41402310,2026-05-14 12:57:18,2026-05-14 13:57:18,2,Asian/Asian Fusion,38.2,0.0,1.5,no_show,42.91,False,0.0,2026-05-14 12:57:18
2893,573,50171190,2026-03-22 15:09:55,2026-03-22 15:39:55,3,Asian/Asian Fusion,15.3,0.0,2.9,completed,74.6,False,0.0,2026-03-22 15:09:55
2894,573,50121064,2026-05-28 17:18:13,2026-05-28 17:48:13,2,American,36.0,0.0,0.5,completed,170.54,False,0.0,2026-05-28 17:18:13
2895,573,50062844,2026-03-13 09:14:48,2026-03-13 09:59:48,1,Chinese,43.6,0.0,1.7,completed,21.32,False,0.0,2026-03-13 09:14:48
2896,573,50142440,2026-03-30 13:59:30,2026-03-30 14:14:30,1,French,30.1,0.0,0.4,no_show,69.4,False,0.0,2026-03-30 13:59:30
2897,573,50172626,2026-04-22 19:29:22,2026-04-22 20:14:22,3,Asian/Asian Fusion,33.0,0.0,0.0,completed,110.17,False,0.0,2026-04-22 19:29:22
2898,573,50105671,2026-04-30 11:01:44,2026-04-30 11:31:44,2,Mediterranean,11.1,0.0,0.0,completed,59.65,False,0.0,2026-04-30 11:01:44
2899,573,41699964,2026-03-24 13:23:56,2026-03-24 14:08:56,4,American,37.6,0.0,0.0,completed,44.31,False,0.0,2026-03-24 13:23:56
2900,574,50124376,2026-05-06 18:43:12,2026-05-06 20:13:12,2,Thai,10.1,0.0,0.0,completed,18.64,False,0.0,2026-05-06 18:43:12
2901,574,50018146,2026-05-23 10:00:27,2026-05-23 10:45:27,2,Coffee/Tea,12.6,0.0,0.0,completed,11.8,False,0.0,2026-05-23 10:00:27
2902,574,50183671,2026-05-03 17:02:05,2026-05-03 18:32:05,5,Latin American,29.2,0.0,1.3,completed,52.38,False,0.0,2026-05-03 17:02:05
2903,574,50144842,2026-05-16 12:40:51,2026-05-16 13:25:51,3,Thai,26.4,0.0,0.3,completed,12.43,False,0.0,2026-05-16 12:40:51
2904,574,50108438,2026-03-18 18:43:11,2026-03-18 19:43:11,5,Thai,32.6,118.2,118.8,completed,142.59,False,0.0,2026-03-18 18:43:11
2905,574,50159439,2026-03-22 10:28:01,2026-03-22 11:28:01,2,Latin American,33.7,0.0,0.8,completed,15.78,False,0.0,2026-03-22 10:28:01
2906,575,50119699,2026-04-25 19:29:46,2026-04-25 19:44:46,2,Coffee/Tea,9.2,0.0,0.0,completed,63.81,False,0.0,2026-04-25 19:29:46
2907,575,50144196,2026-03-14 21:39:34,2026-03-14 22:09:34,2,Pizza,7.6,0.0,0.0,completed,28.68,False,0.0,2026-03-14 21:39:34
2908,575,50045787,2026-05-18 12:55:16,2026-05-18 13:25:16,3,Coffee/Tea,8.6,0.0,0.6,completed,62.73,False,0.0,2026-05-18 12:55:16
2909,575,50134260,2026-05-01 21:32:43,2026-05-01 22:02:43,2,Pizza,31.0,0.0,0.0,completed,49.71,False,0.0,2026-05-01 21:32:43
2910,575,50160420,2026-05-07 16:49:27,2026-05-07 18:49:27,2,Pizza,23.5,0.0,2.6,cancelled,30.18,False,0.0,2026-05-07 16:49:27
2911,575,50088270,2026-03-10 18:31:44,2026-03-10 20:31:44,2,American,24.1,18.2,15.3,completed,20.57,False,0.0,2026-03-10 18:31:44
2912,575,50166620,2026-04-12 12:20:31,2026-04-12 13:05:31,4,Pizza,36.6,0.0,0.0,completed,46.61,False,0.0,2026-04-12 12:20:31
2913,575,50145848,2026-05-08 17:43:29,2026-05-08 18:28:29,2,Coffee/Tea,13.3,0.0,0.0,cancelled,43.68,True,8.74,2026-05-08 17:43:29
2914,575,50073613,2026-04-08 13:27:51,2026-04-08 13:42:51,4,Coffee/Tea,10.1,0.0,0.0,completed,125.97,True,18.9,2026-04-08 13:27:51
2915,575,50125950,2026-03-17 13:55:27,2026-03-17 14:55:27,4,Spanish,36.7,0.0,0.8,completed,76.4,False,0.0,2026-03-17 13:55:27
2916,575,50052660,2026-04-23 17:56:17,2026-04-23 18:56:17,2,Sandwiches,21.2,0.0,0.0,completed,11.14,False,0.0,2026-04-23 17:56:17
2917,575,50172011,2026-04-16 14:13:59,2026-04-16 14:58:59,2,Coffee/Tea,34.9,0.0,0.0,completed,37.94,False,0.0,2026-04-16 14:13:59
2918,575,50105032,2026-03-29 13:00:47,2026-03-29 13:30:47,6,Coffee/Tea,12.6,0.0,5.0,completed,98.66,False,0.0,2026-03-29 13:00:47
2919,576,50089259,2026-05-02 17:44:29,2026-05-02 17:59:29,1,Donuts,12.1,0.0,0.0,completed,9.3,False,0.0,2026-05-02 17:44:29
2920,576,50168957,2026-04-07 20:57:24,2026-04-07 21:27:24,2,Bakery Products/Desserts,21.5,0.0,2.7,completed,134.58,True,26.92,2026-04-07 20:57:24
2921,577,50073673,2026-04-28 16:26:45,2026-04-28 18:26:45,1,Japanese,20.3,19.6,14.8,completed,4.97,False,0.0,2026-04-28 16:26:45
2922,577,50170923,2026-04-08 17:25:59,2026-04-08 18:10:59,2,French,39.8,0.0,1.4,completed,26.42,True,5.28,2026-04-08 17:25:59
2923,577,41453878,2026-05-22 20:37:30,2026-05-22 21:07:30,2,French,28.5,0.0,0.0,no_show,2.79,False,0.0,2026-05-22 20:37:30
2924,578,41470760,2026-03-23 15:56:07,2026-03-23 16:41:07,2,Chicken,31.3,0.0,1.8,completed,60.69,False,0.0,2026-03-23 15:56:07
2925,578,50154430,2026-04-26 18:09:23,2026-04-26 18:39:23,3,Chicken,14.0,0.0,1.1,completed,102.98,False,0.0,2026-04-26 18:09:23
2926,578,50131260,2026-03-20 15:50:53,2026-03-20 17:20:53,2,American,7.7,0.0,0.0,completed,56.18,False,0.0,2026-03-20 15:50:53
2927,579,50178806,2026-03-22 09:40:19,2026-03-22 10:25:19,2,Italian,18.9,0.0,0.0,completed,84.97,False,0.0,2026-03-22 09:40:19
2928,579,50001456,2026-04-26 18:06:56,2026-04-26 18:51:56,2,Chinese,25.3,0.0,0.0,completed,92.1,False,0.0,2026-04-26 18:06:56
2929,579,41326196,2026-03-28 18:40:15,2026-03-28 19:25:15,2,Chinese,44.5,0.0,1.9,completed,219.99,True,33.0,2026-03-28 18:40:15
2930,579,50122847,2026-03-25 12:49:20,2026-03-25 13:34:20,3,Chinese,38.6,0.0,3.3,cancelled,45.79,False,0.0,2026-03-25 12:49:20
2931,579,50017582,2026-05-03 21:06:30,2026-05-03 22:06:30,2,Italian,9.5,0.1,4.3,completed,179.8,False,0.0,2026-05-03 21:06:30
2932,579,41563537,2026-04-22 09:37:42,2026-04-22 10:07:42,2,Italian,17.8,0.0,0.0,completed,46.2,False,0.0,2026-04-22 09:37:42
2933,579,50173916,2026-03-19 17:28:44,2026-03-19 17:58:44,4,American,22.5,0.0,0.1,completed,563.77,False,0.0,2026-03-19 17:28:44
2934,579,41525379,2026-03-28 17:25:12,2026-03-28 18:10:12,2,Italian,28.3,0.2,0.3,completed,340.91,False,0.0,2026-03-28 17:25:12
2935,579,50130406,2026-05-13 20:17:09,2026-05-13 20:32:09,6,Chinese,10.3,0.0,0.0,completed,250.02,False,0.0,2026-05-13 20:17:09
2936,579,41563809,2026-03-07 18:56:13,2026-03-07 19:26:13,2,Chinese,22.2,0.0,0.0,completed,51.47,False,0.0,2026-03-07 18:56:13
2937,579,41376977,2026-04-23 12:18:55,2026-04-23 12:48:55,1,Chinese,29.2,0.0,0.0,completed,33.97,False,0.0,2026-04-23 12:18:55
2938,579,41406895,2026-05-02 19:41:43,2026-05-02 20:11:43,1,Chinese,23.4,0.0,4.6,completed,236.72,True,59.18,2026-05-02 19:41:43
2939,579,50127614,2026-03-28 18:28:23,2026-03-28 18:43:23,1,Italian,10.3,0.0,2.0,completed,17.19,False,0.0,2026-03-28 18:28:23
2940,579,50156439,2026-03-31 14:02:15,2026-03-31 14:32:15,3,Italian,14.3,0.0,0.0,completed,83.57,False,0.0,2026-03-31 14:02:15
2941,579,50104599,2026-05-23 13:30:36,2026-05-23 13:45:36,4,Italian,24.0,0.0,0.0,completed,31.11,False,0.0,2026-05-23 13:30:36
2942,579,50059733,2026-03-03 10:43:46,2026-03-03 11:28:46,1,Italian,14.8,0.3,1.4,completed,84.16,False,0.0,2026-03-03 10:43:46
2943,579,50176525,2026-04-05 17:00:02,2026-04-05 17:45:02,2,Italian,44.2,7.4,9.8,completed,85.56,False,0.0,2026-04-05 17:00:02
2944,580,50065223,2026-04-24 13:34:57,2026-04-24 14:34:57,2,Mexican,25.3,0.0,0.0,completed,31.57,False,0.0,2026-04-24 13:34:57
2945,580,40732665,2026-03-11 15:28:13,2026-03-11 16:13:13,3,Sandwiches,44.9,0.0,0.0,cancelled,263.13,False,0.0,2026-03-11 15:28:13
2946,580,50064646,2026-03-31 17:53:11,2026-03-31 18:53:11,2,Indian,25.0,118.2,158.5,completed,58.03,True,11.61,2026-03-31 17:53:11
2947,580,50008021,2026-03-11 12:59:47,2026-03-11 13:59:47,1,Indian,43.8,1.9,0.0,completed,19.04,False,0.0,2026-03-11 12:59:47
2948,581,50141225,2026-05-08 15:19:40,2026-05-08 16:19:40,4,Coffee/Tea,39.4,0.0,3.6,completed,255.05,True,38.26,2026-05-08 15:19:40
2949,581,50114038,2026-05-07 13:02:15,2026-05-07 13:32:15,1,Mexican,15.8,0.0,0.0,completed,11.12,False,0.0,2026-05-07 13:02:15
2950,581,50080585,2026-03-26 13:16:41,2026-03-26 15:16:41,2,Coffee/Tea,27.1,0.0,0.0,completed,49.26,True,7.39,2026-03-26 13:16:41
2951,581,40570775,2026-04-08 18:51:02,2026-04-08 19:36:02,2,Coffee/Tea,17.0,0.0,0.0,cancelled,62.98,False,0.0,2026-04-08 18:51:02
2952,581,50009095,2026-05-19 20:58:35,2026-05-19 21:28:35,2,American,26.4,0.0,0.0,completed,130.66,False,0.0,2026-05-19 20:58:35
2953,581,50119865,2026-05-25 14:56:14,2026-05-25 15:41:14,2,Mexican,26.2,0.0,0.0,completed,31.49,True,4.72,2026-05-25 14:56:14
2954,582,41415537,2026-03-05 18:11:31,2026-03-05 19:11:31,2,Thai,12.0,0.0,1.8,completed,19.3,False,0.0,2026-03-05 18:11:31
2955,582,50097427,2026-04-22 13:14:45,2026-04-22 13:59:45,2,Thai,17.5,37.7,57.9,completed,26.03,False,0.0,2026-04-22 13:14:45
2956,582,50170988,2026-04-05 12:51:14,2026-04-05 13:51:14,1,Pizza,33.1,0.0,2.7,completed,4.63,True,0.46,2026-04-05 12:51:14
2957,582,50176680,2026-05-22 18:00:38,2026-05-22 19:00:38,6,Sandwiches,11.4,0.0,1.5,completed,52.4,False,0.0,2026-05-22 18:00:38
2958,582,50047488,2026-04-10 10:39:17,2026-04-10 12:09:17,2,Thai,25.0,0.0,0.0,completed,120.11,False,0.0,2026-04-10 10:39:17
2959,582,50133309,2026-04-24 12:36:12,2026-04-24 14:06:12,2,Sandwiches,37.7,0.0,0.1,completed,17.19,False,0.0,2026-04-24 12:36:12
2960,582,41026496,2026-04-26 12:53:59,2026-04-26 13:23:59,1,American,5.7,0.0,1.9,completed,4.55,False,0.0,2026-04-26 12:53:59
2961,583,50070203,2026-05-10 11:04:52,2026-05-10 11:19:52,2,Korean,43.7,0.0,2.7,no_show,110.83,True,11.08,2026-05-10 11:04:52
2962,583,50089256,2026-04-01 08:08:58,2026-04-01 08:23:58,3,Donuts,13.4,0.0,0.0,completed,107.56,False,0.0,2026-04-01 08:08:58
2963,583,50172734,2026-04-08 13:36:58,2026-04-08 14:21:58,6,"Juice, Smoothies, Fruit Salads",29.7,0.0,0.0,completed,3.53,False,0.0,2026-04-08 13:36:58
2964,583,50162479,2026-03-12 16:27:20,2026-03-12 17:27:20,3,Frozen Desserts,42.7,0.0,3.1,completed,214.77,False,0.0,2026-03-12 16:27:20
2965,583,50099760,2026-05-28 20:48:11,2026-05-28 21:03:11,2,American,7.6,0.0,0.0,completed,3.36,False,0.0,2026-05-28 20:48:11
2966,583,50053718,2026-03-01 17:34:08,2026-03-01 17:49:08,1,Donuts,7.2,0.0,3.5,completed,55.34,False,0.0,2026-03-01 17:34:08
2967,583,50126499,2026-04-22 20:09:10,2026-04-22 21:39:10,2,Korean,41.2,0.0,0.0,completed,127.52,True,12.75,2026-04-22 20:09:10
2968,583,50117129,2026-04-06 22:40:21,2026-04-06 23:10:21,2,Donuts,43.9,0.0,3.4,completed,55.61,True,13.9,2026-04-06 22:40:21
2969,584,50172630,2026-04-23 19:29:38,2026-04-23 20:29:38,2,French,25.4,0.0,0.0,cancelled,100.44,False,0.0,2026-04-23 19:29:38
2970,584,50149380,2026-05-06 12:30:32,2026-05-06 12:45:32,3,French,13.8,0.0,2.9,completed,112.02,False,0.0,2026-05-06 12:30:32
2971,585,50138413,2026-05-05 15:28:56,2026-05-05 16:58:56,1,"Juice, Smoothies, Fruit Salads",14.4,0.0,0.0,completed,9.22,False,0.0,2026-05-05 15:28:56
2972,585,41667090,2026-05-06 17:23:48,2026-05-06 17:38:48,5,"Juice, Smoothies, Fruit Salads",40.9,0.0,4.3,completed,50.91,True,5.09,2026-05-06 17:23:48
2973,586,50152628,2026-04-10 20:48:31,2026-04-10 22:48:31,4,Bakery Products/Desserts,44.8,0.0,0.0,completed,40.94,False,0.0,2026-04-10 20:48:31
2974,586,50091776,2026-03-09 10:05:41,2026-03-09 10:50:41,1,Bakery Products/Desserts,36.4,0.0,1.2,completed,38.79,False,0.0,2026-03-09 10:05:41
2975,586,50173977,2026-05-06 10:27:07,2026-05-06 11:12:07,2,Bakery Products/Desserts,36.7,0.0,0.0,cancelled,39.08,False,0.0,2026-05-06 10:27:07
2976,586,50143722,2026-04-29 22:02:59,2026-04-29 23:32:59,1,Other,44.8,0.0,3.1,completed,61.5,False,0.0,2026-04-29 22:02:59
2977,586,50117066,2026-04-26 12:00:17,2026-04-26 12:45:17,4,Pizza,16.8,0.0,0.3,completed,46.2,False,0.0,2026-04-26 12:00:17
2978,586,50004299,2026-05-03 13:18:09,2026-05-03 14:48:09,1,Pizza,10.7,0.0,3.7,completed,17.29,False,0.0,2026-05-03 13:18:09
2979,586,50160416,2026-04-30 13:29:49,2026-04-30 13:59:49,2,Bakery Products/Desserts,30.1,0.0,0.8,completed,22.56,False,0.0,2026-04-30 13:29:49
2980,586,50168122,2026-05-24 21:15:11,2026-05-24 21:45:11,3,Pizza,35.1,0.0,0.0,completed,66.53,False,0.0,2026-05-24 21:15:11
2981,587,40550155,2026-05-05 10:44:43,2026-05-05 11:29:43,3,Sandwiches,14.3,0.0,2.6,completed,18.4,False,0.0,2026-05-05 10:44:43
2982,587,50107674,2026-05-10 19:33:27,2026-05-10 19:48:27,2,Mexican,33.1,0.0,0.0,completed,23.33,False,0.0,2026-05-10 19:33:27
2983,587,50110690,2026-05-20 19:36:09,2026-05-20 21:36:09,2,Coffee/Tea,8.0,0.0,3.9,completed,20.18,True,4.04,2026-05-20 19:36:09
2984,587,50141121,2026-03-26 18:53:59,2026-03-26 19:23:59,1,Mexican,32.7,0.0,0.0,completed,12.56,False,0.0,2026-03-26 18:53:59
2985,587,50001750,2026-05-11 20:34:49,2026-05-11 21:04:49,1,Mexican,27.4,0.0,8.2,completed,10.3,True,2.06,2026-05-11 20:34:49
2986,587,41106233,2026-05-07 11:40:31,2026-05-07 12:40:31,2,Mexican,32.3,0.0,5.9,completed,35.49,True,3.55,2026-05-07 11:40:31
2987,588,50071605,2026-03-03 10:19:14,2026-03-03 11:04:14,1,Indian,34.6,0.0,0.6,completed,81.31,False,0.0,2026-03-03 10:19:14
2988,588,41622870,2026-05-11 19:48:12,2026-05-11 20:18:12,6,Sandwiches,13.8,0.0,0.0,completed,182.04,False,0.0,2026-05-11 19:48:12
2989,588,50016740,2026-03-11 15:47:27,2026-03-11 17:17:27,1,Hamburgers,27.2,0.0,0.0,completed,21.47,False,0.0,2026-03-11 15:47:27
2990,588,50085326,2026-05-01 15:44:20,2026-05-01 15:59:20,3,Indian,11.3,0.0,0.0,completed,205.83,False,0.0,2026-05-01 15:44:20
2991,588,40398434,2026-03-29 19:54:45,2026-03-29 20:24:45,2,Indian,14.5,0.0,0.0,completed,54.78,False,0.0,2026-03-29 19:54:45
2992,589,50140086,2026-03-26 14:24:05,2026-03-26 15:09:05,2,American,29.9,0.0,2.1,completed,78.28,False,0.0,2026-03-26 14:24:05
2993,589,50176321,2026-05-18 10:34:33,2026-05-18 11:04:33,2,Pizza,44.9,0.0,0.0,completed,34.92,False,0.0,2026-05-18 10:34:33
2994,589,50183187,2026-03-25 18:25:23,2026-03-25 18:40:23,2,Chinese,43.2,0.0,0.0,completed,111.86,True,22.37,2026-03-25 18:25:23
2995,589,50057181,2026-05-12 17:46:43,2026-05-12 19:16:43,2,Pizza,22.0,0.0,0.0,completed,79.9,False,0.0,2026-05-12 17:46:43
2996,589,41394405,2026-05-30 18:48:19,2026-05-30 20:18:19,4,Pizza,30.0,0.0,0.0,completed,290.9,True,58.18,2026-05-30 18:48:19
2997,589,50080876,2026-03-14 12:35:41,2026-03-14 13:35:41,4,Donuts,30.2,0.0,6.3,completed,506.57,True,50.66,2026-03-14 12:35:41
2998,590,50106794,2026-04-12 19:36:56,2026-04-12 20:21:56,3,Asian/Asian Fusion,29.0,0.0,1.7,completed,40.25,False,0.0,2026-04-12 19:36:56
2999,590,50127162,2026-03-18 20:40:58,2026-03-18 21:10:58,1,Asian/Asian Fusion,12.6,0.0,0.0,completed,50.11,False,0.0,2026-03-18 20:40:58
3000,590,50124853,2026-05-06 10:43:12,2026-05-06 11:28:12,1,Asian/Asian Fusion,26.8,0.0,4.0,cancelled,7.09,False,0.0,2026-05-06 10:43:12
3001,591,50084773,2026-04-06 13:28:07,2026-04-06 13:58:07,1,Sandwiches,34.4,0.0,4.6,completed,17.07,True,3.41,2026-04-06 13:28:07
3002,591,41694328,2026-04-18 10:00:32,2026-04-18 11:00:32,2,New American,27.4,0.0,0.0,completed,25.25,False,0.0,2026-04-18 10:00:32
3003,591,50033839,2026-05-26 18:44:45,2026-05-26 19:29:45,2,Sandwiches,30.7,0.0,1.6,completed,23.73,False,0.0,2026-05-26 18:44:45
3004,591,50134113,2026-03-31 12:33:44,2026-03-31 13:18:44,4,Other,31.7,0.0,0.0,completed,113.35,False,0.0,2026-03-31 12:33:44
3005,591,50149948,2026-04-13 18:12:54,2026-04-13 19:12:54,4,Sandwiches,24.6,0.0,1.9,completed,172.45,False,0.0,2026-04-13 18:12:54
3006,591,40943754,2026-04-10 08:20:56,2026-04-10 08:35:56,1,Sandwiches,18.8,0.0,4.0,completed,62.6,False,0.0,2026-04-10 08:20:56
3007,592,50018160,2026-04-05 12:56:59,2026-04-05 13:41:59,3,Coffee/Tea,18.9,0.0,0.6,completed,90.95,False,0.0,2026-04-05 12:56:59
3008,592,50125570,2026-03-03 14:39:14,2026-03-03 16:09:14,2,Coffee/Tea,12.9,0.0,0.0,cancelled,89.56,False,0.0,2026-03-03 14:39:14
3009,592,40698788,2026-05-22 16:34:37,2026-05-22 17:19:37,2,"Juice, Smoothies, Fruit Salads",12.5,0.0,0.2,completed,129.79,False,0.0,2026-05-22 16:34:37
3010,592,50032842,2026-03-28 12:50:42,2026-03-28 13:35:42,5,"Juice, Smoothies, Fruit Salads",18.2,0.0,0.0,completed,463.28,False,0.0,2026-03-28 12:50:42
3011,593,50160038,2026-05-17 13:06:43,2026-05-17 13:36:43,1,Indian,15.4,0.0,0.6,cancelled,10.51,True,1.05,2026-05-17 13:06:43
3012,593,50182621,2026-04-29 09:44:16,2026-04-29 10:14:16,5,Other,36.8,1.0,0.0,completed,49.95,False,0.0,2026-04-29 09:44:16
3013,593,50104728,2026-04-19 12:00:23,2026-04-19 12:30:23,4,Mexican,26.2,0.0,0.0,completed,41.01,False,0.0,2026-04-19 12:00:23
3014,593,50045884,2026-03-18 17:34:25,2026-03-18 17:49:25,3,Mexican,34.7,0.0,4.6,completed,53.47,False,0.0,2026-03-18 17:34:25
3015,593,50144174,2026-04-04 22:49:46,2026-04-05 00:19:46,2,Spanish,41.1,6.3,1.4,completed,52.39,False,0.0,2026-04-04 22:49:46
3016,593,50018775,2026-05-21 19:05:17,2026-05-21 19:35:17,2,Mexican,11.1,0.0,0.0,completed,38.32,False,0.0,2026-05-21 19:05:17
3017,594,50132543,2026-03-11 08:42:28,2026-03-11 09:27:28,2,"Juice, Smoothies, Fruit Salads",35.9,0.0,3.1,completed,89.85,False,0.0,2026-03-11 08:42:28
3018,594,50095813,2026-05-25 21:54:02,2026-05-25 22:39:02,3,Chinese,44.8,0.0,1.2,completed,40.0,False,0.0,2026-05-25 21:54:02
3019,594,50152775,2026-05-06 19:27:48,2026-05-06 19:57:48,4,Chinese,19.3,0.0,0.0,completed,98.25,True,14.74,2026-05-06 19:27:48
3020,594,50076114,2026-03-15 11:07:01,2026-03-15 12:07:01,2,Japanese,9.7,1.5,2.5,completed,43.34,False,0.0,2026-03-15 11:07:01
3021,594,50074889,2026-03-03 18:51:49,2026-03-03 19:06:49,1,"Juice, Smoothies, Fruit Salads",21.1,0.0,1.9,no_show,32.45,False,0.0,2026-03-03 18:51:49
3022,594,50009526,2026-03-06 20:08:33,2026-03-06 20:23:33,2,Japanese,35.9,0.9,0.0,completed,35.05,False,0.0,2026-03-06 20:08:33
3023,595,50169169,2026-04-22 17:46:45,2026-04-22 18:16:45,5,Coffee/Tea,21.0,0.0,0.8,completed,71.18,False,0.0,2026-04-22 17:46:45
3024,595,50079290,2026-05-31 20:41:02,2026-05-31 22:11:02,3,Asian/Asian Fusion,17.7,0.0,0.2,completed,47.15,False,0.0,2026-05-31 20:41:02
3025,595,50119217,2026-05-07 19:54:21,2026-05-07 21:24:21,1,Asian/Asian Fusion,9.2,0.0,0.0,completed,14.5,False,0.0,2026-05-07 19:54:21
3026,595,50044003,2026-05-26 21:08:31,2026-05-26 21:53:31,1,Asian/Asian Fusion,36.2,0.0,0.0,no_show,3.72,False,0.0,2026-05-26 21:08:31
3027,595,50085475,2026-05-06 11:44:40,2026-05-06 13:44:40,4,Asian/Asian Fusion,5.6,14.7,18.2,no_show,48.37,False,0.0,2026-05-06 11:44:40
3028,595,50093629,2026-03-06 17:04:11,2026-03-06 18:04:11,3,Asian/Asian Fusion,36.1,0.0,0.0,completed,59.76,True,14.94,2026-03-06 17:04:11
3029,595,50066830,2026-04-07 13:49:20,2026-04-07 14:19:20,1,Japanese,6.7,10.0,4.1,completed,15.4,False,0.0,2026-04-07 13:49:20
3030,596,50166727,2026-03-27 15:02:01,2026-03-27 15:47:01,2,French,24.7,78.8,100.8,completed,48.39,False,0.0,2026-03-27 15:02:01
3031,596,50176320,2026-05-31 16:27:06,2026-05-31 16:57:06,4,Mediterranean,6.4,0.0,0.0,completed,31.79,False,0.0,2026-05-31 16:27:06
3032,596,50143737,2026-03-14 14:11:44,2026-03-14 14:56:44,2,Latin American,43.2,0.0,0.0,completed,262.13,False,0.0,2026-03-14 14:11:44
3033,597,50109269,2026-03-15 10:59:26,2026-03-15 11:29:26,2,Latin American,34.8,0.0,0.0,completed,120.46,False,0.0,2026-03-15 10:59:26
3034,597,41429004,2026-05-30 17:43:21,2026-05-30 18:13:21,4,Latin American,29.8,0.0,0.0,completed,225.55,True,22.55,2026-05-30 17:43:21
3035,597,50116774,2026-03-10 20:03:24,2026-03-10 20:48:24,5,Latin American,32.1,0.0,0.8,completed,167.61,False,0.0,2026-03-10 20:03:24
3036,598,50044351,2026-05-23 19:13:17,2026-05-23 20:13:17,6,Chinese,28.1,0.0,2.2,completed,505.95,False,0.0,2026-05-23 19:13:17
3037,598,41530103,2026-04-08 19:19:46,2026-04-08 20:19:46,3,Thai,17.3,0.0,0.0,completed,99.69,False,0.0,2026-04-08 19:19:46
3038,600,50063050,2026-04-24 12:45:47,2026-04-24 13:30:47,3,"Juice, Smoothies, Fruit Salads",9.1,0.0,0.4,completed,40.51,False,0.0,2026-04-24 12:45:47
3039,600,50046008,2026-03-25 09:31:35,2026-03-25 10:31:35,2,Japanese,37.9,2.2,1.9,cancelled,77.14,False,0.0,2026-03-25 09:31:35
3040,600,50071529,2026-04-01 14:44:04,2026-04-01 15:44:04,1,Japanese,28.2,0.0,1.1,completed,9.39,False,0.0,2026-04-01 14:44:04
3041,601,41696471,2026-03-09 18:29:45,2026-03-09 18:59:45,2,French,26.7,0.0,5.0,cancelled,101.01,False,0.0,2026-03-09 18:29:45
3042,601,41391103,2026-05-09 15:26:26,2026-05-09 15:41:26,2,Donuts,25.6,0.0,0.0,completed,32.0,True,8.0,2026-05-09 15:26:26
3043,601,50102896,2026-03-06 16:21:08,2026-03-06 17:21:08,4,Chicken,17.0,0.0,0.0,completed,330.24,False,0.0,2026-03-06 16:21:08
3044,601,50116334,2026-05-13 19:26:30,2026-05-13 20:11:30,2,French,21.8,1.0,2.7,completed,101.11,True,25.28,2026-05-13 19:26:30
3045,602,50141271,2026-05-04 20:06:49,2026-05-04 21:36:49,1,Bakery Products/Desserts,15.3,0.0,0.3,completed,61.47,True,9.22,2026-05-04 20:06:49
3046,602,50124164,2026-04-21 12:32:39,2026-04-21 12:47:39,2,Chinese,37.0,0.0,0.0,completed,56.27,False,0.0,2026-04-21 12:32:39
3047,603,50128394,2026-04-10 21:25:57,2026-04-10 22:55:57,3,Asian/Asian Fusion,44.2,0.0,0.0,completed,61.7,False,0.0,2026-04-10 21:25:57
3048,603,50099576,2026-05-09 17:35:20,2026-05-09 18:05:20,4,Asian/Asian Fusion,8.4,0.0,0.0,completed,43.89,False,0.0,2026-05-09 17:35:20
3049,604,41690737,2026-03-12 19:01:15,2026-03-12 19:46:15,2,Mediterranean,24.8,0.0,0.0,completed,8.27,False,0.0,2026-03-12 19:01:15
3050,604,50056650,2026-05-22 19:30:23,2026-05-22 20:00:23,2,"Juice, Smoothies, Fruit Salads",28.2,0.0,0.0,completed,10.3,False,0.0,2026-05-22 19:30:23
3051,605,50160016,2026-03-20 20:45:22,2026-03-20 21:15:22,4,Chinese,7.5,0.0,0.0,cancelled,66.22,False,0.0,2026-03-20 20:45:22
3052,605,50138563,2026-05-12 17:44:18,2026-05-12 18:14:18,3,Chicken,15.9,0.0,0.0,completed,28.85,True,2.88,2026-05-12 17:44:18
3053,605,41264019,2026-04-20 14:27:30,2026-04-20 15:12:30,2,Spanish,33.1,0.0,2.1,completed,68.31,True,17.08,2026-04-20 14:27:30
3054,606,50104409,2026-04-14 12:46:51,2026-04-14 13:46:51,1,Latin American,43.2,0.0,0.0,completed,37.68,False,0.0,2026-04-14 12:46:51
3055,606,41391456,2026-05-13 18:26:25,2026-05-13 19:11:25,4,American,20.3,0.0,5.2,completed,250.93,True,25.09,2026-05-13 18:26:25
3056,606,41381712,2026-03-09 11:22:01,2026-03-09 12:22:01,2,Coffee/Tea,13.7,0.0,0.0,completed,57.3,False,0.0,2026-03-09 11:22:01
3057,606,41586126,2026-04-08 17:07:17,2026-04-08 17:52:17,3,Chinese,27.7,0.0,0.0,completed,82.25,False,0.0,2026-04-08 17:07:17
3058,606,50114976,2026-04-29 15:45:32,2026-04-29 16:45:32,5,Latin American,29.7,0.0,0.0,completed,155.51,False,0.0,2026-04-29 15:45:32
3059,607,50044778,2026-04-29 12:00:13,2026-04-29 13:00:13,4,Chicken,19.0,0.9,3.5,completed,202.23,False,0.0,2026-04-29 12:00:13
3060,607,50070502,2026-03-05 19:37:21,2026-03-05 20:22:21,2,Mediterranean,26.1,0.7,0.0,cancelled,84.56,False,0.0,2026-03-05 19:37:21
3061,607,50113122,2026-05-24 18:01:39,2026-05-24 19:01:39,1,Chicken,27.1,0.0,0.0,completed,14.38,False,0.0,2026-05-24 18:01:39
3062,607,40996365,2026-05-21 16:13:15,2026-05-21 17:13:15,2,Chicken,15.2,0.0,0.1,completed,33.32,False,0.0,2026-05-21 16:13:15
3063,607,50154700,2026-04-03 09:31:07,2026-04-03 10:31:07,1,Chicken,28.9,0.0,2.1,completed,66.15,True,13.23,2026-04-03 09:31:07
3064,607,50146131,2026-03-30 08:54:07,2026-03-30 10:24:07,2,Chicken,44.3,0.0,0.0,completed,11.68,True,2.92,2026-03-30 08:54:07
3065,607,50171877,2026-04-19 12:41:35,2026-04-19 13:11:35,3,Coffee/Tea,15.5,0.0,0.0,completed,145.83,True,14.58,2026-04-19 12:41:35
3066,607,50099576,2026-05-13 20:45:04,2026-05-13 21:00:04,2,Asian/Asian Fusion,43.2,0.0,0.0,completed,60.02,False,0.0,2026-05-13 20:45:04
3067,607,41418301,2026-05-24 12:08:12,2026-05-24 12:53:12,5,Mediterranean,9.7,0.0,3.9,completed,296.29,False,0.0,2026-05-24 12:08:12
3068,607,50143242,2026-04-10 10:00:40,2026-04-10 11:30:40,2,Chinese,14.5,0.0,1.2,cancelled,134.57,True,33.64,2026-04-10 10:00:40
3069,608,50117581,2026-03-02 15:26:51,2026-03-02 15:56:51,4,Italian,44.3,0.3,0.0,completed,42.05,False,0.0,2026-03-02 15:26:51
3070,608,50157471,2026-04-16 10:22:34,2026-04-16 10:52:34,3,Bakery Products/Desserts,23.7,0.0,0.7,completed,44.55,True,6.68,2026-04-16 10:22:34
3071,608,50143743,2026-05-26 17:18:18,2026-05-26 18:03:18,2,Bakery Products/Desserts,15.5,0.0,8.0,cancelled,8.91,False,0.0,2026-05-26 17:18:18
3072,609,50076740,2026-04-16 17:18:05,2026-04-16 18:03:05,1,Thai,7.7,0.0,0.0,completed,48.26,False,0.0,2026-04-16 17:18:05
3073,609,50076881,2026-04-13 20:20:16,2026-04-13 21:20:16,3,Thai,29.5,0.0,0.0,completed,53.9,False,0.0,2026-04-13 20:20:16
3074,610,50045768,2026-05-07 18:23:45,2026-05-07 18:53:45,1,Indian,43.2,0.0,1.8,completed,26.52,False,0.0,2026-05-07 18:23:45
3075,610,50056137,2026-03-06 12:04:04,2026-03-06 13:34:04,4,Indian,16.2,0.0,0.0,completed,58.95,True,8.84,2026-03-06 12:04:04
3076,610,41028662,2026-03-04 20:29:33,2026-03-04 20:59:33,3,Indian,30.6,0.0,2.0,completed,56.16,False,0.0,2026-03-04 20:29:33
3077,610,50145979,2026-05-23 17:47:25,2026-05-23 18:17:25,4,Bakery Products/Desserts,12.8,0.0,0.0,completed,287.16,True,43.07,2026-05-23 17:47:25
3078,610,41040365,2026-03-12 13:05:26,2026-03-12 14:05:26,2,American,23.0,0.0,0.0,completed,266.8,False,0.0,2026-03-12 13:05:26
3079,611,50153269,2026-05-05 19:55:04,2026-05-05 20:40:04,3,Other,29.9,0.0,0.0,cancelled,55.18,False,0.0,2026-05-05 19:55:04
3080,611,41706325,2026-03-31 17:52:20,2026-03-31 18:52:20,2,American,44.4,0.0,0.0,completed,34.57,False,0.0,2026-03-31 17:52:20
3081,611,50065026,2026-03-21 14:55:32,2026-03-21 15:25:32,4,American,32.8,0.0,0.0,completed,40.61,True,8.12,2026-03-21 14:55:32
3082,612,41074013,2026-03-21 21:47:05,2026-03-21 22:47:05,3,American,21.1,0.0,1.5,completed,274.41,False,0.0,2026-03-21 21:47:05
3083,613,40709941,2026-03-19 11:17:58,2026-03-19 11:32:58,4,Italian,9.4,0.0,4.0,completed,390.41,True,78.08,2026-03-19 11:17:58
3084,613,50095530,2026-05-30 08:22:17,2026-05-30 09:07:17,3,American,24.2,0.0,5.5,completed,206.26,False,0.0,2026-05-30 08:22:17
3085,613,50084739,2026-04-29 17:45:25,2026-04-29 18:45:25,2,Asian/Asian Fusion,12.3,0.0,1.2,completed,59.21,False,0.0,2026-04-29 17:45:25
3086,613,50135920,2026-04-12 14:32:49,2026-04-12 15:32:49,4,Asian/Asian Fusion,34.9,23.3,18.5,completed,608.61,True,152.15,2026-04-12 14:32:49
3087,614,50105676,2026-04-03 18:03:11,2026-04-03 18:33:11,1,Asian/Asian Fusion,12.6,0.0,0.0,completed,4.17,False,0.0,2026-04-03 18:03:11
3088,614,50165152,2026-04-24 11:05:10,2026-04-24 11:35:10,1,Asian/Asian Fusion,33.2,0.0,0.0,no_show,36.86,False,0.0,2026-04-24 11:05:10
3089,614,50083319,2026-03-29 19:26:52,2026-03-29 19:41:52,3,Asian/Asian Fusion,42.4,0.0,2.6,completed,234.42,False,0.0,2026-03-29 19:26:52
3090,614,50164558,2026-03-13 13:32:33,2026-03-13 14:32:33,2,Sandwiches/Salads/Mixed Buffet,36.2,0.0,0.0,completed,44.64,False,0.0,2026-03-13 13:32:33
3091,614,50158023,2026-04-03 17:11:17,2026-04-03 19:11:17,4,Pizza,42.7,0.0,2.3,completed,12.23,False,0.0,2026-04-03 17:11:17
3092,614,50103748,2026-05-03 13:29:03,2026-05-03 13:59:03,4,Asian/Asian Fusion,22.8,3.8,3.6,completed,160.09,False,0.0,2026-05-03 13:29:03
3093,614,50176558,2026-05-31 17:51:47,2026-05-31 18:06:47,2,Indian,30.0,0.0,0.0,completed,61.96,False,0.0,2026-05-31 17:51:47
3094,614,50140747,2026-03-23 21:59:51,2026-03-23 22:44:51,2,Chinese,37.7,0.0,0.6,completed,45.43,False,0.0,2026-03-23 21:59:51
3095,615,50118540,2026-05-15 17:07:39,2026-05-15 18:07:39,2,Italian,43.7,0.0,0.0,cancelled,74.35,False,0.0,2026-05-15 17:07:39
3096,615,50176680,2026-05-19 18:12:25,2026-05-19 18:57:25,4,Sandwiches,32.0,0.0,0.0,completed,65.14,False,0.0,2026-05-19 18:12:25
3097,615,50131306,2026-05-31 11:14:40,2026-05-31 12:14:40,1,Sandwiches,14.0,0.0,2.7,completed,70.83,False,0.0,2026-05-31 11:14:40
3098,615,50158271,2026-05-25 18:28:20,2026-05-25 18:43:20,4,Italian,13.2,0.0,4.5,completed,277.88,False,0.0,2026-05-25 18:28:20
3099,615,50102862,2026-04-25 19:08:10,2026-04-25 19:53:10,2,"Juice, Smoothies, Fruit Salads",8.8,0.0,0.0,completed,349.88,False,0.0,2026-04-25 19:08:10
3100,615,50088554,2026-03-29 20:25:20,2026-03-29 20:40:20,3,Italian,44.3,0.0,2.2,completed,651.17,False,0.0,2026-03-29 20:25:20
3101,615,50017750,2026-03-04 19:49:28,2026-03-04 20:19:28,1,Sandwiches,23.8,0.0,0.0,completed,83.67,True,16.73,2026-03-04 19:49:28
3102,616,50098827,2026-04-08 12:50:12,2026-04-08 14:50:12,2,Donuts,28.6,0.0,0.0,completed,74.79,False,0.0,2026-04-08 12:50:12
3103,616,40931920,2026-05-27 18:03:45,2026-05-27 18:48:45,3,Sandwiches,13.8,0.0,3.5,completed,71.56,False,0.0,2026-05-27 18:03:45
3104,616,41553360,2026-03-23 20:27:51,2026-03-23 21:27:51,5,Donuts,9.7,0.0,0.0,completed,405.83,False,0.0,2026-03-23 20:27:51
3105,617,50177372,2026-04-06 14:50:42,2026-04-06 15:20:42,2,Italian,35.4,0.0,0.0,completed,44.16,False,0.0,2026-04-06 14:50:42
3106,617,50115829,2026-04-28 13:25:17,2026-04-28 14:10:17,2,Bakery Products/Desserts,23.2,0.0,1.6,completed,56.35,True,11.27,2026-04-28 13:25:17
3107,617,50101082,2026-05-20 18:31:28,2026-05-20 19:01:28,1,Italian,28.3,0.3,0.0,completed,55.05,False,0.0,2026-05-20 18:31:28
3108,618,50019068,2026-05-01 10:35:43,2026-05-01 11:35:43,3,Mediterranean,24.3,0.0,1.7,completed,79.23,False,0.0,2026-05-01 10:35:43
3109,618,50177911,2026-04-09 13:54:10,2026-04-09 14:24:10,2,Seafood,10.4,0.0,1.0,completed,82.52,False,0.0,2026-04-09 13:54:10
3110,618,50115413,2026-05-28 17:49:23,2026-05-28 18:19:23,3,Pizza,35.0,0.0,1.8,cancelled,47.43,False,0.0,2026-05-28 17:49:23
3111,618,50070943,2026-03-11 13:04:45,2026-03-11 13:49:45,5,Pizza,6.0,0.0,1.1,cancelled,104.53,False,0.0,2026-03-11 13:04:45
3112,618,40388419,2026-04-22 12:54:19,2026-04-22 13:39:19,4,Pizza,5.1,0.0,0.0,completed,151.01,True,30.2,2026-04-22 12:54:19
3113,618,50008279,2026-03-18 21:14:54,2026-03-18 21:29:54,6,Pizza,42.0,0.0,0.4,completed,166.69,True,25.0,2026-03-18 21:14:54
3114,619,50084210,2026-03-26 19:09:01,2026-03-26 19:39:01,2,Donuts,7.5,0.0,0.0,completed,106.23,True,15.93,2026-03-26 19:09:01
3115,619,50168233,2026-05-16 12:19:01,2026-05-16 13:04:01,4,Asian/Asian Fusion,9.6,0.0,3.7,completed,38.73,False,0.0,2026-05-16 12:19:01
3116,619,50125105,2026-03-13 17:43:41,2026-03-13 18:28:41,2,Asian/Asian Fusion,26.8,0.0,0.0,completed,59.05,False,0.0,2026-03-13 17:43:41
3117,620,50139741,2026-03-02 09:59:42,2026-03-02 11:59:42,2,Thai,23.0,0.0,0.0,completed,20.74,False,0.0,2026-03-02 09:59:42
3118,620,50009366,2026-03-07 12:20:42,2026-03-07 12:50:42,5,Chinese,16.9,0.0,0.0,completed,129.2,False,0.0,2026-03-07 12:20:42
3119,620,50077890,2026-03-15 13:03:13,2026-03-15 13:33:13,1,American,18.0,0.0,1.0,completed,20.57,False,0.0,2026-03-15 13:03:13
3120,620,50176558,2026-05-27 13:53:58,2026-05-27 14:08:58,2,Indian,36.5,0.0,0.0,no_show,46.35,False,0.0,2026-05-27 13:53:58
3121,620,50164953,2026-05-17 14:13:06,2026-05-17 14:43:06,2,Frozen Desserts,7.5,0.0,0.0,completed,29.25,False,0.0,2026-05-17 14:13:06
3122,621,50170180,2026-04-23 11:58:18,2026-04-23 12:58:18,2,Latin American,13.1,0.0,0.0,completed,80.25,True,8.03,2026-04-23 11:58:18
3123,621,50154616,2026-05-22 19:32:45,2026-05-22 20:32:45,5,Chicken,6.8,0.0,0.0,cancelled,86.0,True,21.5,2026-05-22 19:32:45
3124,621,50130874,2026-03-28 15:39:56,2026-03-28 16:09:56,5,Latin American,9.0,0.0,0.9,cancelled,122.27,True,18.34,2026-03-28 15:39:56
3125,621,50143867,2026-05-14 20:36:56,2026-05-14 21:06:56,2,Other,37.2,0.0,1.4,completed,62.44,True,9.37,2026-05-14 20:36:56
3126,622,50135573,2026-03-04 13:15:24,2026-03-04 14:45:24,2,Korean,36.2,0.0,0.0,completed,5.52,False,0.0,2026-03-04 13:15:24
3127,622,50016964,2026-03-09 20:07:53,2026-03-09 20:52:53,4,Korean,19.8,0.0,0.6,completed,44.62,False,0.0,2026-03-09 20:07:53
3128,622,50064055,2026-05-08 13:33:29,2026-05-08 14:18:29,4,Indian,39.2,0.0,2.2,completed,107.64,False,0.0,2026-05-08 13:33:29
3129,622,41290548,2026-03-30 13:50:17,2026-03-30 14:50:17,1,Coffee/Tea,38.6,0.0,1.2,completed,35.22,False,0.0,2026-03-30 13:50:17
3130,622,50108174,2026-04-13 15:22:07,2026-04-13 16:07:07,3,Pizza,21.6,0.0,0.0,completed,88.53,False,0.0,2026-04-13 15:22:07
3131,622,50147846,2026-04-25 18:40:01,2026-04-25 19:10:01,2,Pizza,7.7,3.1,0.0,completed,18.49,True,2.77,2026-04-25 18:40:01
3132,622,50137387,2026-04-03 22:06:31,2026-04-03 22:51:31,2,Japanese,44.0,0.0,3.8,completed,23.78,False,0.0,2026-04-03 22:06:31
3133,623,50001110,2026-04-16 19:55:07,2026-04-16 20:25:07,2,Japanese,5.4,0.0,0.0,completed,52.26,True,10.45,2026-04-16 19:55:07
3134,623,50112310,2026-05-12 15:25:42,2026-05-12 15:55:42,1,Indian,20.2,0.0,1.4,completed,66.21,False,0.0,2026-05-12 15:25:42
3135,623,50045254,2026-04-15 14:10:38,2026-04-15 14:55:38,2,Asian/Asian Fusion,8.5,0.0,0.0,completed,100.84,False,0.0,2026-04-15 14:10:38
3136,624,41371617,2026-03-31 08:50:45,2026-03-31 09:35:45,6,Japanese,36.4,3.9,4.7,completed,241.89,False,0.0,2026-03-31 08:50:45
3137,624,50085430,2026-03-27 22:59:33,2026-03-27 23:14:33,2,Japanese,39.5,2.7,2.6,completed,132.15,True,19.82,2026-03-27 22:59:33
3138,624,40402407,2026-04-04 17:12:59,2026-04-04 18:42:59,1,French,29.3,0.0,2.9,completed,201.79,True,20.18,2026-04-04 17:12:59
3139,624,50015570,2026-03-02 20:39:36,2026-03-02 21:39:36,1,Indian,33.9,17.7,8.6,completed,119.75,True,29.94,2026-03-02 20:39:36
3140,624,50123492,2026-03-12 19:35:07,2026-03-12 20:20:07,2,Indian,42.0,21.8,10.8,completed,74.06,True,18.52,2026-03-12 19:35:07
3141,625,41047105,2026-04-12 17:58:36,2026-04-12 18:58:36,2,Pizza,8.7,0.0,3.5,completed,148.23,True,14.82,2026-04-12 17:58:36
3142,625,50072968,2026-05-17 17:54:38,2026-05-17 18:54:38,2,Chinese,14.7,0.0,0.2,cancelled,42.94,False,0.0,2026-05-17 17:54:38
3143,625,50119673,2026-05-10 08:50:09,2026-05-10 09:20:09,4,Mexican,40.8,0.0,2.3,completed,219.84,True,32.98,2026-05-10 08:50:09
3144,625,50066240,2026-05-26 13:11:42,2026-05-26 14:11:42,2,Japanese,17.1,0.0,5.1,cancelled,40.26,False,0.0,2026-05-26 13:11:42
3145,625,50173385,2026-04-29 12:15:55,2026-04-29 12:45:55,3,Other,5.9,0.0,3.7,cancelled,79.27,False,0.0,2026-04-29 12:15:55
3146,625,50103991,2026-05-01 11:38:07,2026-05-01 11:53:07,3,Pizza,13.0,0.0,0.0,cancelled,137.37,False,0.0,2026-05-01 11:38:07
3147,625,40821227,2026-04-12 20:30:24,2026-04-12 21:15:24,4,Mexican,31.4,0.9,1.5,completed,107.64,False,0.0,2026-04-12 20:30:24
3148,625,50110343,2026-05-14 16:44:29,2026-05-14 17:14:29,2,Mexican,7.7,0.0,3.7,cancelled,95.85,True,14.38,2026-05-14 16:44:29
3149,625,50117066,2026-05-21 12:25:01,2026-05-21 13:25:01,3,Pizza,15.9,0.0,0.0,completed,176.66,False,0.0,2026-05-21 12:25:01
3150,625,50107236,2026-03-26 15:31:47,2026-03-26 17:01:47,1,American,30.1,0.0,7.0,completed,36.85,False,0.0,2026-03-26 15:31:47
3151,625,50118322,2026-03-29 09:36:58,2026-03-29 11:06:58,1,Pizza,24.4,0.0,1.6,completed,9.98,True,1.0,2026-03-29 09:36:58
3152,626,50073810,2026-04-24 20:42:34,2026-04-24 21:42:34,5,Pizza,10.3,0.0,0.0,completed,102.57,False,0.0,2026-04-24 20:42:34
3153,626,40622601,2026-05-19 14:41:21,2026-05-19 15:41:21,3,Pizza,5.4,0.0,0.0,completed,38.09,False,0.0,2026-05-19 14:41:21
3154,626,50110272,2026-03-06 12:58:57,2026-03-06 13:58:57,3,French,25.3,0.0,0.8,completed,57.28,True,11.46,2026-03-06 12:58:57
3155,627,50153601,2026-05-09 10:22:40,2026-05-09 11:07:40,4,Korean,29.2,0.0,0.0,cancelled,326.4,False,0.0,2026-05-09 10:22:40
3156,627,50056626,2026-03-03 17:49:45,2026-03-03 18:49:45,4,Korean,34.4,0.0,0.4,completed,278.94,True,27.89,2026-03-03 17:49:45
3157,628,50006260,2026-04-20 18:20:58,2026-04-20 18:35:58,2,American,21.1,0.0,0.0,completed,51.67,False,0.0,2026-04-20 18:20:58
3158,629,50083659,2026-05-15 19:00:23,2026-05-15 19:45:23,4,Pizza,34.2,0.1,0.0,completed,165.65,True,16.56,2026-05-15 19:00:23
3159,629,50000910,2026-04-28 12:47:43,2026-04-28 13:47:43,1,American,5.4,0.0,5.2,completed,23.79,True,3.57,2026-04-28 12:47:43
3160,629,41650772,2026-04-04 20:05:34,2026-04-04 20:20:34,4,Pizza,35.8,0.0,0.0,completed,178.17,False,0.0,2026-04-04 20:05:34
3161,629,50108106,2026-04-20 13:38:51,2026-04-20 15:08:51,2,Chicken,31.8,13.9,15.9,completed,20.74,False,0.0,2026-04-20 13:38:51
3162,629,50158826,2026-03-03 20:59:52,2026-03-03 21:29:52,4,Pizza,17.3,0.0,0.0,completed,119.28,False,0.0,2026-03-03 20:59:52
3163,629,50140858,2026-03-25 22:17:57,2026-03-25 23:02:57,2,Pizza,31.3,1.1,4.3,completed,52.83,True,7.92,2026-03-25 22:17:57
3164,629,50182309,2026-05-19 19:14:22,2026-05-19 20:14:22,4,Pizza,9.1,0.0,0.0,completed,242.87,False,0.0,2026-05-19 19:14:22
3165,629,50172159,2026-04-07 22:22:44,2026-04-07 23:07:44,1,Chicken,23.8,0.0,0.7,completed,57.67,True,11.53,2026-04-07 22:22:44
3166,629,50107403,2026-05-17 12:43:39,2026-05-17 13:28:39,2,Chicken,26.5,0.0,1.7,completed,88.32,False,0.0,2026-05-17 12:43:39
3167,629,50115103,2026-04-08 10:22:24,2026-04-08 11:22:24,2,Japanese,25.0,0.0,0.0,completed,77.62,True,7.76,2026-04-08 10:22:24
3168,629,50106188,2026-05-29 10:16:58,2026-05-29 10:46:58,5,Japanese,24.8,0.0,0.0,completed,227.94,False,0.0,2026-05-29 10:16:58
3169,630,50149354,2026-05-23 14:42:31,2026-05-23 15:42:31,2,Thai,9.5,0.0,2.0,cancelled,3.47,False,0.0,2026-05-23 14:42:31
3170,630,41490282,2026-03-04 19:53:39,2026-03-04 20:53:39,2,French,19.7,70.5,73.7,completed,16.31,False,0.0,2026-03-04 19:53:39
3171,630,41089834,2026-03-03 17:32:03,2026-03-03 18:02:03,2,American,38.3,0.0,1.5,completed,20.64,True,4.13,2026-03-03 17:32:03
3172,630,40904478,2026-03-30 19:16:29,2026-03-30 20:01:29,1,Thai,39.2,0.0,5.5,completed,25.5,False,0.0,2026-03-30 19:16:29
3173,631,50153584,2026-05-04 11:20:39,2026-05-04 12:20:39,3,Sandwiches,12.6,0.0,0.0,completed,46.49,False,0.0,2026-05-04 11:20:39
3174,631,50041388,2026-04-18 14:22:59,2026-04-18 14:52:59,2,Bakery Products/Desserts,36.1,0.0,0.0,completed,46.51,False,0.0,2026-04-18 14:22:59
3175,631,50065660,2026-03-05 19:17:07,2026-03-05 20:17:07,2,Latin American,44.2,0.0,1.1,completed,10.9,False,0.0,2026-03-05 19:17:07
3176,631,50184471,2026-05-19 19:04:35,2026-05-19 19:49:35,2,Latin American,13.4,0.0,1.0,completed,47.76,False,0.0,2026-05-19 19:04:35
3177,632,50152584,2026-04-02 17:05:53,2026-04-02 18:35:53,2,Mediterranean,16.5,0.0,0.0,completed,53.22,False,0.0,2026-04-02 17:05:53
3178,632,50157084,2026-05-25 10:21:36,2026-05-25 11:21:36,2,French,32.6,0.0,3.1,completed,97.64,False,0.0,2026-05-25 10:21:36
3179,632,50139844,2026-05-20 11:13:39,2026-05-20 12:13:39,2,Donuts,30.4,0.0,3.9,completed,45.11,True,11.28,2026-05-20 11:13:39
3180,632,50130916,2026-05-15 19:11:21,2026-05-15 19:56:21,3,Mediterranean,34.2,0.0,2.6,completed,125.33,False,0.0,2026-05-15 19:11:21
3181,632,50051609,2026-04-14 18:12:37,2026-04-14 18:27:37,2,Donuts,11.2,0.0,0.8,completed,140.46,True,21.07,2026-04-14 18:12:37
3182,632,50144247,2026-03-05 17:57:46,2026-03-05 18:42:46,2,Irish,41.3,0.0,0.0,completed,48.52,False,0.0,2026-03-05 17:57:46
3183,633,50049346,2026-03-14 13:53:58,2026-03-14 15:23:58,1,Chicken,36.9,0.0,3.7,completed,28.96,False,0.0,2026-03-14 13:53:58
3184,633,50139631,2026-05-19 10:58:55,2026-05-19 11:58:55,2,Chicken,31.2,0.0,0.0,completed,58.22,True,8.73,2026-05-19 10:58:55
3185,633,50162773,2026-04-01 08:44:56,2026-04-01 09:44:56,2,Other,13.0,0.0,0.9,completed,72.1,False,0.0,2026-04-01 08:44:56
3186,633,50174083,2026-05-25 20:34:43,2026-05-25 21:04:43,2,Chicken,8.2,0.0,6.1,completed,31.15,False,0.0,2026-05-25 20:34:43
3187,633,50068193,2026-04-21 13:20:54,2026-04-21 13:50:54,6,Coffee/Tea,27.8,0.0,0.8,completed,96.45,False,0.0,2026-04-21 13:20:54
3188,634,40399834,2026-03-19 11:28:33,2026-03-19 11:58:33,2,Korean,33.8,0.0,0.0,completed,99.76,False,0.0,2026-03-19 11:28:33
3189,634,50136925,2026-04-30 19:10:09,2026-04-30 20:40:09,2,Hamburgers,9.6,0.0,0.0,completed,37.76,False,0.0,2026-04-30 19:10:09
3190,634,50099039,2026-03-30 11:25:13,2026-03-30 12:10:13,3,Donuts,18.4,0.0,1.2,cancelled,219.26,True,43.85,2026-03-30 11:25:13
3191,634,50003182,2026-03-23 17:53:40,2026-03-23 18:53:40,3,Donuts,34.9,0.0,0.0,completed,82.36,True,12.35,2026-03-23 17:53:40
3192,634,50006345,2026-05-28 12:57:58,2026-05-28 13:42:58,5,American,13.8,0.0,1.8,completed,166.85,False,0.0,2026-05-28 12:57:58
3193,634,50150569,2026-03-18 19:58:28,2026-03-18 20:43:28,3,French,28.9,0.0,0.0,cancelled,263.71,False,0.0,2026-03-18 19:58:28
3194,634,50106374,2026-04-14 11:54:35,2026-04-14 12:09:35,2,French,39.6,23.8,30.6,completed,45.0,True,4.5,2026-04-14 11:54:35
3195,634,50151045,2026-05-16 09:06:03,2026-05-16 09:36:03,2,French,11.4,3.5,1.6,completed,68.13,False,0.0,2026-05-16 09:06:03
3196,634,50137017,2026-03-17 20:29:46,2026-03-17 22:29:46,2,French,23.4,28.9,26.8,completed,52.08,False,0.0,2026-03-17 20:29:46
3197,634,50169242,2026-04-07 19:12:40,2026-04-07 19:42:40,2,Donuts,21.3,0.0,4.5,completed,174.04,False,0.0,2026-04-07 19:12:40
3198,634,50048250,2026-05-26 13:03:27,2026-05-26 13:33:27,2,French,40.0,1.5,3.0,completed,52.66,False,0.0,2026-05-26 13:03:27
3199,634,41028662,2026-05-31 18:20:12,2026-05-31 19:50:12,2,Indian,25.3,0.0,0.0,completed,111.25,False,0.0,2026-05-31 18:20:12
3200,634,50095294,2026-03-09 18:38:38,2026-03-09 19:23:38,2,Donuts,7.5,0.0,2.5,completed,24.39,False,0.0,2026-03-09 18:38:38
3201,634,40394207,2026-03-08 18:04:49,2026-03-08 20:04:49,4,French,25.4,0.0,7.2,completed,277.24,False,0.0,2026-03-08 18:04:49
3202,634,50044749,2026-04-27 10:40:35,2026-04-27 11:25:35,4,Donuts,35.2,0.0,1.2,completed,81.15,False,0.0,2026-04-27 10:40:35
3203,634,41459923,2026-04-01 13:30:53,2026-04-01 14:00:53,1,Donuts,32.1,0.0,4.4,completed,60.36,False,0.0,2026-04-01 13:30:53
3204,634,50166642,2026-05-03 14:54:56,2026-05-03 15:39:56,2,Chinese,26.9,0.0,2.9,no_show,81.21,False,0.0,2026-05-03 14:54:56
3205,634,40377789,2026-05-29 14:05:23,2026-05-29 15:05:23,3,French,7.5,0.0,0.1,completed,89.53,True,22.38,2026-05-29 14:05:23
3206,634,50072570,2026-03-03 22:14:34,2026-03-04 00:14:34,2,French,28.8,0.0,0.0,completed,47.08,True,4.71,2026-03-03 22:14:34
3207,634,40716489,2026-05-25 18:16:53,2026-05-25 19:16:53,3,French,9.5,0.0,0.0,completed,44.65,False,0.0,2026-05-25 18:16:53
3208,635,50005098,2026-03-20 19:50:49,2026-03-20 20:50:49,2,Donuts,21.5,0.0,0.0,completed,57.65,False,0.0,2026-03-20 19:50:49
3209,636,50143922,2026-04-13 20:58:54,2026-04-13 22:28:54,5,Thai,40.5,0.0,8.8,completed,200.81,False,0.0,2026-04-13 20:58:54
3210,636,50059949,2026-04-05 10:23:15,2026-04-05 10:38:15,4,Other,21.1,0.0,1.9,cancelled,43.93,False,0.0,2026-04-05 10:23:15
3211,636,41376524,2026-03-18 10:55:54,2026-03-18 11:25:54,2,Coffee/Tea,5.3,0.0,0.0,completed,83.34,True,12.5,2026-03-18 10:55:54
3212,636,50067469,2026-03-03 14:08:37,2026-03-03 14:38:37,2,Thai,16.5,2.2,2.5,completed,189.69,False,0.0,2026-03-03 14:08:37
3213,637,40374974,2026-04-25 20:30:31,2026-04-25 22:30:31,2,French,24.3,0.0,0.0,completed,104.14,False,0.0,2026-04-25 20:30:31
3214,637,50103940,2026-05-08 12:01:13,2026-05-08 13:01:13,2,Japanese,38.6,0.1,3.9,completed,155.23,False,0.0,2026-05-08 12:01:13
3215,638,50174959,2026-03-13 16:31:39,2026-03-13 17:31:39,2,French,14.5,0.0,0.0,completed,34.73,False,0.0,2026-03-13 16:31:39
3216,639,50126765,2026-03-23 12:41:32,2026-03-23 13:26:32,1,"Juice, Smoothies, Fruit Salads",19.0,0.0,6.1,completed,12.06,True,1.81,2026-03-23 12:41:32
3217,639,50151766,2026-05-04 10:38:17,2026-05-04 12:08:17,3,Mexican,41.3,0.0,2.1,no_show,99.28,False,0.0,2026-05-04 10:38:17
3218,639,50058678,2026-03-19 20:16:05,2026-03-19 21:01:05,2,Mediterranean,17.7,0.0,4.9,completed,81.28,False,0.0,2026-03-19 20:16:05
3219,639,41389861,2026-03-14 19:46:32,2026-03-14 20:46:32,4,Mediterranean,11.2,0.0,3.0,completed,193.8,False,0.0,2026-03-14 19:46:32
3220,639,50055882,2026-05-16 14:36:00,2026-05-16 15:06:00,1,Mediterranean,20.6,0.0,5.8,completed,121.93,False,0.0,2026-05-16 14:36:00
3221,639,50050022,2026-03-31 14:53:59,2026-03-31 15:23:59,2,Mexican,40.3,0.0,2.1,completed,135.05,False,0.0,2026-03-31 14:53:59
3222,640,50063824,2026-04-21 18:52:11,2026-04-21 20:52:11,3,Coffee/Tea,15.8,0.0,0.0,completed,171.36,True,42.84,2026-04-21 18:52:11
3223,640,40888787,2026-05-08 20:45:20,2026-05-08 21:15:20,2,Chicken,6.4,0.0,0.0,completed,77.99,False,0.0,2026-05-08 20:45:20
3224,640,50052114,2026-05-18 17:23:26,2026-05-18 17:38:26,2,Coffee/Tea,17.4,0.0,1.0,completed,28.74,False,0.0,2026-05-18 17:23:26
3225,641,50033478,2026-03-17 20:21:32,2026-03-17 22:21:32,2,Pizza,44.2,0.0,1.9,completed,56.56,True,5.66,2026-03-17 20:21:32
3226,641,50058819,2026-04-04 13:54:13,2026-04-04 14:09:13,2,Pizza,36.7,0.0,0.0,completed,215.74,False,0.0,2026-04-04 13:54:13
3227,641,50110690,2026-03-13 09:12:24,2026-03-13 10:42:24,1,Coffee/Tea,10.1,0.0,0.0,completed,164.87,False,0.0,2026-03-13 09:12:24
3228,642,50113613,2026-04-29 12:36:50,2026-04-29 13:06:50,2,Mexican,39.3,0.0,4.1,completed,102.41,False,0.0,2026-04-29 12:36:50
3229,642,50129760,2026-03-16 18:23:39,2026-03-16 19:08:39,2,Thai,40.0,0.0,3.5,completed,91.9,False,0.0,2026-03-16 18:23:39
3230,642,41117086,2026-05-17 19:26:56,2026-05-17 19:56:56,1,Mexican,43.2,0.0,0.0,completed,41.36,False,0.0,2026-05-17 19:26:56
3231,644,50147341,2026-04-16 19:56:17,2026-04-16 20:26:17,3,American,24.3,0.0,1.6,completed,174.23,False,0.0,2026-04-16 19:56:17
3232,644,40370507,2026-04-24 17:38:08,2026-04-24 18:38:08,4,American,38.0,0.0,0.9,completed,227.51,True,34.13,2026-04-24 17:38:08
3233,644,50003553,2026-04-06 12:04:52,2026-04-06 13:34:52,3,Mexican,26.5,0.0,0.0,completed,84.62,False,0.0,2026-04-06 12:04:52
3234,644,50015970,2026-04-19 12:47:05,2026-04-19 13:32:05,5,American,28.8,0.0,3.2,completed,25.22,True,3.78,2026-04-19 12:47:05
3235,645,50008826,2026-04-17 12:05:27,2026-04-17 12:35:27,2,Pizza,22.4,0.0,0.0,completed,57.17,False,0.0,2026-04-17 12:05:27
3236,645,50002933,2026-04-07 19:51:16,2026-04-07 21:21:16,4,Sandwiches,41.2,0.0,0.1,completed,155.74,False,0.0,2026-04-07 19:51:16
3237,645,50099835,2026-03-15 09:58:28,2026-03-15 10:58:28,4,American,18.3,0.0,0.0,completed,150.69,False,0.0,2026-03-15 09:58:28
3238,646,50128888,2026-03-18 12:44:15,2026-03-18 14:44:15,2,Latin American,25.1,0.0,0.7,completed,69.34,True,6.93,2026-03-18 12:44:15
3239,646,50121074,2026-03-17 13:24:13,2026-03-17 14:24:13,5,Coffee/Tea,29.6,0.0,0.0,no_show,76.89,True,11.53,2026-03-17 13:24:13
3240,646,50107036,2026-04-30 16:00:55,2026-04-30 16:30:55,1,Coffee/Tea,18.2,0.0,0.0,completed,34.52,False,0.0,2026-04-30 16:00:55
3241,646,50105339,2026-04-09 12:09:54,2026-04-09 13:39:54,1,Latin American,5.3,0.0,0.0,completed,18.12,False,0.0,2026-04-09 12:09:54
3242,646,50090236,2026-05-14 14:47:22,2026-05-14 15:32:22,2,Tex-Mex,25.4,0.0,2.1,completed,23.46,False,0.0,2026-05-14 14:47:22
3243,646,50118140,2026-03-24 19:46:08,2026-03-24 21:16:08,3,Coffee/Tea,26.9,0.0,2.1,completed,115.8,False,0.0,2026-03-24 19:46:08
3244,646,50152288,2026-05-08 17:03:14,2026-05-08 18:03:14,4,Latin American,30.9,0.0,0.0,completed,220.67,True,22.07,2026-05-08 17:03:14
3245,647,50120697,2026-03-25 21:58:14,2026-03-25 22:28:14,1,Japanese,8.5,0.0,0.0,completed,20.48,False,0.0,2026-03-25 21:58:14
3246,647,50154878,2026-04-21 19:43:27,2026-04-21 20:13:27,2,Salads,13.0,0.0,0.0,completed,91.14,True,13.67,2026-04-21 19:43:27
3247,647,41262792,2026-03-06 12:20:00,2026-03-06 12:50:00,2,Chicken,39.8,0.0,2.4,cancelled,56.16,False,0.0,2026-03-06 12:20:00
3248,648,40535467,2026-04-26 18:24:07,2026-04-26 19:09:07,1,Bakery Products/Desserts,37.1,0.0,0.0,completed,30.2,False,0.0,2026-04-26 18:24:07
3249,649,50125776,2026-05-11 18:34:12,2026-05-11 19:19:12,2,American,30.1,0.0,0.0,completed,21.74,True,4.35,2026-05-11 18:34:12
3250,649,50052618,2026-04-11 16:36:43,2026-04-11 17:36:43,6,American,16.8,0.0,0.0,completed,92.89,False,0.0,2026-04-11 16:36:43
3251,649,50084728,2026-04-13 16:13:15,2026-04-13 16:28:15,1,American,23.9,0.0,0.0,completed,33.69,True,5.05,2026-04-13 16:13:15
3252,651,50058667,2026-05-13 13:04:39,2026-05-13 15:04:39,2,Coffee/Tea,38.4,0.0,0.7,completed,49.58,False,0.0,2026-05-13 13:04:39
3253,651,50125400,2026-05-13 17:36:26,2026-05-13 18:21:26,2,Japanese,43.0,0.0,0.0,completed,103.31,False,0.0,2026-05-13 17:36:26
3254,651,50150487,2026-03-14 12:11:53,2026-03-14 12:41:53,2,Japanese,24.4,0.0,3.8,completed,100.35,False,0.0,2026-03-14 12:11:53
3255,651,50132095,2026-04-25 12:17:52,2026-04-25 13:02:52,1,Latin American,22.0,0.0,1.7,completed,117.4,False,0.0,2026-04-25 12:17:52
3256,651,50117661,2026-04-16 08:26:04,2026-04-16 08:56:04,3,Coffee/Tea,20.2,0.0,3.3,completed,127.6,False,0.0,2026-04-16 08:26:04
3257,651,50114975,2026-03-23 22:40:05,2026-03-23 23:40:05,2,Japanese,31.7,0.0,0.0,completed,275.9,False,0.0,2026-03-23 22:40:05
3258,652,50112595,2026-04-06 13:17:14,2026-04-06 14:47:14,4,American,25.2,43.6,25.7,completed,379.66,False,0.0,2026-04-06 13:17:14
3259,652,50140002,2026-05-01 17:33:20,2026-05-01 18:33:20,3,American,9.1,0.0,0.4,completed,456.5,True,45.65,2026-05-01 17:33:20
3260,652,50133051,2026-05-22 13:31:09,2026-05-22 14:01:09,5,Thai,44.8,0.0,1.0,completed,334.81,False,0.0,2026-05-22 13:31:09
3261,652,50173839,2026-03-07 18:06:33,2026-03-07 19:06:33,3,Thai,22.3,0.0,0.0,no_show,191.48,False,0.0,2026-03-07 18:06:33
3262,653,41262487,2026-03-09 10:51:29,2026-03-09 11:06:29,2,Hamburgers,9.3,0.0,3.8,completed,32.13,False,0.0,2026-03-09 10:51:29
3263,654,50162035,2026-04-10 11:38:04,2026-04-10 12:38:04,2,Chicken,12.5,0.0,0.7,cancelled,49.17,False,0.0,2026-04-10 11:38:04
3264,654,41163622,2026-04-02 15:02:43,2026-04-02 15:47:43,5,Chicken,12.1,0.0,3.9,completed,54.88,False,0.0,2026-04-02 15:02:43
3265,656,50142810,2026-05-24 08:19:14,2026-05-24 09:19:14,2,Italian,35.4,0.5,0.0,completed,96.62,False,0.0,2026-05-24 08:19:14
3266,656,50162301,2026-03-09 18:34:03,2026-03-09 19:04:03,2,American,5.0,0.0,0.0,completed,83.66,False,0.0,2026-03-09 18:34:03
3267,656,40386999,2026-04-01 11:37:37,2026-04-01 13:07:37,3,Italian,19.8,0.0,0.0,completed,47.05,False,0.0,2026-04-01 11:37:37
3268,657,50168597,2026-05-18 09:27:22,2026-05-18 10:27:22,3,Asian/Asian Fusion,13.1,0.0,0.0,completed,163.63,False,0.0,2026-05-18 09:27:22
3269,658,50058916,2026-05-05 08:39:57,2026-05-05 09:09:57,3,Mexican,29.6,0.0,2.1,cancelled,67.21,False,0.0,2026-05-05 08:39:57
3270,658,50074810,2026-03-01 16:14:57,2026-03-01 18:14:57,1,Korean,13.3,0.0,0.0,completed,21.38,False,0.0,2026-03-01 16:14:57
3271,658,50134087,2026-04-12 16:58:20,2026-04-12 18:28:20,4,Japanese,19.5,0.0,4.5,completed,26.06,False,0.0,2026-04-12 16:58:20
3272,658,41689402,2026-04-26 13:31:01,2026-04-26 14:01:01,2,Thai,13.2,0.0,1.9,completed,22.31,False,0.0,2026-04-26 13:31:01
3273,659,50178047,2026-05-13 09:08:10,2026-05-13 09:53:10,4,Coffee/Tea,35.9,0.0,1.7,completed,290.69,False,0.0,2026-05-13 09:08:10
3274,659,50129420,2026-03-19 11:19:59,2026-03-19 12:04:59,3,Japanese,27.7,0.0,0.0,completed,242.28,False,0.0,2026-03-19 11:19:59
3275,659,50170936,2026-04-28 13:13:58,2026-04-28 13:43:58,2,Coffee/Tea,42.1,0.0,0.5,completed,169.27,False,0.0,2026-04-28 13:13:58
3276,659,50093316,2026-05-01 13:47:04,2026-05-01 14:17:04,4,Chinese,39.4,0.0,2.2,completed,287.77,False,0.0,2026-05-01 13:47:04
3277,659,50106619,2026-04-26 15:54:41,2026-04-26 17:54:41,1,Japanese,30.7,1.8,1.9,completed,15.34,True,2.3,2026-04-26 15:54:41
3278,659,50138385,2026-04-05 12:25:50,2026-04-05 13:10:50,5,Sandwiches,41.8,0.0,1.6,completed,110.91,False,0.0,2026-04-05 12:25:50
3279,660,50180847,2026-03-06 16:47:22,2026-03-06 17:47:22,2,American,11.6,0.0,0.0,completed,163.82,False,0.0,2026-03-06 16:47:22
3280,660,40848604,2026-04-19 20:50:38,2026-04-19 22:20:38,2,French,32.1,6.1,10.1,completed,24.34,False,0.0,2026-04-19 20:50:38
3281,660,50044616,2026-03-09 18:59:36,2026-03-09 19:44:36,1,Chicken,42.7,0.9,2.0,completed,29.53,False,0.0,2026-03-09 18:59:36
3282,661,41217335,2026-03-07 16:34:57,2026-03-07 17:04:57,2,Mediterranean,5.6,2.1,1.9,completed,44.52,False,0.0,2026-03-07 16:34:57
3283,661,50128684,2026-03-11 15:03:58,2026-03-11 16:33:58,1,Frozen Desserts,5.2,0.0,0.0,cancelled,6.56,False,0.0,2026-03-11 15:03:58
3284,662,50046479,2026-03-20 16:53:16,2026-03-20 17:08:16,2,Donuts,24.0,0.0,3.7,completed,30.12,False,0.0,2026-03-20 16:53:16
3285,662,50146922,2026-05-26 11:49:13,2026-05-26 12:34:13,2,Coffee/Tea,28.2,0.0,0.0,completed,4.72,True,0.71,2026-05-26 11:49:13
3286,662,50017185,2026-03-14 20:10:51,2026-03-14 20:25:51,2,"Juice, Smoothies, Fruit Salads",15.6,0.0,0.0,completed,29.67,False,0.0,2026-03-14 20:10:51
3287,662,50131933,2026-04-20 12:46:28,2026-04-20 13:31:28,1,"Juice, Smoothies, Fruit Salads",20.1,0.0,1.0,cancelled,14.16,False,0.0,2026-04-20 12:46:28
3288,663,50032584,2026-05-04 11:48:45,2026-05-04 13:18:45,2,Asian/Asian Fusion,40.8,0.0,0.0,completed,66.83,False,0.0,2026-05-04 11:48:45
3289,663,50093629,2026-05-16 18:59:57,2026-05-16 19:59:57,1,Asian/Asian Fusion,14.9,0.0,0.0,completed,37.29,False,0.0,2026-05-16 18:59:57
3290,663,50125184,2026-03-01 19:59:48,2026-03-01 20:29:48,2,Italian,9.2,0.0,2.7,completed,53.28,True,7.99,2026-03-01 19:59:48
3291,664,50109004,2026-03-17 08:05:53,2026-03-17 08:20:53,2,Coffee/Tea,13.0,0.0,0.6,completed,42.11,False,0.0,2026-03-17 08:05:53
3292,664,50012356,2026-04-22 18:04:58,2026-04-22 18:49:58,2,Chicken,42.3,0.0,0.0,completed,36.88,False,0.0,2026-04-22 18:04:58
3293,664,50132426,2026-03-19 13:00:39,2026-03-19 14:30:39,1,Chicken,30.5,0.0,2.5,completed,27.71,False,0.0,2026-03-19 13:00:39
3294,664,50012356,2026-04-10 19:35:27,2026-04-10 20:20:27,1,Chicken,32.4,0.0,5.0,completed,9.03,False,0.0,2026-04-10 19:35:27
3295,664,40880619,2026-03-05 12:12:47,2026-03-05 12:57:47,4,Coffee/Tea,43.8,0.0,0.0,completed,129.69,False,0.0,2026-03-05 12:12:47
3296,665,50002265,2026-04-25 11:12:53,2026-04-25 11:57:53,1,Japanese,32.9,0.0,0.0,completed,40.73,False,0.0,2026-04-25 11:12:53
3297,665,50001719,2026-03-08 12:47:24,2026-03-08 13:17:24,5,Mediterranean,15.5,0.0,5.9,completed,368.99,False,0.0,2026-03-08 12:47:24
3298,665,50141304,2026-05-13 11:04:24,2026-05-13 12:34:24,2,Mediterranean,5.5,0.0,0.0,completed,34.91,True,5.24,2026-05-13 11:04:24
3299,665,50084079,2026-04-17 17:35:03,2026-04-17 18:05:03,1,Japanese,16.0,7.8,5.0,completed,76.03,False,0.0,2026-04-17 17:35:03
3300,666,40391695,2026-05-15 20:28:01,2026-05-15 21:28:01,1,Italian,24.2,0.0,3.5,completed,4.23,False,0.0,2026-05-15 20:28:01
3301,666,50146273,2026-05-04 11:20:18,2026-05-04 12:20:18,4,American,8.4,0.0,1.6,no_show,85.36,False,0.0,2026-05-04 11:20:18
3302,666,50117116,2026-04-25 19:14:17,2026-04-25 19:44:17,2,American,34.2,0.0,0.0,no_show,123.58,False,0.0,2026-04-25 19:14:17
3303,666,50146462,2026-04-26 22:04:15,2026-04-26 23:04:15,1,American,35.8,0.0,0.0,cancelled,31.81,False,0.0,2026-04-26 22:04:15
3304,666,50170276,2026-03-14 16:58:39,2026-03-14 17:28:39,1,American,11.9,0.0,6.0,completed,44.75,False,0.0,2026-03-14 16:58:39
3305,666,50122175,2026-03-25 16:32:41,2026-03-25 17:32:41,2,American,32.4,0.0,0.3,completed,54.0,False,0.0,2026-03-25 16:32:41
3306,666,50036647,2026-03-10 10:39:59,2026-03-10 11:09:59,2,American,25.3,0.0,0.0,completed,48.31,False,0.0,2026-03-10 10:39:59
3307,667,50004862,2026-05-12 12:53:32,2026-05-12 13:38:32,2,Thai,41.2,36.2,42.4,completed,76.7,False,0.0,2026-05-12 12:53:32
3308,667,50144220,2026-04-04 15:14:15,2026-04-04 15:44:15,1,Korean,10.8,0.0,2.7,completed,4.37,False,0.0,2026-04-04 15:14:15
3309,667,50109778,2026-03-19 13:26:16,2026-03-19 13:56:16,1,Italian,32.8,7.4,5.4,completed,28.05,True,7.01,2026-03-19 13:26:16
3310,667,50165644,2026-04-15 20:40:01,2026-04-15 21:10:01,1,Korean,42.9,0.0,0.0,completed,14.71,False,0.0,2026-04-15 20:40:01
3311,667,50137610,2026-03-15 21:28:41,2026-03-15 22:28:41,1,Korean,39.1,0.0,1.5,completed,2.3,True,0.23,2026-03-15 21:28:41
3312,667,50011006,2026-04-10 10:17:23,2026-04-10 10:47:23,2,Mediterranean,26.8,0.0,1.2,cancelled,49.87,False,0.0,2026-04-10 10:17:23
3313,667,50105790,2026-04-07 19:44:30,2026-04-07 20:29:30,3,Thai,18.6,0.0,1.1,completed,409.65,False,0.0,2026-04-07 19:44:30
3314,667,50137611,2026-04-27 21:00:47,2026-04-27 22:00:47,4,Korean,35.6,0.0,0.0,completed,88.24,True,13.24,2026-04-27 21:00:47
3315,667,50134578,2026-04-02 18:42:50,2026-04-02 18:57:50,2,Thai,35.3,3.2,2.2,completed,81.17,False,0.0,2026-04-02 18:42:50
3316,667,50105790,2026-04-07 18:10:01,2026-04-07 18:40:01,2,Thai,32.9,0.0,0.0,completed,89.38,False,0.0,2026-04-07 18:10:01
3317,667,41640282,2026-04-10 17:35:26,2026-04-10 18:20:26,3,Japanese,34.7,0.0,1.0,completed,194.52,False,0.0,2026-04-10 17:35:26
3318,667,50129446,2026-05-12 18:48:48,2026-05-12 20:18:48,3,Thai,16.2,0.0,0.0,completed,126.11,False,0.0,2026-05-12 18:48:48
3319,667,50128450,2026-03-24 11:17:20,2026-03-24 12:02:20,2,Thai,5.2,0.0,2.3,cancelled,76.19,False,0.0,2026-03-24 11:17:20
3320,667,50008977,2026-04-24 13:55:18,2026-04-24 14:55:18,5,Korean,41.7,21.8,23.6,completed,53.7,False,0.0,2026-04-24 13:55:18
3321,667,50073713,2026-05-09 10:27:47,2026-05-09 11:12:47,2,Korean,16.0,0.0,1.7,completed,47.23,False,0.0,2026-05-09 10:27:47
3322,668,50149967,2026-05-22 17:46:21,2026-05-22 18:46:21,6,Japanese,11.6,0.0,0.2,no_show,181.53,False,0.0,2026-05-22 17:46:21
3323,668,41649356,2026-04-28 18:05:05,2026-04-28 19:05:05,3,American,16.5,0.0,0.0,completed,179.4,False,0.0,2026-04-28 18:05:05
3324,668,50092520,2026-05-12 18:51:03,2026-05-12 19:36:03,1,Japanese,15.1,0.0,3.3,completed,29.29,False,0.0,2026-05-12 18:51:03
3325,668,50146112,2026-05-07 15:13:56,2026-05-07 15:43:56,3,Sandwiches,9.0,0.0,2.1,completed,66.0,False,0.0,2026-05-07 15:13:56
3326,668,50143750,2026-03-09 14:01:34,2026-03-09 14:46:34,5,Mexican,36.1,0.0,2.5,completed,264.23,False,0.0,2026-03-09 14:01:34
3327,668,40424633,2026-04-28 20:47:36,2026-04-28 21:47:36,2,Chinese,23.5,0.0,0.0,completed,24.61,False,0.0,2026-04-28 20:47:36
3328,668,41004674,2026-05-21 18:19:46,2026-05-21 18:49:46,2,Latin American,30.3,0.0,1.4,completed,27.92,False,0.0,2026-05-21 18:19:46
3329,668,41529962,2026-04-16 19:52:21,2026-04-16 21:22:21,1,Latin American,24.7,0.0,0.0,completed,10.29,False,0.0,2026-04-16 19:52:21
3330,668,41611875,2026-04-12 13:16:25,2026-04-12 13:46:25,2,American,28.3,0.0,0.0,completed,51.14,False,0.0,2026-04-12 13:16:25
3331,668,50103878,2026-03-24 20:57:09,2026-03-24 22:27:09,4,Japanese,25.3,0.0,1.7,completed,107.49,False,0.0,2026-03-24 20:57:09
3332,668,50036072,2026-03-14 13:18:09,2026-03-14 14:03:09,1,Latin American,18.4,0.0,0.0,completed,76.18,False,0.0,2026-03-14 13:18:09
3333,668,50168936,2026-05-15 20:28:55,2026-05-15 21:28:55,1,Hamburgers,32.8,0.0,3.6,completed,24.9,False,0.0,2026-05-15 20:28:55
3334,668,50062755,2026-05-03 11:34:08,2026-05-03 12:19:08,5,Japanese,17.5,0.0,0.0,cancelled,222.94,False,0.0,2026-05-03 11:34:08
3335,668,50089628,2026-04-30 19:18:35,2026-04-30 19:33:35,1,Jewish/Kosher,8.9,0.0,0.0,completed,21.7,False,0.0,2026-04-30 19:18:35
3336,668,50075411,2026-05-05 11:55:24,2026-05-05 12:10:24,2,Japanese,43.3,2.0,3.6,completed,18.0,False,0.0,2026-05-05 11:55:24
3337,669,50165633,2026-03-07 17:15:47,2026-03-07 18:00:47,3,Mexican,34.7,0.0,3.7,completed,76.33,True,15.27,2026-03-07 17:15:47
3338,669,50119691,2026-05-02 22:11:22,2026-05-02 23:11:22,4,Mexican,19.4,0.0,0.0,completed,34.87,False,0.0,2026-05-02 22:11:22
3339,669,41722813,2026-04-09 11:52:24,2026-04-09 12:22:24,2,Mexican,41.7,0.0,4.1,completed,35.42,False,0.0,2026-04-09 11:52:24
3340,669,50072968,2026-04-15 13:22:23,2026-04-15 14:52:23,2,Chinese,43.3,0.0,1.3,completed,27.68,False,0.0,2026-04-15 13:22:23
3341,669,50077989,2026-03-27 18:42:34,2026-03-27 19:27:34,5,Japanese,21.5,0.6,0.0,completed,58.18,True,8.73,2026-03-27 18:42:34
3342,669,50149745,2026-04-14 18:42:28,2026-04-14 18:57:28,2,Mexican,44.4,0.0,0.0,completed,28.89,False,0.0,2026-04-14 18:42:28
3343,669,50145895,2026-03-25 20:16:17,2026-03-25 21:46:17,1,Chinese,44.6,0.0,3.9,completed,10.0,False,0.0,2026-03-25 20:16:17
3344,669,50053932,2026-04-26 18:59:10,2026-04-26 19:44:10,2,Sandwiches,6.3,0.0,1.7,completed,72.71,False,0.0,2026-04-26 18:59:10
3345,669,50109619,2026-05-24 19:32:20,2026-05-24 20:02:20,1,Mexican,23.5,0.0,0.0,completed,15.42,True,3.08,2026-05-24 19:32:20
3346,669,50156959,2026-03-03 19:37:22,2026-03-03 20:22:22,1,Frozen Desserts,9.5,0.0,0.0,cancelled,13.92,False,0.0,2026-03-03 19:37:22
3347,669,50132177,2026-05-15 10:15:26,2026-05-15 11:15:26,1,American,6.4,0.0,0.0,completed,18.66,False,0.0,2026-05-15 10:15:26
3348,669,41185792,2026-05-18 19:17:38,2026-05-18 20:02:38,1,Chinese,30.4,0.0,0.0,completed,10.14,False,0.0,2026-05-18 19:17:38
3349,669,50119003,2026-05-23 20:28:29,2026-05-23 22:28:29,4,Chinese,43.5,0.0,2.4,completed,98.3,False,0.0,2026-05-23 20:28:29
3350,669,50096032,2026-04-07 13:05:39,2026-04-07 13:35:39,3,Mediterranean,21.2,0.0,0.7,completed,7.77,False,0.0,2026-04-07 13:05:39
3351,670,50090557,2026-05-26 19:33:38,2026-05-26 20:03:38,2,Japanese,10.6,17.4,27.3,completed,46.17,False,0.0,2026-05-26 19:33:38
3352,670,41688349,2026-03-15 17:13:22,2026-03-15 17:43:22,2,Donuts,20.9,0.0,0.0,completed,110.83,False,0.0,2026-03-15 17:13:22
3353,671,50087404,2026-03-02 15:33:17,2026-03-02 16:33:17,1,Bakery Products/Desserts,32.4,0.0,0.8,completed,18.94,False,0.0,2026-03-02 15:33:17
3354,672,50141193,2026-05-24 19:32:20,2026-05-24 20:32:20,1,Mediterranean,11.1,0.0,0.0,completed,10.12,False,0.0,2026-05-24 19:32:20
3355,672,50118905,2026-05-06 14:39:20,2026-05-06 15:39:20,2,Indian,44.0,0.0,6.4,completed,18.56,False,0.0,2026-05-06 14:39:20
3356,672,41468415,2026-04-26 19:31:59,2026-04-26 19:46:59,3,Mediterranean,10.2,0.0,0.0,completed,73.41,False,0.0,2026-04-26 19:31:59
3357,672,50143551,2026-03-08 18:08:44,2026-03-08 18:38:44,5,Indian,40.6,0.0,7.6,no_show,79.91,False,0.0,2026-03-08 18:08:44
3358,672,50135935,2026-05-01 13:18:34,2026-05-01 14:18:34,3,Mediterranean,37.3,0.0,0.0,completed,68.99,False,0.0,2026-05-01 13:18:34
3359,672,50125788,2026-03-30 13:56:46,2026-03-30 14:56:46,2,Mediterranean,30.3,11.1,15.3,completed,36.89,False,0.0,2026-03-30 13:56:46
3360,672,41242943,2026-03-23 14:07:15,2026-03-23 14:37:15,1,Irish,26.7,0.0,1.3,completed,20.02,False,0.0,2026-03-23 14:07:15
3361,672,50138084,2026-05-08 17:41:01,2026-05-08 17:56:01,2,American,35.1,0.0,1.6,cancelled,196.34,False,0.0,2026-05-08 17:41:01
3362,672,50083696,2026-04-19 12:45:02,2026-04-19 14:45:02,3,Mediterranean,36.8,0.0,0.0,no_show,15.84,False,0.0,2026-04-19 12:45:02
3363,672,50136922,2026-03-21 18:48:56,2026-03-21 20:48:56,2,American,28.5,0.0,1.3,completed,74.92,False,0.0,2026-03-21 18:48:56
3364,672,50123200,2026-05-27 11:52:05,2026-05-27 12:07:05,2,Mediterranean,29.3,4.8,7.9,cancelled,171.98,False,0.0,2026-05-27 11:52:05
3365,673,50093379,2026-04-14 16:09:11,2026-04-14 16:54:11,2,Chicken,18.4,0.0,0.0,completed,29.84,False,0.0,2026-04-14 16:09:11
3366,673,50168597,2026-05-04 12:06:46,2026-05-04 13:36:46,2,Asian/Asian Fusion,29.3,0.0,0.8,completed,17.62,True,2.64,2026-05-04 12:06:46
3367,673,50110695,2026-03-28 14:14:28,2026-03-28 15:44:28,4,Italian,37.4,3.6,3.7,completed,90.43,False,0.0,2026-03-28 14:14:28
3368,673,50155729,2026-05-03 20:46:58,2026-05-03 21:46:58,5,American,22.8,0.0,0.0,completed,76.97,False,0.0,2026-05-03 20:46:58
3369,673,50093669,2026-04-09 19:59:14,2026-04-09 21:29:14,2,Japanese,26.4,4.3,5.0,completed,17.06,True,1.71,2026-04-09 19:59:14
3370,674,50181693,2026-03-27 11:08:10,2026-03-27 11:38:10,2,Chinese,10.6,0.0,0.0,cancelled,67.11,True,16.78,2026-03-27 11:08:10
3371,674,50099719,2026-04-27 10:16:49,2026-04-27 11:46:49,1,Chinese,41.1,0.0,2.1,completed,28.9,False,0.0,2026-04-27 10:16:49
3372,675,50161380,2026-05-03 14:17:31,2026-05-03 15:47:31,2,Indian,8.2,0.0,0.0,completed,126.46,False,0.0,2026-05-03 14:17:31
3373,675,50046379,2026-03-20 17:09:34,2026-03-20 18:39:34,1,Indian,32.5,1.7,4.5,completed,74.28,False,0.0,2026-03-20 17:09:34
3374,675,50084009,2026-04-23 09:41:08,2026-04-23 10:26:08,3,Japanese,25.5,0.0,2.7,completed,169.02,False,0.0,2026-04-23 09:41:08
3375,675,50066224,2026-04-05 13:20:01,2026-04-05 13:35:01,5,Bakery Products/Desserts,20.3,0.0,0.0,completed,19.06,True,2.86,2026-04-05 13:20:01
3376,675,50113163,2026-05-17 18:46:05,2026-05-17 19:46:05,1,Indian,14.9,0.0,0.9,cancelled,39.89,False,0.0,2026-05-17 18:46:05
3377,676,50149392,2026-04-16 14:48:13,2026-04-16 15:18:13,2,Other,29.1,0.0,0.6,completed,84.38,True,12.66,2026-04-16 14:48:13
3378,677,40512852,2026-04-04 18:54:23,2026-04-04 19:09:23,2,American,11.2,0.2,1.7,cancelled,221.77,False,0.0,2026-04-04 18:54:23
3379,677,50101661,2026-05-28 09:38:39,2026-05-28 10:23:39,2,Japanese,5.3,0.0,0.0,completed,30.67,False,0.0,2026-05-28 09:38:39
3380,677,50114464,2026-03-21 22:41:37,2026-03-21 23:11:37,3,Japanese,9.1,0.0,0.0,completed,75.14,False,0.0,2026-03-21 22:41:37
3381,677,41006035,2026-04-04 13:37:31,2026-04-04 13:52:31,1,American,44.0,0.4,1.3,completed,21.88,False,0.0,2026-04-04 13:37:31
3382,677,50153250,2026-04-27 11:38:33,2026-04-27 12:08:33,2,Frozen Desserts,31.1,0.0,0.0,completed,121.9,True,24.38,2026-04-27 11:38:33
3383,678,41026692,2026-04-23 10:49:00,2026-04-23 12:19:00,2,American,38.0,0.0,0.5,completed,60.54,False,0.0,2026-04-23 10:49:00
3384,678,50131906,2026-04-21 20:37:32,2026-04-21 21:07:32,2,American,33.5,0.0,0.0,completed,14.69,False,0.0,2026-04-21 20:37:32
3385,678,50099977,2026-05-16 16:19:54,2026-05-16 16:49:54,2,Sandwiches,25.2,0.0,0.0,completed,62.99,True,6.3,2026-05-16 16:19:54
3386,678,50149980,2026-04-10 19:40:01,2026-04-10 20:10:01,2,Sandwiches,26.6,0.0,0.0,completed,111.52,False,0.0,2026-04-10 19:40:01
3387,679,50183352,2026-05-10 20:29:48,2026-05-10 21:29:48,2,Pizza,36.2,0.0,0.0,completed,118.74,False,0.0,2026-05-10 20:29:48
3388,679,40385873,2026-05-11 19:23:36,2026-05-11 19:53:36,2,Pizza,22.2,0.0,0.0,completed,93.35,False,0.0,2026-05-11 19:23:36
3389,679,50046638,2026-05-31 08:12:39,2026-05-31 09:42:39,2,Pizza,18.6,0.0,0.0,completed,49.59,True,12.4,2026-05-31 08:12:39
3390,679,50000853,2026-04-06 11:21:58,2026-04-06 11:36:58,2,American,23.0,0.0,1.0,completed,17.05,False,0.0,2026-04-06 11:21:58
3391,679,50098511,2026-05-10 19:53:59,2026-05-10 20:23:59,2,Coffee/Tea,31.8,0.0,0.0,completed,5.02,True,1.0,2026-05-10 19:53:59
3392,679,40938945,2026-05-08 18:30:28,2026-05-08 18:45:28,1,Coffee/Tea,44.0,0.0,0.0,completed,57.48,True,5.75,2026-05-08 18:30:28
3393,679,50086215,2026-03-24 15:07:34,2026-03-24 15:37:34,2,Pizza,40.1,0.0,0.0,completed,88.74,False,0.0,2026-03-24 15:07:34
3394,679,50161762,2026-04-10 17:45:51,2026-04-10 19:15:51,2,Chinese,36.9,0.0,1.0,completed,21.59,False,0.0,2026-04-10 17:45:51
3395,679,41235592,2026-04-21 20:44:15,2026-04-21 21:29:15,3,Coffee/Tea,34.6,0.0,2.3,completed,71.21,False,0.0,2026-04-21 20:44:15
3396,679,50098226,2026-04-06 20:07:05,2026-04-06 20:22:05,2,Coffee/Tea,13.4,0.0,2.4,completed,19.39,False,0.0,2026-04-06 20:07:05
3397,679,50104562,2026-04-21 20:40:38,2026-04-21 21:25:38,1,Pizza,9.8,0.0,2.6,completed,25.26,True,5.05,2026-04-21 20:40:38
3398,679,40393558,2026-04-28 18:09:50,2026-04-28 18:39:50,2,American,35.0,0.0,0.8,completed,63.95,False,0.0,2026-04-28 18:09:50
3399,679,50071387,2026-04-02 11:03:32,2026-04-02 13:03:32,6,American,24.9,0.0,0.0,completed,178.96,True,35.79,2026-04-02 11:03:32
3400,680,41138984,2026-03-26 14:13:07,2026-03-26 15:43:07,1,American,39.9,0.0,2.7,cancelled,20.05,False,0.0,2026-03-26 14:13:07
3401,680,50045121,2026-03-07 16:02:20,2026-03-07 16:47:20,2,Sandwiches,31.2,0.0,0.4,completed,46.08,False,0.0,2026-03-07 16:02:20
3402,682,50032701,2026-05-07 20:46:33,2026-05-07 21:16:33,3,Japanese,22.3,0.2,0.0,cancelled,70.71,True,7.07,2026-05-07 20:46:33
3403,682,50173086,2026-04-27 13:25:42,2026-04-27 15:25:42,2,Mediterranean,11.3,0.0,0.0,completed,71.75,False,0.0,2026-04-27 13:25:42
3404,682,50070551,2026-04-02 11:58:54,2026-04-02 13:28:54,3,Coffee/Tea,16.2,0.0,0.0,completed,113.16,False,0.0,2026-04-02 11:58:54
3405,682,50181105,2026-05-06 13:20:52,2026-05-06 14:50:52,2,Japanese,34.9,0.0,0.0,completed,38.72,False,0.0,2026-05-06 13:20:52
3406,682,50129758,2026-04-02 11:57:32,2026-04-02 12:42:32,1,Japanese,11.3,0.7,0.0,completed,26.66,False,0.0,2026-04-02 11:57:32
3407,682,50084224,2026-03-20 18:30:22,2026-03-20 19:15:22,4,Japanese,30.1,0.0,0.0,completed,231.21,False,0.0,2026-03-20 18:30:22
3408,682,50004512,2026-05-17 13:05:49,2026-05-17 14:35:49,2,Spanish,28.5,0.0,2.5,completed,88.22,False,0.0,2026-05-17 13:05:49
3409,682,50081412,2026-04-07 19:39:37,2026-04-07 21:09:37,1,Mediterranean,28.9,0.0,0.3,completed,26.78,False,0.0,2026-04-07 19:39:37
3410,682,50182743,2026-05-17 20:44:46,2026-05-17 21:44:46,2,Coffee/Tea,13.3,0.0,4.2,completed,57.66,False,0.0,2026-05-17 20:44:46
3411,683,50093228,2026-03-25 21:44:17,2026-03-25 22:29:17,2,American,22.8,0.0,0.0,completed,51.53,True,7.73,2026-03-25 21:44:17
3412,683,50136226,2026-05-08 17:29:17,2026-05-08 18:29:17,2,Chinese,18.5,4.6,1.3,completed,33.0,False,0.0,2026-05-08 17:29:17
3413,683,50018553,2026-05-25 20:22:09,2026-05-25 20:52:09,4,Chicken,33.8,0.0,0.0,completed,36.08,False,0.0,2026-05-25 20:22:09
3414,683,50145503,2026-03-06 10:19:21,2026-03-06 10:34:21,2,Chinese,15.0,0.0,0.0,completed,28.49,False,0.0,2026-03-06 10:19:21
3415,683,50050991,2026-04-24 09:09:57,2026-04-24 10:39:57,2,Chicken,31.9,0.0,0.0,cancelled,64.71,False,0.0,2026-04-24 09:09:57
3416,684,50165188,2026-04-18 18:21:31,2026-04-18 18:36:31,2,Coffee/Tea,6.0,0.0,1.5,completed,45.2,False,0.0,2026-04-18 18:21:31
3417,684,41047349,2026-03-12 21:56:50,2026-03-12 22:26:50,2,Latin American,15.6,0.0,0.0,completed,73.27,False,0.0,2026-03-12 21:56:50
3418,684,50050807,2026-03-01 16:48:42,2026-03-01 17:48:42,2,Mexican,15.5,0.0,2.2,completed,155.96,False,0.0,2026-03-01 16:48:42
3419,685,50152645,2026-05-06 20:04:21,2026-05-06 21:04:21,2,Indian,41.8,13.8,16.6,completed,53.46,False,0.0,2026-05-06 20:04:21
3420,685,50160503,2026-03-19 11:42:58,2026-03-19 13:12:58,3,Indian,41.7,0.0,0.0,completed,128.89,False,0.0,2026-03-19 11:42:58
3421,685,41326196,2026-03-23 18:44:31,2026-03-23 18:59:31,1,Chinese,38.3,0.0,0.0,no_show,52.31,True,7.85,2026-03-23 18:44:31
3422,685,50146023,2026-03-31 19:32:52,2026-03-31 20:32:52,4,Indian,28.4,0.0,1.1,completed,36.09,False,0.0,2026-03-31 19:32:52
3423,685,50062530,2026-03-16 19:47:30,2026-03-16 21:17:30,2,American,25.1,0.0,1.7,completed,39.01,False,0.0,2026-03-16 19:47:30
3424,685,50159859,2026-05-25 18:32:53,2026-05-25 19:17:53,2,American,43.7,0.0,0.0,cancelled,89.44,True,17.89,2026-05-25 18:32:53
3425,686,50101376,2026-05-07 15:19:33,2026-05-07 16:49:33,6,Latin American,28.1,0.0,4.7,completed,470.84,False,0.0,2026-05-07 15:19:33
3426,686,41656677,2026-04-27 20:32:42,2026-04-27 22:02:42,2,Italian,31.1,0.0,0.0,completed,105.83,True,10.58,2026-04-27 20:32:42
3427,686,41640757,2026-04-11 19:01:45,2026-04-11 20:01:45,2,Italian,37.0,0.0,7.2,completed,57.9,True,5.79,2026-04-11 19:01:45
3428,686,40731158,2026-04-30 20:24:48,2026-04-30 21:54:48,1,American,37.3,0.0,0.9,completed,156.06,False,0.0,2026-04-30 20:24:48
3429,686,50037167,2026-04-09 12:54:58,2026-04-09 14:24:58,3,Latin American,8.8,0.0,0.0,completed,81.09,False,0.0,2026-04-09 12:54:58
3430,686,50152172,2026-04-23 19:24:33,2026-04-23 19:54:33,2,Italian,40.3,0.0,0.9,completed,158.55,False,0.0,2026-04-23 19:24:33
3431,686,50115793,2026-03-30 10:00:34,2026-03-30 10:45:34,1,Latin American,6.3,0.0,1.5,cancelled,101.44,False,0.0,2026-03-30 10:00:34
3432,686,50174350,2026-03-08 12:22:18,2026-03-08 13:52:18,2,Mediterranean,16.0,0.0,3.2,completed,58.16,False,0.0,2026-03-08 12:22:18
3433,687,50139332,2026-05-05 11:04:30,2026-05-05 11:49:30,2,Pizza,5.5,0.0,0.8,completed,144.38,False,0.0,2026-05-05 11:04:30
3434,687,50068651,2026-03-01 13:21:02,2026-03-01 13:51:02,1,Mexican,29.2,0.0,3.8,completed,16.0,False,0.0,2026-03-01 13:21:02
3435,687,50139442,2026-04-19 20:30:48,2026-04-19 20:45:48,2,Pizza,13.3,0.0,5.8,completed,134.69,False,0.0,2026-04-19 20:30:48
3436,688,50105771,2026-05-24 15:23:22,2026-05-24 16:23:22,1,Sandwiches,21.3,0.0,0.0,completed,55.57,False,0.0,2026-05-24 15:23:22
3437,688,50042621,2026-04-27 13:00:43,2026-04-27 13:45:43,1,Thai,26.2,0.0,1.3,completed,107.03,False,0.0,2026-04-27 13:00:43
3438,688,50172627,2026-04-04 13:56:26,2026-04-04 14:11:26,2,Pizza,13.7,0.0,0.0,completed,278.96,True,55.79,2026-04-04 13:56:26
3439,688,50057811,2026-04-29 15:58:44,2026-04-29 16:58:44,2,Chicken,28.6,0.0,0.0,no_show,50.11,False,0.0,2026-04-29 15:58:44
3440,688,40732696,2026-04-21 14:51:04,2026-04-21 15:36:04,6,Sandwiches,31.4,0.0,7.5,completed,855.29,False,0.0,2026-04-21 14:51:04
3441,688,40846125,2026-05-04 18:54:44,2026-05-04 20:54:44,1,Sandwiches,37.5,0.0,2.5,completed,61.06,False,0.0,2026-05-04 18:54:44
3442,689,50172081,2026-03-30 19:53:24,2026-03-30 20:38:24,1,Coffee/Tea,44.8,0.0,0.0,completed,77.75,False,0.0,2026-03-30 19:53:24
3443,689,50001102,2026-03-01 12:41:00,2026-03-01 14:11:00,4,American,33.7,0.0,2.1,completed,218.65,False,0.0,2026-03-01 12:41:00
3444,690,50060972,2026-04-10 09:20:08,2026-04-10 09:50:08,2,"Juice, Smoothies, Fruit Salads",22.9,0.0,4.9,completed,105.57,False,0.0,2026-04-10 09:20:08
3445,691,50122966,2026-04-12 17:33:31,2026-04-12 18:33:31,4,Indian,15.7,1.4,1.5,completed,168.78,True,16.88,2026-04-12 17:33:31
3446,692,50044626,2026-04-17 18:24:11,2026-04-17 18:39:11,5,American,6.0,8.6,4.5,completed,72.87,True,7.29,2026-04-17 18:24:11
3447,692,50163826,2026-05-17 20:58:39,2026-05-17 21:28:39,2,Chicken,38.1,0.0,2.8,completed,37.37,False,0.0,2026-05-17 20:58:39
3448,692,50058751,2026-03-16 20:33:57,2026-03-16 21:33:57,4,American,14.1,0.0,3.0,completed,188.27,False,0.0,2026-03-16 20:33:57
3449,692,50109497,2026-05-10 11:19:30,2026-05-10 11:49:30,5,Coffee/Tea,44.6,0.0,0.0,completed,83.15,True,20.79,2026-05-10 11:19:30
3450,693,50108065,2026-05-19 08:42:29,2026-05-19 09:12:29,2,Chicken,27.4,0.0,0.0,completed,79.55,False,0.0,2026-05-19 08:42:29
3451,693,50075750,2026-04-18 19:12:42,2026-04-18 19:57:42,6,Coffee/Tea,15.6,0.0,5.6,completed,336.33,False,0.0,2026-04-18 19:12:42
3452,694,50111339,2026-05-16 19:13:57,2026-05-16 20:43:57,2,Frozen Desserts,15.0,0.0,0.0,cancelled,63.57,False,0.0,2026-05-16 19:13:57
3453,694,50019200,2026-04-24 21:32:22,2026-04-24 22:02:22,1,"Juice, Smoothies, Fruit Salads",44.7,0.0,1.6,completed,71.53,False,0.0,2026-04-24 21:32:22
3454,694,50142958,2026-04-28 15:49:22,2026-04-28 16:04:22,2,Chinese,8.5,0.0,0.0,completed,207.64,False,0.0,2026-04-28 15:49:22
3455,694,50000542,2026-04-04 11:44:36,2026-04-04 11:59:36,2,Chinese,27.6,2.6,2.3,completed,78.76,False,0.0,2026-04-04 11:44:36
3456,695,50100074,2026-04-07 13:17:18,2026-04-07 13:47:18,2,Irish,40.7,0.0,1.1,completed,13.62,True,2.72,2026-04-07 13:17:18
3457,695,50170657,2026-04-28 21:27:54,2026-04-28 22:27:54,2,Sandwiches,10.6,0.0,0.6,completed,37.38,True,9.35,2026-04-28 21:27:54
3458,696,40645039,2026-03-15 18:01:58,2026-03-15 18:16:58,2,American,15.2,0.0,5.7,cancelled,25.74,False,0.0,2026-03-15 18:01:58
3459,696,50008104,2026-04-28 09:28:08,2026-04-28 10:58:08,1,American,24.2,0.0,2.2,completed,4.73,False,0.0,2026-04-28 09:28:08
3460,696,50097749,2026-03-21 17:32:04,2026-03-21 18:17:04,4,American,6.0,0.0,0.0,completed,257.31,True,38.6,2026-03-21 17:32:04
3461,696,50107101,2026-04-03 13:01:51,2026-04-03 13:31:51,2,Korean,16.4,0.0,0.0,no_show,117.4,False,0.0,2026-04-03 13:01:51
3462,696,50160179,2026-03-12 19:12:42,2026-03-12 19:57:42,4,Coffee/Tea,30.7,0.0,0.0,completed,40.85,False,0.0,2026-03-12 19:12:42
3463,696,50117121,2026-04-25 09:17:55,2026-04-25 10:47:55,2,Coffee/Tea,21.2,0.0,1.9,completed,68.69,False,0.0,2026-04-25 09:17:55
3464,696,50141513,2026-05-13 19:04:10,2026-05-13 19:34:10,5,Bakery Products/Desserts,30.3,0.0,2.9,completed,141.36,False,0.0,2026-05-13 19:04:10
3465,696,50121140,2026-05-10 19:57:59,2026-05-10 20:42:59,4,New American,17.4,0.0,0.1,completed,292.59,False,0.0,2026-05-10 19:57:59
3466,696,40576196,2026-05-12 11:24:28,2026-05-12 11:54:28,2,Pizza,43.6,0.0,1.8,completed,30.87,False,0.0,2026-05-12 11:24:28
3467,696,41685153,2026-05-17 14:00:15,2026-05-17 15:00:15,3,American,37.5,0.0,0.0,completed,5.95,False,0.0,2026-05-17 14:00:15
3468,697,50130656,2026-04-02 20:27:19,2026-04-02 20:57:19,4,American,6.4,0.0,3.3,completed,168.11,True,33.62,2026-04-02 20:27:19
3469,697,41338312,2026-04-02 17:09:54,2026-04-02 17:39:54,3,Chinese,25.7,0.0,0.6,completed,125.24,False,0.0,2026-04-02 17:09:54
3470,697,40395343,2026-04-27 13:13:16,2026-04-27 13:58:16,4,French,24.3,0.0,0.0,completed,397.02,False,0.0,2026-04-27 13:13:16
3471,698,50118235,2026-03-07 11:15:01,2026-03-07 12:15:01,1,Japanese,28.8,0.0,0.2,cancelled,8.09,False,0.0,2026-03-07 11:15:01
3472,698,41628099,2026-04-22 19:26:08,2026-04-22 19:56:08,1,Bakery Products/Desserts,15.8,0.0,0.0,no_show,18.66,False,0.0,2026-04-22 19:26:08
3473,699,50172205,2026-04-28 12:38:59,2026-04-28 13:08:59,2,Sandwiches,18.3,0.0,0.0,completed,94.18,False,0.0,2026-04-28 12:38:59
3474,699,50146219,2026-04-10 19:10:31,2026-04-10 19:25:31,2,Sandwiches,12.7,0.0,0.0,cancelled,2.49,True,0.5,2026-04-10 19:10:31
3475,699,50037094,2026-04-09 17:04:12,2026-04-09 17:34:12,1,Italian,15.9,0.0,0.0,completed,73.53,True,18.38,2026-04-09 17:04:12
3476,700,50146608,2026-03-17 12:37:45,2026-03-17 13:37:45,2,Pizza,30.7,0.0,3.7,completed,72.47,False,0.0,2026-03-17 12:37:45
3477,701,30191841,2026-03-01 16:14:35,2026-03-01 18:14:35,2,Irish,5.5,0.0,3.4,completed,137.06,False,0.0,2026-03-01 16:14:35
3478,701,50135484,2026-03-07 12:04:24,2026-03-07 13:34:24,2,Other,25.8,0.0,0.0,completed,145.47,True,21.82,2026-03-07 12:04:24
3479,702,50101251,2026-05-17 22:07:02,2026-05-17 22:37:02,2,Thai,9.9,0.0,0.0,completed,47.78,False,0.0,2026-05-17 22:07:02
3480,702,50168354,2026-05-27 12:31:23,2026-05-27 12:46:23,2,Other,19.9,0.0,2.1,completed,94.81,False,0.0,2026-05-27 12:31:23
3481,702,50102700,2026-03-01 13:03:45,2026-03-01 14:03:45,3,Other,35.4,0.0,0.0,completed,76.12,False,0.0,2026-03-01 13:03:45
3482,702,50000551,2026-04-30 20:57:17,2026-04-30 21:12:17,2,Sandwiches,21.9,0.0,0.7,cancelled,7.59,True,1.52,2026-04-30 20:57:17
3483,703,50143461,2026-03-08 19:46:04,2026-03-08 20:31:04,1,American,22.3,0.0,2.3,completed,18.47,False,0.0,2026-03-08 19:46:04
3484,705,50128771,2026-04-17 15:45:42,2026-04-17 16:00:42,3,Latin American,19.4,0.0,0.1,completed,83.63,False,0.0,2026-04-17 15:45:42
3485,705,41488494,2026-03-30 20:53:57,2026-03-30 21:23:57,4,Latin American,17.5,0.0,0.0,completed,184.33,False,0.0,2026-03-30 20:53:57
3486,705,50136685,2026-04-01 18:21:40,2026-04-01 19:21:40,2,Latin American,44.3,0.0,0.0,completed,55.62,False,0.0,2026-04-01 18:21:40
3487,705,41464542,2026-05-21 17:19:21,2026-05-21 18:19:21,2,American,38.9,0.0,2.7,no_show,20.02,False,0.0,2026-05-21 17:19:21
3488,706,50152061,2026-04-07 09:07:34,2026-04-07 09:37:34,2,Coffee/Tea,26.0,0.0,0.5,completed,9.78,False,0.0,2026-04-07 09:07:34
3489,706,41470527,2026-04-29 11:19:35,2026-04-29 12:04:35,1,Bagels/Pretzels,9.5,0.0,0.0,completed,25.24,False,0.0,2026-04-29 11:19:35
3490,706,40949905,2026-04-04 18:03:39,2026-04-04 18:48:39,3,Chinese,31.8,0.0,0.0,cancelled,65.49,False,0.0,2026-04-04 18:03:39
3491,706,50146636,2026-03-05 08:04:47,2026-03-05 08:49:47,1,Chinese,21.7,0.0,1.7,completed,46.66,True,7.0,2026-03-05 08:04:47
3492,706,50128208,2026-05-25 14:41:26,2026-05-25 16:11:26,2,Chinese,14.9,0.0,5.0,completed,43.94,True,10.99,2026-05-25 14:41:26
3493,706,40846125,2026-05-05 18:13:15,2026-05-05 19:43:15,2,Sandwiches,43.7,0.0,0.0,cancelled,54.2,False,0.0,2026-05-05 18:13:15
3494,707,41716975,2026-03-22 20:55:34,2026-03-22 22:55:34,2,Thai,25.2,0.6,0.0,completed,300.92,False,0.0,2026-03-22 20:55:34
3495,707,50124096,2026-03-05 20:11:58,2026-03-05 20:56:58,1,Asian/Asian Fusion,14.6,0.0,0.0,completed,78.8,True,15.76,2026-03-05 20:11:58
3496,707,50177681,2026-04-09 12:53:10,2026-04-09 13:38:10,2,"Juice, Smoothies, Fruit Salads",28.0,0.0,1.0,completed,77.52,False,0.0,2026-04-09 12:53:10
3497,707,50104171,2026-04-15 10:19:37,2026-04-15 10:49:37,2,American,43.4,0.0,0.0,completed,180.57,True,36.11,2026-04-15 10:19:37
3498,707,50136945,2026-05-07 14:12:24,2026-05-07 14:42:24,2,"Juice, Smoothies, Fruit Salads",21.1,0.0,4.2,completed,82.76,False,0.0,2026-05-07 14:12:24
3499,707,50176048,2026-04-21 18:03:19,2026-04-21 19:33:19,4,Coffee/Tea,27.2,0.0,0.0,no_show,269.79,True,67.45,2026-04-21 18:03:19
3500,707,50063050,2026-05-30 15:18:04,2026-05-30 16:18:04,3,"Juice, Smoothies, Fruit Salads",5.6,0.0,0.0,completed,81.57,False,0.0,2026-05-30 15:18:04
3501,708,50076470,2026-04-03 18:19:30,2026-04-03 18:49:30,2,American,32.4,0.0,0.0,completed,29.09,True,2.91,2026-04-03 18:19:30
3502,709,50150540,2026-03-26 13:46:23,2026-03-26 14:16:23,2,Pizza,21.2,0.0,1.1,completed,62.78,False,0.0,2026-03-26 13:46:23
3503,709,50163835,2026-04-24 11:46:08,2026-04-24 12:16:08,3,Sandwiches,23.7,0.0,0.0,completed,132.22,True,33.06,2026-04-24 11:46:08
3504,709,50081677,2026-03-17 20:50:56,2026-03-17 22:50:56,2,Thai,36.5,0.0,0.0,completed,38.19,False,0.0,2026-03-17 20:50:56
3505,709,50176894,2026-04-27 16:26:00,2026-04-27 17:11:00,4,Thai,9.7,1.0,0.0,completed,266.83,False,0.0,2026-04-27 16:26:00
3506,709,50165918,2026-04-24 14:06:43,2026-04-24 15:06:43,2,Thai,13.6,3.3,8.1,completed,22.73,False,0.0,2026-04-24 14:06:43
3507,711,50009228,2026-04-03 20:12:22,2026-04-03 20:42:22,3,American,7.3,0.0,0.1,completed,140.82,False,0.0,2026-04-03 20:12:22
3508,711,50108452,2026-05-07 22:02:11,2026-05-07 22:47:11,4,Italian,8.1,0.0,0.0,completed,65.52,False,0.0,2026-05-07 22:02:11
3509,711,41198338,2026-03-06 16:05:30,2026-03-06 16:20:30,2,American,27.1,0.0,1.1,completed,20.31,False,0.0,2026-03-06 16:05:30
3510,711,50158235,2026-05-15 12:09:17,2026-05-15 12:54:17,2,American,41.0,0.0,0.5,completed,64.14,False,0.0,2026-05-15 12:09:17
3511,712,50128611,2026-04-30 20:53:13,2026-04-30 21:23:13,5,Asian/Asian Fusion,24.5,0.0,0.7,completed,268.06,False,0.0,2026-04-30 20:53:13
3512,712,50162642,2026-04-18 20:43:25,2026-04-18 21:13:25,2,Asian/Asian Fusion,9.6,0.0,0.0,cancelled,29.96,False,0.0,2026-04-18 20:43:25
3513,712,50057181,2026-04-06 19:43:49,2026-04-06 19:58:49,1,Pizza,26.8,0.0,3.5,completed,17.4,False,0.0,2026-04-06 19:43:49
3514,712,50153619,2026-03-09 11:45:53,2026-03-09 12:00:53,2,Asian/Asian Fusion,19.8,0.0,0.0,completed,19.07,False,0.0,2026-03-09 11:45:53
3515,712,50095369,2026-04-02 17:06:36,2026-04-02 18:36:36,2,Asian/Asian Fusion,38.7,0.0,1.4,no_show,13.4,True,2.01,2026-04-02 17:06:36
3516,712,50146116,2026-04-22 12:17:22,2026-04-22 12:47:22,1,Asian/Asian Fusion,19.8,11.1,12.3,completed,11.6,False,0.0,2026-04-22 12:17:22
3517,712,41545743,2026-03-23 11:43:42,2026-03-23 12:28:42,2,Bakery Products/Desserts,7.4,0.0,0.9,completed,33.06,False,0.0,2026-03-23 11:43:42
3518,712,50102340,2026-04-09 18:46:35,2026-04-09 20:16:35,3,Bakery Products/Desserts,38.3,0.0,0.0,completed,85.08,False,0.0,2026-04-09 18:46:35
3519,713,50146594,2026-05-04 11:58:21,2026-05-04 12:28:21,1,Bagels/Pretzels,28.1,0.0,4.2,completed,51.67,False,0.0,2026-05-04 11:58:21
3520,713,50161424,2026-05-08 21:09:33,2026-05-08 21:54:33,5,Chicken,38.7,0.0,0.0,completed,287.45,False,0.0,2026-05-08 21:09:33
3521,713,50165800,2026-04-16 11:01:24,2026-04-16 12:31:24,1,Japanese,15.4,0.0,0.6,completed,11.65,False,0.0,2026-04-16 11:01:24
3522,714,50124555,2026-03-23 20:45:31,2026-03-23 21:00:31,2,Korean,35.7,0.0,0.0,completed,60.55,True,12.11,2026-03-23 20:45:31
3523,714,50163585,2026-04-04 11:25:09,2026-04-04 11:40:09,1,Korean,38.3,0.0,2.0,cancelled,21.92,False,0.0,2026-04-04 11:25:09
3524,714,50150901,2026-04-19 12:44:56,2026-04-19 13:14:56,1,Korean,10.9,0.0,0.0,completed,25.2,False,0.0,2026-04-19 12:44:56
3525,715,50063152,2026-04-18 14:49:05,2026-04-18 15:49:05,2,Sandwiches,14.7,0.0,0.3,completed,46.31,True,11.58,2026-04-18 14:49:05
3526,715,50087508,2026-05-17 11:26:25,2026-05-17 11:56:25,2,Sandwiches,21.7,0.0,4.0,completed,35.53,True,7.11,2026-05-17 11:26:25
3527,715,41005098,2026-04-25 17:48:49,2026-04-25 18:18:49,2,American,29.9,0.0,0.5,completed,227.9,False,0.0,2026-04-25 17:48:49
3528,715,41582872,2026-03-10 16:48:39,2026-03-10 17:03:39,4,American,33.4,0.0,4.1,completed,71.11,False,0.0,2026-03-10 16:48:39
3529,715,41577558,2026-03-10 18:30:32,2026-03-10 19:00:32,3,Sandwiches,15.1,0.0,2.1,cancelled,38.72,True,3.87,2026-03-10 18:30:32
3530,715,41148766,2026-05-19 12:45:51,2026-05-19 13:00:51,2,French,7.2,0.6,0.0,cancelled,637.92,False,0.0,2026-05-19 12:45:51
3531,715,50161292,2026-03-28 09:17:37,2026-03-28 10:17:37,2,French,24.6,0.0,0.0,completed,79.76,False,0.0,2026-03-28 09:17:37
3532,715,50142440,2026-05-06 19:13:00,2026-05-06 19:43:00,1,French,5.1,0.0,0.0,completed,169.95,False,0.0,2026-05-06 19:13:00
3533,715,50166461,2026-04-20 15:39:01,2026-04-20 16:09:01,3,Chinese,32.1,0.0,2.1,completed,220.27,False,0.0,2026-04-20 15:39:01
3534,715,50104788,2026-03-03 15:35:53,2026-03-03 16:05:53,1,French,7.6,0.0,2.3,completed,93.47,False,0.0,2026-03-03 15:35:53
3535,715,50073490,2026-04-20 09:11:18,2026-04-20 10:11:18,2,Hamburgers,12.3,0.0,1.7,completed,121.77,True,18.27,2026-04-20 09:11:18
3536,715,41719175,2026-05-06 16:36:37,2026-05-06 17:21:37,1,Sandwiches,26.3,0.0,0.0,completed,110.02,True,22.0,2026-05-06 16:36:37
3537,715,50014653,2026-03-11 13:52:04,2026-03-11 14:07:04,4,French,34.4,0.0,0.0,completed,262.08,False,0.0,2026-03-11 13:52:04
3538,716,40750343,2026-04-22 19:43:38,2026-04-22 19:58:38,1,American,22.3,0.9,4.8,completed,100.3,False,0.0,2026-04-22 19:43:38
3539,716,40600383,2026-03-26 20:06:08,2026-03-26 20:36:08,4,Bakery Products/Desserts,23.5,0.0,0.0,completed,152.69,True,22.9,2026-03-26 20:06:08
3540,716,50169701,2026-05-31 13:57:21,2026-05-31 15:27:21,3,Pizza,31.3,0.0,0.4,completed,160.28,True,40.07,2026-05-31 13:57:21
3541,717,50087558,2026-04-28 19:45:52,2026-04-28 20:15:52,2,Chinese,5.5,0.0,0.0,no_show,11.43,True,1.71,2026-04-28 19:45:52
3542,717,50069636,2026-04-23 14:10:48,2026-04-23 14:40:48,5,Chinese,17.5,0.0,0.0,completed,408.74,False,0.0,2026-04-23 14:10:48
3543,717,41217083,2026-03-07 18:05:36,2026-03-07 19:35:36,2,Coffee/Tea,15.1,0.0,0.0,completed,100.81,False,0.0,2026-03-07 18:05:36
3544,718,50115168,2026-05-17 18:06:51,2026-05-17 20:06:51,2,American,10.2,0.0,1.4,cancelled,31.95,False,0.0,2026-05-17 18:06:51
3545,718,50088830,2026-05-04 20:32:36,2026-05-04 22:02:36,4,Pizza,36.5,0.0,0.0,completed,212.0,False,0.0,2026-05-04 20:32:36
3546,719,50164516,2026-03-23 20:08:36,2026-03-23 21:38:36,4,Sandwiches,17.6,0.0,0.0,completed,195.97,False,0.0,2026-03-23 20:08:36
3547,719,41718710,2026-05-10 13:21:23,2026-05-10 13:36:23,2,Korean,11.7,0.0,0.7,completed,65.33,False,0.0,2026-05-10 13:21:23
3548,720,50123200,2026-03-20 20:36:51,2026-03-20 21:06:51,1,Mediterranean,40.2,4.8,1.9,completed,66.14,False,0.0,2026-03-20 20:36:51
3549,720,50142970,2026-03-06 13:05:42,2026-03-06 13:50:42,4,Mediterranean,43.3,0.0,1.9,completed,63.72,True,6.37,2026-03-06 13:05:42
3550,720,50174371,2026-04-12 13:24:58,2026-04-12 14:09:58,4,Other,9.3,0.0,5.8,completed,369.73,False,0.0,2026-04-12 13:24:58
3551,720,50060972,2026-04-18 15:07:18,2026-04-18 15:52:18,4,"Juice, Smoothies, Fruit Salads",18.9,0.0,1.1,cancelled,227.43,False,0.0,2026-04-18 15:07:18
3552,720,50019200,2026-05-03 19:03:14,2026-05-03 20:03:14,2,"Juice, Smoothies, Fruit Salads",29.8,0.0,0.0,completed,177.16,False,0.0,2026-05-03 19:03:14
3553,720,50170700,2026-05-24 10:47:02,2026-05-24 11:32:02,1,American,35.2,0.0,1.3,cancelled,49.01,False,0.0,2026-05-24 10:47:02
3554,720,50063627,2026-05-29 16:13:28,2026-05-29 17:43:28,2,"Juice, Smoothies, Fruit Salads",12.3,0.0,0.0,completed,202.81,False,0.0,2026-05-29 16:13:28
3555,720,40364518,2026-05-27 22:52:01,2026-05-27 23:52:01,1,American,13.0,0.0,3.0,completed,41.42,True,6.21,2026-05-27 22:52:01
3556,720,50136133,2026-04-14 19:00:13,2026-04-14 19:45:13,1,Mediterranean,19.7,0.0,3.5,completed,183.31,False,0.0,2026-04-14 19:00:13
3557,720,50075656,2026-04-26 12:38:39,2026-04-26 14:38:39,1,Coffee/Tea,16.5,0.0,2.6,completed,93.73,False,0.0,2026-04-26 12:38:39
3558,720,50018708,2026-05-22 09:21:04,2026-05-22 10:21:04,4,"Juice, Smoothies, Fruit Salads",13.6,0.0,0.0,completed,407.19,False,0.0,2026-05-22 09:21:04
3559,720,50164307,2026-04-14 18:08:39,2026-04-14 18:38:39,2,Mediterranean,20.3,0.8,5.1,completed,56.5,False,0.0,2026-04-14 18:08:39
3560,720,40608576,2026-03-22 21:27:03,2026-03-22 21:42:03,2,American,19.3,1.2,0.0,completed,20.54,False,0.0,2026-03-22 21:27:03
3561,720,50176038,2026-03-04 21:48:16,2026-03-04 23:48:16,4,Bakery Products/Desserts,27.8,0.0,2.9,no_show,87.67,False,0.0,2026-03-04 21:48:16
3562,720,50102862,2026-03-15 21:12:38,2026-03-15 21:57:38,2,"Juice, Smoothies, Fruit Salads",33.3,0.0,0.0,completed,143.05,False,0.0,2026-03-15 21:12:38
3563,720,50104886,2026-04-02 15:09:02,2026-04-02 15:24:02,2,Mediterranean,8.9,0.0,0.4,completed,156.63,False,0.0,2026-04-02 15:09:02
3564,720,50088168,2026-03-04 13:48:15,2026-03-04 14:18:15,6,"Juice, Smoothies, Fruit Salads",12.6,0.0,0.0,completed,488.19,False,0.0,2026-03-04 13:48:15
3565,721,41066841,2026-03-05 20:39:04,2026-03-05 21:09:04,2,French,22.3,0.0,0.0,completed,66.6,False,0.0,2026-03-05 20:39:04
3566,721,50121205,2026-05-31 13:34:10,2026-05-31 13:49:10,4,Japanese,43.2,0.0,0.0,completed,119.06,True,17.86,2026-05-31 13:34:10
3567,721,50077758,2026-03-25 18:40:37,2026-03-25 20:10:37,3,Thai,42.6,0.0,4.4,completed,110.45,False,0.0,2026-03-25 18:40:37
3568,721,50071556,2026-03-05 14:56:29,2026-03-05 16:26:29,1,Japanese,15.5,0.0,4.7,completed,48.65,False,0.0,2026-03-05 14:56:29
3569,721,50131279,2026-05-25 15:38:51,2026-05-25 15:53:51,2,Japanese,30.0,0.0,0.0,completed,37.87,False,0.0,2026-05-25 15:38:51
3570,721,50130183,2026-03-28 20:51:29,2026-03-28 22:21:29,4,Thai,24.4,0.0,0.0,no_show,61.87,False,0.0,2026-03-28 20:51:29
3571,721,50130650,2026-03-05 20:09:44,2026-03-05 21:39:44,1,Japanese,38.9,0.0,1.3,completed,12.15,False,0.0,2026-03-05 20:09:44
3572,721,50171119,2026-05-05 21:00:09,2026-05-05 21:30:09,2,Coffee/Tea,37.9,0.0,1.1,cancelled,46.43,False,0.0,2026-05-05 21:00:09
3573,722,50155397,2026-04-02 13:43:52,2026-04-02 14:13:52,1,Pizza,40.8,0.0,0.0,completed,1.85,True,0.46,2026-04-02 13:43:52
3574,722,50137031,2026-03-06 10:56:09,2026-03-06 11:41:09,1,French,17.3,0.0,4.3,completed,7.14,False,0.0,2026-03-06 10:56:09
3575,722,50147844,2026-04-15 09:04:26,2026-04-15 10:04:26,1,Chicken,37.2,0.0,2.2,completed,18.49,False,0.0,2026-04-15 09:04:26
3576,722,50166072,2026-05-21 09:54:38,2026-05-21 10:39:38,4,Coffee/Tea,42.3,0.0,1.9,cancelled,120.72,True,24.14,2026-05-21 09:54:38
3577,722,50115785,2026-04-04 13:24:48,2026-04-04 14:09:48,2,Japanese,28.4,0.0,0.0,completed,13.35,False,0.0,2026-04-04 13:24:48
3578,722,50150892,2026-04-15 12:11:35,2026-04-15 12:41:35,3,Coffee/Tea,38.3,0.0,0.0,completed,52.81,False,0.0,2026-04-15 12:11:35
3579,723,50084079,2026-03-14 08:29:35,2026-03-14 08:59:35,2,Japanese,41.0,7.8,4.6,completed,46.01,False,0.0,2026-03-14 08:29:35
3580,723,50067622,2026-05-17 19:23:25,2026-05-17 21:23:25,3,"Juice, Smoothies, Fruit Salads",24.1,0.0,1.5,completed,67.53,False,0.0,2026-05-17 19:23:25
3581,724,50154906,2026-03-09 16:18:49,2026-03-09 17:18:49,3,Japanese,43.2,5.5,5.7,completed,13.85,True,2.08,2026-03-09 16:18:49
3582,725,50174788,2026-04-12 08:54:46,2026-04-12 09:09:46,2,Coffee/Tea,12.9,0.0,0.0,completed,7.74,False,0.0,2026-04-12 08:54:46
3583,725,50173297,2026-04-01 20:39:54,2026-04-01 22:09:54,1,"Juice, Smoothies, Fruit Salads",41.5,0.0,0.0,completed,15.49,True,1.55,2026-04-01 20:39:54
3584,725,50015326,2026-05-28 16:47:50,2026-05-28 17:17:50,3,American,7.6,0.0,0.0,completed,50.92,True,5.09,2026-05-28 16:47:50
3585,725,50046480,2026-03-30 09:11:05,2026-03-30 09:56:05,1,Donuts,18.6,0.0,0.0,completed,44.18,False,0.0,2026-03-30 09:11:05
3586,725,50141883,2026-05-06 16:08:48,2026-05-06 16:38:48,2,"Juice, Smoothies, Fruit Salads",8.3,0.0,3.0,completed,28.43,False,0.0,2026-05-06 16:08:48
3587,725,50098630,2026-03-16 18:37:11,2026-03-16 20:07:11,2,"Juice, Smoothies, Fruit Salads",25.6,0.8,6.0,completed,63.78,False,0.0,2026-03-16 18:37:11
3588,726,50002766,2026-03-20 20:20:40,2026-03-20 20:50:40,1,American,10.8,0.0,1.4,completed,7.53,False,0.0,2026-03-20 20:20:40
3589,726,50138385,2026-04-12 20:45:28,2026-04-12 21:30:28,1,Sandwiches,18.7,0.0,0.4,completed,6.33,False,0.0,2026-04-12 20:45:28
3590,726,50017750,2026-04-11 16:27:28,2026-04-11 17:27:28,3,Sandwiches,17.9,0.0,4.3,cancelled,78.93,True,15.79,2026-04-11 16:27:28
3591,726,50149498,2026-05-28 17:54:11,2026-05-28 18:24:11,3,Coffee/Tea,20.1,0.0,1.6,completed,89.94,True,8.99,2026-05-28 17:54:11
3592,726,50176968,2026-04-03 12:10:25,2026-04-03 13:10:25,2,Coffee/Tea,37.3,0.0,4.6,completed,144.36,False,0.0,2026-04-03 12:10:25
3593,726,50106371,2026-05-19 19:16:49,2026-05-19 20:01:49,2,Japanese,10.1,0.0,0.8,completed,98.09,False,0.0,2026-05-19 19:16:49
3594,726,50146125,2026-05-27 17:58:13,2026-05-27 18:28:13,3,Sandwiches,28.1,0.0,0.0,completed,476.36,False,0.0,2026-05-27 17:58:13
3595,726,41074013,2026-04-13 21:07:25,2026-04-13 21:52:25,3,American,26.4,0.0,0.0,cancelled,52.41,False,0.0,2026-04-13 21:07:25
3596,726,50043079,2026-04-24 13:12:44,2026-04-24 13:27:44,1,Coffee/Tea,35.8,0.0,2.3,completed,45.5,False,0.0,2026-04-24 13:12:44
3597,726,50163506,2026-04-28 17:57:08,2026-04-28 18:42:08,4,Sandwiches,33.0,0.0,0.5,completed,91.22,False,0.0,2026-04-28 17:57:08
3598,726,50144846,2026-05-01 09:58:50,2026-05-01 10:58:50,4,Coffee/Tea,32.1,0.7,0.0,completed,429.53,False,0.0,2026-05-01 09:58:50
3599,727,50045945,2026-05-03 18:10:42,2026-05-03 18:40:42,4,Sandwiches,14.1,0.0,3.1,completed,67.3,False,0.0,2026-05-03 18:10:42
3600,728,50060161,2026-03-16 15:27:34,2026-03-16 17:27:34,5,American,5.9,0.0,0.0,completed,40.16,False,0.0,2026-03-16 15:27:34
3601,729,50058340,2026-05-28 12:33:57,2026-05-28 13:18:57,2,Pizza,28.6,0.0,0.0,completed,336.68,False,0.0,2026-05-28 12:33:57
3602,730,50067461,2026-03-31 20:28:02,2026-03-31 20:58:02,3,Latin American,14.7,0.0,0.4,completed,82.32,False,0.0,2026-03-31 20:28:02
3603,730,50110087,2026-05-01 22:09:53,2026-05-01 22:54:53,2,Latin American,44.3,0.0,0.0,completed,55.59,False,0.0,2026-05-01 22:09:53
3604,731,50001468,2026-05-10 12:29:53,2026-05-10 12:44:53,3,Chicken,6.4,0.0,1.5,completed,2.29,True,0.23,2026-05-10 12:29:53
3605,731,41621807,2026-03-15 14:09:16,2026-03-15 14:24:16,1,Asian/Asian Fusion,38.3,0.0,3.1,completed,11.22,False,0.0,2026-03-15 14:09:16
3606,731,50138517,2026-03-31 19:17:48,2026-03-31 20:02:48,2,Asian/Asian Fusion,17.6,0.0,0.0,completed,76.01,True,15.2,2026-03-31 19:17:48
3607,731,50084280,2026-03-08 21:48:54,2026-03-08 22:33:54,1,American,26.7,0.0,1.6,completed,20.2,True,2.02,2026-03-08 21:48:54
3608,731,50119681,2026-04-09 15:20:27,2026-04-09 15:50:27,1,Asian/Asian Fusion,36.9,2.5,2.5,completed,28.9,False,0.0,2026-04-09 15:20:27
3609,731,41654442,2026-05-28 14:07:55,2026-05-28 14:52:55,3,Donuts,29.4,0.0,2.7,completed,12.78,False,0.0,2026-05-28 14:07:55
3610,731,41549281,2026-03-24 12:39:48,2026-03-24 13:39:48,4,Donuts,7.3,0.0,0.0,completed,27.79,False,0.0,2026-03-24 12:39:48
3611,732,50141464,2026-03-15 14:30:33,2026-03-15 16:00:33,2,Bakery Products/Desserts,41.8,0.0,3.3,no_show,46.25,False,0.0,2026-03-15 14:30:33
3612,732,50163690,2026-04-13 14:55:28,2026-04-13 15:40:28,1,Bakery Products/Desserts,16.0,0.0,0.0,completed,62.13,False,0.0,2026-04-13 14:55:28
3613,733,41452375,2026-04-09 12:47:53,2026-04-09 13:32:53,2,Mexican,41.7,0.0,0.9,completed,116.74,False,0.0,2026-04-09 12:47:53
3614,733,50142155,2026-03-03 21:46:27,2026-03-03 22:16:27,5,Other,28.8,0.0,3.3,completed,141.31,False,0.0,2026-03-03 21:46:27
3615,733,50145566,2026-05-20 09:10:02,2026-05-20 09:25:02,2,Indian,39.2,4.6,3.1,completed,22.94,False,0.0,2026-05-20 09:10:02
3616,733,50048856,2026-03-07 12:51:46,2026-03-07 13:21:46,2,American,5.8,27.0,15.6,completed,22.88,False,0.0,2026-03-07 12:51:46
3617,733,50182861,2026-04-25 17:02:12,2026-04-25 18:32:12,3,Indian,32.6,0.0,1.5,completed,263.71,False,0.0,2026-04-25 17:02:12
3618,733,41699605,2026-03-17 15:12:29,2026-03-17 15:42:29,1,Mexican,19.2,0.0,1.3,completed,22.08,False,0.0,2026-03-17 15:12:29
3619,733,50124140,2026-04-02 18:03:37,2026-04-02 18:48:37,5,Bakery Products/Desserts,28.0,0.0,0.0,completed,164.76,False,0.0,2026-04-02 18:03:37
3620,733,41489806,2026-04-15 11:14:18,2026-04-15 12:14:18,3,Indian,27.7,0.0,8.1,completed,145.29,False,0.0,2026-04-15 11:14:18
3621,735,50083467,2026-04-23 11:23:17,2026-04-23 12:23:17,1,Mediterranean,44.0,0.0,2.6,no_show,33.23,False,0.0,2026-04-23 11:23:17
3622,735,50032946,2026-04-21 17:10:22,2026-04-21 18:40:22,3,Mediterranean,24.1,0.0,0.0,completed,58.4,False,0.0,2026-04-21 17:10:22
3623,736,50071972,2026-04-01 18:24:05,2026-04-01 18:54:05,1,Hamburgers,9.0,0.0,0.0,completed,71.51,False,0.0,2026-04-01 18:24:05
3624,737,50135137,2026-05-13 10:44:03,2026-05-13 11:29:03,2,Mexican,18.7,0.0,0.0,no_show,39.73,True,7.95,2026-05-13 10:44:03
3625,737,50077336,2026-03-18 20:02:06,2026-03-18 20:47:06,2,Mexican,23.8,0.0,0.0,no_show,13.01,False,0.0,2026-03-18 20:02:06
3626,737,50056862,2026-05-11 14:22:28,2026-05-11 15:52:28,2,Chinese,18.8,0.0,7.4,cancelled,49.55,False,0.0,2026-05-11 14:22:28
3627,737,50181366,2026-05-25 16:01:04,2026-05-25 16:16:04,2,Chinese,21.7,0.4,0.0,completed,105.16,True,10.52,2026-05-25 16:01:04
3628,737,50149429,2026-03-25 19:22:48,2026-03-25 19:52:48,2,Japanese,7.6,0.0,1.6,no_show,10.29,True,1.03,2026-03-25 19:22:48
3629,737,50133257,2026-03-09 11:24:45,2026-03-09 12:24:45,1,Coffee/Tea,41.2,0.0,0.9,completed,59.96,False,0.0,2026-03-09 11:24:45
3630,737,50009366,2026-05-06 19:39:46,2026-05-06 21:09:46,4,Chinese,18.7,0.0,0.9,completed,61.68,False,0.0,2026-05-06 19:39:46
3631,737,50158272,2026-05-03 13:00:49,2026-05-03 14:00:49,1,Mexican,25.3,0.0,0.0,completed,16.0,False,0.0,2026-05-03 13:00:49
3632,737,50173173,2026-03-30 11:47:11,2026-03-30 12:47:11,4,Bakery Products/Desserts,23.1,0.0,0.0,cancelled,249.17,False,0.0,2026-03-30 11:47:11
3633,737,50160893,2026-04-15 18:26:38,2026-04-15 20:26:38,2,Chinese,28.7,0.0,3.6,completed,17.16,False,0.0,2026-04-15 18:26:38
3634,737,41648237,2026-04-09 19:49:58,2026-04-09 21:19:58,2,Mexican,39.1,0.0,0.0,completed,152.0,True,22.8,2026-04-09 19:49:58
3635,737,50178944,2026-04-26 20:00:15,2026-04-26 21:00:15,3,Mexican,12.8,0.0,0.0,completed,55.73,False,0.0,2026-04-26 20:00:15
3636,737,50172713,2026-05-25 14:18:17,2026-05-25 15:03:17,2,Chinese,42.0,0.0,1.8,no_show,94.66,False,0.0,2026-05-25 14:18:17
3637,737,50123506,2026-04-14 21:38:07,2026-04-14 22:23:07,4,Chinese,30.4,0.0,0.0,completed,104.68,False,0.0,2026-04-14 21:38:07
3638,737,41691166,2026-05-15 20:51:21,2026-05-15 21:36:21,1,Mexican,7.8,0.0,0.0,completed,17.6,False,0.0,2026-05-15 20:51:21
3639,738,50118250,2026-03-06 08:10:33,2026-03-06 08:55:33,2,Chinese,19.0,0.0,0.0,no_show,103.99,False,0.0,2026-03-06 08:10:33
3640,738,50125620,2026-03-22 18:51:10,2026-03-22 19:06:10,2,Chinese,28.4,0.0,3.3,completed,156.34,True,23.45,2026-03-22 18:51:10
3641,738,50003000,2026-03-22 09:29:59,2026-03-22 10:59:59,3,Coffee/Tea,42.0,0.0,0.0,completed,223.81,False,0.0,2026-03-22 09:29:59
3642,738,50173731,2026-05-24 17:13:30,2026-05-24 17:28:30,3,Mediterranean,10.6,0.0,0.0,completed,91.12,False,0.0,2026-05-24 17:13:30
3643,739,50117886,2026-05-10 17:32:11,2026-05-10 18:32:11,2,Thai,41.0,0.0,0.8,completed,181.17,True,36.23,2026-05-10 17:32:11
3644,739,50105374,2026-05-04 18:52:19,2026-05-04 20:22:19,6,French,6.7,0.0,0.8,completed,115.31,False,0.0,2026-05-04 18:52:19
3645,739,50065089,2026-04-08 13:39:42,2026-04-08 13:54:42,2,Japanese,5.9,1.7,4.3,no_show,199.69,False,0.0,2026-04-08 13:39:42
3646,739,50119639,2026-05-16 21:43:39,2026-05-16 22:43:39,4,French,26.1,0.3,0.0,cancelled,92.97,False,0.0,2026-05-16 21:43:39
3647,739,41541889,2026-04-04 15:10:38,2026-04-04 16:10:38,2,French,34.5,0.0,0.8,completed,77.95,False,0.0,2026-04-04 15:10:38
3648,740,50093772,2026-05-02 12:42:15,2026-05-02 13:12:15,2,French,8.8,0.0,2.6,completed,83.57,False,0.0,2026-05-02 12:42:15
3649,740,50045121,2026-04-23 08:50:43,2026-04-23 10:20:43,6,Sandwiches,43.1,0.0,0.3,completed,90.74,False,0.0,2026-04-23 08:50:43
3650,740,50086101,2026-03-23 13:24:24,2026-03-23 14:24:24,3,Sandwiches,31.7,0.0,3.1,completed,61.46,False,0.0,2026-03-23 13:24:24
3651,740,40665065,2026-03-23 20:11:15,2026-03-23 22:11:15,2,French,20.1,4.3,1.9,completed,93.83,False,0.0,2026-03-23 20:11:15
3652,740,50008739,2026-04-25 13:02:25,2026-04-25 13:47:25,3,American,16.4,0.0,0.0,completed,37.18,False,0.0,2026-04-25 13:02:25
3653,740,40728858,2026-04-13 19:11:39,2026-04-13 19:56:39,1,French,35.0,0.0,1.4,cancelled,18.39,False,0.0,2026-04-13 19:11:39
3654,740,50169939,2026-05-20 15:15:37,2026-05-20 16:15:37,2,Other,30.3,0.0,0.0,cancelled,25.66,True,6.42,2026-05-20 15:15:37
3655,740,50082966,2026-05-15 22:11:07,2026-05-15 22:56:07,1,French,26.8,0.0,0.6,cancelled,7.69,True,1.15,2026-05-15 22:11:07
3656,740,50159234,2026-04-12 19:43:16,2026-04-12 21:13:16,4,American,30.9,0.0,0.0,completed,73.37,True,11.01,2026-04-12 19:43:16
3657,742,50111534,2026-05-04 20:15:34,2026-05-04 20:45:34,2,Indian,19.8,0.0,2.6,completed,44.1,False,0.0,2026-05-04 20:15:34
3658,742,41074013,2026-05-27 19:16:56,2026-05-27 21:16:56,2,American,30.1,0.0,0.0,completed,28.09,True,2.81,2026-05-27 19:16:56
3659,742,41084481,2026-05-30 19:35:48,2026-05-30 20:05:48,1,Chinese,26.1,0.0,0.0,completed,20.54,True,2.05,2026-05-30 19:35:48
3660,742,50154477,2026-05-28 18:48:14,2026-05-28 19:03:14,2,Korean,22.8,0.1,3.4,completed,19.81,True,4.95,2026-05-28 18:48:14
3661,742,50157598,2026-04-09 19:42:12,2026-04-09 20:12:12,2,Korean,8.9,0.0,0.7,completed,10.58,False,0.0,2026-04-09 19:42:12
3662,742,50166642,2026-04-14 09:32:44,2026-04-14 10:17:44,2,Chinese,16.2,0.0,5.3,completed,45.4,False,0.0,2026-04-14 09:32:44
3663,742,50061519,2026-05-21 19:11:52,2026-05-21 19:56:52,1,Chinese,29.0,0.0,2.2,cancelled,7.5,True,0.75,2026-05-21 19:11:52
3664,743,50122928,2026-03-22 20:07:40,2026-03-22 20:22:40,5,Bakery Products/Desserts,6.6,0.0,0.8,completed,226.04,False,0.0,2026-03-22 20:07:40
3665,743,50175335,2026-03-06 20:29:52,2026-03-06 21:14:52,2,Bakery Products/Desserts,11.1,0.0,2.2,completed,71.76,False,0.0,2026-03-06 20:29:52
3666,743,50087995,2026-03-19 12:29:18,2026-03-19 12:59:18,2,Bakery Products/Desserts,20.7,0.0,0.0,completed,58.4,False,0.0,2026-03-19 12:29:18
3667,743,50172446,2026-04-19 10:22:52,2026-04-19 10:37:52,3,Bakery Products/Desserts,11.7,0.0,0.5,completed,58.7,False,0.0,2026-04-19 10:22:52
3668,743,41622578,2026-03-06 20:08:21,2026-03-06 20:23:21,5,Bakery Products/Desserts,11.3,0.0,0.0,completed,228.73,False,0.0,2026-03-06 20:08:21
3669,743,50111435,2026-04-06 19:11:00,2026-04-06 20:41:00,2,Bakery Products/Desserts,5.2,0.0,2.0,cancelled,20.15,False,0.0,2026-04-06 19:11:00
3670,744,50144220,2026-05-01 17:04:39,2026-05-01 18:04:39,2,Korean,37.1,0.0,1.5,completed,88.26,False,0.0,2026-05-01 17:04:39
3671,744,50083132,2026-04-07 11:36:49,2026-04-07 12:06:49,2,Korean,30.3,0.0,0.0,completed,82.11,False,0.0,2026-04-07 11:36:49
3672,744,50106252,2026-05-30 08:44:08,2026-05-30 10:44:08,4,Thai,16.4,0.0,0.5,completed,158.42,False,0.0,2026-05-30 08:44:08
3673,744,50033097,2026-04-26 12:17:15,2026-04-26 13:17:15,3,American,29.9,0.0,0.0,completed,107.48,False,0.0,2026-04-26 12:17:15
3674,744,50108114,2026-04-18 11:23:03,2026-04-18 11:38:03,2,American,14.5,0.0,0.0,completed,49.78,False,0.0,2026-04-18 11:23:03
3675,744,41694328,2026-05-04 21:51:07,2026-05-04 22:51:07,2,New American,17.4,0.0,1.1,completed,81.74,False,0.0,2026-05-04 21:51:07
3676,745,50174137,2026-04-16 13:10:28,2026-04-16 13:25:28,2,Other,9.3,1.8,9.5,completed,92.51,False,0.0,2026-04-16 13:10:28
3677,745,40374192,2026-04-29 14:48:58,2026-04-29 15:48:58,4,Italian,15.5,0.0,0.0,completed,29.89,False,0.0,2026-04-29 14:48:58
3678,745,50115873,2026-04-20 12:55:58,2026-04-20 13:25:58,2,Other,45.0,0.0,0.0,cancelled,53.85,False,0.0,2026-04-20 12:55:58
3679,745,50149460,2026-03-06 22:50:02,2026-03-06 23:35:02,2,Other,26.5,0.2,3.5,cancelled,53.63,True,13.41,2026-03-06 22:50:02
3680,746,41623737,2026-03-15 12:24:41,2026-03-15 13:54:41,1,New American,18.5,0.0,0.0,completed,29.62,False,0.0,2026-03-15 12:24:41
3681,746,50046379,2026-05-16 14:01:26,2026-05-16 15:31:26,2,Indian,19.1,1.7,4.4,completed,156.22,False,0.0,2026-05-16 14:01:26
3682,746,50086585,2026-05-07 20:15:48,2026-05-07 21:45:48,5,Coffee/Tea,28.2,0.0,1.9,completed,397.35,False,0.0,2026-05-07 20:15:48
3683,747,50130055,2026-04-01 19:24:04,2026-04-01 19:39:04,2,French,34.6,0.0,2.5,completed,79.92,False,0.0,2026-04-01 19:24:04
3684,747,50017853,2026-03-18 15:58:27,2026-03-18 16:43:27,1,Indian,35.3,0.0,0.0,completed,22.34,False,0.0,2026-03-18 15:58:27
3685,747,40742056,2026-03-16 17:18:38,2026-03-16 17:48:38,4,Chinese,39.0,0.0,3.9,completed,23.9,True,4.78,2026-03-16 17:18:38
3686,747,40394207,2026-04-12 20:45:29,2026-04-12 22:45:29,3,French,43.6,7.6,9.9,completed,226.03,False,0.0,2026-04-12 20:45:29
3687,747,50133266,2026-03-23 16:19:12,2026-03-23 16:49:12,2,American,18.8,0.0,0.0,completed,155.94,False,0.0,2026-03-23 16:19:12
3688,748,50055651,2026-05-18 17:52:12,2026-05-18 18:22:12,1,Korean,6.8,0.0,0.0,cancelled,15.98,True,2.4,2026-05-18 17:52:12
3689,748,50014197,2026-03-29 21:12:25,2026-03-29 21:42:25,2,Italian,37.4,0.0,0.0,completed,14.86,False,0.0,2026-03-29 21:12:25
3690,748,50106213,2026-05-12 10:17:44,2026-05-12 11:47:44,2,Chinese,19.7,0.0,0.0,completed,4.85,False,0.0,2026-05-12 10:17:44
3691,748,50104682,2026-03-25 15:19:09,2026-03-25 15:49:09,2,Thai,9.5,0.0,0.4,completed,36.61,False,0.0,2026-03-25 15:19:09
3692,748,41503575,2026-04-03 12:48:30,2026-04-03 13:33:30,3,Thai,22.2,0.0,0.0,completed,64.97,False,0.0,2026-04-03 12:48:30
3693,748,41651801,2026-03-28 09:11:34,2026-03-28 09:56:34,4,Irish,12.2,0.0,0.0,completed,15.15,False,0.0,2026-03-28 09:11:34
3694,748,41696287,2026-04-12 22:46:58,2026-04-12 23:31:58,4,American,29.1,0.0,0.0,completed,73.04,False,0.0,2026-04-12 22:46:58
3695,748,50171987,2026-03-31 11:53:38,2026-03-31 12:53:38,2,Thai,22.1,0.0,3.1,completed,12.85,False,0.0,2026-03-31 11:53:38
3696,748,41689402,2026-04-01 18:40:41,2026-04-01 18:55:41,1,Thai,27.3,0.0,0.0,completed,19.41,True,3.88,2026-04-01 18:40:41
3697,748,50178384,2026-03-06 11:15:18,2026-03-06 12:00:18,2,Korean,23.9,0.0,0.0,completed,20.47,False,0.0,2026-03-06 11:15:18
3698,748,41542801,2026-03-07 15:16:33,2026-03-07 16:16:33,2,Thai,29.4,0.8,3.5,completed,24.72,False,0.0,2026-03-07 15:16:33
3699,748,50167629,2026-04-23 20:55:53,2026-04-23 21:25:53,3,Korean,20.3,0.0,0.6,completed,92.3,True,13.85,2026-04-23 20:55:53
3700,750,50177809,2026-05-01 11:30:10,2026-05-01 13:00:10,3,Pizza,33.0,0.0,0.0,completed,111.76,True,11.18,2026-05-01 11:30:10
3701,750,50164680,2026-04-06 11:00:44,2026-04-06 12:00:44,1,Chinese,20.2,0.0,2.0,completed,4.57,False,0.0,2026-04-06 11:00:44
3702,750,50000542,2026-03-01 20:01:43,2026-03-01 20:16:43,3,Chinese,23.3,2.6,0.0,cancelled,74.51,False,0.0,2026-03-01 20:01:43
3703,750,40643682,2026-03-10 19:57:45,2026-03-10 20:42:45,2,American,42.1,0.0,4.5,completed,96.14,True,9.61,2026-03-10 19:57:45
3704,750,50086458,2026-04-12 19:15:26,2026-04-12 20:15:26,3,Pizza,12.0,0.0,0.0,completed,202.3,False,0.0,2026-04-12 19:15:26
3705,750,50061537,2026-04-23 16:59:21,2026-04-23 17:14:21,4,Tex-Mex,37.0,0.0,0.0,completed,201.99,True,20.2,2026-04-23 16:59:21
3706,751,50163407,2026-05-05 13:23:00,2026-05-05 14:08:00,2,Sandwiches,42.4,0.0,0.0,completed,39.17,False,0.0,2026-05-05 13:23:00
3707,751,50120274,2026-04-18 17:42:17,2026-04-18 18:42:17,4,Coffee/Tea,27.8,0.0,4.2,completed,87.99,False,0.0,2026-04-18 17:42:17
3708,751,50073536,2026-04-19 09:51:31,2026-04-19 11:21:31,4,Coffee/Tea,25.6,0.0,0.6,completed,167.15,False,0.0,2026-04-19 09:51:31
3709,751,50116500,2026-04-24 18:56:02,2026-04-24 19:11:02,1,Coffee/Tea,41.8,0.0,1.6,completed,58.83,False,0.0,2026-04-24 18:56:02
3710,751,50040962,2026-03-26 19:12:34,2026-03-26 19:57:34,2,Coffee/Tea,16.7,0.0,0.0,completed,43.96,False,0.0,2026-03-26 19:12:34
3711,751,50018574,2026-03-07 20:05:35,2026-03-07 21:35:35,2,American,35.3,0.0,0.9,completed,72.21,True,10.83,2026-03-07 20:05:35
3712,752,50119572,2026-04-24 20:59:48,2026-04-24 21:14:48,2,Korean,13.5,0.0,0.7,completed,27.74,False,0.0,2026-04-24 20:59:48
3713,752,50099005,2026-03-15 19:26:17,2026-03-15 19:56:17,2,Asian/Asian Fusion,12.2,0.0,0.0,completed,29.88,True,4.48,2026-03-15 19:26:17
3714,752,50095456,2026-04-21 19:24:57,2026-04-21 20:09:57,1,New American,39.3,33.2,32.6,cancelled,19.87,False,0.0,2026-04-21 19:24:57
3715,752,50163332,2026-05-28 11:04:22,2026-05-28 11:19:22,2,Asian/Asian Fusion,9.2,0.0,0.3,completed,29.22,False,0.0,2026-05-28 11:04:22
3716,752,50008729,2026-05-06 12:45:23,2026-05-06 13:30:23,2,Korean,13.2,0.0,0.0,cancelled,47.41,True,7.11,2026-05-06 12:45:23
3717,753,41688092,2026-04-13 08:01:58,2026-04-13 09:31:58,2,Coffee/Tea,22.3,0.0,6.7,completed,83.5,False,0.0,2026-04-13 08:01:58
3718,753,40814139,2026-03-03 14:17:19,2026-03-03 15:47:19,1,Coffee/Tea,43.5,0.0,5.3,completed,50.42,False,0.0,2026-03-03 14:17:19
3719,753,41474509,2026-04-26 14:28:54,2026-04-26 15:13:54,2,Hamburgers,7.9,0.0,0.0,completed,208.32,False,0.0,2026-04-26 14:28:54
3720,753,50169092,2026-05-14 20:07:17,2026-05-14 21:37:17,4,Coffee/Tea,24.4,0.0,0.0,completed,64.32,False,0.0,2026-05-14 20:07:17
3721,753,50073648,2026-03-03 21:20:44,2026-03-03 21:50:44,4,Pizza,37.9,0.0,0.0,completed,146.27,True,21.94,2026-03-03 21:20:44
3722,753,50006673,2026-05-21 11:44:05,2026-05-21 12:44:05,3,Coffee/Tea,22.9,0.0,0.0,completed,435.67,True,108.92,2026-05-21 11:44:05
3723,753,50044780,2026-03-04 12:37:55,2026-03-04 13:22:55,1,Pizza,32.5,1.8,2.0,completed,80.52,False,0.0,2026-03-04 12:37:55
3724,753,50116763,2026-03-07 18:05:18,2026-03-07 18:35:18,2,Coffee/Tea,32.4,0.0,1.8,completed,311.16,False,0.0,2026-03-07 18:05:18
3725,753,50085682,2026-04-22 13:18:23,2026-04-22 14:03:23,2,Coffee/Tea,17.7,0.0,1.4,completed,103.27,True,20.65,2026-04-22 13:18:23
3726,754,50109269,2026-03-10 18:44:02,2026-03-10 19:44:02,3,Latin American,8.0,0.0,0.8,completed,16.89,False,0.0,2026-03-10 18:44:02
3727,754,50104660,2026-04-27 13:20:25,2026-04-27 14:20:25,1,"Juice, Smoothies, Fruit Salads",13.5,0.0,0.0,completed,25.41,False,0.0,2026-04-27 13:20:25
3728,754,50133435,2026-04-02 13:15:55,2026-04-02 14:15:55,4,Latin American,33.2,0.0,0.8,completed,70.2,False,0.0,2026-04-02 13:15:55
3729,755,50096290,2026-05-11 18:28:57,2026-05-11 18:43:57,4,American,8.7,0.0,0.0,completed,103.89,False,0.0,2026-05-11 18:28:57
3730,755,50143867,2026-05-16 11:49:58,2026-05-16 12:04:58,5,Other,19.0,0.0,3.4,completed,112.02,False,0.0,2026-05-16 11:49:58
3731,755,50085326,2026-05-23 18:34:51,2026-05-23 19:04:51,3,Indian,17.8,0.0,3.8,no_show,144.86,False,0.0,2026-05-23 18:34:51
3732,755,50176471,2026-04-12 19:44:37,2026-04-12 20:44:37,2,Bakery Products/Desserts,25.3,0.0,0.0,completed,6.8,False,0.0,2026-04-12 19:44:37
3733,755,50119095,2026-05-10 14:52:25,2026-05-10 15:22:25,2,Indian,41.9,0.0,0.0,completed,130.05,False,0.0,2026-05-10 14:52:25
3734,755,50143575,2026-03-09 11:29:15,2026-03-09 12:29:15,2,Indian,32.0,5.9,1.1,completed,25.49,True,6.37,2026-03-09 11:29:15
3735,756,40512520,2026-04-17 13:41:27,2026-04-17 15:11:27,3,Italian,37.6,0.0,0.0,completed,75.74,True,18.93,2026-04-17 13:41:27
3736,756,41490544,2026-04-15 11:03:23,2026-04-15 12:03:23,1,Italian,33.9,0.0,0.0,completed,54.57,False,0.0,2026-04-15 11:03:23
3737,756,41022993,2026-05-22 14:11:38,2026-05-22 14:41:38,2,Italian,7.2,0.5,1.1,completed,262.42,False,0.0,2026-05-22 14:11:38
3738,756,50134714,2026-05-06 13:44:26,2026-05-06 14:44:26,2,French,39.5,1.0,0.0,completed,6.46,False,0.0,2026-05-06 13:44:26
3739,756,41580082,2026-03-21 16:43:18,2026-03-21 17:43:18,3,Italian,28.5,0.0,0.0,completed,43.07,False,0.0,2026-03-21 16:43:18
3740,757,41416092,2026-05-16 20:37:56,2026-05-16 22:07:56,3,Mexican,15.4,0.0,0.3,completed,173.92,False,0.0,2026-05-16 20:37:56
3741,757,50171119,2026-05-12 08:38:33,2026-05-12 09:23:33,2,Coffee/Tea,22.7,0.0,0.0,completed,72.26,False,0.0,2026-05-12 08:38:33
3742,758,50161642,2026-04-29 18:48:09,2026-04-29 19:48:09,4,Chinese,20.6,1.1,1.7,completed,61.86,False,0.0,2026-04-29 18:48:09
3743,758,50177132,2026-04-01 13:35:23,2026-04-01 15:05:23,2,American,37.3,0.0,0.0,completed,40.83,True,10.21,2026-04-01 13:35:23
3744,758,50083467,2026-04-21 18:46:41,2026-04-21 19:46:41,1,Mediterranean,9.4,0.0,0.0,completed,20.65,True,5.16,2026-04-21 18:46:41
3745,758,41062070,2026-04-06 17:32:09,2026-04-06 18:17:09,1,Coffee/Tea,36.2,0.0,3.0,completed,15.05,False,0.0,2026-04-06 17:32:09
3746,758,50134543,2026-04-02 21:46:46,2026-04-02 22:31:46,1,Mexican,29.9,0.0,0.0,cancelled,49.61,False,0.0,2026-04-02 21:46:46
3747,758,50036199,2026-03-09 12:31:55,2026-03-09 14:01:55,1,Mediterranean,6.0,0.0,0.8,completed,27.89,False,0.0,2026-03-09 12:31:55
3748,758,50112624,2026-03-02 18:13:29,2026-03-02 20:13:29,1,Mediterranean,16.5,0.0,2.4,completed,5.73,False,0.0,2026-03-02 18:13:29
3749,758,50166687,2026-04-09 19:28:18,2026-04-09 20:13:18,1,Mediterranean,30.6,0.0,0.0,completed,14.28,True,2.86,2026-04-09 19:28:18
3750,758,50162068,2026-03-23 17:33:18,2026-03-23 18:33:18,1,Mexican,25.0,0.0,2.0,completed,22.12,False,0.0,2026-03-23 17:33:18
3751,758,50126940,2026-03-05 15:18:02,2026-03-05 15:33:02,1,Mexican,11.8,0.0,0.0,completed,13.43,True,2.69,2026-03-05 15:18:02
3752,758,50076290,2026-03-05 19:10:35,2026-03-05 20:40:35,5,Mexican,8.3,0.0,0.0,cancelled,172.08,False,0.0,2026-03-05 19:10:35
3753,758,50098919,2026-05-11 10:45:38,2026-05-11 11:30:38,1,Mediterranean,37.2,0.0,1.1,completed,13.25,False,0.0,2026-05-11 10:45:38
3754,758,50172117,2026-03-08 17:39:48,2026-03-08 18:24:48,3,Mexican,39.5,0.0,0.0,completed,33.08,False,0.0,2026-03-08 17:39:48
3755,758,50116474,2026-04-13 19:16:01,2026-04-13 20:01:01,4,Mediterranean,20.5,0.0,0.0,cancelled,141.86,True,14.19,2026-04-13 19:16:01
3756,758,50004269,2026-05-06 17:08:55,2026-05-06 19:08:55,4,Mediterranean,26.5,0.0,1.8,no_show,69.94,False,0.0,2026-05-06 17:08:55
3757,758,40392834,2026-05-05 19:58:37,2026-05-05 21:28:37,3,Mexican,19.4,0.0,0.0,completed,74.52,False,0.0,2026-05-05 19:58:37
3758,759,50123174,2026-03-10 14:40:04,2026-03-10 15:40:04,2,Thai,10.1,0.0,3.3,completed,39.58,False,0.0,2026-03-10 14:40:04
3759,759,50091290,2026-04-03 12:24:43,2026-04-03 12:39:43,2,Thai,32.3,0.0,0.0,cancelled,77.83,False,0.0,2026-04-03 12:24:43
3760,760,50098354,2026-05-15 13:23:53,2026-05-15 13:38:53,1,"Juice, Smoothies, Fruit Salads",5.8,0.0,5.5,no_show,19.09,False,0.0,2026-05-15 13:23:53
3761,760,50148709,2026-05-27 13:16:27,2026-05-27 13:46:27,2,"Juice, Smoothies, Fruit Salads",38.2,0.0,0.0,completed,63.33,False,0.0,2026-05-27 13:16:27
3762,761,41197487,2026-03-06 20:10:14,2026-03-06 20:55:14,2,American,24.3,0.0,0.0,completed,164.37,False,0.0,2026-03-06 20:10:14
3763,761,50138306,2026-04-17 12:51:04,2026-04-17 14:51:04,2,French,27.4,0.0,0.0,completed,136.08,False,0.0,2026-04-17 12:51:04
3764,761,50144666,2026-04-23 12:30:07,2026-04-23 13:30:07,2,Japanese,7.8,0.0,5.7,completed,93.87,False,0.0,2026-04-23 12:30:07
3765,761,50113410,2026-04-19 18:09:06,2026-04-19 18:39:06,2,American,29.5,0.5,0.0,completed,54.65,False,0.0,2026-04-19 18:09:06
3766,764,41382688,2026-05-20 19:57:03,2026-05-20 21:27:03,4,Latin American,40.5,1.2,1.0,completed,71.44,False,0.0,2026-05-20 19:57:03
3767,765,50115692,2026-03-12 19:43:49,2026-03-12 19:58:49,4,Mexican,15.0,0.0,3.8,completed,300.5,True,75.13,2026-03-12 19:43:49
3768,765,50143743,2026-05-16 18:53:44,2026-05-16 20:23:44,3,Bakery Products/Desserts,35.1,0.0,5.6,completed,60.95,False,0.0,2026-05-16 18:53:44
3769,766,50149460,2026-03-25 11:09:39,2026-03-25 12:09:39,4,Other,19.5,0.2,0.0,completed,72.45,True,7.25,2026-03-25 11:09:39
3770,767,50108964,2026-05-13 17:20:39,2026-05-13 18:05:39,2,Mexican,16.2,0.0,0.0,completed,16.35,False,0.0,2026-05-13 17:20:39
3771,767,50183869,2026-05-23 12:55:08,2026-05-23 14:55:08,2,Hamburgers,21.4,0.0,0.0,completed,43.26,False,0.0,2026-05-23 12:55:08
3772,767,41401458,2026-04-12 19:51:28,2026-04-12 20:06:28,2,Latin American,25.5,0.0,0.5,completed,64.72,False,0.0,2026-04-12 19:51:28
3773,767,50096880,2026-05-18 09:36:44,2026-05-18 10:06:44,3,Latin American,11.0,0.0,0.0,completed,63.65,False,0.0,2026-05-18 09:36:44
3774,768,41022993,2026-03-14 20:56:24,2026-03-14 21:26:24,2,Italian,29.7,0.5,0.0,completed,16.09,True,3.22,2026-03-14 20:56:24
3775,768,50105787,2026-03-18 15:26:27,2026-03-18 15:56:27,5,Chinese,20.8,0.0,0.0,completed,15.2,True,2.28,2026-03-18 15:26:27
3776,769,50164010,2026-04-20 18:26:44,2026-04-20 20:26:44,1,Chinese,40.6,0.0,0.0,cancelled,23.66,False,0.0,2026-04-20 18:26:44
3777,769,50055882,2026-05-04 13:14:57,2026-05-04 13:59:57,3,Mediterranean,22.8,0.0,0.0,completed,51.07,False,0.0,2026-05-04 13:14:57
3778,769,50123492,2026-05-12 20:13:25,2026-05-12 21:13:25,3,Indian,17.5,21.8,25.5,completed,30.49,False,0.0,2026-05-12 20:13:25
3779,769,50118905,2026-05-11 18:06:21,2026-05-11 18:21:21,2,Indian,18.4,0.0,1.2,completed,85.93,False,0.0,2026-05-11 18:06:21
3780,769,50135616,2026-05-17 19:51:39,2026-05-17 21:21:39,3,Indian,8.3,0.3,0.0,completed,24.47,False,0.0,2026-05-17 19:51:39
3781,769,41233598,2026-05-26 15:28:13,2026-05-26 15:58:13,2,Indian,17.8,0.0,2.0,completed,32.86,False,0.0,2026-05-26 15:28:13
3782,769,50089307,2026-05-27 09:09:47,2026-05-27 09:54:47,1,Mediterranean,28.4,0.0,0.0,completed,5.09,False,0.0,2026-05-27 09:09:47
3783,769,50130916,2026-04-02 20:00:22,2026-04-02 21:00:22,3,Mediterranean,35.0,0.0,4.2,completed,24.94,False,0.0,2026-04-02 20:00:22
3784,769,41569216,2026-05-20 19:27:10,2026-05-20 20:12:10,2,Coffee/Tea,27.2,0.0,5.5,cancelled,15.57,False,0.0,2026-05-20 19:27:10
3785,769,41540996,2026-03-27 09:39:22,2026-03-27 11:09:22,2,Mediterranean,31.3,0.0,3.1,completed,59.32,False,0.0,2026-03-27 09:39:22
3786,769,41471053,2026-05-18 18:07:01,2026-05-18 18:22:01,3,Mediterranean,23.8,0.0,0.0,completed,39.97,True,9.99,2026-05-18 18:07:01
3787,769,50088217,2026-03-16 13:44:24,2026-03-16 14:14:24,2,Mediterranean,14.7,0.0,0.0,completed,45.62,False,0.0,2026-03-16 13:44:24
3788,769,50063050,2026-05-07 21:02:48,2026-05-07 21:47:48,1,"Juice, Smoothies, Fruit Salads",34.4,0.0,4.6,completed,19.63,False,0.0,2026-05-07 21:02:48
3789,769,41251140,2026-03-11 19:42:07,2026-03-11 21:12:07,2,Italian,15.1,0.0,3.3,completed,42.84,False,0.0,2026-03-11 19:42:07
3790,769,50071108,2026-03-01 11:10:52,2026-03-01 11:55:52,3,Spanish,27.1,2.9,0.6,completed,23.65,False,0.0,2026-03-01 11:10:52
3791,769,41527114,2026-04-30 20:54:55,2026-04-30 21:09:55,2,Mediterranean,27.5,0.0,0.4,completed,131.32,False,0.0,2026-04-30 20:54:55
3792,770,40720288,2026-04-15 20:36:30,2026-04-15 21:36:30,4,French,37.3,19.0,17.9,completed,68.43,False,0.0,2026-04-15 20:36:30
3793,770,50158350,2026-03-31 19:49:59,2026-03-31 20:04:59,2,Other,13.3,0.0,0.0,completed,29.42,True,4.41,2026-03-31 19:49:59
3794,770,50134186,2026-05-19 14:08:30,2026-05-19 15:38:30,3,French,18.0,0.0,0.5,completed,58.83,False,0.0,2026-05-19 14:08:30
3795,770,50076107,2026-05-05 20:46:43,2026-05-05 21:16:43,5,Other,5.2,0.0,0.5,cancelled,76.78,False,0.0,2026-05-05 20:46:43
3796,770,50007046,2026-04-28 15:02:11,2026-04-28 16:32:11,1,French,17.0,0.0,0.0,completed,22.25,False,0.0,2026-04-28 15:02:11
3797,770,50005405,2026-04-06 17:35:09,2026-04-06 18:35:09,2,Italian,9.9,0.0,0.0,no_show,77.32,False,0.0,2026-04-06 17:35:09
3798,770,50105500,2026-05-29 19:25:23,2026-05-29 20:25:23,1,French,13.0,9.2,5.4,completed,21.25,False,0.0,2026-05-29 19:25:23
3799,770,50164764,2026-03-07 12:26:47,2026-03-07 13:11:47,6,Other,21.2,8.9,9.8,completed,33.82,False,0.0,2026-03-07 12:26:47
3800,770,50126950,2026-04-11 13:09:14,2026-04-11 13:54:14,3,Other,9.5,0.0,0.0,completed,61.49,False,0.0,2026-04-11 13:09:14
3801,770,50126990,2026-04-10 20:07:01,2026-04-10 20:52:01,3,Other,40.2,0.0,0.0,completed,43.76,False,0.0,2026-04-10 20:07:01
3802,771,50171630,2026-03-18 12:57:24,2026-03-18 14:27:24,2,Asian/Asian Fusion,38.8,2.0,0.0,cancelled,206.28,False,0.0,2026-03-18 12:57:24
3803,771,50162276,2026-03-13 12:03:18,2026-03-13 12:48:18,2,Asian/Asian Fusion,5.4,0.0,0.0,completed,135.94,True,27.19,2026-03-13 12:03:18
3804,771,50063611,2026-03-26 09:54:58,2026-03-26 11:24:58,4,"Juice, Smoothies, Fruit Salads",32.6,0.0,3.6,cancelled,143.01,False,0.0,2026-03-26 09:54:58
3805,772,50128782,2026-05-12 18:29:29,2026-05-12 19:14:29,2,Latin American,24.2,0.0,0.0,completed,32.52,False,0.0,2026-05-12 18:29:29
3806,772,50090073,2026-04-01 12:46:21,2026-04-01 13:46:21,2,Latin American,13.2,0.0,1.4,completed,34.71,True,3.47,2026-04-01 12:46:21
3807,772,50168175,2026-03-17 12:14:29,2026-03-17 12:59:29,2,Korean,9.5,0.0,4.3,completed,66.15,False,0.0,2026-03-17 12:14:29
3808,772,50113042,2026-04-29 22:03:00,2026-04-29 22:48:00,3,Chinese,44.2,16.7,13.4,completed,63.09,False,0.0,2026-04-29 22:03:00
3809,772,50109269,2026-04-14 18:39:34,2026-04-14 19:24:34,1,Latin American,37.2,0.0,0.0,no_show,15.51,False,0.0,2026-04-14 18:39:34
3810,772,50124555,2026-03-15 19:57:59,2026-03-15 21:57:59,2,Korean,6.2,0.0,0.0,completed,49.66,False,0.0,2026-03-15 19:57:59
3811,772,50133516,2026-03-07 11:56:21,2026-03-07 12:26:21,1,Latin American,5.9,0.0,0.0,completed,3.88,False,0.0,2026-03-07 11:56:21
3812,772,50186656,2026-05-31 13:37:18,2026-05-31 14:22:18,1,Latin American,36.5,0.0,0.0,completed,20.85,False,0.0,2026-05-31 13:37:18
3813,772,50049260,2026-04-25 21:53:20,2026-04-25 23:23:20,1,Korean,6.3,0.0,3.0,completed,31.65,False,0.0,2026-04-25 21:53:20
3814,772,41378319,2026-05-19 18:42:23,2026-05-19 19:42:23,1,American,35.8,0.0,1.9,completed,5.52,False,0.0,2026-05-19 18:42:23
3815,772,50073168,2026-05-04 22:44:53,2026-05-04 23:44:53,1,Korean,38.6,0.0,5.0,completed,23.01,False,0.0,2026-05-04 22:44:53
3816,772,50162132,2026-04-15 18:31:40,2026-04-15 19:16:40,3,Coffee/Tea,31.4,0.0,3.8,completed,11.75,False,0.0,2026-04-15 18:31:40
3817,772,50060883,2026-04-18 22:23:08,2026-04-18 23:53:08,2,Latin American,21.0,0.0,0.0,completed,110.52,False,0.0,2026-04-18 22:23:08
3818,773,50172475,2026-03-13 18:17:30,2026-03-13 19:02:30,2,Coffee/Tea,19.4,0.0,0.0,completed,11.76,True,1.76,2026-03-13 18:17:30
3819,773,50178212,2026-03-03 18:19:31,2026-03-03 19:19:31,2,Pizza,38.2,0.0,0.0,cancelled,30.92,False,0.0,2026-03-03 18:19:31
3820,773,50148212,2026-04-26 20:28:18,2026-04-26 21:13:18,1,Korean,44.8,0.0,0.0,completed,24.18,False,0.0,2026-04-26 20:28:18
3821,774,41656943,2026-04-26 20:22:49,2026-04-26 22:22:49,1,Sandwiches,31.1,0.0,1.2,completed,44.29,False,0.0,2026-04-26 20:22:49
3822,774,50158818,2026-05-26 16:01:58,2026-05-26 16:31:58,3,Korean,9.1,0.0,1.3,completed,197.66,False,0.0,2026-05-26 16:01:58
3823,774,50008729,2026-03-08 20:06:14,2026-03-08 20:51:14,2,Korean,42.2,0.0,0.0,completed,180.12,False,0.0,2026-03-08 20:06:14
3824,774,41598066,2026-05-27 16:10:50,2026-05-27 16:55:50,1,Korean,32.6,0.0,0.0,completed,5.99,True,0.9,2026-05-27 16:10:50
3825,774,41138581,2026-05-25 10:34:14,2026-05-25 11:34:14,2,Sandwiches,25.7,0.0,3.3,completed,146.23,False,0.0,2026-05-25 10:34:14
3826,774,50083132,2026-04-30 10:40:01,2026-04-30 11:10:01,2,Korean,10.7,0.0,0.0,completed,34.23,False,0.0,2026-04-30 10:40:01
3827,774,50155371,2026-05-08 16:59:06,2026-05-08 17:59:06,2,Korean,34.8,0.0,0.0,completed,145.74,True,29.15,2026-05-08 16:59:06
3828,774,50149371,2026-05-25 13:22:51,2026-05-25 13:52:51,1,Korean,22.7,0.0,0.4,completed,43.11,False,0.0,2026-05-25 13:22:51
3829,774,50081523,2026-03-23 19:23:24,2026-03-23 20:53:24,5,Korean,30.0,0.0,0.1,completed,65.53,False,0.0,2026-03-23 19:23:24
3830,775,50047518,2026-03-29 13:09:40,2026-03-29 14:09:40,2,Frozen Desserts,17.2,0.0,0.0,completed,23.25,False,0.0,2026-03-29 13:09:40
3831,775,50139065,2026-03-20 09:42:49,2026-03-20 11:42:49,2,Chinese,23.0,0.0,0.0,completed,103.12,True,20.62,2026-03-20 09:42:49
3832,775,41622588,2026-04-01 16:03:05,2026-04-01 16:18:05,4,Bakery Products/Desserts,7.0,0.0,0.8,completed,238.13,False,0.0,2026-04-01 16:03:05
3833,775,50082264,2026-05-17 22:16:17,2026-05-17 22:46:17,2,Chinese,19.3,0.0,0.0,completed,36.85,False,0.0,2026-05-17 22:16:17
3834,775,50125222,2026-04-10 18:21:44,2026-04-10 18:51:44,1,Bakery Products/Desserts,44.4,0.0,0.0,completed,54.94,False,0.0,2026-04-10 18:21:44
3835,775,50128630,2026-04-09 19:02:23,2026-04-09 19:32:23,2,Chinese,43.3,0.0,1.5,completed,49.78,False,0.0,2026-04-09 19:02:23
3836,775,50060535,2026-03-29 20:05:20,2026-03-29 21:05:20,3,Bakery Products/Desserts,41.8,0.0,2.1,completed,64.38,False,0.0,2026-03-29 20:05:20
3837,775,50041388,2026-05-13 13:17:33,2026-05-13 14:02:33,2,Bakery Products/Desserts,13.6,0.0,2.3,cancelled,13.35,True,2.67,2026-05-13 13:17:33
3838,775,40574872,2026-04-26 13:36:05,2026-04-26 14:21:05,2,Bakery Products/Desserts,15.6,0.0,0.0,completed,57.75,True,11.55,2026-04-26 13:36:05
3839,776,50091057,2026-04-07 08:27:48,2026-04-07 09:12:48,1,Coffee/Tea,25.1,0.0,3.6,completed,16.6,False,0.0,2026-04-07 08:27:48
3840,776,50143575,2026-03-26 13:20:54,2026-03-26 14:20:54,4,Indian,24.7,5.9,2.3,completed,19.38,False,0.0,2026-03-26 13:20:54
3841,776,50128678,2026-03-13 20:50:52,2026-03-13 21:35:52,2,Pizza,33.8,2.7,1.6,completed,52.17,False,0.0,2026-03-13 20:50:52
3842,776,50173143,2026-05-27 18:37:32,2026-05-27 19:07:32,2,Coffee/Tea,18.1,0.0,3.5,completed,5.2,False,0.0,2026-05-27 18:37:32
3843,776,50117066,2026-03-07 18:30:40,2026-03-07 20:00:40,2,Pizza,10.6,0.0,2.0,completed,62.28,False,0.0,2026-03-07 18:30:40
3844,776,50166461,2026-03-12 11:13:36,2026-03-12 11:58:36,2,Chinese,23.8,0.0,0.0,completed,71.66,True,7.17,2026-03-12 11:13:36
3845,776,50122966,2026-03-28 08:08:16,2026-03-28 09:08:16,3,Indian,7.9,1.4,0.0,completed,217.95,True,32.69,2026-03-28 08:08:16
3846,777,50062487,2026-03-04 20:57:18,2026-03-04 21:27:18,1,Indian,34.2,0.0,2.5,completed,7.13,False,0.0,2026-03-04 20:57:18
3847,777,40566617,2026-04-26 12:00:17,2026-04-26 13:30:17,2,Coffee/Tea,39.9,0.0,3.0,completed,57.49,True,8.62,2026-04-26 12:00:17
3848,777,50033039,2026-03-22 19:00:53,2026-03-22 20:00:53,2,Coffee/Tea,27.8,0.0,4.9,completed,113.52,False,0.0,2026-03-22 19:00:53
3849,777,50163272,2026-03-18 12:48:16,2026-03-18 13:48:16,1,Indian,42.2,0.0,0.0,completed,5.01,True,0.5,2026-03-18 12:48:16
3850,778,41053093,2026-03-13 13:47:55,2026-03-13 14:32:55,3,French,35.3,9.5,6.0,cancelled,255.75,False,0.0,2026-03-13 13:47:55
3851,778,50010546,2026-05-12 21:07:19,2026-05-12 21:52:19,4,French,36.1,0.0,0.0,cancelled,360.18,False,0.0,2026-05-12 21:07:19
3852,778,50082974,2026-03-31 19:03:34,2026-03-31 19:48:34,4,Pizza,14.4,0.0,0.0,completed,52.8,False,0.0,2026-03-31 19:03:34
3853,778,50119824,2026-04-16 12:56:57,2026-04-16 13:26:57,3,French,29.8,0.0,0.0,completed,272.28,False,0.0,2026-04-16 12:56:57
3854,778,50154963,2026-03-28 20:58:50,2026-03-28 21:58:50,2,Other,20.9,0.0,0.0,completed,253.1,False,0.0,2026-03-28 20:58:50
3855,779,50176713,2026-05-10 16:20:57,2026-05-10 16:50:57,1,Donuts,42.8,0.0,0.0,completed,4.97,False,0.0,2026-05-10 16:20:57
3856,779,41719175,2026-05-02 16:57:06,2026-05-02 17:27:06,2,Sandwiches,10.9,0.0,0.0,completed,44.51,False,0.0,2026-05-02 16:57:06
3857,779,41014554,2026-03-27 18:42:32,2026-03-27 18:57:32,1,Coffee/Tea,5.8,0.0,0.0,completed,10.82,False,0.0,2026-03-27 18:42:32
3858,779,50145656,2026-05-29 13:30:26,2026-05-29 14:30:26,1,Donuts,10.8,0.0,0.0,completed,5.28,False,0.0,2026-05-29 13:30:26
3859,779,50101082,2026-03-21 16:14:29,2026-03-21 17:14:29,1,Italian,41.4,0.3,0.0,completed,15.02,False,0.0,2026-03-21 16:14:29
3860,779,50060154,2026-03-01 19:29:26,2026-03-01 20:14:26,4,Donuts,27.3,0.0,0.0,completed,39.63,False,0.0,2026-03-01 19:29:26
3861,779,50118808,2026-03-20 19:29:25,2026-03-20 20:14:25,2,American,35.7,0.0,4.6,completed,28.5,False,0.0,2026-03-20 19:29:25
3862,779,50179789,2026-05-27 09:33:17,2026-05-27 10:18:17,2,Donuts,26.6,0.0,6.1,no_show,49.94,False,0.0,2026-05-27 09:33:17
3863,780,50135427,2026-03-26 10:29:05,2026-03-26 10:59:05,2,Japanese,38.2,0.0,0.0,completed,171.11,False,0.0,2026-03-26 10:29:05
3864,780,50107844,2026-05-06 14:38:21,2026-05-06 14:53:21,2,Chinese,42.5,23.3,21.2,cancelled,46.85,False,0.0,2026-05-06 14:38:21
3865,780,50086108,2026-05-26 09:49:05,2026-05-26 10:49:05,4,Chinese,35.3,0.0,0.3,completed,149.23,False,0.0,2026-05-26 09:49:05
3866,780,50001456,2026-04-30 14:49:25,2026-04-30 15:19:25,2,Chinese,9.5,0.0,0.0,completed,47.53,False,0.0,2026-04-30 14:49:25
3867,780,50115103,2026-03-25 14:14:52,2026-03-25 15:44:52,2,Japanese,22.3,0.0,0.0,completed,70.4,False,0.0,2026-03-25 14:14:52
3868,780,50070943,2026-03-28 13:12:11,2026-03-28 13:42:11,1,Pizza,15.9,0.0,0.0,completed,29.9,False,0.0,2026-03-28 13:12:11
3869,780,50002480,2026-05-28 14:48:49,2026-05-28 16:18:49,2,American,25.5,0.0,0.0,cancelled,124.34,False,0.0,2026-05-28 14:48:49
3870,781,50133729,2026-03-19 19:02:43,2026-03-19 20:02:43,2,Sandwiches,14.8,0.0,0.9,completed,29.78,False,0.0,2026-03-19 19:02:43
3871,781,50095900,2026-05-25 13:04:22,2026-05-25 13:49:22,2,American,27.0,0.0,1.7,cancelled,45.45,False,0.0,2026-05-25 13:04:22
3872,782,50167236,2026-04-24 10:30:34,2026-04-24 10:45:34,4,Mediterranean,39.5,0.0,1.5,completed,10.18,False,0.0,2026-04-24 10:30:34
3873,782,50152655,2026-05-23 11:14:51,2026-05-23 11:59:51,1,French,26.4,5.8,4.5,completed,10.9,True,2.18,2026-05-23 11:14:51
3874,782,40959046,2026-05-23 19:52:31,2026-05-23 20:37:31,3,American,35.0,0.0,7.3,completed,38.23,False,0.0,2026-05-23 19:52:31
3875,782,50143461,2026-05-06 20:21:46,2026-05-06 21:06:46,4,American,10.5,0.0,0.0,completed,39.54,False,0.0,2026-05-06 20:21:46
3876,782,50140956,2026-05-13 22:48:29,2026-05-13 23:03:29,2,American,40.8,0.0,0.0,completed,22.69,False,0.0,2026-05-13 22:48:29
3877,782,50140852,2026-04-01 14:57:18,2026-04-01 15:57:18,4,Mediterranean,6.8,0.0,0.0,completed,15.28,False,0.0,2026-04-01 14:57:18
3878,782,50144043,2026-05-19 12:37:15,2026-05-19 13:07:15,3,American,32.2,0.0,0.0,completed,18.6,False,0.0,2026-05-19 12:37:15
3879,782,50172466,2026-03-19 10:47:33,2026-03-19 11:32:33,3,American,18.8,0.0,0.0,no_show,20.49,True,4.1,2026-03-19 10:47:33
3880,782,50139826,2026-03-09 18:47:40,2026-03-09 19:17:40,3,"Juice, Smoothies, Fruit Salads",33.1,0.0,0.0,completed,37.15,False,0.0,2026-03-09 18:47:40
3881,785,50164307,2026-03-07 11:17:25,2026-03-07 12:47:25,2,Mediterranean,30.4,0.8,6.3,completed,36.07,False,0.0,2026-03-07 11:17:25
3882,785,50177097,2026-03-21 13:23:54,2026-03-21 13:53:54,2,Sandwiches,28.4,0.0,1.9,completed,37.01,True,5.55,2026-03-21 13:23:54
3883,785,50108770,2026-05-16 14:08:21,2026-05-16 14:38:21,2,Sandwiches,39.3,0.0,0.8,completed,65.14,False,0.0,2026-05-16 14:08:21
3884,785,50135009,2026-03-05 19:43:40,2026-03-05 20:28:40,5,Mediterranean,24.3,0.0,0.0,completed,170.67,False,0.0,2026-03-05 19:43:40
3885,785,40402026,2026-03-29 16:48:49,2026-03-29 17:48:49,2,Latin American,11.8,0.0,5.9,completed,33.9,False,0.0,2026-03-29 16:48:49
3886,785,50085479,2026-05-24 12:59:04,2026-05-24 13:44:04,2,Mediterranean,12.6,0.0,0.0,completed,40.89,False,0.0,2026-05-24 12:59:04
3887,785,50038538,2026-04-15 20:59:49,2026-04-15 21:59:49,1,Sandwiches,39.3,0.0,0.0,completed,21.63,False,0.0,2026-04-15 20:59:49
3888,785,50159891,2026-05-04 22:24:44,2026-05-04 22:39:44,2,Sandwiches,18.4,0.0,0.6,completed,25.87,False,0.0,2026-05-04 22:24:44
3889,785,50144507,2026-04-08 20:00:52,2026-04-08 21:00:52,2,Coffee/Tea,10.9,0.0,5.5,completed,37.05,False,0.0,2026-04-08 20:00:52
3890,785,40732696,2026-03-04 11:11:51,2026-03-04 12:11:51,2,Sandwiches,21.0,0.0,0.0,completed,51.69,False,0.0,2026-03-04 11:11:51
3891,786,50162901,2026-03-19 14:07:10,2026-03-19 15:07:10,2,Asian/Asian Fusion,12.0,0.0,0.8,completed,111.82,False,0.0,2026-03-19 14:07:10
3892,786,50146814,2026-05-07 19:47:31,2026-05-07 20:47:31,4,Coffee/Tea,31.8,0.0,0.0,completed,303.49,False,0.0,2026-05-07 19:47:31
3893,786,41687902,2026-04-13 18:09:35,2026-04-13 20:09:35,2,Coffee/Tea,17.8,0.0,0.0,cancelled,92.29,False,0.0,2026-04-13 18:09:35
3894,786,50134078,2026-05-08 20:17:34,2026-05-08 21:47:34,2,American,11.9,0.0,1.8,completed,301.53,False,0.0,2026-05-08 20:17:34
3895,786,50144552,2026-05-08 18:19:51,2026-05-08 19:49:51,1,Asian/Asian Fusion,33.8,0.0,3.5,completed,57.92,False,0.0,2026-05-08 18:19:51
3896,786,50084739,2026-03-13 16:06:34,2026-03-13 17:06:34,2,Asian/Asian Fusion,20.0,0.0,1.4,completed,131.31,False,0.0,2026-03-13 16:06:34
3897,786,41088457,2026-03-13 12:27:19,2026-03-13 13:27:19,4,Coffee/Tea,35.4,0.0,3.1,completed,117.6,True,29.4,2026-03-13 12:27:19
3898,787,50063293,2026-03-05 11:21:46,2026-03-05 11:36:46,6,Japanese,23.4,0.0,0.0,completed,219.48,True,32.92,2026-03-05 11:21:46
3899,787,50150487,2026-04-14 12:13:53,2026-04-14 13:13:53,2,Japanese,18.0,0.0,1.8,cancelled,30.38,False,0.0,2026-04-14 12:13:53
3900,787,50084598,2026-03-11 13:59:16,2026-03-11 14:44:16,2,Japanese,41.2,0.0,0.8,cancelled,51.47,False,0.0,2026-03-11 13:59:16
3901,787,50146113,2026-03-24 10:45:17,2026-03-24 11:30:17,2,Japanese,32.2,0.0,2.9,completed,24.0,False,0.0,2026-03-24 10:45:17
3902,788,50159811,2026-03-11 12:46:55,2026-03-11 13:31:55,1,Sandwiches,16.8,0.0,2.9,completed,34.2,False,0.0,2026-03-11 12:46:55
3903,788,50071792,2026-03-14 17:36:07,2026-03-14 18:21:07,2,Chinese,37.0,0.0,0.0,completed,16.19,False,0.0,2026-03-14 17:36:07
3904,789,50012014,2026-05-19 20:37:45,2026-05-19 21:37:45,2,Chicken,24.4,0.0,3.3,completed,10.11,False,0.0,2026-05-19 20:37:45
3905,791,50001468,2026-03-23 10:55:31,2026-03-23 11:40:31,1,Chicken,27.1,0.0,0.6,completed,15.93,False,0.0,2026-03-23 10:55:31
3906,791,50056678,2026-05-15 13:19:13,2026-05-15 13:34:13,2,Bagels/Pretzels,42.4,0.0,3.5,cancelled,161.63,True,32.33,2026-05-15 13:19:13
3907,791,50043434,2026-04-04 14:45:50,2026-04-04 16:15:50,4,American,33.5,0.0,1.1,completed,128.65,False,0.0,2026-04-04 14:45:50
3908,791,50095716,2026-05-18 08:07:40,2026-05-18 08:37:40,2,Donuts,11.9,0.0,0.0,completed,13.62,True,1.36,2026-05-18 08:07:40
3909,791,50130516,2026-04-24 09:30:30,2026-04-24 10:30:30,4,Hamburgers,29.1,0.0,4.2,completed,33.38,True,5.01,2026-04-24 09:30:30
3910,791,50163231,2026-05-22 13:12:53,2026-05-22 13:42:53,3,Donuts,10.6,0.0,0.0,completed,460.11,True,92.02,2026-05-22 13:12:53
3911,791,50157578,2026-04-05 12:48:08,2026-04-05 13:18:08,3,Donuts,30.2,0.0,1.1,completed,123.36,False,0.0,2026-04-05 12:48:08
3912,791,50174989,2026-03-18 13:52:57,2026-03-18 14:52:57,3,Chicken,37.4,0.0,2.5,completed,80.34,False,0.0,2026-03-18 13:52:57
3913,791,50011207,2026-05-12 17:55:46,2026-05-12 19:25:46,2,Chicken,17.9,0.0,1.1,cancelled,22.28,True,5.57,2026-05-12 17:55:46
3914,791,41230004,2026-04-17 11:22:39,2026-04-17 12:52:39,3,American,27.4,0.0,0.5,no_show,175.59,False,0.0,2026-04-17 11:22:39
3915,791,50006285,2026-03-28 16:39:23,2026-03-28 18:09:23,3,Donuts,31.9,0.0,2.8,completed,76.72,True,15.34,2026-03-28 16:39:23
3916,791,41704598,2026-03-16 13:47:39,2026-03-16 14:47:39,2,Donuts,36.1,0.0,5.1,completed,11.95,False,0.0,2026-03-16 13:47:39
3917,791,41145134,2026-04-17 09:26:49,2026-04-17 09:56:49,5,Donuts,5.1,0.0,2.1,completed,176.71,True,35.34,2026-04-17 09:26:49
3918,791,50139541,2026-03-13 15:33:11,2026-03-13 17:03:11,3,Spanish,22.1,0.0,3.1,completed,32.76,False,0.0,2026-03-13 15:33:11
3919,791,41317579,2026-04-24 12:34:37,2026-04-24 14:04:37,2,American,11.8,0.0,2.5,no_show,43.32,False,0.0,2026-04-24 12:34:37
3920,791,50126405,2026-04-30 14:48:26,2026-04-30 15:03:26,2,Chicken,39.0,0.0,2.6,completed,70.97,True,14.19,2026-04-30 14:48:26
3921,794,50145971,2026-03-07 19:20:28,2026-03-07 20:05:28,2,Chinese,44.3,0.0,0.0,completed,3.53,False,0.0,2026-03-07 19:20:28
3922,794,50152959,2026-05-21 15:18:27,2026-05-21 15:48:27,4,Coffee/Tea,27.4,0.0,3.6,completed,38.64,False,0.0,2026-05-21 15:18:27
3923,794,50123476,2026-05-30 11:53:10,2026-05-30 12:38:10,4,Coffee/Tea,40.1,0.0,0.0,completed,59.72,True,8.96,2026-05-30 11:53:10
3924,794,50154033,2026-05-11 12:39:46,2026-05-11 12:54:46,4,Other,22.1,0.2,0.0,completed,64.26,False,0.0,2026-05-11 12:39:46
3925,795,50175886,2026-04-02 17:15:37,2026-04-02 19:15:37,1,Coffee/Tea,26.2,0.0,0.0,completed,13.41,True,3.35,2026-04-02 17:15:37
3926,795,50147425,2026-05-18 11:02:31,2026-05-18 12:02:31,2,American,29.5,0.0,0.0,completed,49.77,True,7.47,2026-05-18 11:02:31
3927,795,41680991,2026-03-08 13:40:45,2026-03-08 14:25:45,1,American,34.4,0.0,0.0,completed,26.0,False,0.0,2026-03-08 13:40:45
3928,795,50133640,2026-03-25 16:34:42,2026-03-25 18:34:42,3,Thai,24.6,0.0,0.0,completed,67.57,False,0.0,2026-03-25 16:34:42
3929,795,50109268,2026-04-15 19:36:53,2026-04-15 20:06:53,5,Asian/Asian Fusion,23.0,0.0,0.0,completed,37.96,False,0.0,2026-04-15 19:36:53
3930,796,50114975,2026-04-05 09:36:13,2026-04-05 10:21:13,4,Japanese,16.1,0.0,0.8,completed,318.91,False,0.0,2026-04-05 09:36:13
3931,796,50110979,2026-04-23 11:54:58,2026-04-23 12:39:58,1,Asian/Asian Fusion,40.7,0.0,0.1,completed,8.97,False,0.0,2026-04-23 11:54:58
3932,796,50163332,2026-05-14 17:37:20,2026-05-14 19:07:20,3,Asian/Asian Fusion,27.3,0.0,4.7,completed,236.39,False,0.0,2026-05-14 17:37:20
3933,796,50175402,2026-05-02 21:11:50,2026-05-02 21:41:50,2,Asian/Asian Fusion,8.7,3.8,4.0,cancelled,218.53,True,43.71,2026-05-02 21:11:50
3934,796,50129758,2026-04-26 13:18:28,2026-04-26 14:03:28,2,Japanese,42.6,0.7,3.4,completed,133.7,False,0.0,2026-04-26 13:18:28
3935,796,50127162,2026-05-07 10:52:47,2026-05-07 11:22:47,3,Asian/Asian Fusion,16.3,0.0,0.4,completed,169.47,False,0.0,2026-05-07 10:52:47
3936,797,50152273,2026-05-31 11:29:25,2026-05-31 12:29:25,1,"Juice, Smoothies, Fruit Salads",10.1,0.0,5.6,no_show,45.75,False,0.0,2026-05-31 11:29:25
3937,797,50009047,2026-05-12 17:43:04,2026-05-12 18:13:04,3,Japanese,13.4,0.2,2.1,completed,116.58,False,0.0,2026-05-12 17:43:04
3938,797,50015433,2026-04-29 20:45:26,2026-04-29 21:45:26,2,"Juice, Smoothies, Fruit Salads",21.0,0.0,4.8,cancelled,161.91,True,32.38,2026-04-29 20:45:26
3939,798,50160967,2026-04-03 19:16:50,2026-04-03 19:46:50,1,American,18.5,0.0,2.6,completed,29.03,False,0.0,2026-04-03 19:16:50
3940,798,41375603,2026-05-14 17:12:23,2026-05-14 18:12:23,2,Latin American,11.1,0.0,0.0,completed,161.47,False,0.0,2026-05-14 17:12:23
3941,798,50070663,2026-03-05 10:48:08,2026-03-05 11:48:08,2,Pizza,37.7,0.0,1.7,completed,70.49,False,0.0,2026-03-05 10:48:08
3942,798,50139396,2026-04-19 08:11:15,2026-04-19 09:11:15,4,American,13.1,0.0,0.5,completed,171.49,False,0.0,2026-04-19 08:11:15
3943,798,50076107,2026-05-25 12:45:49,2026-05-25 13:45:49,2,Other,14.9,0.0,1.6,completed,160.63,False,0.0,2026-05-25 12:45:49
3944,798,50146129,2026-04-02 12:03:45,2026-04-02 13:03:45,4,Pizza,14.0,0.0,1.4,completed,353.53,False,0.0,2026-04-02 12:03:45
3945,798,50160488,2026-03-04 20:43:39,2026-03-04 21:28:39,3,Other,35.6,0.0,4.0,completed,132.99,False,0.0,2026-03-04 20:43:39
3946,798,50121315,2026-04-30 19:42:51,2026-04-30 20:27:51,3,Mexican,39.9,0.0,0.0,cancelled,289.11,False,0.0,2026-04-30 19:42:51
3947,798,50122865,2026-03-30 17:29:48,2026-03-30 17:59:48,2,Pizza,16.9,0.0,3.1,completed,91.18,False,0.0,2026-03-30 17:29:48
3948,798,50106220,2026-04-25 14:00:37,2026-04-25 15:30:37,1,Coffee/Tea,6.0,0.0,0.0,completed,91.88,False,0.0,2026-04-25 14:00:37
3949,798,50170362,2026-03-16 16:16:03,2026-03-16 17:46:03,3,Coffee/Tea,18.8,0.0,0.0,completed,206.85,False,0.0,2026-03-16 16:16:03
3950,798,50119909,2026-04-10 09:00:39,2026-04-10 10:00:39,2,Japanese,24.8,0.0,0.4,completed,81.48,False,0.0,2026-04-10 09:00:39
3951,798,50142981,2026-03-30 09:57:58,2026-03-30 10:27:58,2,Pizza,26.0,0.0,0.5,completed,19.91,True,3.98,2026-03-30 09:57:58
3952,798,50158801,2026-05-25 15:14:21,2026-05-25 15:44:21,1,Pizza,16.2,0.0,0.5,cancelled,51.65,False,0.0,2026-05-25 15:14:21
3953,798,50153706,2026-04-29 15:02:18,2026-04-29 16:32:18,3,Pizza,32.2,0.0,0.0,completed,202.59,False,0.0,2026-04-29 15:02:18
3954,798,50104248,2026-05-03 13:50:39,2026-05-03 14:35:39,1,Other,13.9,0.0,0.0,completed,52.03,False,0.0,2026-05-03 13:50:39
3955,799,40996589,2026-03-12 21:29:06,2026-03-12 22:14:06,3,Latin American,10.5,0.0,2.6,completed,125.21,False,0.0,2026-03-12 21:29:06
3956,799,50160156,2026-04-03 16:03:51,2026-04-03 18:03:51,1,Korean,31.4,0.0,3.4,completed,11.04,True,1.1,2026-04-03 16:03:51
3957,799,50043003,2026-05-14 15:45:11,2026-05-14 16:15:11,3,Korean,35.3,0.0,2.1,completed,188.3,False,0.0,2026-05-14 15:45:11
3958,799,50167375,2026-04-08 17:40:55,2026-04-08 17:55:55,3,Pizza,16.4,0.0,5.9,completed,71.54,False,0.0,2026-04-08 17:40:55
3959,799,50104384,2026-04-04 09:22:08,2026-04-04 09:52:08,4,Coffee/Tea,37.5,0.0,0.0,completed,250.94,False,0.0,2026-04-04 09:22:08
3960,799,50002009,2026-05-12 22:57:55,2026-05-13 00:27:55,4,Latin American,31.0,0.0,0.0,completed,35.94,True,7.19,2026-05-12 22:57:55
3961,800,50087083,2026-05-13 15:22:20,2026-05-13 16:22:20,4,Chinese,32.6,0.0,0.0,completed,22.76,False,0.0,2026-05-13 15:22:20
3962,800,50118602,2026-03-02 15:08:11,2026-03-02 16:08:11,2,Chicken,28.3,0.0,0.0,cancelled,74.57,False,0.0,2026-03-02 15:08:11
3963,800,50101878,2026-04-10 16:38:06,2026-04-10 17:23:06,3,Chinese,21.7,0.0,0.0,completed,66.09,True,6.61,2026-04-10 16:38:06
3964,800,50088377,2026-04-09 19:42:22,2026-04-09 20:42:22,2,Hamburgers,27.1,0.0,0.0,completed,46.7,False,0.0,2026-04-09 19:42:22
3965,800,50108977,2026-04-29 16:19:53,2026-04-29 16:49:53,3,Chinese,35.0,0.0,0.0,completed,20.05,True,2.0,2026-04-29 16:19:53
3966,800,50126739,2026-05-27 08:45:06,2026-05-27 09:15:06,2,American,5.3,0.0,2.7,completed,86.44,False,0.0,2026-05-27 08:45:06
3967,800,50160016,2026-05-03 10:02:03,2026-05-03 12:02:03,1,Chinese,29.9,0.0,0.0,completed,11.67,False,0.0,2026-05-03 10:02:03
3968,800,50120024,2026-04-30 12:47:29,2026-04-30 14:17:29,2,Chinese,38.7,22.3,26.0,completed,98.85,False,0.0,2026-04-30 12:47:29
3969,801,50179762,2026-03-15 20:30:24,2026-03-15 22:00:24,2,"Juice, Smoothies, Fruit Salads",24.1,0.0,0.0,completed,42.2,False,0.0,2026-03-15 20:30:24
3970,801,40747820,2026-04-29 13:02:49,2026-04-29 14:32:49,1,Irish,40.2,0.0,3.1,completed,13.13,False,0.0,2026-04-29 13:02:49
3971,801,50150851,2026-04-30 10:56:33,2026-04-30 11:26:33,3,Latin American,32.9,0.0,2.6,completed,2.12,False,0.0,2026-04-30 10:56:33
3972,801,50133344,2026-05-12 18:29:49,2026-05-12 19:14:49,4,Korean,21.6,0.0,0.7,completed,27.51,False,0.0,2026-05-12 18:29:49
3973,801,50016964,2026-04-03 16:23:00,2026-04-03 16:53:00,2,Korean,5.6,0.0,3.1,completed,36.06,False,0.0,2026-04-03 16:23:00
3974,801,50177871,2026-04-20 19:55:50,2026-04-20 20:40:50,2,Mediterranean,40.7,4.6,7.0,completed,6.12,False,0.0,2026-04-20 19:55:50
3975,801,50158701,2026-04-18 16:45:22,2026-04-18 17:15:22,1,"Juice, Smoothies, Fruit Salads",5.5,0.0,0.7,completed,18.8,False,0.0,2026-04-18 16:45:22
3976,801,50041966,2026-05-13 12:49:18,2026-05-13 14:19:18,2,Korean,12.7,0.0,0.5,completed,45.29,False,0.0,2026-05-13 12:49:18
3977,802,50114768,2026-04-01 19:43:46,2026-04-01 20:13:46,2,Chicken,44.9,0.0,2.1,completed,86.52,False,0.0,2026-04-01 19:43:46
3978,802,50108317,2026-04-21 16:34:59,2026-04-21 17:19:59,2,Chicken,19.7,0.0,8.7,completed,28.17,False,0.0,2026-04-21 16:34:59
3979,802,50124827,2026-05-14 19:05:37,2026-05-14 20:35:37,3,French,35.9,0.0,0.6,cancelled,30.52,False,0.0,2026-05-14 19:05:37
3980,802,50118940,2026-03-27 11:39:33,2026-03-27 12:09:33,5,Chicken,28.6,0.0,0.0,completed,56.72,False,0.0,2026-03-27 11:39:33
3981,802,50158103,2026-04-18 19:54:49,2026-04-18 21:54:49,2,French,10.9,0.0,0.0,completed,20.51,True,5.13,2026-04-18 19:54:49
3982,802,50152172,2026-04-17 19:00:17,2026-04-17 19:30:17,2,Italian,31.0,0.0,2.3,completed,60.32,False,0.0,2026-04-17 19:00:17
3983,803,41621699,2026-03-17 13:25:51,2026-03-17 14:25:51,2,Latin American,30.0,0.0,1.1,completed,41.65,False,0.0,2026-03-17 13:25:51
3984,804,40551234,2026-04-29 18:53:02,2026-04-29 20:53:02,4,American,44.2,0.0,0.0,cancelled,114.06,False,0.0,2026-04-29 18:53:02
3985,804,50133243,2026-04-13 09:39:27,2026-04-13 09:54:27,2,Sandwiches,10.3,0.0,3.9,completed,33.81,True,8.45,2026-04-13 09:39:27
3986,804,50108770,2026-05-02 17:41:45,2026-05-02 18:26:45,1,Sandwiches,11.5,0.0,0.0,completed,4.09,False,0.0,2026-05-02 17:41:45
3987,804,50151764,2026-03-17 13:03:35,2026-03-17 14:03:35,3,Sandwiches,41.2,0.0,0.0,completed,51.73,False,0.0,2026-03-17 13:03:35
3988,805,50174582,2026-03-27 11:34:16,2026-03-27 12:19:16,2,American,27.4,0.0,1.5,completed,29.65,False,0.0,2026-03-27 11:34:16
3989,805,50164501,2026-03-25 17:57:23,2026-03-25 18:12:23,6,Thai,43.1,0.0,3.1,completed,98.03,False,0.0,2026-03-25 17:57:23
3990,805,41699605,2026-04-29 21:48:01,2026-04-29 22:03:01,2,Mexican,43.5,0.0,0.8,completed,46.33,False,0.0,2026-04-29 21:48:01
3991,805,50135920,2026-05-13 13:11:06,2026-05-13 14:11:06,2,Asian/Asian Fusion,38.5,23.3,20.9,completed,104.09,False,0.0,2026-05-13 13:11:06
3992,805,50118876,2026-05-02 19:38:02,2026-05-02 20:38:02,3,Asian/Asian Fusion,29.2,0.0,0.7,completed,75.36,False,0.0,2026-05-02 19:38:02
3993,806,50121683,2026-03-08 17:46:27,2026-03-08 18:16:27,2,Chinese,12.9,0.0,0.0,completed,185.69,False,0.0,2026-03-08 17:46:27
3994,806,50162920,2026-04-21 18:38:53,2026-04-21 20:38:53,4,Chinese,33.7,0.0,0.0,completed,374.03,False,0.0,2026-04-21 18:38:53
3995,806,50146629,2026-05-11 11:59:00,2026-05-11 12:14:00,2,Chinese,40.0,0.0,0.0,completed,125.52,False,0.0,2026-05-11 11:59:00
3996,807,41327743,2026-04-30 21:06:57,2026-04-30 21:51:57,3,Indian,11.5,0.0,0.0,completed,104.89,False,0.0,2026-04-30 21:06:57
3997,807,41489806,2026-03-23 15:28:05,2026-03-23 16:13:05,3,Indian,20.1,0.0,0.0,completed,62.76,False,0.0,2026-03-23 15:28:05
3998,807,50165428,2026-04-22 18:18:17,2026-04-22 19:03:17,2,Coffee/Tea,10.8,0.0,0.4,completed,74.53,False,0.0,2026-04-22 18:18:17
3999,807,41709604,2026-04-22 14:12:49,2026-04-22 15:42:49,3,Chicken,7.7,0.0,0.0,completed,97.27,False,0.0,2026-04-22 14:12:49
4000,807,50174160,2026-05-13 21:15:56,2026-05-13 21:30:56,3,Italian,34.7,0.0,0.0,completed,13.98,True,2.8,2026-05-13 21:15:56
4001,807,50177493,2026-04-05 17:36:01,2026-04-05 18:06:01,1,Coffee/Tea,24.0,0.0,1.6,completed,0.69,False,0.0,2026-04-05 17:36:01
4002,807,50118838,2026-04-29 16:17:45,2026-04-29 17:02:45,2,Coffee/Tea,23.9,0.0,1.1,completed,37.44,False,0.0,2026-04-29 16:17:45
4003,807,50157163,2026-04-10 21:06:59,2026-04-10 22:36:59,1,Latin American,6.4,0.0,0.2,completed,35.2,False,0.0,2026-04-10 21:06:59
4004,807,50108497,2026-03-29 18:32:56,2026-03-29 19:32:56,1,Indian,27.8,0.0,0.0,completed,30.32,True,3.03,2026-03-29 18:32:56
4005,807,50139590,2026-05-09 22:13:12,2026-05-09 23:13:12,2,Coffee/Tea,41.6,0.0,0.0,completed,111.31,False,0.0,2026-05-09 22:13:12
4006,807,40398434,2026-03-31 18:15:35,2026-03-31 20:15:35,2,Indian,13.3,0.0,2.2,completed,61.87,False,0.0,2026-03-31 18:15:35
4007,807,50155204,2026-04-27 19:16:35,2026-04-27 19:46:35,2,Coffee/Tea,43.7,0.0,7.0,completed,38.52,False,0.0,2026-04-27 19:16:35
4008,807,50130973,2026-05-25 17:02:24,2026-05-25 18:02:24,2,Frozen Desserts,22.8,0.0,0.3,completed,27.71,True,5.54,2026-05-25 17:02:24
4009,808,41575449,2026-04-14 13:46:51,2026-04-14 14:31:51,4,American,42.6,0.3,0.3,no_show,69.91,False,0.0,2026-04-14 13:46:51
4010,808,50168175,2026-04-23 13:01:35,2026-04-23 13:46:35,2,Korean,44.8,0.0,0.9,completed,36.55,False,0.0,2026-04-23 13:01:35
4011,808,50054046,2026-03-09 20:36:21,2026-03-09 22:06:21,1,French,29.1,0.0,8.3,completed,4.01,False,0.0,2026-03-09 20:36:21
4012,809,41253845,2026-05-31 13:52:20,2026-05-31 14:37:20,1,American,43.7,0.0,5.9,completed,25.89,False,0.0,2026-05-31 13:52:20
4013,810,50118072,2026-04-18 12:05:18,2026-04-18 13:35:18,4,Mexican,38.3,0.0,0.2,completed,90.73,False,0.0,2026-04-18 12:05:18
4014,810,50164167,2026-05-22 19:41:11,2026-05-22 20:41:11,1,Mexican,17.2,0.0,0.0,completed,29.1,True,5.82,2026-05-22 19:41:11
4015,810,50111610,2026-05-26 09:50:39,2026-05-26 10:05:39,2,Bakery Products/Desserts,37.0,0.0,0.0,completed,7.39,True,1.48,2026-05-26 09:50:39
4016,811,50097856,2026-04-25 20:00:57,2026-04-25 20:45:57,3,Donuts,33.0,0.0,0.0,completed,200.32,False,0.0,2026-04-25 20:00:57
4017,811,50139754,2026-04-17 12:01:33,2026-04-17 12:46:33,4,Sandwiches/Salads/Mixed Buffet,15.8,0.0,2.1,completed,106.41,False,0.0,2026-04-17 12:01:33
4018,812,50065774,2026-04-17 19:23:43,2026-04-17 19:38:43,1,Seafood,6.9,0.0,3.6,completed,13.77,False,0.0,2026-04-17 19:23:43
4019,812,50112698,2026-05-15 12:36:52,2026-05-15 13:21:52,2,Salads,15.1,0.0,0.0,completed,158.45,False,0.0,2026-05-15 12:36:52
4020,812,50126157,2026-04-05 09:33:17,2026-04-05 10:18:17,4,Mediterranean,43.2,0.0,2.4,completed,61.92,False,0.0,2026-04-05 09:33:17
4021,812,41040475,2026-04-21 19:53:19,2026-04-21 20:38:19,4,American,16.9,0.0,0.0,completed,221.06,False,0.0,2026-04-21 19:53:19
4022,812,50036199,2026-03-12 12:31:14,2026-03-12 14:01:14,3,Mediterranean,37.7,0.0,0.0,completed,89.96,False,0.0,2026-03-12 12:31:14
4023,812,50001719,2026-03-02 10:41:57,2026-03-02 11:26:57,5,Mediterranean,36.1,0.0,0.0,completed,173.91,True,26.09,2026-03-02 10:41:57
4024,812,50044520,2026-04-25 12:37:22,2026-04-25 13:22:22,2,American,35.8,8.6,5.4,completed,45.89,True,4.59,2026-04-25 12:37:22
4025,813,50145549,2026-04-16 18:58:51,2026-04-16 19:43:51,1,Japanese,24.4,0.0,6.2,completed,33.56,False,0.0,2026-04-16 18:58:51
4026,813,41635072,2026-04-04 11:03:51,2026-04-04 11:33:51,4,Italian,31.2,0.0,0.4,completed,1160.9,False,0.0,2026-04-04 11:03:51
4027,813,50150129,2026-03-26 09:21:59,2026-03-26 09:51:59,2,"Juice, Smoothies, Fruit Salads",31.2,0.0,0.2,cancelled,109.5,False,0.0,2026-03-26 09:21:59
4028,813,50147929,2026-05-26 19:29:25,2026-05-26 20:59:25,4,Japanese,32.1,0.0,2.3,completed,48.05,False,0.0,2026-05-26 19:29:25
4029,814,50118032,2026-03-28 08:47:22,2026-03-28 09:17:22,5,Asian/Asian Fusion,10.2,0.0,1.1,completed,69.31,False,0.0,2026-03-28 08:47:22
4030,814,41567865,2026-05-06 08:47:13,2026-05-06 09:17:13,6,Mexican,22.0,0.0,0.0,completed,196.22,True,19.62,2026-05-06 08:47:13
4031,814,50119713,2026-05-22 20:21:21,2026-05-22 21:51:21,1,Asian/Asian Fusion,22.5,0.0,1.7,completed,23.78,True,5.95,2026-05-22 20:21:21
4032,814,50118032,2026-03-22 17:43:02,2026-03-22 18:13:02,1,Asian/Asian Fusion,36.4,0.0,1.6,no_show,19.67,True,4.92,2026-03-22 17:43:02
4033,814,50145771,2026-04-07 20:34:32,2026-04-07 21:04:32,2,Asian/Asian Fusion,26.6,0.0,0.0,completed,31.33,True,7.83,2026-04-07 20:34:32
4034,815,41136967,2026-04-16 13:35:31,2026-04-16 13:50:31,3,American,24.1,0.0,3.4,completed,151.22,True,30.24,2026-04-16 13:35:31
4035,815,50174266,2026-04-24 12:47:32,2026-04-24 13:32:32,3,Italian,15.3,0.0,2.0,completed,145.4,False,0.0,2026-04-24 12:47:32
4036,815,50145878,2026-03-13 18:42:15,2026-03-13 19:42:15,2,New American,30.7,0.0,0.0,completed,66.34,True,13.27,2026-03-13 18:42:15
4037,815,50114882,2026-04-10 13:56:23,2026-04-10 15:26:23,2,Coffee/Tea,39.0,0.0,2.1,completed,104.33,True,15.65,2026-04-10 13:56:23
4038,815,50150589,2026-05-21 18:49:47,2026-05-21 20:19:47,5,Korean,19.8,0.0,0.0,cancelled,25.08,False,0.0,2026-05-21 18:49:47
4039,816,50156176,2026-03-05 11:40:29,2026-03-05 13:10:29,2,Mediterranean,12.7,0.0,0.0,cancelled,37.41,False,0.0,2026-03-05 11:40:29
4040,817,41405007,2026-04-18 21:36:20,2026-04-18 23:06:20,2,American,11.3,0.0,0.0,completed,38.57,False,0.0,2026-04-18 21:36:20
4041,817,50172135,2026-05-11 19:24:08,2026-05-11 19:54:08,2,Donuts,30.1,0.0,0.0,completed,82.85,False,0.0,2026-05-11 19:24:08
4042,817,40375699,2026-03-11 20:41:39,2026-03-11 21:41:39,2,Italian,35.6,0.0,3.6,completed,60.46,False,0.0,2026-03-11 20:41:39
4043,817,40367728,2026-03-12 21:23:35,2026-03-12 22:08:35,2,Italian,17.2,0.0,3.2,completed,34.69,False,0.0,2026-03-12 21:23:35
4044,817,50145565,2026-03-09 13:59:30,2026-03-09 14:59:30,1,Italian,23.2,0.9,0.0,completed,7.43,False,0.0,2026-03-09 13:59:30
4045,818,50117525,2026-03-16 13:53:37,2026-03-16 14:53:37,1,Mexican,11.2,0.0,0.0,cancelled,25.16,True,2.52,2026-03-16 13:53:37
4046,818,50181730,2026-04-14 09:53:33,2026-04-14 10:08:33,1,Mexican,6.5,0.0,0.0,completed,29.65,True,2.97,2026-04-14 09:53:33
4047,819,50170028,2026-03-23 16:46:36,2026-03-23 17:46:36,2,Japanese,43.2,0.0,2.1,completed,42.82,True,8.56,2026-03-23 16:46:36
4048,819,50182567,2026-04-16 08:46:34,2026-04-16 10:16:34,4,Japanese,27.6,2.6,5.1,completed,56.2,False,0.0,2026-04-16 08:46:34
4049,820,50089256,2026-03-31 18:43:41,2026-03-31 18:58:41,1,Donuts,16.5,0.0,0.0,completed,23.98,False,0.0,2026-03-31 18:43:41
4050,820,50053728,2026-04-19 10:17:47,2026-04-19 10:32:47,2,Mediterranean,19.9,0.0,0.0,completed,87.44,False,0.0,2026-04-19 10:17:47
4051,821,50083696,2026-04-21 12:42:23,2026-04-21 14:12:23,2,Mediterranean,33.5,0.0,0.0,completed,34.84,False,0.0,2026-04-21 12:42:23
4052,821,50174137,2026-04-17 14:01:48,2026-04-17 15:01:48,2,Other,38.5,1.8,1.4,completed,12.04,False,0.0,2026-04-17 14:01:48
4053,821,41239252,2026-03-03 13:55:54,2026-03-03 15:25:54,1,Mediterranean,26.6,0.4,0.0,completed,19.51,False,0.0,2026-03-03 13:55:54
4054,821,50135617,2026-03-03 16:44:41,2026-03-03 18:44:41,2,Mediterranean,31.8,0.0,0.0,cancelled,22.91,False,0.0,2026-03-03 16:44:41
4055,821,50119298,2026-04-05 20:29:40,2026-04-05 21:29:40,2,Mediterranean,34.7,0.0,4.7,completed,9.88,False,0.0,2026-04-05 20:29:40
4056,821,50156176,2026-05-02 18:18:01,2026-05-02 18:48:01,4,Mediterranean,18.3,0.0,0.0,completed,78.08,False,0.0,2026-05-02 18:18:01
4057,821,50146128,2026-03-26 19:45:33,2026-03-26 20:45:33,4,Sandwiches/Salads/Mixed Buffet,45.0,0.0,0.0,completed,55.14,True,8.27,2026-03-26 19:45:33
4058,821,50145144,2026-04-10 14:28:35,2026-04-10 14:43:35,2,Other,15.0,0.0,2.6,cancelled,42.65,False,0.0,2026-04-10 14:28:35
4059,821,50144074,2026-03-05 17:32:45,2026-03-05 17:47:45,4,Other,24.8,0.0,2.7,completed,138.6,False,0.0,2026-03-05 17:32:45
4060,821,50163011,2026-05-16 12:26:55,2026-05-16 13:11:55,2,Other,23.2,0.0,1.6,completed,24.01,False,0.0,2026-05-16 12:26:55
4061,821,50128394,2026-05-10 22:16:42,2026-05-10 23:01:42,2,Asian/Asian Fusion,6.8,0.0,0.0,cancelled,53.46,False,0.0,2026-05-10 22:16:42
4062,821,41321731,2026-03-29 21:22:02,2026-03-29 21:52:02,3,Mediterranean,8.2,0.0,0.0,completed,18.66,True,2.8,2026-03-29 21:22:02
4063,822,50127351,2026-05-22 12:57:16,2026-05-22 13:27:16,1,Japanese,30.2,0.4,0.0,completed,37.25,False,0.0,2026-05-22 12:57:16
4064,822,50106218,2026-04-07 22:01:00,2026-04-07 22:31:00,3,Bakery Products/Desserts,9.8,0.0,0.0,completed,3.44,False,0.0,2026-04-07 22:01:00
4065,822,50178296,2026-05-11 14:24:04,2026-05-11 15:09:04,2,Japanese,42.4,0.0,0.0,completed,51.84,True,5.18,2026-05-11 14:24:04
4066,823,50036394,2026-04-27 19:02:42,2026-04-27 19:32:42,1,Latin American,36.0,0.0,0.0,completed,10.71,False,0.0,2026-04-27 19:02:42
4067,823,50058240,2026-04-18 13:16:38,2026-04-18 14:46:38,3,Bakery Products/Desserts,17.7,0.0,2.4,completed,62.06,False,0.0,2026-04-18 13:16:38
4068,823,41499185,2026-05-23 13:00:03,2026-05-23 13:45:03,2,Mexican,23.1,0.0,0.0,completed,10.06,False,0.0,2026-05-23 13:00:03
4069,823,50087404,2026-03-01 10:25:10,2026-03-01 11:10:10,2,Bakery Products/Desserts,31.3,0.0,0.0,cancelled,29.48,False,0.0,2026-03-01 10:25:10
4070,823,50068493,2026-05-06 18:23:38,2026-05-06 19:08:38,2,Latin American,17.6,0.0,0.0,cancelled,28.74,False,0.0,2026-05-06 18:23:38
4071,823,50126563,2026-05-17 12:10:55,2026-05-17 12:55:55,2,Latin American,13.3,0.0,0.0,completed,57.81,False,0.0,2026-05-17 12:10:55
4072,823,50094883,2026-04-23 22:59:46,2026-04-23 23:59:46,3,Bakery Products/Desserts,25.3,0.0,4.3,completed,40.0,False,0.0,2026-04-23 22:59:46
4073,823,50180712,2026-03-01 20:43:35,2026-03-01 21:13:35,5,Latin American,11.8,0.0,2.6,completed,68.14,True,13.63,2026-03-01 20:43:35
4074,823,41068607,2026-03-07 15:08:12,2026-03-07 15:38:12,2,Latin American,36.8,0.0,2.1,completed,66.58,False,0.0,2026-03-07 15:08:12
4075,823,50165641,2026-03-19 13:21:19,2026-03-19 14:21:19,2,Bakery Products/Desserts,8.4,0.0,0.0,completed,15.02,False,0.0,2026-03-19 13:21:19
4076,824,50128953,2026-04-16 14:01:47,2026-04-16 14:46:47,1,Bagels/Pretzels,5.5,0.0,0.0,completed,50.93,True,7.64,2026-04-16 14:01:47
4077,824,50132011,2026-03-09 08:13:07,2026-03-09 08:43:07,4,Coffee/Tea,20.0,0.0,0.0,completed,37.15,False,0.0,2026-03-09 08:13:07
4078,824,50112090,2026-03-07 12:04:42,2026-03-07 13:04:42,4,Coffee/Tea,38.8,0.0,0.0,cancelled,109.25,False,0.0,2026-03-07 12:04:42
4079,824,50163440,2026-03-24 15:37:56,2026-03-24 17:37:56,2,Coffee/Tea,39.7,0.0,0.0,completed,61.72,False,0.0,2026-03-24 15:37:56
4080,824,50051556,2026-03-07 18:45:28,2026-03-07 19:15:28,1,Latin American,19.1,0.0,0.8,completed,6.78,False,0.0,2026-03-07 18:45:28
4081,824,50183864,2026-05-30 22:24:07,2026-05-30 22:39:07,1,American,42.9,0.0,3.7,completed,31.62,False,0.0,2026-05-30 22:24:07
4082,824,50180153,2026-04-14 21:49:48,2026-04-14 22:49:48,2,Latin American,37.6,0.0,2.1,completed,16.48,False,0.0,2026-04-14 21:49:48
4083,824,41255436,2026-05-13 21:16:03,2026-05-13 22:16:03,2,Mexican,15.7,0.0,0.7,completed,86.02,False,0.0,2026-05-13 21:16:03
4084,824,50105207,2026-03-23 14:10:54,2026-03-23 15:10:54,1,Coffee/Tea,35.7,0.0,0.0,completed,27.07,True,4.06,2026-03-23 14:10:54
4085,824,50140839,2026-05-27 14:22:28,2026-05-27 15:22:28,4,Latin American,17.5,0.0,0.0,cancelled,107.85,True,21.57,2026-05-27 14:22:28
4086,824,50179380,2026-03-30 18:08:55,2026-03-30 18:23:55,2,Coffee/Tea,39.8,0.0,0.0,completed,119.28,False,0.0,2026-03-30 18:08:55
4087,824,50118468,2026-04-24 14:11:48,2026-04-24 14:41:48,3,Latin American,23.9,0.0,3.5,completed,45.15,False,0.0,2026-04-24 14:11:48
4088,824,50176062,2026-04-24 15:09:23,2026-04-24 16:39:23,5,Coffee/Tea,19.9,0.0,0.3,completed,61.85,False,0.0,2026-04-24 15:09:23
4089,824,50079488,2026-05-02 11:16:00,2026-05-02 12:46:00,2,Coffee/Tea,42.4,0.0,0.0,completed,95.48,False,0.0,2026-05-02 11:16:00
4090,824,50118534,2026-03-09 13:27:00,2026-03-09 14:12:00,3,Coffee/Tea,35.6,0.0,0.0,no_show,94.74,False,0.0,2026-03-09 13:27:00
4091,824,50168556,2026-05-13 11:23:26,2026-05-13 11:53:26,2,Coffee/Tea,39.0,0.0,3.6,cancelled,129.29,False,0.0,2026-05-13 11:23:26
4092,824,50171495,2026-05-19 12:58:55,2026-05-19 13:28:55,3,Coffee/Tea,8.8,0.0,4.0,completed,73.2,False,0.0,2026-05-19 12:58:55
4093,824,40838460,2026-05-12 19:39:34,2026-05-12 21:09:34,2,Coffee/Tea,27.3,0.0,4.1,completed,146.91,False,0.0,2026-05-12 19:39:34
4094,824,50059022,2026-04-15 16:14:47,2026-04-15 16:44:47,2,Coffee/Tea,43.2,0.0,0.0,completed,161.76,False,0.0,2026-04-15 16:14:47
4095,824,50120753,2026-05-17 21:49:59,2026-05-17 22:19:59,2,Latin American,15.3,0.0,0.0,completed,30.74,False,0.0,2026-05-17 21:49:59
4096,825,50089204,2026-03-02 14:55:27,2026-03-02 15:10:27,3,Donuts,37.7,0.0,4.0,completed,208.95,True,41.79,2026-03-02 14:55:27
4097,825,50130710,2026-03-22 16:35:01,2026-03-22 17:05:01,1,American,41.9,0.8,0.0,completed,40.35,False,0.0,2026-03-22 16:35:01
4098,825,50112111,2026-05-23 13:52:19,2026-05-23 14:22:19,2,Japanese,19.4,0.0,5.1,completed,37.63,False,0.0,2026-05-23 13:52:19
4099,825,50158456,2026-03-18 20:27:45,2026-03-18 21:12:45,1,Donuts,23.9,0.0,3.9,completed,15.61,False,0.0,2026-03-18 20:27:45
4100,825,50113695,2026-05-03 10:22:10,2026-05-03 11:52:10,2,Donuts,12.4,0.0,0.0,cancelled,80.24,True,12.04,2026-05-03 10:22:10
4101,825,41629135,2026-05-20 13:25:32,2026-05-20 13:40:32,2,Chinese,6.0,0.0,0.5,no_show,26.21,True,3.93,2026-05-20 13:25:32
4102,825,40999668,2026-04-19 11:57:57,2026-04-19 12:27:57,2,Donuts,33.5,0.0,1.8,completed,49.32,False,0.0,2026-04-19 11:57:57
4103,825,50089251,2026-03-11 20:47:25,2026-03-11 21:02:25,4,Donuts,38.5,0.0,2.9,cancelled,46.72,False,0.0,2026-03-11 20:47:25
4104,825,50141225,2026-03-11 18:17:06,2026-03-11 18:47:06,2,Coffee/Tea,25.7,0.0,0.0,completed,191.49,True,38.3,2026-03-11 18:17:06
4105,825,50076334,2026-04-20 15:48:06,2026-04-20 17:48:06,1,Donuts,43.8,0.0,2.1,completed,41.65,False,0.0,2026-04-20 15:48:06
4106,826,50102604,2026-04-15 13:45:55,2026-04-15 14:00:55,2,Mexican,22.9,0.0,1.0,completed,34.14,True,3.41,2026-04-15 13:45:55
4107,826,50107674,2026-04-25 19:25:59,2026-04-25 19:40:59,4,Mexican,10.8,0.0,0.0,completed,143.54,True,21.53,2026-04-25 19:25:59
4108,826,41475632,2026-04-05 13:26:47,2026-04-05 13:41:47,4,Mexican,14.5,0.0,0.0,completed,139.98,True,28.0,2026-04-05 13:26:47
4109,827,50143191,2026-04-02 18:59:54,2026-04-02 19:29:54,2,Korean,38.1,0.3,4.8,completed,96.72,False,0.0,2026-04-02 18:59:54
4110,828,50128920,2026-05-11 21:05:36,2026-05-11 21:50:36,1,Korean,23.9,1.9,2.2,completed,21.99,False,0.0,2026-05-11 21:05:36
4111,828,50160156,2026-04-04 18:11:21,2026-04-04 18:26:21,1,Korean,39.1,0.0,0.0,cancelled,33.39,True,8.35,2026-04-04 18:11:21
4112,829,50172117,2026-03-21 19:51:15,2026-03-21 20:36:15,6,Mexican,41.4,0.0,4.2,completed,337.62,False,0.0,2026-03-21 19:51:15
4113,830,50099119,2026-03-07 14:50:23,2026-03-07 15:20:23,2,Chinese,9.7,0.0,0.0,completed,72.49,False,0.0,2026-03-07 14:50:23
4114,830,50183864,2026-05-27 17:46:06,2026-05-27 18:46:06,1,American,13.6,0.0,2.2,completed,23.28,False,0.0,2026-05-27 17:46:06
4115,830,41543885,2026-03-09 12:50:38,2026-03-09 13:50:38,3,American,34.6,0.0,0.0,completed,89.95,False,0.0,2026-03-09 12:50:38
4116,830,50154136,2026-03-19 10:56:55,2026-03-19 11:56:55,1,Mediterranean,18.0,0.0,2.3,completed,64.42,False,0.0,2026-03-19 10:56:55
4117,830,50066298,2026-05-11 15:24:25,2026-05-11 16:09:25,2,Coffee/Tea,24.8,0.0,0.0,completed,29.53,False,0.0,2026-05-11 15:24:25
4118,830,50154393,2026-05-03 19:37:54,2026-05-03 20:37:54,2,Coffee/Tea,33.4,0.0,0.0,completed,8.15,False,0.0,2026-05-03 19:37:54
4119,830,50126011,2026-03-28 19:06:40,2026-03-28 20:06:40,2,Mediterranean,6.5,0.0,5.8,completed,55.15,False,0.0,2026-03-28 19:06:40
4120,830,50032946,2026-05-31 13:25:00,2026-05-31 13:40:00,2,Mediterranean,8.9,0.0,1.8,completed,158.8,True,23.82,2026-05-31 13:25:00
4121,830,41123042,2026-03-24 13:48:49,2026-03-24 14:03:49,2,American,35.9,0.0,1.6,completed,72.78,False,0.0,2026-03-24 13:48:49
4122,830,50060535,2026-03-22 19:00:51,2026-03-22 19:45:51,2,Bakery Products/Desserts,19.9,0.0,0.0,completed,47.87,False,0.0,2026-03-22 19:00:51
4123,830,41595904,2026-05-27 11:52:20,2026-05-27 12:37:20,2,Coffee/Tea,19.6,0.0,2.0,completed,231.97,False,0.0,2026-05-27 11:52:20
4124,830,50068625,2026-04-13 19:45:03,2026-04-13 20:15:03,2,Coffee/Tea,22.9,0.0,0.0,completed,16.99,False,0.0,2026-04-13 19:45:03
4125,830,50130545,2026-03-08 08:55:41,2026-03-08 09:40:41,2,Coffee/Tea,34.5,0.0,0.0,completed,43.52,False,0.0,2026-03-08 08:55:41
4126,831,41512057,2026-05-06 21:04:24,2026-05-06 21:19:24,4,French,16.7,0.9,0.0,no_show,120.13,False,0.0,2026-05-06 21:04:24
4127,832,50063197,2026-03-02 11:31:22,2026-03-02 11:46:22,1,"Juice, Smoothies, Fruit Salads",20.8,0.0,0.0,cancelled,22.61,False,0.0,2026-03-02 11:31:22
4128,832,50116749,2026-03-22 17:36:16,2026-03-22 18:21:16,1,Sandwiches,24.6,0.0,1.9,completed,80.01,False,0.0,2026-03-22 17:36:16
4129,832,50068493,2026-03-16 22:39:17,2026-03-16 23:39:17,3,Latin American,7.0,0.0,2.5,completed,121.59,False,0.0,2026-03-16 22:39:17
4130,832,50112928,2026-05-05 18:08:09,2026-05-05 18:53:09,1,Bakery Products/Desserts,21.1,0.0,0.0,completed,13.32,False,0.0,2026-05-05 18:08:09
4131,832,50131933,2026-05-05 21:48:22,2026-05-05 22:03:22,2,"Juice, Smoothies, Fruit Salads",6.9,0.0,0.0,completed,77.44,False,0.0,2026-05-05 21:48:22
4132,832,41529962,2026-05-18 21:27:26,2026-05-18 21:42:26,1,Latin American,18.5,0.0,0.0,completed,9.03,True,2.26,2026-05-18 21:27:26
4133,832,41488494,2026-04-04 15:59:36,2026-04-04 16:29:36,2,Latin American,31.7,0.0,2.6,cancelled,144.23,False,0.0,2026-04-04 15:59:36
4134,832,50178156,2026-03-04 14:59:27,2026-03-04 15:29:27,2,"Juice, Smoothies, Fruit Salads",43.1,0.0,0.0,completed,88.14,False,0.0,2026-03-04 14:59:27
4135,833,41163622,2026-05-08 21:06:27,2026-05-08 21:36:27,2,Chicken,6.3,0.0,0.5,completed,223.0,False,0.0,2026-05-08 21:06:27
4136,833,41470760,2026-04-18 12:33:55,2026-04-18 13:18:55,3,Chicken,37.4,0.0,1.4,completed,163.14,False,0.0,2026-04-18 12:33:55
4137,833,50121055,2026-04-19 18:47:26,2026-04-19 19:17:26,1,Frozen Desserts,33.0,0.0,2.3,cancelled,68.44,False,0.0,2026-04-19 18:47:26
4138,833,50116642,2026-03-29 13:31:59,2026-03-29 14:16:59,5,French,44.4,0.0,2.2,completed,394.71,False,0.0,2026-03-29 13:31:59
4139,833,50060048,2026-04-19 12:12:14,2026-04-19 12:27:14,2,Coffee/Tea,5.7,0.0,3.6,completed,102.75,False,0.0,2026-04-19 12:12:14
4140,833,50012014,2026-03-07 17:51:41,2026-03-07 19:51:41,3,Chicken,24.5,0.0,0.3,completed,152.76,False,0.0,2026-03-07 17:51:41
4141,833,50095781,2026-03-21 21:00:03,2026-03-21 21:30:03,1,Chicken,32.1,0.0,0.0,no_show,60.94,False,0.0,2026-03-21 21:00:03
4142,833,50130450,2026-05-15 13:52:12,2026-05-15 14:37:12,1,Mexican,20.4,0.0,2.7,completed,124.9,False,0.0,2026-05-15 13:52:12
4143,833,40829514,2026-04-29 20:47:50,2026-04-29 21:32:50,1,American,10.1,0.0,0.0,completed,17.78,False,0.0,2026-04-29 20:47:50
4144,834,50111076,2026-03-11 18:38:05,2026-03-11 19:23:05,2,Korean,31.2,0.0,0.0,completed,29.96,False,0.0,2026-03-11 18:38:05
4145,834,50125635,2026-05-16 11:29:30,2026-05-16 11:44:30,4,Coffee/Tea,32.8,0.0,0.0,completed,401.73,False,0.0,2026-05-16 11:29:30
4146,834,50115903,2026-04-14 14:36:53,2026-04-14 15:36:53,2,Korean,18.8,0.0,0.0,completed,48.82,False,0.0,2026-04-14 14:36:53
4147,834,50133885,2026-03-26 18:17:36,2026-03-26 19:47:36,2,Korean,42.7,0.0,2.2,completed,56.89,False,0.0,2026-03-26 18:17:36
4148,834,41280221,2026-05-18 14:29:58,2026-05-18 15:14:58,2,Korean,9.9,0.0,1.3,completed,112.5,False,0.0,2026-05-18 14:29:58
4149,835,50063152,2026-04-16 21:27:44,2026-04-16 21:42:44,2,Sandwiches,22.7,0.0,0.0,completed,259.61,False,0.0,2026-04-16 21:27:44
4150,835,50163805,2026-05-31 08:14:31,2026-05-31 09:14:31,1,Italian,37.3,0.0,3.5,cancelled,39.78,False,0.0,2026-05-31 08:14:31
4151,835,50128554,2026-05-24 19:51:49,2026-05-24 20:36:49,4,Sandwiches,6.7,0.0,0.0,completed,273.82,True,54.76,2026-05-24 19:51:49
4152,835,50173086,2026-04-21 19:08:35,2026-04-21 20:38:35,1,Mediterranean,8.4,0.0,0.4,completed,53.97,False,0.0,2026-04-21 19:08:35
4153,836,50063071,2026-05-21 09:37:29,2026-05-21 09:52:29,1,Korean,14.0,0.0,2.7,completed,35.67,True,8.92,2026-05-21 09:37:29
4154,836,50070180,2026-05-20 15:43:04,2026-05-20 16:28:04,4,American,27.3,0.0,3.7,completed,123.51,True,30.88,2026-05-20 15:43:04
4155,836,50103878,2026-03-17 13:58:08,2026-03-17 14:58:08,2,Japanese,6.6,0.0,0.0,completed,38.85,False,0.0,2026-03-17 13:58:08
4156,836,50144220,2026-03-17 17:43:26,2026-03-17 17:58:26,5,Korean,22.2,0.0,0.0,completed,541.39,False,0.0,2026-03-17 17:43:26
4157,836,50179744,2026-05-10 12:59:04,2026-05-10 13:44:04,2,Korean,26.9,0.0,0.0,completed,109.79,True,16.47,2026-05-10 12:59:04
4158,836,50117694,2026-05-21 14:39:41,2026-05-21 15:24:41,2,Korean,6.7,0.0,1.4,completed,108.36,True,16.25,2026-05-21 14:39:41
4159,837,41529962,2026-05-02 19:49:07,2026-05-02 20:49:07,6,Latin American,29.7,0.0,0.0,completed,318.56,False,0.0,2026-05-02 19:49:07
4160,837,50173092,2026-04-19 15:01:36,2026-04-19 15:31:36,2,Coffee/Tea,32.6,0.0,0.0,no_show,28.79,False,0.0,2026-04-19 15:01:36
4161,837,50128123,2026-04-12 11:59:55,2026-04-12 12:59:55,2,American,5.9,0.0,0.0,completed,12.27,True,1.23,2026-04-12 11:59:55
4162,837,50063168,2026-03-26 18:31:57,2026-03-26 20:01:57,2,Coffee/Tea,43.6,0.0,1.1,completed,51.56,False,0.0,2026-03-26 18:31:57
4163,837,50159439,2026-04-22 14:16:31,2026-04-22 15:16:31,2,Latin American,8.7,0.0,0.0,completed,129.75,True,32.44,2026-04-22 14:16:31
4164,837,50141271,2026-03-14 12:09:16,2026-03-14 12:39:16,4,Bakery Products/Desserts,27.8,0.0,0.0,completed,39.21,False,0.0,2026-03-14 12:09:16
4165,837,50059434,2026-04-15 16:25:29,2026-04-15 16:40:29,5,Bakery Products/Desserts,20.0,0.0,2.7,completed,180.54,False,0.0,2026-04-15 16:25:29
4166,837,41420291,2026-04-12 15:43:06,2026-04-12 16:28:06,4,American,27.5,0.0,3.4,completed,67.74,False,0.0,2026-04-12 15:43:06
4167,838,50104890,2026-03-16 09:05:28,2026-03-16 09:50:28,2,Chicken,27.0,0.0,1.3,completed,52.56,False,0.0,2026-03-16 09:05:28
4168,838,50041966,2026-05-31 13:24:24,2026-05-31 14:24:24,2,Korean,9.3,0.0,0.0,completed,10.72,False,0.0,2026-05-31 13:24:24
4169,838,41424155,2026-04-15 19:05:50,2026-04-15 19:35:50,2,American,8.7,0.0,0.0,completed,21.66,True,2.17,2026-04-15 19:05:50
4170,838,41549759,2026-04-25 11:47:19,2026-04-25 12:17:19,2,Tex-Mex,33.2,0.0,3.7,completed,55.94,False,0.0,2026-04-25 11:47:19
4171,839,50127595,2026-03-15 21:02:41,2026-03-15 22:02:41,2,Japanese,35.3,0.0,1.7,completed,28.9,False,0.0,2026-03-15 21:02:41
4172,839,50168853,2026-04-23 15:10:41,2026-04-23 16:40:41,3,Japanese,5.4,0.0,0.0,completed,58.82,False,0.0,2026-04-23 15:10:41
4173,839,50066022,2026-04-17 16:43:39,2026-04-17 17:13:39,2,Japanese,14.1,0.0,0.0,completed,17.53,False,0.0,2026-04-17 16:43:39
4174,839,50059509,2026-03-04 14:13:25,2026-03-04 14:43:25,2,Korean,13.1,7.1,3.5,no_show,48.71,False,0.0,2026-03-04 14:13:25
4175,839,41297135,2026-05-18 11:11:52,2026-05-18 11:41:52,2,American,27.5,0.0,0.0,completed,88.83,False,0.0,2026-05-18 11:11:52
4176,839,50125923,2026-05-20 11:25:27,2026-05-20 12:25:27,1,Korean,17.7,0.0,0.0,cancelled,12.08,True,1.81,2026-05-20 11:25:27
4177,839,50082139,2026-03-02 17:38:47,2026-03-02 18:08:47,3,Korean,8.6,0.0,4.9,cancelled,13.93,False,0.0,2026-03-02 17:38:47
4178,839,50165656,2026-03-27 09:55:17,2026-03-27 10:10:17,1,Korean,7.1,0.0,1.6,completed,9.17,False,0.0,2026-03-27 09:55:17
4179,839,50086894,2026-03-11 12:26:25,2026-03-11 14:26:25,2,Japanese,16.5,0.0,1.2,completed,34.32,False,0.0,2026-03-11 12:26:25
4180,839,50062852,2026-04-09 08:34:07,2026-04-09 08:49:07,3,American,21.5,1.2,3.1,completed,39.77,False,0.0,2026-04-09 08:34:07
4181,839,41658609,2026-03-06 12:23:38,2026-03-06 14:23:38,1,Korean,38.5,0.0,1.9,completed,12.51,True,3.13,2026-03-06 12:23:38
4182,840,50126011,2026-03-22 17:07:43,2026-03-22 17:22:43,3,Mediterranean,20.9,0.0,1.1,cancelled,320.15,True,64.03,2026-03-22 17:07:43
4183,840,50144278,2026-05-28 21:21:35,2026-05-28 21:36:35,3,"Juice, Smoothies, Fruit Salads",7.8,0.0,0.0,completed,272.53,False,0.0,2026-05-28 21:21:35
4184,840,50172734,2026-05-25 10:42:38,2026-05-25 10:57:38,2,"Juice, Smoothies, Fruit Salads",31.6,0.0,5.5,completed,64.3,False,0.0,2026-05-25 10:42:38
4185,841,50007475,2026-03-20 11:07:33,2026-03-20 11:52:33,2,Indian,7.0,0.0,0.4,completed,42.27,False,0.0,2026-03-20 11:07:33
4186,841,41491097,2026-03-19 12:32:06,2026-03-19 13:17:06,2,Sandwiches,45.0,0.0,0.3,completed,21.31,False,0.0,2026-03-19 12:32:06
4187,841,50120019,2026-04-16 16:33:31,2026-04-16 17:03:31,4,Indian,36.4,0.0,0.3,no_show,133.56,False,0.0,2026-04-16 16:33:31
4188,841,40398434,2026-05-27 12:33:25,2026-05-27 13:03:25,2,Indian,29.9,0.0,7.0,completed,65.82,False,0.0,2026-05-27 12:33:25
4189,841,50131306,2026-03-17 11:52:02,2026-03-17 13:22:02,1,Sandwiches,42.3,0.0,0.0,completed,28.7,True,4.3,2026-03-17 11:52:02
4190,842,41436878,2026-05-26 21:09:22,2026-05-26 22:09:22,2,Italian,39.9,0.0,0.0,completed,112.37,False,0.0,2026-05-26 21:09:22
4191,843,41622588,2026-05-24 21:06:21,2026-05-24 21:36:21,5,Bakery Products/Desserts,13.4,0.0,0.0,completed,152.03,False,0.0,2026-05-24 21:06:21
4192,843,41610164,2026-03-17 22:27:41,2026-03-17 23:12:41,3,Italian,15.9,0.2,2.3,no_show,343.71,False,0.0,2026-03-17 22:27:41
4193,843,50162623,2026-04-09 14:10:43,2026-04-09 15:10:43,3,Italian,25.5,0.0,0.0,completed,166.44,False,0.0,2026-04-09 14:10:43
4194,843,50176837,2026-05-08 19:37:24,2026-05-08 20:22:24,2,Bakery Products/Desserts,38.2,0.0,2.0,no_show,131.94,True,32.98,2026-05-08 19:37:24
4195,843,50153619,2026-05-27 18:14:47,2026-05-27 20:14:47,4,Asian/Asian Fusion,38.4,0.0,2.6,completed,22.98,False,0.0,2026-05-27 18:14:47
4196,843,50008807,2026-05-19 14:28:37,2026-05-19 15:13:37,2,Bakery Products/Desserts,5.5,0.0,3.6,completed,33.45,False,0.0,2026-05-19 14:28:37
4197,843,50118276,2026-05-01 16:18:07,2026-05-01 16:48:07,4,Pizza,26.9,0.0,2.7,completed,122.42,False,0.0,2026-05-01 16:18:07
4198,844,50111193,2026-04-08 12:23:27,2026-04-08 12:53:27,1,Donuts,31.5,0.2,0.0,completed,16.62,False,0.0,2026-04-08 12:23:27
4199,844,50055609,2026-05-11 19:16:52,2026-05-11 19:31:52,2,Asian/Asian Fusion,16.8,0.0,0.0,completed,28.45,False,0.0,2026-05-11 19:16:52
4200,844,50112739,2026-04-20 18:42:47,2026-04-20 18:57:47,2,American,10.8,1.1,3.3,completed,61.53,False,0.0,2026-04-20 18:42:47
4201,845,50110466,2026-05-07 18:50:38,2026-05-07 19:20:38,1,Asian/Asian Fusion,44.9,0.0,0.0,completed,76.95,False,0.0,2026-05-07 18:50:38
4202,845,50182290,2026-03-31 21:00:25,2026-03-31 22:00:25,2,Chicken,15.6,0.0,6.1,completed,113.51,False,0.0,2026-03-31 21:00:25
4203,845,50132426,2026-04-06 10:03:05,2026-04-06 10:18:05,2,Chicken,33.7,0.0,0.0,completed,98.88,False,0.0,2026-04-06 10:03:05
4204,845,50095141,2026-04-28 19:01:31,2026-04-28 20:31:31,2,Asian/Asian Fusion,31.4,0.0,3.3,completed,153.06,False,0.0,2026-04-28 19:01:31
4205,845,50048685,2026-03-11 15:11:28,2026-03-11 16:41:28,1,Chicken,26.0,0.0,1.2,completed,51.8,False,0.0,2026-03-11 15:11:28
4206,845,50128308,2026-05-09 21:20:22,2026-05-09 21:35:22,5,Chicken,32.6,0.0,0.0,completed,300.38,False,0.0,2026-05-09 21:20:22
4207,845,50182290,2026-05-12 14:22:12,2026-05-12 15:07:12,4,Chicken,6.9,0.0,0.0,completed,291.72,True,29.17,2026-05-12 14:22:12
4208,845,50127162,2026-03-30 11:18:37,2026-03-30 12:03:37,2,Asian/Asian Fusion,16.7,0.0,4.9,completed,17.51,True,3.5,2026-03-30 11:18:37
4209,846,50095023,2026-04-29 19:37:36,2026-04-29 20:07:36,1,Chicken,41.2,0.0,0.0,cancelled,3.23,False,0.0,2026-04-29 19:37:36
4210,846,50116774,2026-03-15 19:53:23,2026-03-15 20:38:23,2,Latin American,5.9,0.0,0.0,completed,35.27,False,0.0,2026-03-15 19:53:23
4211,846,50161087,2026-04-08 18:23:54,2026-04-08 19:53:54,1,Chicken,30.5,0.0,3.0,completed,18.56,True,1.86,2026-04-08 18:23:54
4212,846,50088514,2026-04-16 18:47:45,2026-04-16 19:17:45,1,Chicken,21.9,0.0,5.8,completed,42.68,True,4.27,2026-04-16 18:47:45
4213,846,50161669,2026-05-27 20:09:08,2026-05-27 20:24:08,4,Latin American,29.5,0.0,0.2,completed,327.4,False,0.0,2026-05-27 20:09:08
4214,847,50150328,2026-03-20 21:49:43,2026-03-20 22:34:43,1,Sandwiches,26.8,0.0,0.0,completed,53.14,False,0.0,2026-03-20 21:49:43
4215,847,50109974,2026-03-12 12:38:36,2026-03-12 13:08:36,3,Coffee/Tea,11.1,0.0,0.0,completed,59.36,False,0.0,2026-03-12 12:38:36
4216,848,50125059,2026-05-22 18:15:09,2026-05-22 18:45:09,3,Mediterranean,11.0,0.0,0.9,completed,118.36,False,0.0,2026-05-22 18:15:09
4217,849,41349736,2026-04-30 12:06:40,2026-04-30 12:51:40,2,American,19.1,0.1,0.0,completed,35.7,False,0.0,2026-04-30 12:06:40
4218,849,50043628,2026-04-26 14:54:51,2026-04-26 16:24:51,1,American,24.8,0.0,0.0,no_show,19.6,False,0.0,2026-04-26 14:54:51
4219,849,50157137,2026-03-16 15:21:39,2026-03-16 15:51:39,1,Japanese,43.9,0.0,0.0,completed,24.41,False,0.0,2026-03-16 15:21:39
4220,849,50141143,2026-04-14 20:55:35,2026-04-14 21:25:35,3,Japanese,41.6,0.0,1.0,completed,100.85,False,0.0,2026-04-14 20:55:35
4221,851,50139826,2026-03-04 13:44:18,2026-03-04 15:14:18,1,"Juice, Smoothies, Fruit Salads",24.1,0.0,0.0,cancelled,13.33,True,2.67,2026-03-04 13:44:18
4222,851,50055004,2026-03-26 10:13:37,2026-03-26 10:43:37,2,American,15.6,3.0,6.4,completed,51.12,False,0.0,2026-03-26 10:13:37
4223,851,50151969,2026-05-11 16:41:37,2026-05-11 17:11:37,1,Thai,40.8,0.0,0.0,cancelled,6.65,False,0.0,2026-05-11 16:41:37
4224,851,50081677,2026-05-03 19:36:42,2026-05-03 20:36:42,2,Thai,12.5,0.0,0.0,completed,59.17,False,0.0,2026-05-03 19:36:42
4225,851,50164501,2026-04-08 12:04:22,2026-04-08 12:34:22,1,Thai,30.3,0.0,0.8,completed,15.89,False,0.0,2026-04-08 12:04:22
4226,851,50081388,2026-05-30 11:23:33,2026-05-30 11:53:33,2,Thai,21.6,0.0,5.3,completed,14.35,True,2.87,2026-05-30 11:23:33
4227,851,50085952,2026-03-29 18:56:57,2026-03-29 19:26:57,1,"Juice, Smoothies, Fruit Salads",38.6,0.0,0.0,cancelled,5.55,True,0.83,2026-03-29 18:56:57
4228,851,50095290,2026-04-22 09:46:59,2026-04-22 10:46:59,2,Sandwiches/Salads/Mixed Buffet,27.1,0.0,0.0,completed,45.82,False,0.0,2026-04-22 09:46:59
4229,851,50178995,2026-03-18 19:57:26,2026-03-18 21:57:26,1,"Juice, Smoothies, Fruit Salads",33.2,0.0,0.0,completed,36.1,False,0.0,2026-03-18 19:57:26
4230,851,50152288,2026-05-23 13:36:55,2026-05-23 14:36:55,2,Latin American,42.2,0.0,0.0,completed,24.05,True,6.01,2026-05-23 13:36:55
4231,851,50148663,2026-05-13 18:24:42,2026-05-13 19:24:42,3,Thai,15.0,2.0,0.0,cancelled,40.95,False,0.0,2026-05-13 18:24:42
4232,851,50148663,2026-04-06 17:45:45,2026-04-06 19:15:45,1,Thai,9.1,2.0,2.4,completed,16.91,False,0.0,2026-04-06 17:45:45
4233,851,50116782,2026-04-01 16:54:04,2026-04-01 17:24:04,2,Italian,30.7,0.0,0.0,completed,16.3,False,0.0,2026-04-01 16:54:04
4234,851,50123174,2026-05-21 20:12:45,2026-05-21 21:12:45,1,Thai,39.9,0.0,0.0,completed,32.82,False,0.0,2026-05-21 20:12:45
4235,851,50081462,2026-03-23 18:44:50,2026-03-23 19:29:50,1,Donuts,7.8,0.0,2.3,completed,1.53,False,0.0,2026-03-23 18:44:50
4236,851,41530103,2026-03-02 17:03:07,2026-03-02 18:03:07,3,Thai,30.7,0.0,0.0,completed,22.81,False,0.0,2026-03-02 17:03:07
4237,851,50108908,2026-05-18 12:46:47,2026-05-18 13:01:47,3,Thai,27.0,0.0,0.0,completed,22.27,False,0.0,2026-05-18 12:46:47
4238,851,50159486,2026-04-15 20:38:03,2026-04-15 21:08:03,4,"Juice, Smoothies, Fruit Salads",39.2,0.0,0.0,completed,4.32,False,0.0,2026-04-15 20:38:03
4239,852,50082148,2026-03-02 18:25:51,2026-03-02 18:40:51,2,Korean,44.9,0.0,0.0,completed,183.28,False,0.0,2026-03-02 18:25:51
4240,852,50132843,2026-03-21 17:50:28,2026-03-21 18:35:28,2,Indian,21.8,0.0,0.0,completed,253.62,False,0.0,2026-03-21 17:50:28
4241,852,50067913,2026-03-19 17:30:32,2026-03-19 18:00:32,4,Hamburgers,24.6,0.0,0.0,no_show,106.07,False,0.0,2026-03-19 17:30:32
4242,853,41001192,2026-03-25 15:27:49,2026-03-25 16:12:49,2,Mediterranean,22.8,0.0,2.1,completed,28.88,False,0.0,2026-03-25 15:27:49
4243,853,50039083,2026-04-17 20:49:44,2026-04-17 21:04:44,2,Italian,26.3,0.0,0.0,completed,124.28,False,0.0,2026-04-17 20:49:44
4244,853,50108065,2026-03-22 19:41:41,2026-03-22 20:11:41,1,Chicken,28.4,0.0,0.0,completed,78.27,False,0.0,2026-03-22 19:41:41
4245,853,41142210,2026-03-10 13:39:26,2026-03-10 14:09:26,1,Mediterranean,23.3,0.0,0.0,cancelled,82.78,True,16.56,2026-03-10 13:39:26
4246,854,50127531,2026-03-23 14:17:32,2026-03-23 15:17:32,4,Sandwiches,25.5,0.0,0.0,cancelled,112.69,False,0.0,2026-03-23 14:17:32
4247,854,50172166,2026-05-22 19:27:27,2026-05-22 20:12:27,2,Coffee/Tea,8.5,0.0,1.5,completed,14.96,False,0.0,2026-05-22 19:27:27
4248,855,50092722,2026-04-16 13:22:35,2026-04-16 14:52:35,2,American,34.4,0.0,3.3,completed,36.14,False,0.0,2026-04-16 13:22:35
4249,855,50085906,2026-04-10 19:52:13,2026-04-10 20:37:13,5,American,42.8,0.0,0.0,completed,261.22,False,0.0,2026-04-10 19:52:13
4250,856,50094935,2026-03-26 19:31:14,2026-03-26 19:46:14,2,Donuts,42.6,0.0,0.0,completed,73.05,False,0.0,2026-03-26 19:31:14
4251,856,50155794,2026-05-04 11:12:01,2026-05-04 11:57:01,3,Seafood,38.3,0.0,4.0,completed,66.82,False,0.0,2026-05-04 11:12:01
4252,856,41347991,2026-05-20 20:18:10,2026-05-20 20:33:10,1,Donuts,12.4,0.0,0.0,completed,107.05,True,21.41,2026-05-20 20:18:10
4253,856,50124382,2026-03-28 20:24:06,2026-03-28 21:54:06,5,Indian,9.7,0.2,1.2,no_show,81.62,False,0.0,2026-03-28 20:24:06
4254,856,50123506,2026-04-02 12:53:07,2026-04-02 13:38:07,1,Chinese,34.4,0.0,0.0,completed,6.55,True,1.64,2026-04-02 12:53:07
4255,857,50119996,2026-04-11 12:16:58,2026-04-11 12:31:58,1,Chicken,5.8,0.0,2.1,completed,9.68,False,0.0,2026-04-11 12:16:58
4256,858,41704593,2026-03-31 13:16:42,2026-03-31 14:16:42,6,Donuts,40.0,0.0,0.0,completed,541.66,False,0.0,2026-03-31 13:16:42
4257,858,50180580,2026-05-22 19:13:47,2026-05-22 19:28:47,2,Donuts,8.7,0.0,4.7,cancelled,134.64,False,0.0,2026-05-22 19:13:47
4258,858,50060165,2026-03-18 17:44:16,2026-03-18 18:29:16,5,Donuts,15.4,0.0,1.3,completed,298.55,False,0.0,2026-03-18 17:44:16
4259,860,50119095,2026-04-02 12:05:56,2026-04-02 12:50:56,4,Indian,17.2,0.0,5.5,completed,28.8,False,0.0,2026-04-02 12:05:56
4260,860,50081577,2026-04-30 20:12:36,2026-04-30 20:42:36,2,Frozen Desserts,21.5,0.0,0.7,completed,49.39,True,9.88,2026-04-30 20:12:36
4261,861,50141803,2026-05-06 10:51:48,2026-05-06 11:21:48,2,Pizza,9.0,0.0,3.9,completed,48.24,True,4.82,2026-05-06 10:51:48
4262,862,40393044,2026-05-07 15:52:49,2026-05-07 16:37:49,2,Italian,21.1,0.0,0.0,completed,78.53,False,0.0,2026-05-07 15:52:49
4263,862,41120682,2026-04-22 09:38:25,2026-04-22 09:53:25,2,Italian,42.2,0.0,4.0,completed,36.12,True,9.03,2026-04-22 09:38:25
4264,862,50116821,2026-03-11 12:53:10,2026-03-11 13:38:10,1,Italian,11.5,2.0,0.0,no_show,70.23,True,17.56,2026-03-11 12:53:10
4265,862,50160061,2026-05-19 14:14:28,2026-05-19 14:59:28,2,Coffee/Tea,8.9,0.0,2.2,completed,121.94,False,0.0,2026-05-19 14:14:28
4266,862,50137032,2026-04-15 14:23:54,2026-04-15 14:38:54,3,Chicken,39.0,0.0,0.5,completed,50.51,True,7.58,2026-04-15 14:23:54
4267,862,50055066,2026-04-02 19:36:48,2026-04-02 20:06:48,2,Italian,29.7,0.0,0.0,completed,43.43,False,0.0,2026-04-02 19:36:48
4268,862,41651810,2026-04-25 12:28:18,2026-04-25 12:58:18,3,Italian,29.4,0.0,0.0,completed,24.05,True,4.81,2026-04-25 12:28:18
4269,862,50132326,2026-03-19 12:32:21,2026-03-19 13:17:21,2,Japanese,5.2,0.0,0.0,completed,96.77,False,0.0,2026-03-19 12:32:21
4270,862,50111771,2026-05-12 11:43:19,2026-05-12 12:28:19,3,Bakery Products/Desserts,10.1,0.0,1.3,completed,57.93,False,0.0,2026-05-12 11:43:19
4271,862,50134144,2026-04-21 19:57:51,2026-04-21 20:27:51,2,American,9.5,0.0,0.0,completed,87.35,True,17.47,2026-04-21 19:57:51
4272,862,50127183,2026-04-03 19:24:42,2026-04-03 19:39:42,4,Salads,34.2,0.0,1.9,completed,181.06,False,0.0,2026-04-03 19:24:42
4273,862,50175054,2026-04-22 14:41:24,2026-04-22 15:11:24,3,Chicken,37.2,0.0,4.2,no_show,39.66,False,0.0,2026-04-22 14:41:24
4274,862,41258669,2026-03-29 15:24:48,2026-03-29 16:24:48,2,Italian,27.8,0.0,0.0,completed,14.82,True,1.48,2026-03-29 15:24:48
4275,863,50114038,2026-03-28 14:59:50,2026-03-28 15:44:50,2,Mexican,29.2,0.0,0.6,completed,76.71,True,15.34,2026-03-28 14:59:50
4276,863,50105476,2026-04-23 18:10:27,2026-04-23 18:55:27,2,Bakery Products/Desserts,18.3,0.0,0.0,completed,94.05,False,0.0,2026-04-23 18:10:27
4277,863,50129506,2026-04-23 08:27:29,2026-04-23 09:27:29,2,Asian/Asian Fusion,15.3,0.0,3.1,completed,32.46,True,8.11,2026-04-23 08:27:29
4278,863,50178819,2026-05-19 13:09:05,2026-05-19 13:54:05,2,Other,42.1,0.9,1.8,completed,20.79,True,3.12,2026-05-19 13:09:05
4279,863,50181493,2026-03-04 16:25:04,2026-03-04 17:10:04,3,Sandwiches,30.8,0.0,2.1,cancelled,89.22,False,0.0,2026-03-04 16:25:04
4280,863,50075946,2026-03-12 14:41:20,2026-03-12 15:11:20,6,Chinese,12.1,0.0,1.8,completed,198.41,True,29.76,2026-03-12 14:41:20
4281,864,50083453,2026-04-13 13:32:43,2026-04-13 13:47:43,3,Japanese,40.5,0.0,0.0,completed,66.44,False,0.0,2026-04-13 13:32:43
4282,864,50078464,2026-04-04 13:08:42,2026-04-04 13:38:42,2,Japanese,40.7,1.4,3.2,completed,25.46,False,0.0,2026-04-04 13:08:42
4283,864,50103878,2026-03-09 16:15:31,2026-03-09 16:30:31,1,Japanese,7.9,0.0,0.0,completed,83.97,True,12.6,2026-03-09 16:15:31
4284,864,41401638,2026-04-10 20:13:35,2026-04-10 22:13:35,1,American,13.4,0.0,1.1,completed,57.15,False,0.0,2026-04-10 20:13:35
4285,864,50142783,2026-04-02 14:21:56,2026-04-02 15:06:56,3,Mediterranean,31.5,6.2,12.0,completed,92.23,True,13.83,2026-04-02 14:21:56
4286,864,41676787,2026-05-16 13:15:27,2026-05-16 13:45:27,1,American,37.5,0.0,0.0,completed,36.26,False,0.0,2026-05-16 13:15:27
4287,865,50074983,2026-05-23 12:14:49,2026-05-23 13:14:49,4,Japanese,20.5,0.0,0.0,completed,54.49,False,0.0,2026-05-23 12:14:49
4288,865,50058819,2026-03-26 13:00:12,2026-03-26 13:45:12,4,Pizza,27.0,0.0,0.0,completed,137.59,False,0.0,2026-03-26 13:00:12
4289,865,50166872,2026-04-06 17:43:45,2026-04-06 19:43:45,4,Japanese,10.6,0.0,3.2,completed,9.5,True,2.38,2026-04-06 17:43:45
4290,865,50159594,2026-04-29 17:54:52,2026-04-29 19:24:52,2,Japanese,10.7,0.0,0.0,cancelled,62.13,True,6.21,2026-04-29 17:54:52
4291,865,50120417,2026-04-23 18:33:16,2026-04-23 20:03:16,2,Pizza,7.6,0.0,1.3,completed,18.99,False,0.0,2026-04-23 18:33:16
4292,865,50103137,2026-03-20 19:36:36,2026-03-20 20:06:36,3,Pizza,44.7,0.0,0.4,completed,12.82,True,2.56,2026-03-20 19:36:36
4293,866,50139075,2026-03-13 10:38:06,2026-03-13 11:08:06,2,Latin American,26.5,0.0,0.0,completed,156.33,False,0.0,2026-03-13 10:38:06
4294,866,50148541,2026-05-24 18:11:52,2026-05-24 18:26:52,2,Latin American,26.7,0.0,2.1,completed,96.08,True,19.22,2026-05-24 18:11:52
4295,867,50099379,2026-04-08 13:50:52,2026-04-08 14:05:52,2,Frozen Desserts,15.7,0.0,4.1,cancelled,11.65,False,0.0,2026-04-08 13:50:52
4296,867,50081388,2026-04-19 15:00:47,2026-04-19 16:00:47,4,Thai,28.0,0.0,0.0,completed,14.74,False,0.0,2026-04-19 15:00:47
4297,867,50044701,2026-04-05 14:51:34,2026-04-05 15:36:34,1,Mediterranean,44.3,0.0,0.0,completed,9.62,False,0.0,2026-04-05 14:51:34
4298,867,50126957,2026-05-15 08:15:25,2026-05-15 08:45:25,2,Mediterranean,35.4,0.0,0.0,completed,26.13,False,0.0,2026-05-15 08:15:25
4299,867,41189848,2026-05-27 12:47:36,2026-05-27 13:17:36,4,Pizza,38.9,0.0,0.0,completed,5.69,True,0.57,2026-05-27 12:47:36
4300,868,50015570,2026-04-15 20:44:49,2026-04-15 22:14:49,2,Indian,8.3,17.7,15.4,cancelled,60.02,False,0.0,2026-04-15 20:44:49
4301,868,50080262,2026-04-11 11:39:50,2026-04-11 12:39:50,4,Indian,29.0,0.0,0.0,completed,38.46,False,0.0,2026-04-11 11:39:50
4302,868,50017853,2026-04-24 11:11:06,2026-04-24 11:26:06,1,Indian,10.8,0.0,3.3,completed,44.72,False,0.0,2026-04-24 11:11:06
4303,868,40398586,2026-03-21 18:20:49,2026-03-21 19:50:49,1,Italian,30.9,0.0,0.0,completed,22.49,False,0.0,2026-03-21 18:20:49
4304,868,50078890,2026-03-01 14:24:40,2026-03-01 16:24:40,1,American,21.1,0.0,0.0,completed,63.26,False,0.0,2026-03-01 14:24:40
4305,868,40665065,2026-04-20 20:37:36,2026-04-20 21:07:36,2,French,37.4,4.3,10.3,completed,102.62,False,0.0,2026-04-20 20:37:36
4306,868,50166760,2026-04-12 19:33:30,2026-04-12 20:33:30,4,Japanese,23.0,0.0,0.2,cancelled,85.46,False,0.0,2026-04-12 19:33:30
4307,868,50137584,2026-03-23 10:12:08,2026-03-23 11:12:08,6,Indian,31.1,0.0,0.0,completed,164.61,False,0.0,2026-03-23 10:12:08
4308,869,50091232,2026-05-12 19:45:40,2026-05-12 20:15:40,1,Italian,6.3,0.0,0.0,cancelled,47.15,False,0.0,2026-05-12 19:45:40
4309,870,50129318,2026-04-25 08:11:55,2026-04-25 08:41:55,2,Latin American,43.1,2.9,1.3,completed,100.71,False,0.0,2026-04-25 08:11:55
4310,871,50105185,2026-04-04 17:47:15,2026-04-04 18:02:15,2,Bakery Products/Desserts,14.9,0.0,0.0,completed,58.63,True,5.86,2026-04-04 17:47:15
4311,871,41677480,2026-03-25 18:50:10,2026-03-25 19:50:10,2,Mexican,14.6,0.0,0.0,completed,16.65,False,0.0,2026-03-25 18:50:10
4312,871,50119217,2026-05-23 13:27:41,2026-05-23 15:27:41,5,Asian/Asian Fusion,33.4,0.0,0.0,completed,101.78,False,0.0,2026-05-23 13:27:41
4313,871,41222270,2026-05-06 20:31:50,2026-05-06 21:31:50,3,American,12.1,0.0,1.6,cancelled,128.01,False,0.0,2026-05-06 20:31:50
4314,871,41379121,2026-05-25 20:47:37,2026-05-25 21:17:37,2,Asian/Asian Fusion,13.3,0.0,0.4,cancelled,67.19,True,6.72,2026-05-25 20:47:37
4315,871,50100556,2026-04-20 13:54:11,2026-04-20 14:54:11,1,Jewish/Kosher,25.0,0.0,0.6,completed,64.46,False,0.0,2026-04-20 13:54:11
4316,872,40935269,2026-05-15 13:36:33,2026-05-15 14:21:33,1,Mexican,29.7,0.0,0.0,completed,8.31,False,0.0,2026-05-15 13:36:33
4317,873,50041641,2026-04-15 21:52:05,2026-04-15 22:07:05,4,Japanese,5.0,0.0,0.0,completed,72.47,False,0.0,2026-04-15 21:52:05
4318,873,50139330,2026-05-01 21:03:04,2026-05-01 21:48:04,3,Chinese,27.3,0.0,4.2,completed,103.16,True,10.32,2026-05-01 21:03:04
4319,873,50151893,2026-05-15 11:06:17,2026-05-15 11:51:17,3,Japanese,12.0,0.0,0.0,completed,10.31,False,0.0,2026-05-15 11:06:17
4320,873,50041701,2026-03-21 20:42:52,2026-03-21 21:42:52,2,Japanese,25.8,0.0,0.0,completed,91.62,False,0.0,2026-03-21 20:42:52
4321,873,50150310,2026-04-07 19:06:41,2026-04-07 19:51:41,2,Coffee/Tea,22.2,0.0,2.4,completed,31.06,False,0.0,2026-04-07 19:06:41
4322,874,50135025,2026-05-12 13:28:36,2026-05-12 13:58:36,2,Coffee/Tea,22.7,0.0,0.0,completed,63.69,False,0.0,2026-05-12 13:28:36
4323,874,50065223,2026-03-23 16:05:50,2026-03-23 16:35:50,3,Mexican,39.9,0.0,0.8,completed,2.17,False,0.0,2026-03-23 16:05:50
4324,875,50124555,2026-03-08 16:26:09,2026-03-08 16:56:09,1,Korean,42.9,0.0,0.0,completed,49.78,False,0.0,2026-03-08 16:26:09
4325,875,50008347,2026-03-30 12:43:29,2026-03-30 13:28:29,2,American,43.7,0.0,0.0,cancelled,58.48,False,0.0,2026-03-30 12:43:29
4326,875,50123214,2026-04-08 17:53:47,2026-04-08 18:23:47,3,Coffee/Tea,16.4,0.1,0.0,completed,93.35,False,0.0,2026-04-08 17:53:47
4327,875,50107622,2026-03-29 18:06:02,2026-03-29 19:06:02,2,Coffee/Tea,32.4,0.0,0.0,completed,249.19,False,0.0,2026-03-29 18:06:02
4328,875,50100058,2026-04-06 11:47:59,2026-04-06 12:02:59,3,Bagels/Pretzels,22.7,0.0,0.0,completed,25.62,False,0.0,2026-04-06 11:47:59
4329,876,50046273,2026-05-28 12:01:47,2026-05-28 13:01:47,3,Bakery Products/Desserts,30.0,0.0,3.1,no_show,169.96,False,0.0,2026-05-28 12:01:47
4330,876,50087083,2026-04-21 08:19:22,2026-04-21 08:49:22,2,Chinese,30.1,0.0,2.3,completed,64.69,False,0.0,2026-04-21 08:19:22
4331,876,50063629,2026-04-24 16:28:33,2026-04-24 16:43:33,1,Sandwiches/Salads/Mixed Buffet,8.1,0.0,2.9,completed,27.75,False,0.0,2026-04-24 16:28:33
4332,876,50116603,2026-04-07 18:57:06,2026-04-07 19:57:06,5,Chinese,30.9,0.0,0.0,completed,83.58,False,0.0,2026-04-07 18:57:06
4333,876,50074239,2026-04-09 15:10:53,2026-04-09 15:55:53,6,Japanese,32.8,0.0,1.3,completed,119.91,False,0.0,2026-04-09 15:10:53
4334,876,41467165,2026-04-04 16:17:53,2026-04-04 17:17:53,2,American,8.2,0.0,0.0,completed,33.42,False,0.0,2026-04-04 16:17:53
4335,876,50108773,2026-05-07 19:12:59,2026-05-07 19:42:59,4,Indian,24.7,0.6,3.4,completed,321.73,False,0.0,2026-05-07 19:12:59
4336,876,50119629,2026-05-05 12:19:31,2026-05-05 12:49:31,2,Chinese,38.1,0.0,0.0,completed,244.84,False,0.0,2026-05-05 12:19:31
4337,876,50139556,2026-04-14 13:09:56,2026-04-14 13:24:56,5,Chinese,16.8,0.0,1.0,completed,410.6,False,0.0,2026-04-14 13:09:56
4338,877,41455068,2026-04-13 11:27:19,2026-04-13 12:27:19,1,Pizza,23.2,0.0,1.5,no_show,38.14,False,0.0,2026-04-13 11:27:19
4339,877,50170946,2026-04-22 16:46:43,2026-04-22 17:31:43,1,Indian,5.6,0.0,0.0,completed,6.55,False,0.0,2026-04-22 16:46:43
4340,879,50067622,2026-04-14 13:34:38,2026-04-14 14:04:38,1,"Juice, Smoothies, Fruit Salads",35.3,0.0,0.0,completed,27.16,False,0.0,2026-04-14 13:34:38
4341,879,50146369,2026-04-09 20:44:47,2026-04-09 22:14:47,3,Asian/Asian Fusion,5.1,0.0,0.0,completed,90.79,False,0.0,2026-04-09 20:44:47
4342,879,50154963,2026-04-16 17:34:36,2026-04-16 18:19:36,2,Other,9.3,0.0,2.1,completed,46.86,False,0.0,2026-04-16 17:34:36
4343,879,50114980,2026-03-13 21:13:15,2026-03-13 21:58:15,2,Coffee/Tea,32.6,0.0,0.0,completed,45.87,False,0.0,2026-03-13 21:13:15
4344,880,50009665,2026-05-17 14:55:43,2026-05-17 15:55:43,2,American,5.3,0.0,0.7,completed,259.68,False,0.0,2026-05-17 14:55:43
4345,880,50107405,2026-03-03 10:49:56,2026-03-03 11:34:56,2,American,37.8,0.0,0.0,completed,117.69,False,0.0,2026-03-03 10:49:56
4346,880,50132543,2026-03-27 13:41:05,2026-03-27 14:26:05,2,"Juice, Smoothies, Fruit Salads",6.9,0.0,0.0,completed,93.26,True,23.32,2026-03-27 13:41:05
4347,880,50168208,2026-05-21 12:39:22,2026-05-21 14:39:22,2,"Juice, Smoothies, Fruit Salads",10.9,0.0,0.7,completed,11.33,False,0.0,2026-05-21 12:39:22
4348,880,40884395,2026-04-02 12:45:53,2026-04-02 13:30:53,1,American,8.4,0.0,1.2,completed,44.78,True,4.48,2026-04-02 12:45:53
4349,880,50140953,2026-05-29 19:05:30,2026-05-29 19:35:30,2,"Juice, Smoothies, Fruit Salads",27.7,0.0,6.0,cancelled,43.38,False,0.0,2026-05-29 19:05:30
4350,882,50112987,2026-05-06 11:39:41,2026-05-06 13:09:41,4,"Juice, Smoothies, Fruit Salads",22.7,0.0,6.9,no_show,66.05,False,0.0,2026-05-06 11:39:41
4351,882,40385461,2026-03-28 20:27:58,2026-03-28 21:57:58,1,American,39.5,0.0,0.0,cancelled,78.32,True,11.75,2026-03-28 20:27:58
4352,882,50134543,2026-04-26 18:22:20,2026-04-26 18:37:20,2,Mexican,40.5,0.0,0.0,completed,99.97,False,0.0,2026-04-26 18:22:20
4353,882,50057582,2026-03-31 12:10:13,2026-03-31 13:40:13,2,Chinese,6.3,0.0,0.0,completed,126.68,False,0.0,2026-03-31 12:10:13
4354,882,50130812,2026-04-30 11:56:56,2026-04-30 12:26:56,2,"Juice, Smoothies, Fruit Salads",11.6,0.0,0.0,completed,47.76,False,0.0,2026-04-30 11:56:56
4355,882,50045649,2026-05-21 12:20:40,2026-05-21 12:50:40,2,Chinese,34.6,0.9,0.0,cancelled,83.05,False,0.0,2026-05-21 12:20:40
4356,882,50164530,2026-04-02 11:58:04,2026-04-02 12:28:04,1,Japanese,21.9,0.0,1.3,completed,25.5,True,5.1,2026-04-02 11:58:04
4357,882,41722053,2026-05-20 16:27:51,2026-05-20 17:12:51,3,Salads,36.2,0.0,4.8,completed,96.44,False,0.0,2026-05-20 16:27:51
4358,882,41632738,2026-04-09 11:55:25,2026-04-09 13:55:25,3,American,5.4,0.0,2.5,completed,35.73,False,0.0,2026-04-09 11:55:25
4359,883,40373669,2026-03-20 16:50:12,2026-03-20 17:35:12,4,Mediterranean,10.6,8.0,5.0,completed,30.07,False,0.0,2026-03-20 16:50:12
4360,883,50156335,2026-03-13 19:45:19,2026-03-13 20:45:19,1,Latin American,26.1,0.0,0.0,completed,23.74,False,0.0,2026-03-13 19:45:19
4361,883,50040806,2026-04-19 20:11:12,2026-04-19 21:41:12,2,American,23.9,0.0,3.0,completed,22.72,True,5.68,2026-04-19 20:11:12
4362,883,50106171,2026-03-09 21:53:51,2026-03-09 22:23:51,2,Coffee/Tea,30.6,0.0,3.2,completed,40.66,False,0.0,2026-03-09 21:53:51
4363,883,50074795,2026-04-07 12:20:16,2026-04-07 13:50:16,2,Coffee/Tea,30.8,0.0,1.5,completed,52.89,False,0.0,2026-04-07 12:20:16
4364,883,41696471,2026-03-12 13:45:22,2026-03-12 14:30:22,2,French,22.6,0.0,0.5,cancelled,33.65,False,0.0,2026-03-12 13:45:22
4365,885,50105037,2026-03-05 19:58:00,2026-03-05 20:28:00,2,Mexican,32.3,0.0,5.2,cancelled,59.93,True,5.99,2026-03-05 19:58:00
4366,886,50112623,2026-04-07 19:03:44,2026-04-07 19:18:44,2,Bakery Products/Desserts,13.1,0.0,5.5,completed,77.32,False,0.0,2026-04-07 19:03:44
4367,886,50002559,2026-04-14 11:26:33,2026-04-14 12:11:33,2,Bakery Products/Desserts,27.9,0.0,0.0,completed,47.31,False,0.0,2026-04-14 11:26:33
4368,886,50166989,2026-04-24 13:52:12,2026-04-24 14:07:12,2,Indian,33.0,0.0,2.0,completed,17.14,True,1.71,2026-04-24 13:52:12
4369,886,50146049,2026-05-27 15:28:34,2026-05-27 15:43:34,4,Chinese,24.3,0.0,0.4,completed,182.63,True,36.53,2026-05-27 15:28:34
4370,886,50178834,2026-03-06 09:30:07,2026-03-06 10:15:07,2,Indian,9.2,0.0,3.6,completed,177.23,True,35.45,2026-03-06 09:30:07
4371,886,41715751,2026-04-06 16:40:00,2026-04-06 18:10:00,3,Bakery Products/Desserts,20.5,0.0,0.0,completed,151.06,True,15.11,2026-04-06 16:40:00
4372,886,50163473,2026-04-28 08:12:34,2026-04-28 09:12:34,4,Bakery Products/Desserts,41.7,0.0,1.8,completed,155.35,False,0.0,2026-04-28 08:12:34
4373,886,50161386,2026-05-15 16:19:25,2026-05-15 16:34:25,2,Indian,44.5,0.0,0.0,completed,72.74,False,0.0,2026-05-15 16:19:25
4374,886,40557912,2026-04-19 11:28:46,2026-04-19 12:13:46,2,Indian,36.8,0.0,0.0,completed,120.61,False,0.0,2026-04-19 11:28:46
4375,886,50164005,2026-05-12 18:06:12,2026-05-12 19:06:12,2,Indian,37.5,0.0,0.0,completed,68.5,False,0.0,2026-05-12 18:06:12
4376,886,50064557,2026-04-20 19:12:19,2026-04-20 19:42:19,3,Bakery Products/Desserts,35.2,0.0,0.0,completed,65.75,False,0.0,2026-04-20 19:12:19
4377,886,41272891,2026-05-09 19:31:11,2026-05-09 20:16:11,2,Indian,9.1,0.0,0.0,cancelled,11.74,False,0.0,2026-05-09 19:31:11
4378,886,50165746,2026-04-12 20:19:05,2026-04-12 21:49:05,4,Other,35.7,0.0,0.0,cancelled,61.53,False,0.0,2026-04-12 20:19:05
4379,887,50065223,2026-04-11 22:28:49,2026-04-11 23:28:49,2,Mexican,32.1,0.0,0.0,completed,83.4,False,0.0,2026-04-11 22:28:49
4380,887,50174558,2026-04-11 13:49:53,2026-04-11 14:34:53,2,Japanese,8.4,1.1,2.5,completed,22.79,False,0.0,2026-04-11 13:49:53
4381,887,50118056,2026-03-27 12:57:08,2026-03-27 13:27:08,4,Mexican,20.2,0.0,0.0,cancelled,151.89,False,0.0,2026-03-27 12:57:08
4382,888,50177336,2026-04-07 13:05:38,2026-04-07 13:20:38,2,Sandwiches,33.5,0.0,1.3,completed,144.15,True,21.62,2026-04-07 13:05:38
4383,888,50001012,2026-05-27 12:26:38,2026-05-27 14:26:38,3,Sandwiches,7.6,0.0,4.5,completed,103.71,True,15.56,2026-05-27 12:26:38
4384,888,40396020,2026-05-29 11:13:59,2026-05-29 11:28:59,2,Mexican,6.3,0.0,0.0,completed,78.19,False,0.0,2026-05-29 11:13:59
4385,888,50064432,2026-03-16 12:17:58,2026-03-16 12:47:58,2,Sandwiches,20.0,0.0,1.4,completed,157.97,False,0.0,2026-03-16 12:17:58
4386,889,50044842,2026-04-02 17:55:24,2026-04-02 18:55:24,3,Donuts,11.6,0.0,2.8,cancelled,57.16,False,0.0,2026-04-02 17:55:24
4387,889,41391327,2026-03-18 16:21:54,2026-03-18 18:21:54,1,Irish,32.6,0.0,0.0,completed,58.67,False,0.0,2026-03-18 16:21:54
4388,890,50127697,2026-05-04 10:10:46,2026-05-04 10:25:46,2,Italian,10.3,0.0,0.5,completed,79.06,False,0.0,2026-05-04 10:10:46
4389,890,50103040,2026-04-24 16:17:30,2026-04-24 17:17:30,2,American,7.7,0.0,0.0,completed,43.78,False,0.0,2026-04-24 16:17:30
4390,890,50179291,2026-04-19 21:31:54,2026-04-19 22:01:54,3,Bakery Products/Desserts,26.8,0.0,1.1,no_show,246.35,False,0.0,2026-04-19 21:31:54
4391,892,50138978,2026-03-15 20:14:26,2026-03-15 21:14:26,4,Mexican,37.5,0.0,5.8,no_show,19.43,True,4.86,2026-03-15 20:14:26
4392,892,50135273,2026-05-22 19:28:24,2026-05-22 19:58:24,2,Chinese,37.3,0.0,2.4,completed,69.09,False,0.0,2026-05-22 19:28:24
4393,892,50094935,2026-05-20 19:54:35,2026-05-20 20:54:35,2,Donuts,36.5,0.0,0.0,no_show,124.51,True,24.9,2026-05-20 19:54:35
4394,893,50175486,2026-05-28 21:33:32,2026-05-28 21:48:32,2,Other,30.7,0.0,3.4,cancelled,108.39,False,0.0,2026-05-28 21:33:32
4395,893,50177508,2026-05-31 14:00:17,2026-05-31 15:30:17,2,Pizza,16.8,0.0,0.0,completed,106.98,False,0.0,2026-05-31 14:00:17
4396,893,41077631,2026-05-31 18:14:51,2026-05-31 18:44:51,1,Indian,26.9,0.0,0.0,completed,36.7,True,3.67,2026-05-31 18:14:51
4397,893,50139330,2026-04-02 11:56:20,2026-04-02 12:41:20,2,Chinese,12.9,0.0,0.0,no_show,174.96,False,0.0,2026-04-02 11:56:20
4398,893,50157034,2026-04-17 20:00:22,2026-04-17 21:00:22,2,Other,34.3,0.0,0.0,cancelled,95.19,False,0.0,2026-04-17 20:00:22
4399,893,50115301,2026-04-28 18:34:38,2026-04-28 19:34:38,5,Other,44.5,0.0,0.0,no_show,57.47,True,14.37,2026-04-28 18:34:38
4400,894,50046872,2026-04-04 19:38:34,2026-04-04 19:53:34,2,Donuts,21.3,0.0,0.1,completed,9.8,True,0.98,2026-04-04 19:38:34
4401,894,50001073,2026-04-28 13:40:43,2026-04-28 14:40:43,3,French,30.4,0.0,0.0,no_show,40.03,False,0.0,2026-04-28 13:40:43
4402,894,50080884,2026-03-28 12:47:42,2026-03-28 13:32:42,2,Donuts,39.4,0.0,0.0,completed,31.68,False,0.0,2026-03-28 12:47:42
4403,894,41222453,2026-04-19 11:50:29,2026-04-19 12:35:29,3,Donuts,32.7,0.0,0.0,completed,8.14,False,0.0,2026-04-19 11:50:29
4404,894,40372262,2026-03-27 14:31:51,2026-03-27 15:16:51,2,French,36.7,0.0,2.1,completed,45.88,True,6.88,2026-03-27 14:31:51
4405,896,50133051,2026-04-13 18:51:33,2026-04-13 19:21:33,2,Thai,25.7,0.0,1.7,completed,31.16,True,3.12,2026-04-13 18:51:33
4406,896,50131250,2026-05-25 17:34:35,2026-05-25 17:49:35,4,Chicken,11.7,0.0,0.7,cancelled,24.39,True,6.1,2026-05-25 17:34:35
4407,896,50097427,2026-05-21 18:43:08,2026-05-21 19:28:08,4,Thai,32.7,37.7,22.7,completed,38.38,False,0.0,2026-05-21 18:43:08
4408,896,50000256,2026-05-27 21:49:37,2026-05-27 22:04:37,4,American,31.1,0.0,0.0,completed,60.05,True,12.01,2026-05-27 21:49:37
4409,896,50000467,2026-03-09 20:09:44,2026-03-09 20:39:44,2,Jewish/Kosher,34.9,0.0,0.3,completed,84.6,False,0.0,2026-03-09 20:09:44
4410,896,50036900,2026-05-28 22:12:15,2026-05-28 22:42:15,2,Thai,27.8,0.0,0.0,completed,24.36,False,0.0,2026-05-28 22:12:15
4411,896,50150733,2026-03-02 14:48:48,2026-03-02 15:18:48,2,Thai,8.9,0.0,2.0,completed,53.07,True,13.27,2026-03-02 14:48:48
4412,897,50142256,2026-05-06 13:01:21,2026-05-06 13:46:21,2,Mexican,27.5,1.5,0.0,cancelled,21.2,False,0.0,2026-05-06 13:01:21
4413,897,50179225,2026-03-10 12:49:49,2026-03-10 13:34:49,2,Mexican,17.3,0.0,0.0,completed,115.86,False,0.0,2026-03-10 12:49:49
4414,897,50166521,2026-04-06 13:59:50,2026-04-06 14:44:50,4,Mediterranean,12.2,0.0,0.0,completed,24.95,False,0.0,2026-04-06 13:59:50
4415,897,50001719,2026-05-17 19:40:50,2026-05-17 20:10:50,2,Mediterranean,18.7,0.0,3.9,completed,94.49,True,9.45,2026-05-17 19:40:50
4416,897,41418301,2026-04-25 20:58:49,2026-04-25 21:58:49,2,Mediterranean,23.7,0.0,0.0,cancelled,98.37,False,0.0,2026-04-25 20:58:49
4417,897,50162800,2026-05-21 19:26:36,2026-05-21 20:11:36,4,Mexican,15.8,0.0,1.3,completed,96.86,True,9.69,2026-05-21 19:26:36
4418,897,50123507,2026-04-26 12:30:16,2026-04-26 13:00:16,4,Mediterranean,27.2,0.0,0.0,completed,108.19,False,0.0,2026-04-26 12:30:16
4419,897,50155998,2026-05-21 22:40:49,2026-05-21 23:40:49,3,Mexican,14.9,0.0,0.0,completed,236.12,False,0.0,2026-05-21 22:40:49
4420,897,41225503,2026-03-06 21:24:38,2026-03-06 22:24:38,3,Mediterranean,14.3,0.3,0.0,completed,5.71,False,0.0,2026-03-06 21:24:38
4421,897,41120866,2026-05-10 18:10:19,2026-05-10 19:40:19,2,Mexican,14.5,0.0,0.0,completed,26.66,False,0.0,2026-05-10 18:10:19
4422,897,50122701,2026-04-11 21:38:33,2026-04-11 22:38:33,4,Mediterranean,37.7,0.0,3.1,completed,222.49,False,0.0,2026-04-11 21:38:33
4423,897,50104886,2026-03-22 17:09:34,2026-03-22 18:09:34,2,Mediterranean,29.3,0.0,1.7,completed,56.96,False,0.0,2026-03-22 17:09:34
4424,897,50134682,2026-05-07 18:56:52,2026-05-07 20:26:52,2,Mexican,24.9,0.0,0.0,completed,95.22,False,0.0,2026-05-07 18:56:52
4425,897,50156176,2026-03-08 17:59:41,2026-03-08 18:29:41,1,Mediterranean,20.9,0.0,0.0,completed,10.12,True,1.52,2026-03-08 17:59:41
4426,897,50135617,2026-05-24 19:14:57,2026-05-24 19:29:57,4,Mediterranean,13.4,0.0,0.3,completed,78.99,True,15.8,2026-05-24 19:14:57
4427,897,40380660,2026-04-04 18:10:25,2026-04-04 18:40:25,2,Mexican,31.9,0.0,0.0,completed,83.17,True,8.32,2026-04-04 18:10:25
4428,897,50126011,2026-04-29 15:41:26,2026-04-29 17:11:26,2,Mediterranean,16.0,0.0,2.6,completed,47.25,False,0.0,2026-04-29 15:41:26
4429,897,41120682,2026-05-06 18:56:54,2026-05-06 19:56:54,4,Italian,32.9,0.0,0.0,cancelled,112.41,False,0.0,2026-05-06 18:56:54
4430,898,40380660,2026-05-26 19:45:43,2026-05-26 20:15:43,2,Mexican,14.9,0.0,1.2,completed,189.47,False,0.0,2026-05-26 19:45:43
4431,898,50140419,2026-04-17 18:06:07,2026-04-17 19:06:07,2,Sandwiches,33.1,0.0,0.4,completed,108.41,False,0.0,2026-04-17 18:06:07
4432,898,50108174,2026-04-11 12:53:38,2026-04-11 13:23:38,4,Pizza,6.7,0.0,0.0,completed,53.82,False,0.0,2026-04-11 12:53:38
4433,899,41704249,2026-04-26 17:01:36,2026-04-26 17:46:36,4,Pizza,17.8,0.0,0.0,cancelled,230.68,False,0.0,2026-04-26 17:01:36
4434,899,50132530,2026-05-17 12:32:11,2026-05-17 13:02:11,1,Chinese,26.7,0.0,2.1,completed,19.28,False,0.0,2026-05-17 12:32:11
4435,899,50149892,2026-03-01 12:38:55,2026-03-01 13:38:55,2,Mexican,20.3,0.0,0.0,completed,37.85,False,0.0,2026-03-01 12:38:55
4436,899,50000187,2026-03-12 13:47:23,2026-03-12 14:47:23,2,Pizza,41.0,0.0,0.0,completed,131.72,False,0.0,2026-03-12 13:47:23
4437,899,50059486,2026-03-12 09:51:08,2026-03-12 10:51:08,1,American,33.1,0.0,4.0,completed,44.64,False,0.0,2026-03-12 09:51:08
4438,899,50103932,2026-05-26 20:57:18,2026-05-26 21:42:18,3,Coffee/Tea,35.7,0.0,0.0,completed,111.34,True,22.27,2026-05-26 20:57:18
4439,899,50070505,2026-05-25 18:02:50,2026-05-25 18:17:50,1,Pizza,15.3,0.0,0.0,completed,27.21,True,4.08,2026-05-25 18:02:50
4440,899,50181105,2026-04-03 18:27:35,2026-04-03 19:12:35,4,Japanese,21.1,0.0,0.0,completed,76.24,False,0.0,2026-04-03 18:27:35
4441,899,50125858,2026-03-12 21:56:21,2026-03-12 22:41:21,2,Pizza,21.4,0.0,0.0,completed,66.15,False,0.0,2026-03-12 21:56:21
4442,899,50174319,2026-03-23 17:00:39,2026-03-23 17:30:39,4,"Juice, Smoothies, Fruit Salads",8.8,0.0,0.0,cancelled,252.83,False,0.0,2026-03-23 17:00:39
4443,900,50135749,2026-04-19 21:26:00,2026-04-19 21:41:00,2,Other,41.3,0.0,0.0,completed,4.57,False,0.0,2026-04-19 21:26:00
4444,900,50180163,2026-05-25 20:55:07,2026-05-25 21:55:07,4,Pizza,33.4,0.0,1.2,completed,16.21,False,0.0,2026-05-25 20:55:07
4445,900,50099574,2026-05-10 21:50:23,2026-05-10 22:05:23,1,Other,25.1,0.0,3.3,completed,5.86,True,1.17,2026-05-10 21:50:23
4446,900,50182190,2026-04-27 19:59:24,2026-04-27 21:29:24,3,Other,40.8,0.0,4.5,completed,77.27,False,0.0,2026-04-27 19:59:24
4447,900,50099826,2026-03-13 14:00:36,2026-03-13 14:30:36,2,Indian,5.3,20.8,23.9,completed,35.23,False,0.0,2026-03-13 14:00:36
4448,900,50119095,2026-04-24 18:37:47,2026-04-24 19:07:47,2,Indian,34.6,0.0,0.5,cancelled,20.98,False,0.0,2026-04-24 18:37:47
4449,900,41433057,2026-05-04 19:54:24,2026-05-04 20:39:24,1,Chinese,23.0,0.0,3.1,completed,25.39,True,5.08,2026-05-04 19:54:24
4450,900,50168685,2026-04-20 19:45:12,2026-04-20 20:30:12,2,Other,16.8,0.0,8.8,completed,15.93,False,0.0,2026-04-20 19:45:12
4451,900,41272891,2026-03-12 16:00:01,2026-03-12 16:30:01,2,Indian,26.6,0.0,0.0,completed,108.36,False,0.0,2026-03-12 16:00:01
4452,901,50107791,2026-04-27 12:00:21,2026-04-27 13:00:21,2,Japanese,12.2,0.0,0.0,cancelled,40.36,False,0.0,2026-04-27 12:00:21
4453,901,50180290,2026-04-20 21:11:56,2026-04-20 21:26:56,3,Coffee/Tea,44.1,0.0,2.6,completed,85.09,False,0.0,2026-04-20 21:11:56
4454,901,50066417,2026-05-22 09:32:20,2026-05-22 10:02:20,4,Italian,11.6,0.0,0.0,completed,85.37,False,0.0,2026-05-22 09:32:20
4455,901,50101376,2026-04-01 10:58:15,2026-04-01 11:58:15,2,Latin American,34.7,0.0,3.8,completed,17.53,False,0.0,2026-04-01 10:58:15
4456,901,50106067,2026-03-25 09:33:53,2026-03-25 09:48:53,4,Latin American,31.1,0.0,0.0,completed,176.9,False,0.0,2026-03-25 09:33:53
4457,901,50128888,2026-03-29 20:23:09,2026-03-29 21:08:09,3,Latin American,40.5,0.0,0.0,completed,25.86,False,0.0,2026-03-29 20:23:09
4458,901,50174290,2026-04-04 17:46:36,2026-04-04 18:31:36,3,Japanese,10.9,0.0,3.1,cancelled,25.66,False,0.0,2026-04-04 17:46:36
4459,901,50170281,2026-03-22 19:37:54,2026-03-22 20:22:54,2,Japanese,27.7,0.0,0.0,completed,102.87,False,0.0,2026-03-22 19:37:54
4460,901,50142559,2026-05-01 12:02:10,2026-05-01 12:47:10,2,Coffee/Tea,10.5,0.0,0.0,completed,97.85,False,0.0,2026-05-01 12:02:10
4461,901,50065660,2026-04-09 15:06:49,2026-04-09 15:51:49,2,Latin American,9.7,0.0,0.0,completed,69.29,True,13.86,2026-04-09 15:06:49
4462,901,50037844,2026-03-19 13:32:40,2026-03-19 14:32:40,3,Japanese,23.9,0.0,0.0,completed,349.82,False,0.0,2026-03-19 13:32:40
4463,901,50142663,2026-03-14 19:29:37,2026-03-14 19:44:37,2,Latin American,40.4,0.0,2.1,completed,47.19,True,9.44,2026-03-14 19:29:37
4464,902,50113744,2026-03-09 21:44:07,2026-03-09 22:29:07,2,Mexican,17.5,0.0,0.0,cancelled,48.46,False,0.0,2026-03-09 21:44:07
4465,902,50000522,2026-04-01 12:28:36,2026-04-01 12:43:36,4,Salads,36.8,0.0,5.1,completed,11.67,False,0.0,2026-04-01 12:28:36
4466,902,41150133,2026-04-14 13:57:19,2026-04-14 14:27:19,3,Coffee/Tea,21.5,0.0,6.7,completed,36.12,False,0.0,2026-04-14 13:57:19
4467,902,50123927,2026-04-16 14:32:37,2026-04-16 14:47:37,2,Mexican,38.5,5.2,8.5,completed,23.88,False,0.0,2026-04-16 14:32:37
4468,903,41540996,2026-04-24 19:12:42,2026-04-24 19:42:42,2,Mediterranean,23.2,0.0,1.6,completed,57.99,False,0.0,2026-04-24 19:12:42
4469,903,50112624,2026-03-05 13:15:36,2026-03-05 14:00:36,3,Mediterranean,41.3,0.0,0.5,completed,72.4,False,0.0,2026-03-05 13:15:36
4470,903,50080311,2026-03-06 12:58:55,2026-03-06 13:13:55,2,American,26.6,0.0,0.0,completed,124.89,False,0.0,2026-03-06 12:58:55
4471,903,40379920,2026-03-23 20:12:05,2026-03-23 21:42:05,2,American,31.1,0.0,4.8,completed,129.69,False,0.0,2026-03-23 20:12:05
4472,903,50053728,2026-03-10 14:42:31,2026-03-10 16:12:31,5,Mediterranean,20.5,0.0,0.2,completed,678.94,False,0.0,2026-03-10 14:42:31
4473,903,40363298,2026-03-29 21:35:23,2026-03-29 22:20:23,2,American,12.3,1.2,0.0,completed,81.23,False,0.0,2026-03-29 21:35:23
4474,904,50150383,2026-03-31 19:53:22,2026-03-31 20:53:22,3,Latin American,5.7,0.0,6.1,completed,123.42,True,24.68,2026-03-31 19:53:22
4475,904,50100791,2026-03-11 13:13:13,2026-03-11 13:43:13,4,Latin American,31.4,0.0,0.0,completed,192.73,True,19.27,2026-03-11 13:13:13
4476,904,50092356,2026-05-10 14:11:24,2026-05-10 15:11:24,3,French,43.2,0.0,3.9,completed,267.35,False,0.0,2026-05-10 14:11:24
4477,904,50105374,2026-05-31 13:35:52,2026-05-31 14:05:52,2,French,5.9,0.0,0.0,completed,232.22,False,0.0,2026-05-31 13:35:52
4478,905,40401453,2026-04-24 20:07:21,2026-04-24 20:22:21,3,American,41.0,4.1,3.0,completed,123.31,False,0.0,2026-04-24 20:07:21
4479,906,50177152,2026-05-28 15:07:58,2026-05-28 16:07:58,1,American,10.7,0.0,0.0,completed,108.39,False,0.0,2026-05-28 15:07:58
4480,906,50144306,2026-05-21 15:32:27,2026-05-21 16:17:27,1,Frozen Desserts,20.7,0.0,0.0,completed,15.17,False,0.0,2026-05-21 15:32:27
4481,906,50113224,2026-03-29 17:47:11,2026-03-29 18:17:11,4,American,23.2,0.0,2.1,completed,100.31,False,0.0,2026-03-29 17:47:11
4482,906,41689361,2026-04-03 13:00:19,2026-04-03 14:00:19,6,American,28.7,0.0,7.3,cancelled,334.8,False,0.0,2026-04-03 13:00:19
4483,906,50132177,2026-05-08 11:52:22,2026-05-08 12:07:22,2,American,6.1,0.0,3.3,completed,40.32,False,0.0,2026-05-08 11:52:22
4484,906,50005098,2026-05-30 18:10:37,2026-05-30 18:25:37,5,Donuts,8.2,0.0,0.0,completed,202.26,True,20.23,2026-05-30 18:10:37
4485,906,50161952,2026-03-19 14:07:49,2026-03-19 15:37:49,1,American,39.7,0.0,0.0,completed,18.95,False,0.0,2026-03-19 14:07:49
4486,906,50119924,2026-05-05 20:07:12,2026-05-05 20:37:12,2,Coffee/Tea,25.2,0.0,0.4,completed,74.12,False,0.0,2026-05-05 20:07:12
4487,906,41611725,2026-05-29 22:07:50,2026-05-29 22:37:50,1,American,38.9,22.0,17.7,completed,34.2,False,0.0,2026-05-29 22:07:50
4488,907,50013454,2026-04-04 19:14:27,2026-04-04 19:44:27,1,Pizza,15.0,0.0,2.5,completed,253.33,True,50.67,2026-04-04 19:14:27
4489,907,50116638,2026-04-15 15:06:16,2026-04-15 15:36:16,2,"Juice, Smoothies, Fruit Salads",30.3,0.0,1.4,completed,147.41,False,0.0,2026-04-15 15:06:16
4490,907,50175052,2026-03-27 19:02:49,2026-03-27 20:02:49,5,Bakery Products/Desserts,39.1,0.0,0.0,cancelled,126.88,False,0.0,2026-03-27 19:02:49
4491,907,50035485,2026-04-26 22:51:01,2026-04-27 00:21:01,1,Korean,41.0,0.0,0.9,completed,16.08,False,0.0,2026-04-26 22:51:01
4492,907,50149775,2026-03-29 17:19:15,2026-03-29 17:34:15,2,"Juice, Smoothies, Fruit Salads",14.1,0.0,0.0,completed,106.23,False,0.0,2026-03-29 17:19:15
4493,908,50099479,2026-05-26 20:34:36,2026-05-26 21:19:36,2,Donuts,8.7,0.0,0.2,completed,43.7,True,6.55,2026-05-26 20:34:36
4494,908,41391103,2026-03-04 13:47:55,2026-03-04 14:47:55,1,Donuts,41.4,0.0,3.8,completed,9.02,True,0.9,2026-03-04 13:47:55
4495,908,41250025,2026-05-18 18:52:32,2026-05-18 19:37:32,2,Chinese,15.5,0.0,0.0,cancelled,48.45,False,0.0,2026-05-18 18:52:32
4496,909,50068948,2026-04-24 19:16:54,2026-04-24 20:16:54,1,Coffee/Tea,8.1,0.0,0.5,completed,7.84,False,0.0,2026-04-24 19:16:54
4497,909,50150089,2026-04-29 19:13:02,2026-04-29 19:28:02,2,Japanese,19.3,0.0,0.0,completed,32.35,False,0.0,2026-04-29 19:13:02
4498,910,50115887,2026-04-16 19:20:53,2026-04-16 20:05:53,1,Asian/Asian Fusion,10.2,0.0,3.9,completed,40.25,False,0.0,2026-04-16 19:20:53
4499,910,50166964,2026-04-17 16:52:57,2026-04-17 17:22:57,6,American,15.1,0.0,3.1,completed,353.27,False,0.0,2026-04-17 16:52:57
4500,910,50156383,2026-05-03 15:01:38,2026-05-03 15:46:38,1,Other,14.0,0.0,0.0,completed,39.19,False,0.0,2026-05-03 15:01:38
4501,911,50055973,2026-04-03 21:17:31,2026-04-03 22:17:31,3,Coffee/Tea,33.4,0.0,0.5,completed,140.45,True,35.11,2026-04-03 21:17:31
4502,911,41620241,2026-04-13 08:33:52,2026-04-13 09:33:52,1,Coffee/Tea,15.9,0.0,0.0,cancelled,59.59,False,0.0,2026-04-13 08:33:52
4503,911,50150196,2026-03-05 11:52:08,2026-03-05 12:37:08,1,Coffee/Tea,26.6,0.0,0.0,no_show,12.9,False,0.0,2026-03-05 11:52:08
4504,911,50018380,2026-03-15 21:24:46,2026-03-15 22:24:46,1,Coffee/Tea,21.5,0.0,0.0,cancelled,40.93,False,0.0,2026-03-15 21:24:46
4505,911,50068193,2026-03-21 13:43:51,2026-03-21 13:58:51,2,Coffee/Tea,44.7,0.0,5.3,completed,69.55,False,0.0,2026-03-21 13:43:51
4506,911,40372262,2026-04-07 15:05:39,2026-04-07 16:05:39,2,French,20.3,0.0,0.0,completed,109.89,False,0.0,2026-04-07 15:05:39
4507,912,50128774,2026-05-09 11:57:04,2026-05-09 12:57:04,3,Chicken,40.8,0.0,2.0,completed,150.13,False,0.0,2026-05-09 11:57:04
4508,912,50013454,2026-05-25 09:56:52,2026-05-25 10:26:52,2,Pizza,36.2,0.0,1.4,completed,50.93,False,0.0,2026-05-25 09:56:52
4509,912,50062554,2026-05-11 08:23:06,2026-05-11 08:53:06,3,Spanish,20.6,0.0,0.0,completed,327.92,False,0.0,2026-05-11 08:23:06
4510,912,50176321,2026-05-15 18:12:54,2026-05-15 19:12:54,4,Pizza,31.5,0.0,1.3,completed,353.16,True,35.32,2026-05-15 18:12:54
4511,912,50115687,2026-03-12 18:48:33,2026-03-12 19:03:33,2,Pizza,21.7,0.0,0.0,completed,86.17,False,0.0,2026-03-12 18:48:33
4512,912,50073648,2026-05-08 11:30:20,2026-05-08 12:15:20,4,Pizza,13.3,0.0,1.4,completed,98.03,False,0.0,2026-05-08 11:30:20
4513,913,50134006,2026-04-05 13:17:23,2026-04-05 14:02:23,1,Other,14.7,0.0,2.8,cancelled,12.31,False,0.0,2026-04-05 13:17:23
4514,913,50104422,2026-03-09 13:00:43,2026-03-09 14:00:43,2,Other,42.2,6.4,8.3,completed,28.71,False,0.0,2026-03-09 13:00:43
4515,914,41521360,2026-03-15 16:26:31,2026-03-15 17:26:31,1,Bakery Products/Desserts,33.3,0.0,0.0,completed,17.34,False,0.0,2026-03-15 16:26:31
4516,914,50150615,2026-03-01 22:20:05,2026-03-01 23:20:05,2,Pizza,42.7,0.0,1.6,completed,189.21,False,0.0,2026-03-01 22:20:05
4517,914,40716141,2026-05-04 19:30:44,2026-05-04 19:45:44,3,American,16.5,0.0,0.0,completed,134.9,True,20.23,2026-05-04 19:30:44
4518,914,50109386,2026-05-18 14:46:12,2026-05-18 15:01:12,2,Pizza,9.0,0.0,0.0,completed,170.06,False,0.0,2026-05-18 14:46:12
4519,914,50102287,2026-05-19 11:30:31,2026-05-19 12:00:31,2,Coffee/Tea,14.8,0.0,1.3,completed,240.57,False,0.0,2026-05-19 11:30:31
4520,914,50143561,2026-04-18 15:41:56,2026-04-18 16:26:56,4,American,26.2,0.0,0.0,completed,226.04,False,0.0,2026-04-18 15:41:56
4521,914,50096064,2026-03-12 19:18:18,2026-03-12 20:03:18,5,Bakery Products/Desserts,30.5,0.0,0.0,completed,381.94,False,0.0,2026-03-12 19:18:18
4522,914,50037094,2026-05-10 12:42:48,2026-05-10 13:12:48,2,Italian,38.2,0.0,0.0,completed,79.01,False,0.0,2026-05-10 12:42:48
4523,914,41667036,2026-04-10 12:11:45,2026-04-10 13:11:45,1,Pizza,42.0,0.0,0.0,completed,32.75,False,0.0,2026-04-10 12:11:45
4524,914,50002545,2026-03-29 18:23:51,2026-03-29 18:53:51,3,Pizza,12.8,0.0,0.0,completed,109.53,False,0.0,2026-03-29 18:23:51
4525,914,50117066,2026-03-17 18:41:37,2026-03-17 20:41:37,1,Pizza,9.2,0.0,2.0,completed,130.52,False,0.0,2026-03-17 18:41:37
4526,914,50146342,2026-05-10 13:36:03,2026-05-10 14:21:03,2,Pizza,12.4,0.0,0.0,completed,298.57,False,0.0,2026-05-10 13:36:03
4527,915,41142210,2026-04-03 19:03:22,2026-04-03 20:03:22,1,Mediterranean,10.7,0.0,0.0,completed,16.08,False,0.0,2026-04-03 19:03:22
4528,916,50103610,2026-03-24 18:00:36,2026-03-24 19:30:36,2,Asian/Asian Fusion,6.8,0.0,0.0,completed,72.3,False,0.0,2026-03-24 18:00:36
4529,916,50105268,2026-05-02 10:45:20,2026-05-02 12:15:20,3,Asian/Asian Fusion,22.8,0.0,0.0,completed,256.22,False,0.0,2026-05-02 10:45:20
4530,916,50112960,2026-04-15 22:06:33,2026-04-15 22:21:33,2,Chinese,40.7,0.0,0.0,no_show,51.49,False,0.0,2026-04-15 22:06:33
4531,917,41546465,2026-04-05 15:50:20,2026-04-05 16:35:20,3,Thai,17.8,9.3,8.0,completed,35.39,False,0.0,2026-04-05 15:50:20
4532,917,50140721,2026-04-10 15:59:22,2026-04-10 16:29:22,2,Thai,35.0,0.0,0.0,completed,6.2,True,1.24,2026-04-10 15:59:22
4533,917,50107884,2026-03-05 08:50:20,2026-03-05 09:50:20,1,Thai,28.4,0.0,0.0,completed,15.15,False,0.0,2026-03-05 08:50:20
4534,918,50098846,2026-05-31 17:14:36,2026-05-31 17:44:36,2,Thai,20.4,2.4,0.4,completed,82.32,False,0.0,2026-05-31 17:14:36
4535,918,40904478,2026-04-30 12:57:06,2026-04-30 14:27:06,2,Thai,7.4,0.0,2.9,completed,9.43,False,0.0,2026-04-30 12:57:06
4536,918,50142958,2026-05-28 09:07:48,2026-05-28 09:52:48,2,Chinese,30.6,0.0,0.0,completed,24.14,False,0.0,2026-05-28 09:07:48
4537,918,50129659,2026-05-29 19:53:04,2026-05-29 20:08:04,1,Coffee/Tea,35.1,0.0,4.4,completed,25.86,True,5.17,2026-05-29 19:53:04
4538,918,50058992,2026-05-21 19:40:56,2026-05-21 19:55:56,6,Latin American,25.4,0.0,0.0,completed,108.59,True,10.86,2026-05-21 19:40:56
4539,918,40662196,2026-03-07 14:20:47,2026-03-07 14:50:47,2,French,12.9,0.0,0.0,completed,11.54,False,0.0,2026-03-07 14:20:47
4540,918,40400962,2026-03-13 13:11:40,2026-03-13 13:56:40,2,Hamburgers,7.3,0.0,0.0,completed,10.54,False,0.0,2026-03-13 13:11:40
4541,918,50174163,2026-05-30 16:10:50,2026-05-30 17:40:50,5,Thai,32.0,0.0,0.0,completed,89.31,True,22.33,2026-05-30 16:10:50
4542,918,50036072,2026-03-06 11:36:51,2026-03-06 12:21:51,2,Latin American,14.4,0.0,0.3,completed,11.28,False,0.0,2026-03-06 11:36:51
4543,918,50137573,2026-03-12 13:13:52,2026-03-12 15:13:52,3,American,31.4,0.0,0.0,completed,106.91,False,0.0,2026-03-12 13:13:52
4544,918,50019120,2026-04-04 19:50:01,2026-04-04 20:35:01,3,Thai,36.8,2.0,0.0,completed,89.39,False,0.0,2026-04-04 19:50:01
4545,918,50186656,2026-05-13 12:30:27,2026-05-13 12:45:27,3,Latin American,31.3,0.0,2.5,completed,160.3,False,0.0,2026-05-13 12:30:27
4546,918,50129318,2026-05-22 10:41:37,2026-05-22 11:11:37,2,Latin American,38.3,2.9,0.6,completed,16.11,False,0.0,2026-05-22 10:41:37
4547,918,50132095,2026-05-09 14:32:49,2026-05-09 15:32:49,4,Latin American,19.8,0.0,0.0,cancelled,89.73,False,0.0,2026-05-09 14:32:49
4548,918,50170339,2026-04-19 21:30:55,2026-04-19 22:30:55,2,Thai,8.6,0.0,2.5,completed,33.91,False,0.0,2026-04-19 21:30:55
4549,919,50137811,2026-05-01 13:43:16,2026-05-01 14:43:16,3,"Juice, Smoothies, Fruit Salads",26.2,0.0,0.0,completed,25.45,False,0.0,2026-05-01 13:43:16
4550,919,50173789,2026-03-20 10:11:44,2026-03-20 10:56:44,2,"Juice, Smoothies, Fruit Salads",12.6,0.0,0.0,completed,111.31,True,16.7,2026-03-20 10:11:44
4551,919,50168983,2026-04-17 11:56:33,2026-04-17 12:11:33,1,"Juice, Smoothies, Fruit Salads",16.9,0.0,0.2,cancelled,22.99,False,0.0,2026-04-17 11:56:33
4552,919,50136221,2026-05-31 19:45:51,2026-05-31 20:15:51,1,Pizza,20.7,0.0,3.9,completed,34.03,False,0.0,2026-05-31 19:45:51
4553,919,50140386,2026-04-24 21:46:47,2026-04-24 22:31:47,1,"Juice, Smoothies, Fruit Salads",32.4,0.0,4.0,completed,64.75,True,16.19,2026-04-24 21:46:47
4554,920,50099576,2026-03-18 10:06:16,2026-03-18 10:21:16,4,Asian/Asian Fusion,20.7,0.0,0.0,completed,363.69,False,0.0,2026-03-18 10:06:16
4555,920,50095369,2026-05-26 14:40:29,2026-05-26 14:55:29,2,Asian/Asian Fusion,6.9,0.0,0.0,completed,48.8,False,0.0,2026-05-26 14:40:29
4556,920,50002380,2026-04-20 10:04:44,2026-04-20 10:49:44,3,American,41.2,0.0,1.2,completed,288.59,False,0.0,2026-04-20 10:04:44
4557,920,50101059,2026-04-15 19:45:45,2026-04-15 20:30:45,2,Japanese,31.7,0.0,4.2,completed,134.66,True,26.93,2026-04-15 19:45:45
4558,920,50032584,2026-05-02 09:00:33,2026-05-02 09:45:33,2,Asian/Asian Fusion,28.8,0.0,0.0,completed,198.79,False,0.0,2026-05-02 09:00:33
4559,920,50136402,2026-05-15 19:45:56,2026-05-15 20:45:56,5,Chinese,28.7,0.0,0.0,completed,86.12,False,0.0,2026-05-15 19:45:56
4560,920,50171190,2026-04-26 09:09:12,2026-04-26 09:54:12,1,Asian/Asian Fusion,14.7,0.0,0.1,completed,45.85,False,0.0,2026-04-26 09:09:12
4561,920,41334807,2026-04-12 13:05:05,2026-04-12 14:05:05,5,Pizza,33.0,0.0,9.3,cancelled,115.54,False,0.0,2026-04-12 13:05:05
4562,920,50083465,2026-05-21 19:23:54,2026-05-21 20:08:54,4,Chinese,21.9,0.0,1.0,completed,53.93,False,0.0,2026-05-21 19:23:54
4563,920,50099005,2026-03-29 11:27:35,2026-03-29 11:57:35,4,Asian/Asian Fusion,7.0,0.0,0.3,completed,54.13,False,0.0,2026-03-29 11:27:35
4564,924,50063953,2026-05-02 13:24:52,2026-05-02 14:54:52,2,Indian,9.3,0.0,0.0,completed,117.68,False,0.0,2026-05-02 13:24:52
4565,924,50160792,2026-04-23 14:49:38,2026-04-23 15:34:38,1,Italian,28.0,3.2,1.8,completed,32.07,True,4.81,2026-04-23 14:49:38
4566,924,41656677,2026-05-20 13:52:42,2026-05-20 14:37:42,3,Italian,24.0,0.0,0.0,completed,213.82,True,32.07,2026-05-20 13:52:42
4567,925,41578677,2026-05-14 19:53:54,2026-05-14 21:23:54,1,Indian,23.6,0.0,0.7,completed,169.81,False,0.0,2026-05-14 19:53:54
4568,925,50055985,2026-04-24 18:51:34,2026-04-24 19:21:34,2,American,23.8,0.0,0.0,completed,85.66,False,0.0,2026-04-24 18:51:34
4569,925,50105429,2026-03-29 20:46:05,2026-03-29 21:01:05,1,American,19.0,0.0,0.0,completed,61.81,False,0.0,2026-03-29 20:46:05
4570,925,50108497,2026-05-31 17:40:39,2026-05-31 18:25:39,1,Indian,5.5,0.0,0.5,cancelled,76.2,False,0.0,2026-05-31 17:40:39
4571,925,50046719,2026-03-15 10:30:49,2026-03-15 11:15:49,2,American,13.6,0.0,1.0,completed,53.44,True,10.69,2026-03-15 10:30:49
4572,925,50036335,2026-05-08 20:23:04,2026-05-08 20:53:04,2,"Juice, Smoothies, Fruit Salads",16.5,0.0,4.2,completed,102.75,True,25.69,2026-05-08 20:23:04
4573,925,50124488,2026-05-18 12:25:48,2026-05-18 13:25:48,3,Chinese,17.7,0.0,0.0,completed,143.06,True,35.77,2026-05-18 12:25:48
4574,925,50164074,2026-05-24 15:30:27,2026-05-24 16:30:27,2,Chinese,36.7,0.0,5.8,completed,65.86,False,0.0,2026-05-24 15:30:27
4575,925,50162198,2026-05-23 09:00:59,2026-05-23 09:30:59,2,Chicken,20.9,0.0,1.2,completed,92.78,True,18.56,2026-05-23 09:00:59
4576,925,40385161,2026-03-27 19:43:31,2026-03-27 20:13:31,1,American,8.7,0.0,2.3,completed,199.34,False,0.0,2026-03-27 19:43:31
4577,925,50067646,2026-03-01 10:55:22,2026-03-01 11:25:22,4,American,19.0,0.0,0.0,completed,73.79,True,18.45,2026-03-01 10:55:22
4578,925,50111156,2026-03-15 11:55:26,2026-03-15 12:40:26,4,French,20.5,0.0,0.0,completed,286.69,True,43.0,2026-03-15 11:55:26
4579,926,50106335,2026-03-25 15:35:50,2026-03-25 16:05:50,3,Indian,19.1,0.0,4.0,completed,143.33,False,0.0,2026-03-25 15:35:50
4580,926,50124735,2026-03-03 09:58:39,2026-03-03 10:28:39,2,Indian,30.8,0.0,0.0,completed,46.05,True,9.21,2026-03-03 09:58:39
4581,926,50099760,2026-05-26 14:29:15,2026-05-26 16:29:15,4,American,43.0,0.0,0.0,cancelled,120.69,False,0.0,2026-05-26 14:29:15
4582,927,50166012,2026-03-30 20:06:43,2026-03-30 21:06:43,2,Latin American,29.0,0.0,0.7,completed,77.35,False,0.0,2026-03-30 20:06:43
4583,927,50111725,2026-04-24 10:32:53,2026-04-24 11:17:53,2,Chicken,19.4,0.0,1.6,completed,13.1,False,0.0,2026-04-24 10:32:53
4584,928,50053020,2026-03-26 17:33:46,2026-03-26 18:18:46,4,Coffee/Tea,35.6,0.0,1.2,completed,97.27,False,0.0,2026-03-26 17:33:46
4585,928,50112528,2026-05-12 20:16:53,2026-05-12 21:16:53,2,Italian,20.8,0.0,0.0,completed,110.61,False,0.0,2026-05-12 20:16:53
4586,928,50076131,2026-04-15 20:38:36,2026-04-15 22:08:36,2,Donuts,23.7,0.0,0.0,completed,23.19,False,0.0,2026-04-15 20:38:36
4587,928,50035310,2026-03-07 21:16:23,2026-03-07 21:31:23,2,Italian,27.8,0.0,0.0,completed,91.66,False,0.0,2026-03-07 21:16:23
4588,928,40999668,2026-04-03 20:13:44,2026-04-03 21:43:44,6,Donuts,17.2,0.0,2.8,completed,39.38,True,3.94,2026-04-03 20:13:44
4589,929,50142282,2026-05-03 12:51:57,2026-05-03 13:36:57,3,French,24.1,0.0,0.2,completed,109.93,False,0.0,2026-05-03 12:51:57
4590,929,50155477,2026-05-16 16:27:53,2026-05-16 16:42:53,2,Thai,8.6,21.8,13.4,completed,28.99,False,0.0,2026-05-16 16:27:53
4591,929,41489751,2026-03-12 13:21:29,2026-03-12 14:06:29,4,French,17.1,9.5,6.6,completed,264.23,False,0.0,2026-03-12 13:21:29
4592,929,50170696,2026-03-18 10:34:37,2026-03-18 12:34:37,2,Thai,40.7,13.8,15.9,completed,36.12,True,9.03,2026-03-18 10:34:37
4593,929,50164047,2026-05-01 15:10:06,2026-05-01 15:25:06,3,Thai,28.4,0.0,2.5,completed,33.08,True,8.27,2026-05-01 15:10:06
4594,929,50114388,2026-03-24 11:02:04,2026-03-24 11:32:04,2,Chinese,21.8,0.0,2.8,completed,36.61,False,0.0,2026-03-24 11:02:04
4595,929,41103208,2026-03-03 13:58:00,2026-03-03 14:28:00,3,French,36.9,0.0,0.0,completed,81.47,False,0.0,2026-03-03 13:58:00
4596,929,41512057,2026-04-07 15:06:42,2026-04-07 16:06:42,5,French,30.3,0.9,0.0,completed,127.99,False,0.0,2026-04-07 15:06:42
4597,929,50120337,2026-05-21 18:02:24,2026-05-21 19:32:24,6,Thai,42.3,4.0,3.8,completed,177.99,False,0.0,2026-05-21 18:02:24
4598,930,50073751,2026-03-31 20:55:10,2026-03-31 21:40:10,4,Latin American,9.1,0.0,0.0,completed,80.83,False,0.0,2026-03-31 20:55:10
4599,930,50126069,2026-04-23 14:40:18,2026-04-23 15:10:18,4,Italian,39.5,0.0,0.5,completed,28.33,False,0.0,2026-04-23 14:40:18
4600,931,50088493,2026-04-15 17:54:02,2026-04-15 18:24:02,2,Frozen Desserts,20.8,0.0,0.0,completed,58.03,False,0.0,2026-04-15 17:54:02
4601,932,50143608,2026-05-24 12:30:24,2026-05-24 12:45:24,5,Frozen Desserts,30.1,0.0,0.0,cancelled,356.44,False,0.0,2026-05-24 12:30:24
4602,932,50059347,2026-04-17 20:55:23,2026-04-17 21:40:23,5,Mexican,33.8,0.0,0.5,completed,83.42,False,0.0,2026-04-17 20:55:23
4603,933,50163731,2026-03-02 21:40:27,2026-03-02 22:25:27,4,Japanese,30.1,0.0,4.1,no_show,61.82,False,0.0,2026-03-02 21:40:27
4604,933,50054403,2026-03-13 18:47:01,2026-03-13 20:17:01,1,Asian/Asian Fusion,19.1,0.0,3.9,completed,44.51,False,0.0,2026-03-13 18:47:01
4605,933,50167682,2026-05-22 20:44:57,2026-05-22 21:14:57,2,Japanese,33.2,0.0,1.6,completed,22.83,True,3.43,2026-05-22 20:44:57
4606,933,41671103,2026-05-23 21:42:57,2026-05-23 22:42:57,1,Irish,42.7,0.0,0.5,completed,6.77,False,0.0,2026-05-23 21:42:57
4607,934,50109269,2026-04-04 19:09:33,2026-04-04 19:39:33,2,Latin American,15.8,0.0,2.9,completed,10.96,False,0.0,2026-04-04 19:09:33
4608,934,50072310,2026-04-03 12:46:09,2026-04-03 13:31:09,2,Japanese,43.9,0.0,0.0,cancelled,19.56,False,0.0,2026-04-03 12:46:09
4609,934,50161096,2026-05-20 11:59:52,2026-05-20 12:29:52,1,Latin American,43.6,27.0,14.7,cancelled,9.74,False,0.0,2026-05-20 11:59:52
4610,934,40365525,2026-03-10 16:59:35,2026-03-10 18:29:35,1,Donuts,36.8,0.0,0.0,no_show,6.29,False,0.0,2026-03-10 16:59:35
4611,934,50144476,2026-03-29 13:33:09,2026-03-29 15:33:09,4,Japanese,33.8,25.9,42.4,cancelled,51.17,False,0.0,2026-03-29 13:33:09
4612,936,50053465,2026-05-05 14:21:25,2026-05-05 14:51:25,1,Latin American,28.1,0.0,0.0,completed,19.54,False,0.0,2026-05-05 14:21:25
4613,937,50140858,2026-04-22 21:29:45,2026-04-22 21:44:45,3,Pizza,5.8,1.1,4.0,no_show,39.17,False,0.0,2026-04-22 21:29:45
4614,937,50150578,2026-04-10 16:57:54,2026-04-10 17:12:54,2,Italian,9.0,0.0,1.3,completed,124.48,False,0.0,2026-04-10 16:57:54
4615,937,50140924,2026-03-17 20:56:02,2026-03-17 21:11:02,4,American,27.3,0.0,0.0,completed,280.04,False,0.0,2026-03-17 20:56:02
4616,938,50105671,2026-03-13 15:32:09,2026-03-13 16:17:09,3,Mediterranean,22.0,0.0,0.0,completed,121.26,True,12.13,2026-03-13 15:32:09
4617,938,50144842,2026-05-03 20:59:21,2026-05-03 21:44:21,3,Thai,33.6,0.0,0.0,completed,152.26,False,0.0,2026-05-03 20:59:21
4618,938,50057588,2026-03-10 18:09:20,2026-03-10 18:39:20,4,Mediterranean,40.9,0.0,0.0,completed,153.36,False,0.0,2026-03-10 18:09:20
4619,938,50081412,2026-04-02 19:15:27,2026-04-02 20:45:27,1,Mediterranean,16.9,0.0,0.0,completed,23.88,False,0.0,2026-04-02 19:15:27
4620,938,50163294,2026-03-09 19:33:17,2026-03-09 19:48:17,1,Spanish,35.6,0.0,5.2,completed,63.08,False,0.0,2026-03-09 19:33:17
4621,938,41707677,2026-04-01 12:38:06,2026-04-01 13:08:06,4,Italian,31.7,0.0,0.2,completed,140.86,False,0.0,2026-04-01 12:38:06
4622,938,50081064,2026-05-29 16:15:58,2026-05-29 16:45:58,1,Mediterranean,24.5,0.0,0.0,completed,59.42,False,0.0,2026-05-29 16:15:58
4623,938,50144842,2026-05-30 21:16:10,2026-05-30 21:46:10,1,Thai,30.0,0.0,0.0,completed,40.45,False,0.0,2026-05-30 21:16:10
4624,938,50074936,2026-04-23 12:10:40,2026-04-23 13:40:40,2,Thai,39.0,0.0,0.2,completed,63.18,False,0.0,2026-04-23 12:10:40
4625,939,50039007,2026-03-11 12:29:27,2026-03-11 13:14:27,2,Sandwiches,27.0,0.0,6.5,completed,33.5,False,0.0,2026-03-11 12:29:27
4626,939,50117413,2026-05-10 17:31:38,2026-05-10 18:01:38,4,Sandwiches,12.7,2.4,0.0,completed,324.55,False,0.0,2026-05-10 17:31:38
4627,939,50149191,2026-05-22 18:09:39,2026-05-22 19:09:39,2,Sandwiches,16.2,0.0,0.8,completed,52.68,False,0.0,2026-05-22 18:09:39
4628,939,50132621,2026-05-08 14:12:24,2026-05-08 14:42:24,2,American,22.5,0.0,0.0,completed,103.69,False,0.0,2026-05-08 14:12:24
4629,940,50164005,2026-05-18 19:54:51,2026-05-18 21:24:51,3,Indian,10.8,0.0,1.2,completed,7.86,False,0.0,2026-05-18 19:54:51
4630,940,50132095,2026-04-30 17:04:34,2026-04-30 17:49:34,2,Latin American,12.5,0.0,1.7,completed,10.18,False,0.0,2026-04-30 17:04:34
4631,940,50099826,2026-04-20 19:00:38,2026-04-20 19:45:38,3,Indian,7.4,20.8,13.7,cancelled,39.71,False,0.0,2026-04-20 19:00:38
4632,940,50133246,2026-05-04 20:46:12,2026-05-04 21:46:12,2,Indian,27.1,0.0,0.0,cancelled,16.57,False,0.0,2026-05-04 20:46:12
4633,940,50085211,2026-05-22 18:48:12,2026-05-22 19:33:12,2,Latin American,35.6,0.0,0.0,completed,3.04,False,0.0,2026-05-22 18:48:12
4634,940,41382688,2026-05-18 18:38:46,2026-05-18 20:38:46,3,Latin American,10.6,1.2,4.1,completed,15.0,False,0.0,2026-05-18 18:38:46
4635,940,50152154,2026-05-19 10:53:47,2026-05-19 11:23:47,2,Latin American,17.9,0.0,3.9,cancelled,15.14,True,1.51,2026-05-19 10:53:47
4636,940,41709616,2026-05-04 12:24:50,2026-05-04 12:54:50,3,Latin American,15.2,0.0,1.8,completed,13.73,True,2.75,2026-05-04 12:24:50
4637,940,50014653,2026-05-12 21:58:10,2026-05-12 22:58:10,2,French,14.3,0.0,2.0,cancelled,11.5,True,1.15,2026-05-12 21:58:10
4638,941,50134522,2026-05-05 09:06:19,2026-05-05 10:06:19,2,Coffee/Tea,36.1,0.0,1.1,completed,22.18,False,0.0,2026-05-05 09:06:19
4639,941,50140381,2026-04-24 15:57:19,2026-04-24 16:42:19,1,Chinese,30.0,0.0,0.0,completed,18.04,False,0.0,2026-04-24 15:57:19
4640,942,41212839,2026-03-22 10:44:32,2026-03-22 10:59:32,2,Mediterranean,28.7,0.0,5.2,completed,55.51,False,0.0,2026-03-22 10:44:32
4641,942,50001719,2026-04-20 20:03:17,2026-04-20 20:48:17,2,Mediterranean,11.6,0.0,1.7,no_show,210.75,False,0.0,2026-04-20 20:03:17
4642,942,50101797,2026-03-07 20:33:55,2026-03-07 22:03:55,2,Coffee/Tea,31.4,0.0,0.7,completed,88.55,True,22.14,2026-03-07 20:33:55
4643,943,50163324,2026-03-01 21:36:10,2026-03-01 22:21:10,4,Indian,27.2,0.0,0.0,completed,133.47,False,0.0,2026-03-01 21:36:10
4644,943,50094566,2026-03-04 19:33:15,2026-03-04 20:03:15,4,Pizza,23.2,0.0,0.0,completed,257.58,False,0.0,2026-03-04 19:33:15
4645,943,50183864,2026-03-15 21:16:23,2026-03-15 22:01:23,2,American,17.2,0.0,0.3,cancelled,79.38,False,0.0,2026-03-15 21:16:23
4646,943,50122874,2026-05-03 11:34:41,2026-05-03 12:04:41,2,Pizza,20.2,0.0,0.0,no_show,25.47,False,0.0,2026-05-03 11:34:41
4647,943,50140847,2026-05-27 18:02:06,2026-05-27 18:32:06,2,Coffee/Tea,14.9,0.0,8.8,completed,82.91,False,0.0,2026-05-27 18:02:06
4648,944,41272891,2026-03-30 14:02:49,2026-03-30 14:47:49,4,Indian,29.9,0.0,0.1,completed,128.3,False,0.0,2026-03-30 14:02:49
4649,944,50108497,2026-05-04 15:07:10,2026-05-04 16:07:10,2,Indian,32.8,0.0,1.6,completed,41.13,False,0.0,2026-05-04 15:07:10
4650,944,50119740,2026-05-21 11:03:14,2026-05-21 12:33:14,1,Other,24.6,0.0,0.0,completed,48.36,False,0.0,2026-05-21 11:03:14
4651,944,50177571,2026-05-22 19:32:23,2026-05-22 20:02:23,6,Other,39.0,0.0,0.0,completed,351.23,False,0.0,2026-05-22 19:32:23
4652,944,50112925,2026-03-08 15:18:03,2026-03-08 16:18:03,2,Indian,31.6,0.0,0.0,completed,116.35,False,0.0,2026-03-08 15:18:03
4653,944,50147296,2026-04-29 11:57:06,2026-04-29 12:27:06,3,American,42.5,0.0,1.3,completed,63.53,True,9.53,2026-04-29 11:57:06
4654,944,50149328,2026-03-29 21:28:13,2026-03-29 21:58:13,2,Pizza,22.2,0.0,2.9,completed,241.98,False,0.0,2026-03-29 21:28:13
4655,944,50135000,2026-03-12 10:09:24,2026-03-12 10:39:24,1,Jewish/Kosher,34.5,0.0,0.0,completed,8.86,False,0.0,2026-03-12 10:09:24
4656,944,50140565,2026-04-16 12:21:37,2026-04-16 12:51:37,4,Other,10.6,0.0,0.4,completed,101.11,False,0.0,2026-04-16 12:21:37
4657,944,50055936,2026-05-31 20:25:23,2026-05-31 22:25:23,2,Thai,40.8,0.2,0.0,completed,44.58,False,0.0,2026-05-31 20:25:23
4658,945,50074297,2026-05-19 20:54:29,2026-05-19 21:09:29,3,Bakery Products/Desserts,31.1,0.0,1.9,completed,234.56,True,46.91,2026-05-19 20:54:29
4659,945,50160742,2026-03-14 10:18:58,2026-03-14 11:18:58,2,Coffee/Tea,37.8,0.0,1.0,completed,14.05,False,0.0,2026-03-14 10:18:58
4660,945,50015970,2026-05-10 17:45:51,2026-05-10 19:15:51,4,American,29.4,0.0,0.0,completed,54.84,False,0.0,2026-05-10 17:45:51
4661,945,40377630,2026-04-15 09:12:04,2026-04-15 09:27:04,3,American,33.3,0.0,0.0,completed,25.42,False,0.0,2026-04-15 09:12:04
4662,945,50166741,2026-05-03 13:29:38,2026-05-03 13:44:38,2,Latin American,39.5,0.0,0.0,completed,102.77,True,25.69,2026-05-03 13:29:38
4663,945,41191856,2026-03-31 18:50:26,2026-03-31 19:35:26,3,American,6.3,0.0,0.0,completed,63.54,True,12.71,2026-03-31 18:50:26
4664,945,50046597,2026-05-28 22:03:51,2026-05-28 23:03:51,1,Latin American,20.3,0.0,0.0,completed,24.03,False,0.0,2026-05-28 22:03:51
4665,945,50127378,2026-05-13 13:44:40,2026-05-13 15:14:40,4,American,41.6,0.0,0.0,completed,63.81,False,0.0,2026-05-13 13:44:40
4666,945,50182935,2026-03-14 08:08:55,2026-03-14 09:38:55,4,Korean,21.3,0.0,0.0,completed,90.27,False,0.0,2026-03-14 08:08:55
4667,945,50111435,2026-04-13 09:16:51,2026-04-13 10:46:51,1,Bakery Products/Desserts,7.4,0.0,0.0,completed,25.68,False,0.0,2026-04-13 09:16:51
4668,945,40365904,2026-05-13 16:47:58,2026-05-13 17:47:58,4,Coffee/Tea,35.9,0.0,0.8,cancelled,171.4,False,0.0,2026-05-13 16:47:58
4669,945,50098572,2026-04-06 12:42:30,2026-04-06 13:12:30,6,American,31.6,0.0,0.0,completed,214.83,False,0.0,2026-04-06 12:42:30
4670,945,41075977,2026-04-01 09:46:20,2026-04-01 11:46:20,2,Latin American,37.6,0.0,6.2,completed,88.75,False,0.0,2026-04-01 09:46:20
4671,945,50137177,2026-04-17 12:40:15,2026-04-17 13:40:15,1,Latin American,38.5,0.0,0.0,completed,92.3,False,0.0,2026-04-17 12:40:15
4672,946,41382973,2026-04-26 15:50:53,2026-04-26 16:20:53,2,Donuts,29.3,0.0,0.1,completed,254.58,False,0.0,2026-04-26 15:50:53
4673,946,50105997,2026-05-25 13:11:08,2026-05-25 13:41:08,5,French,44.3,38.7,47.6,completed,424.66,True,42.47,2026-05-25 13:11:08
4674,946,41051587,2026-05-07 21:47:03,2026-05-07 22:32:03,2,Donuts,8.9,0.0,0.6,completed,103.45,False,0.0,2026-05-07 21:47:03
4675,946,50157923,2026-04-03 22:02:25,2026-04-03 23:02:25,2,Jewish/Kosher,11.5,0.0,0.0,cancelled,215.88,False,0.0,2026-04-03 22:02:25
4676,946,50061295,2026-03-04 16:58:59,2026-03-04 18:28:59,2,Italian,35.3,0.0,0.0,completed,115.64,True,28.91,2026-03-04 16:58:59
4677,946,50080892,2026-05-24 20:46:55,2026-05-24 21:31:55,3,Donuts,27.2,0.0,0.4,completed,234.8,False,0.0,2026-05-24 20:46:55
4678,946,50086389,2026-04-05 12:01:17,2026-04-05 13:01:17,3,Donuts,11.5,0.0,0.7,completed,41.72,False,0.0,2026-04-05 12:01:17
4679,946,50107169,2026-04-07 13:13:11,2026-04-07 13:58:11,1,American,42.6,0.0,4.2,completed,13.49,False,0.0,2026-04-07 13:13:11
4680,946,50095294,2026-03-12 17:53:52,2026-03-12 19:23:52,2,Donuts,5.9,0.0,4.5,completed,181.96,False,0.0,2026-03-12 17:53:52
4681,946,50125534,2026-03-13 14:59:47,2026-03-13 16:29:47,3,French,14.0,0.0,4.0,completed,175.58,False,0.0,2026-03-13 14:59:47
4682,946,50123919,2026-04-22 17:57:50,2026-04-22 18:27:50,2,French,42.2,0.2,0.2,completed,185.7,True,27.86,2026-04-22 17:57:50
4683,946,50052039,2026-04-07 17:23:27,2026-04-07 18:23:27,1,Donuts,16.3,0.0,0.0,completed,83.49,False,0.0,2026-04-07 17:23:27
4684,946,50091156,2026-03-26 19:21:02,2026-03-26 19:51:02,1,French,23.2,0.0,7.7,completed,81.64,False,0.0,2026-03-26 19:21:02
4685,946,50085967,2026-05-19 19:42:31,2026-05-19 19:57:31,2,Donuts,24.9,0.0,3.9,completed,49.75,True,9.95,2026-05-19 19:42:31
4686,947,50160038,2026-04-20 20:52:17,2026-04-20 21:22:17,1,Indian,5.4,0.0,0.0,completed,23.95,True,3.59,2026-04-20 20:52:17
4687,947,50046405,2026-04-19 12:09:15,2026-04-19 12:54:15,4,Indian,21.1,0.0,0.0,cancelled,104.27,False,0.0,2026-04-19 12:09:15
4688,947,50090073,2026-04-28 15:42:47,2026-04-28 16:27:47,3,Latin American,17.5,0.0,0.0,completed,22.34,False,0.0,2026-04-28 15:42:47
4689,947,50161386,2026-04-16 13:43:30,2026-04-16 14:13:30,2,Indian,33.2,0.0,0.4,no_show,34.32,False,0.0,2026-04-16 13:43:30
4690,947,50117428,2026-04-06 10:19:38,2026-04-06 10:34:38,2,American,32.4,0.0,0.0,completed,64.16,False,0.0,2026-04-06 10:19:38
4691,947,50143553,2026-03-29 19:00:23,2026-03-29 20:00:23,3,Indian,26.9,0.0,2.3,completed,12.89,False,0.0,2026-03-29 19:00:23
4692,947,50182622,2026-04-09 17:02:33,2026-04-09 18:02:33,3,Other,13.2,1.0,6.0,completed,16.05,False,0.0,2026-04-09 17:02:33
4693,947,41713782,2026-04-27 16:47:29,2026-04-27 17:32:29,1,Coffee/Tea,43.7,0.0,0.0,completed,27.47,False,0.0,2026-04-27 16:47:29
4694,947,50150277,2026-05-12 20:12:29,2026-05-12 20:27:29,2,Other,13.1,120.0,130.7,completed,43.21,True,4.32,2026-05-12 20:12:29
4695,947,50149392,2026-04-15 12:01:59,2026-04-15 13:01:59,2,Other,27.2,0.0,2.4,completed,44.98,False,0.0,2026-04-15 12:01:59
4696,947,50153269,2026-03-28 20:16:17,2026-03-28 22:16:17,3,Other,21.2,0.0,0.0,completed,11.02,False,0.0,2026-03-28 20:16:17
4697,947,50159860,2026-03-09 19:38:57,2026-03-09 20:38:57,2,Other,21.0,0.0,0.0,completed,39.71,False,0.0,2026-03-09 19:38:57
4698,948,50168120,2026-03-25 18:49:56,2026-03-25 19:19:56,2,Coffee/Tea,34.0,0.0,0.0,completed,54.76,True,13.69,2026-03-25 18:49:56
4699,948,41100350,2026-04-04 17:43:27,2026-04-04 17:58:27,2,American,10.0,0.0,0.0,completed,55.76,False,0.0,2026-04-04 17:43:27
4700,948,50104379,2026-03-22 19:13:20,2026-03-22 19:58:20,2,Donuts,43.7,0.0,0.0,cancelled,33.02,False,0.0,2026-03-22 19:13:20
4701,948,50107020,2026-04-26 16:01:16,2026-04-26 16:16:16,2,American,9.7,0.0,0.0,completed,101.18,False,0.0,2026-04-26 16:01:16
4702,949,50011207,2026-05-29 17:00:39,2026-05-29 17:15:39,3,Chicken,15.5,0.0,0.0,completed,211.55,False,0.0,2026-05-29 17:00:39
4703,949,50012356,2026-05-26 22:13:57,2026-05-26 22:28:57,4,Chicken,43.5,0.0,1.4,completed,160.11,False,0.0,2026-05-26 22:13:57
4704,950,50102368,2026-04-26 20:28:26,2026-04-26 20:43:26,2,Indian,15.6,0.0,0.0,completed,67.78,False,0.0,2026-04-26 20:28:26
4705,950,50175539,2026-05-18 10:30:53,2026-05-18 11:30:53,3,Indian,29.4,0.0,0.0,cancelled,151.73,False,0.0,2026-05-18 10:30:53
4706,950,50129827,2026-05-28 21:44:21,2026-05-28 22:44:21,1,Mediterranean,9.9,0.0,1.8,completed,15.86,False,0.0,2026-05-28 21:44:21
4707,950,50045768,2026-05-08 19:13:08,2026-05-08 20:13:08,6,Indian,33.4,0.0,2.5,completed,306.89,False,0.0,2026-05-08 19:13:08
4708,950,50131016,2026-05-30 17:15:54,2026-05-30 17:30:54,2,Italian,19.4,0.0,0.0,completed,65.43,False,0.0,2026-05-30 17:15:54
4709,951,40846125,2026-03-30 21:35:51,2026-03-30 22:35:51,1,Sandwiches,21.5,0.0,2.0,completed,10.42,True,2.08,2026-03-30 21:35:51
4710,951,50036313,2026-03-16 19:36:34,2026-03-16 20:21:34,2,American,40.3,0.0,0.0,completed,63.35,False,0.0,2026-03-16 19:36:34
4711,951,50146152,2026-05-30 18:58:42,2026-05-30 19:43:42,1,Sandwiches,42.7,0.0,0.0,completed,7.1,False,0.0,2026-05-30 18:58:42
4712,951,50181761,2026-05-06 11:15:45,2026-05-06 11:45:45,4,Indian,28.6,0.0,0.0,completed,14.51,False,0.0,2026-05-06 11:15:45
4713,951,50044522,2026-05-22 11:44:49,2026-05-22 12:29:49,2,American,25.5,8.6,10.0,completed,38.69,True,9.67,2026-05-22 11:44:49
4714,951,50105268,2026-05-01 14:03:06,2026-05-01 14:48:06,2,Asian/Asian Fusion,11.8,0.0,0.5,completed,9.86,False,0.0,2026-05-01 14:03:06
4715,951,50112325,2026-03-07 10:37:02,2026-03-07 12:07:02,1,Sandwiches,35.1,0.0,3.8,completed,8.76,False,0.0,2026-03-07 10:37:02
4716,951,50144965,2026-05-29 13:21:54,2026-05-29 14:06:54,2,Indian,18.0,0.0,0.0,completed,53.65,False,0.0,2026-05-29 13:21:54
4717,952,50102670,2026-03-05 20:13:35,2026-03-05 21:13:35,4,Mexican,13.9,0.0,4.5,completed,116.69,True,11.67,2026-03-05 20:13:35
4718,952,41420291,2026-03-20 19:16:42,2026-03-20 20:01:42,2,American,11.6,0.0,3.2,completed,70.96,False,0.0,2026-03-20 19:16:42
4719,952,50011690,2026-03-07 13:54:06,2026-03-07 15:54:06,2,Mexican,28.6,0.0,0.0,completed,113.76,False,0.0,2026-03-07 13:54:06
4720,952,40975524,2026-03-03 16:42:51,2026-03-03 18:12:51,4,Mexican,41.6,0.0,4.8,completed,180.57,False,0.0,2026-03-03 16:42:51
4721,952,50149892,2026-04-25 20:05:28,2026-04-25 20:35:28,4,Mexican,33.2,0.0,0.0,completed,17.46,False,0.0,2026-04-25 20:05:28
4722,952,50142945,2026-05-24 15:25:40,2026-05-24 15:55:40,3,Mexican,36.8,0.0,0.0,completed,56.1,False,0.0,2026-05-24 15:25:40
4723,953,50008319,2026-05-22 11:41:45,2026-05-22 12:11:45,1,Chicken,31.1,0.0,1.3,completed,56.19,False,0.0,2026-05-22 11:41:45
4724,953,50099833,2026-04-27 11:27:10,2026-04-27 12:12:10,3,American,32.3,0.0,2.2,completed,379.46,True,75.89,2026-04-27 11:27:10
4725,953,50128774,2026-04-11 13:46:44,2026-04-11 15:46:44,1,Chicken,36.1,0.0,0.0,completed,41.52,True,4.15,2026-04-11 13:46:44
4726,953,50162360,2026-05-05 16:47:42,2026-05-05 17:32:42,1,Sandwiches/Salads/Mixed Buffet,30.2,0.0,0.0,completed,32.56,False,0.0,2026-05-05 16:47:42
4727,953,50127583,2026-03-06 14:00:48,2026-03-06 15:00:48,3,Chicken,31.6,0.0,0.0,completed,93.81,False,0.0,2026-03-06 14:00:48
4728,954,50119394,2026-04-26 14:57:22,2026-04-26 15:12:22,2,Coffee/Tea,10.2,0.0,0.0,completed,30.02,True,6.0,2026-04-26 14:57:22
4729,954,50113001,2026-04-28 09:10:16,2026-04-28 09:25:16,4,Coffee/Tea,36.1,0.0,0.0,completed,58.08,False,0.0,2026-04-28 09:10:16
4730,954,50073325,2026-05-15 16:26:16,2026-05-15 16:56:16,2,French,15.7,0.0,0.0,cancelled,26.46,False,0.0,2026-05-15 16:26:16
4731,954,40592981,2026-03-07 19:02:02,2026-03-07 19:32:02,1,French,34.5,49.9,39.0,completed,32.35,False,0.0,2026-03-07 19:02:02
4732,954,50149380,2026-04-25 19:14:12,2026-04-25 21:14:12,1,French,17.4,0.0,4.9,no_show,12.63,True,3.16,2026-04-25 19:14:12
4733,954,50170578,2026-04-25 11:03:06,2026-04-25 11:33:06,1,Chinese,8.3,0.0,0.0,completed,5.71,False,0.0,2026-04-25 11:03:06
4734,954,41696929,2026-05-18 11:24:26,2026-05-18 12:09:26,1,Irish,27.9,0.0,0.0,completed,2.13,False,0.0,2026-05-18 11:24:26
4735,954,50145736,2026-03-09 09:00:15,2026-03-09 09:45:15,2,Coffee/Tea,40.6,0.0,0.0,completed,42.54,False,0.0,2026-03-09 09:00:15
4736,954,50079833,2026-04-28 16:23:47,2026-04-28 16:53:47,2,Coffee/Tea,5.9,0.0,1.9,completed,92.54,False,0.0,2026-04-28 16:23:47
4737,955,50135616,2026-05-08 22:49:58,2026-05-08 23:19:58,2,Indian,34.6,0.3,0.5,completed,13.71,True,2.74,2026-05-08 22:49:58
4738,955,41458001,2026-05-08 20:02:16,2026-05-08 20:47:16,1,American,42.7,0.0,0.0,completed,28.87,True,2.89,2026-05-08 20:02:16
4739,955,50047488,2026-05-13 11:19:03,2026-05-13 12:04:03,4,Thai,19.9,0.0,1.9,completed,43.02,False,0.0,2026-05-13 11:19:03
4740,956,50175761,2026-03-04 09:36:40,2026-03-04 10:36:40,1,Other,7.1,29.9,20.7,completed,7.26,False,0.0,2026-03-04 09:36:40
4741,956,40874688,2026-05-24 14:50:04,2026-05-24 15:35:04,2,American,8.4,0.0,0.0,completed,8.53,False,0.0,2026-05-24 14:50:04
4742,956,50119525,2026-04-02 12:59:35,2026-04-02 13:59:35,2,Other,40.1,0.0,0.0,completed,8.45,False,0.0,2026-04-02 12:59:35
4743,956,50120704,2026-04-13 11:04:04,2026-04-13 11:34:04,4,Pizza,22.1,0.0,0.0,completed,110.89,False,0.0,2026-04-13 11:04:04
4744,957,50079524,2026-04-04 12:04:26,2026-04-04 12:49:26,2,Donuts,18.4,0.2,2.1,cancelled,162.06,False,0.0,2026-04-04 12:04:26
4745,957,50004442,2026-04-27 20:53:22,2026-04-27 21:53:22,3,Bakery Products/Desserts,34.9,0.0,0.0,cancelled,308.93,False,0.0,2026-04-27 20:53:22
4746,957,50140858,2026-04-03 11:37:33,2026-04-03 12:37:33,2,Pizza,35.8,1.1,0.0,completed,385.34,False,0.0,2026-04-03 11:37:33
4747,957,50067708,2026-04-19 11:42:16,2026-04-19 11:57:16,4,Pizza,22.4,2.3,1.4,completed,172.94,False,0.0,2026-04-19 11:42:16
4748,958,50126705,2026-03-02 09:27:44,2026-03-02 10:12:44,1,American,23.7,0.0,1.7,completed,7.7,False,0.0,2026-03-02 09:27:44
4749,959,50081739,2026-03-23 12:48:33,2026-03-23 13:33:33,2,Coffee/Tea,41.7,0.0,0.0,completed,269.38,False,0.0,2026-03-23 12:48:33
4750,959,50177593,2026-05-09 08:30:59,2026-05-09 10:00:59,4,Coffee/Tea,22.7,0.0,3.9,completed,55.46,False,0.0,2026-05-09 08:30:59
4751,959,40940279,2026-05-30 19:03:01,2026-05-30 19:33:01,2,Coffee/Tea,43.8,0.0,0.0,completed,224.06,True,33.61,2026-05-30 19:03:01
4752,960,50153871,2026-03-08 18:21:42,2026-03-08 19:21:42,1,Japanese,43.9,0.0,0.0,completed,54.46,False,0.0,2026-03-08 18:21:42
4753,960,50147810,2026-05-23 14:58:52,2026-05-23 15:13:52,2,American,34.7,0.0,6.2,completed,34.13,False,0.0,2026-05-23 14:58:52
4754,961,50161117,2026-03-25 12:49:39,2026-03-25 13:19:39,2,Other,32.0,0.0,0.1,completed,36.4,False,0.0,2026-03-25 12:49:39
4755,962,41695393,2026-05-06 12:36:24,2026-05-06 13:36:24,2,Donuts,44.1,0.0,0.3,cancelled,51.56,False,0.0,2026-05-06 12:36:24
4756,962,40399569,2026-03-20 20:44:53,2026-03-20 21:29:53,5,American,23.0,0.0,2.3,completed,210.79,False,0.0,2026-03-20 20:44:53
4757,962,50158456,2026-04-25 09:45:54,2026-04-25 10:30:54,3,Donuts,13.9,0.0,0.0,completed,438.48,False,0.0,2026-04-25 09:45:54
4758,962,50079188,2026-03-10 11:12:17,2026-03-10 11:57:17,4,French,16.3,0.0,1.4,completed,134.08,False,0.0,2026-03-10 11:12:17
4759,962,41148766,2026-05-11 13:00:11,2026-05-11 14:00:11,3,French,28.0,0.6,1.7,completed,48.9,False,0.0,2026-05-11 13:00:11
4760,962,50165015,2026-05-14 15:35:11,2026-05-14 16:20:11,1,French,27.1,27.1,21.0,completed,25.37,False,0.0,2026-05-14 15:35:11
4761,962,50052039,2026-03-16 17:04:03,2026-03-16 17:19:03,2,Donuts,21.7,0.0,0.0,completed,85.82,False,0.0,2026-03-16 17:04:03
4762,963,50142622,2026-03-07 10:44:18,2026-03-07 12:14:18,2,French,43.2,2.7,2.0,completed,76.31,False,0.0,2026-03-07 10:44:18
4763,963,50161053,2026-05-10 16:41:40,2026-05-10 17:11:40,2,French,5.2,6.7,11.6,completed,61.12,False,0.0,2026-05-10 16:41:40
4764,963,50139951,2026-05-22 21:59:03,2026-05-22 22:29:03,6,American,6.3,0.0,0.0,completed,144.92,False,0.0,2026-05-22 21:59:03
4765,963,41690699,2026-03-09 18:18:37,2026-03-09 19:03:37,4,Chinese,27.4,0.0,0.0,completed,120.3,False,0.0,2026-03-09 18:18:37
4766,964,40600516,2026-03-25 20:26:54,2026-03-25 20:41:54,2,Bakery Products/Desserts,26.8,0.0,2.3,completed,30.73,True,6.15,2026-03-25 20:26:54
4767,964,50169539,2026-03-26 18:36:40,2026-03-26 19:21:40,2,Bakery Products/Desserts,30.9,0.0,0.3,completed,35.52,False,0.0,2026-03-26 18:36:40
4768,965,50007878,2026-03-31 21:38:55,2026-03-31 21:53:55,2,Asian/Asian Fusion,39.6,0.0,6.5,completed,10.84,False,0.0,2026-03-31 21:38:55
4769,965,50045246,2026-04-07 18:38:27,2026-04-07 19:08:27,2,Chinese,14.3,0.0,0.0,cancelled,11.16,False,0.0,2026-04-07 18:38:27
4770,965,50045048,2026-04-05 12:17:55,2026-04-05 14:17:55,4,Asian/Asian Fusion,24.0,0.0,4.7,completed,24.48,False,0.0,2026-04-05 12:17:55
4771,965,50128394,2026-05-06 16:09:08,2026-05-06 16:54:08,4,Asian/Asian Fusion,34.7,0.0,0.0,completed,22.29,False,0.0,2026-05-06 16:09:08
4772,966,41227184,2026-03-29 18:35:17,2026-03-29 19:05:17,3,Thai,33.3,0.0,0.0,completed,30.69,False,0.0,2026-03-29 18:35:17
4773,966,50138306,2026-04-15 12:11:47,2026-04-15 12:56:47,2,French,41.0,0.0,2.0,completed,40.39,False,0.0,2026-04-15 12:11:47
4774,967,41387356,2026-03-17 20:48:27,2026-03-17 21:18:27,1,Donuts,21.0,0.0,0.1,completed,24.69,True,2.47,2026-03-17 20:48:27
4775,967,50057533,2026-04-14 19:38:43,2026-04-14 20:08:43,2,Donuts,10.1,0.0,0.0,completed,36.55,False,0.0,2026-04-14 19:38:43
4776,967,50144944,2026-04-13 14:05:19,2026-04-13 15:05:19,1,American,17.4,0.0,1.6,completed,74.28,False,0.0,2026-04-13 14:05:19
4777,967,50175761,2026-03-06 10:51:24,2026-03-06 11:21:24,1,Other,30.4,29.9,28.3,cancelled,32.44,False,0.0,2026-03-06 10:51:24
4778,968,50175477,2026-03-31 18:54:06,2026-03-31 19:54:06,3,Bakery Products/Desserts,44.7,0.0,0.0,completed,60.24,False,0.0,2026-03-31 18:54:06
4779,968,50066226,2026-03-16 14:27:27,2026-03-16 15:12:27,2,Bakery Products/Desserts,9.7,0.0,3.3,completed,27.25,False,0.0,2026-03-16 14:27:27
4780,968,41211622,2026-05-09 15:38:48,2026-05-09 17:08:48,3,Hamburgers,20.2,0.0,0.9,completed,33.92,False,0.0,2026-05-09 15:38:48
4781,968,50163573,2026-05-01 11:04:45,2026-05-01 11:34:45,2,Korean,35.9,0.0,0.0,completed,22.75,False,0.0,2026-05-01 11:04:45
4782,968,50075331,2026-04-23 13:02:21,2026-04-23 13:32:21,3,American,10.3,5.0,4.6,completed,33.17,False,0.0,2026-04-23 13:02:21
4783,968,50126004,2026-05-30 10:53:08,2026-05-30 11:38:08,3,Korean,31.4,2.2,1.2,completed,30.42,False,0.0,2026-05-30 10:53:08
4784,968,50151728,2026-04-12 14:49:02,2026-04-12 15:34:02,1,Korean,38.8,0.0,2.5,no_show,15.26,False,0.0,2026-04-12 14:49:02
4785,968,50042812,2026-04-12 20:37:03,2026-04-12 21:22:03,2,Italian,41.5,0.0,3.8,cancelled,49.45,True,4.94,2026-04-12 20:37:03
4786,968,50074297,2026-04-08 12:48:43,2026-04-08 13:33:43,5,Bakery Products/Desserts,20.7,0.0,0.3,completed,125.35,False,0.0,2026-04-08 12:48:43
4787,968,41392668,2026-04-09 14:00:09,2026-04-09 14:45:09,2,Bakery Products/Desserts,18.5,0.0,3.0,completed,100.73,False,0.0,2026-04-09 14:00:09
4788,969,50135935,2026-03-01 18:28:29,2026-03-01 18:58:29,2,Mediterranean,10.7,0.0,3.8,cancelled,24.51,False,0.0,2026-03-01 18:28:29
4789,969,50006002,2026-04-18 18:58:59,2026-04-18 19:43:59,1,Japanese,15.5,20.6,23.0,completed,24.43,False,0.0,2026-04-18 18:58:59
4790,969,50115279,2026-05-29 12:15:12,2026-05-29 13:00:12,2,Mediterranean,42.4,0.0,0.0,completed,27.35,False,0.0,2026-05-29 12:15:12
4791,969,50001398,2026-05-02 11:03:27,2026-05-02 12:03:27,1,Coffee/Tea,8.1,0.0,3.9,no_show,13.33,False,0.0,2026-05-02 11:03:27
4792,970,50130450,2026-03-25 12:51:16,2026-03-25 14:21:16,2,Mexican,14.9,0.0,1.8,completed,22.18,False,0.0,2026-03-25 12:51:16
4793,970,50032753,2026-05-14 11:31:07,2026-05-14 12:16:07,2,"Juice, Smoothies, Fruit Salads",42.7,0.0,0.0,completed,42.47,False,0.0,2026-05-14 11:31:07
4794,970,50134859,2026-03-12 10:20:54,2026-03-12 11:05:54,2,"Juice, Smoothies, Fruit Salads",18.5,0.0,6.6,completed,30.73,False,0.0,2026-03-12 10:20:54
4795,970,50104928,2026-04-05 14:04:55,2026-04-05 15:04:55,3,"Juice, Smoothies, Fruit Salads",32.1,0.0,4.6,completed,18.9,False,0.0,2026-04-05 14:04:55
4796,970,50165548,2026-05-10 12:39:51,2026-05-10 13:09:51,3,Mexican,37.9,0.0,0.0,completed,331.72,False,0.0,2026-05-10 12:39:51
4797,970,50107573,2026-03-10 11:33:09,2026-03-10 12:18:09,1,Mexican,27.0,0.0,2.2,completed,16.74,False,0.0,2026-03-10 11:33:09
4798,970,41699397,2026-04-05 18:28:05,2026-04-05 19:28:05,6,"Juice, Smoothies, Fruit Salads",18.9,0.0,0.0,completed,373.57,True,37.36,2026-04-05 18:28:05
4799,970,50178156,2026-05-19 18:45:14,2026-05-19 19:30:14,2,"Juice, Smoothies, Fruit Salads",16.0,0.0,0.0,cancelled,87.86,False,0.0,2026-05-19 18:45:14
4800,970,50166934,2026-03-03 16:19:12,2026-03-03 16:34:12,2,Asian/Asian Fusion,32.1,0.0,0.5,no_show,284.34,False,0.0,2026-03-03 16:19:12
4801,971,50125223,2026-03-21 15:31:47,2026-03-21 17:01:47,2,Other,33.9,0.0,0.0,completed,101.95,False,0.0,2026-03-21 15:31:47
4802,971,50159439,2026-04-09 12:55:27,2026-04-09 13:55:27,3,Latin American,28.0,0.0,0.0,completed,148.51,False,0.0,2026-04-09 12:55:27
4803,971,50106359,2026-05-04 15:40:29,2026-05-04 15:55:29,3,Coffee/Tea,9.1,0.0,1.1,completed,348.51,False,0.0,2026-05-04 15:40:29
4804,971,50168335,2026-03-20 11:14:16,2026-03-20 12:14:16,2,Latin American,34.6,0.0,0.6,completed,302.27,False,0.0,2026-03-20 11:14:16
4805,971,50145144,2026-03-04 14:34:12,2026-03-04 15:04:12,3,Other,12.1,0.0,0.2,completed,409.47,False,0.0,2026-03-04 14:34:12
4806,971,50105379,2026-04-10 12:48:56,2026-04-10 13:03:56,2,Coffee/Tea,5.9,0.0,2.6,completed,105.87,False,0.0,2026-04-10 12:48:56
4807,972,50033292,2026-03-09 14:50:58,2026-03-09 15:20:58,4,Latin American,33.0,0.0,0.0,completed,107.05,False,0.0,2026-03-09 14:50:58
4808,972,50153871,2026-03-05 18:51:39,2026-03-05 19:36:39,2,Japanese,39.5,0.0,0.0,completed,54.32,False,0.0,2026-03-05 18:51:39
4809,972,50015486,2026-04-01 10:45:37,2026-04-01 11:30:37,6,Japanese,33.2,0.0,2.3,completed,82.97,True,8.3,2026-04-01 10:45:37
4810,973,50156383,2026-05-04 15:35:07,2026-05-04 17:35:07,1,Other,6.9,0.0,0.0,completed,31.26,False,0.0,2026-05-04 15:35:07
4811,974,50002626,2026-03-20 17:07:50,2026-03-20 17:52:50,2,Chinese,44.7,0.0,1.2,completed,34.5,False,0.0,2026-03-20 17:07:50
4812,974,50113864,2026-03-28 09:26:48,2026-03-28 10:11:48,1,Japanese,25.6,0.0,0.0,completed,22.57,False,0.0,2026-03-28 09:26:48
4813,974,50076114,2026-04-23 14:48:55,2026-04-23 15:18:55,2,Japanese,20.3,1.5,0.0,completed,9.69,False,0.0,2026-04-23 14:48:55
4814,974,50173099,2026-03-20 11:06:02,2026-03-20 11:51:02,2,Japanese,36.8,0.0,2.3,no_show,34.07,True,3.41,2026-03-20 11:06:02
4815,976,50088667,2026-05-14 14:51:37,2026-05-14 15:06:37,1,Mediterranean,20.8,0.0,0.0,completed,57.31,False,0.0,2026-05-14 14:51:37
4816,977,50130299,2026-05-16 10:45:27,2026-05-16 11:45:27,2,Korean,42.2,0.0,0.0,completed,40.06,False,0.0,2026-05-16 10:45:27
4817,977,50004379,2026-05-04 14:32:25,2026-05-04 15:17:25,2,New American,31.7,0.0,2.9,completed,29.4,False,0.0,2026-05-04 14:32:25
4818,977,50150881,2026-03-23 20:09:41,2026-03-23 22:09:41,1,Other,15.8,0.0,0.0,completed,4.43,True,0.66,2026-03-23 20:09:41
4819,977,50181935,2026-05-24 21:50:33,2026-05-24 22:20:33,2,American,10.0,0.0,0.0,completed,10.13,True,2.03,2026-05-24 21:50:33
4820,977,50142632,2026-05-29 19:05:48,2026-05-29 21:05:48,1,Other,34.7,0.0,0.0,completed,13.7,False,0.0,2026-05-29 19:05:48
4821,978,50160978,2026-03-18 13:51:54,2026-03-18 15:51:54,3,Italian,30.1,2.8,0.0,completed,74.61,True,14.92,2026-03-18 13:51:54
4822,978,50133170,2026-03-12 19:16:54,2026-03-12 19:46:54,2,Mexican,26.7,0.0,6.0,completed,84.65,False,0.0,2026-03-12 19:16:54
4823,978,50115256,2026-05-01 18:25:52,2026-05-01 18:40:52,2,Japanese,27.1,0.0,0.0,completed,168.58,False,0.0,2026-05-01 18:25:52
4824,978,50133301,2026-04-29 19:39:16,2026-04-29 20:24:16,1,Japanese,32.5,0.0,0.0,completed,7.78,True,1.56,2026-04-29 19:39:16
4825,978,50160772,2026-03-11 15:09:42,2026-03-11 16:09:42,1,Italian,30.6,0.9,0.2,completed,17.32,False,0.0,2026-03-11 15:09:42
4826,978,40401821,2026-03-10 17:42:04,2026-03-10 18:27:04,2,American,20.8,0.0,0.0,completed,45.0,False,0.0,2026-03-10 17:42:04
4827,978,50060822,2026-05-01 11:43:46,2026-05-01 12:28:46,2,Japanese,12.4,0.0,1.1,completed,28.0,False,0.0,2026-05-01 11:43:46
4828,978,40567158,2026-04-16 18:15:28,2026-04-16 18:45:28,4,Italian,42.2,0.0,2.5,completed,33.11,False,0.0,2026-04-16 18:15:28
4829,978,50121830,2026-04-29 20:15:37,2026-04-29 21:15:37,2,Japanese,31.7,0.0,1.3,completed,81.9,True,12.28,2026-04-29 20:15:37
4830,978,50172135,2026-04-22 21:34:34,2026-04-22 22:04:34,1,Donuts,23.1,0.0,2.3,completed,18.0,False,0.0,2026-04-22 21:34:34
4831,978,40611399,2026-05-14 20:58:33,2026-05-14 21:28:33,3,Italian,28.2,0.0,0.0,completed,16.93,False,0.0,2026-05-14 20:58:33
4832,978,50001496,2026-03-13 19:35:42,2026-03-13 20:20:42,2,American,34.6,0.0,0.6,completed,33.67,False,0.0,2026-03-13 19:35:42
4833,978,40379746,2026-04-12 12:06:47,2026-04-12 13:06:47,2,Japanese,24.7,3.9,8.0,completed,51.02,True,7.65,2026-04-12 12:06:47
4834,978,50168094,2026-03-07 14:52:17,2026-03-07 15:22:17,1,Japanese,9.0,0.0,0.0,cancelled,17.86,False,0.0,2026-03-07 14:52:17
4835,978,50043186,2026-03-29 22:25:07,2026-03-29 23:55:07,2,American,28.6,0.0,3.7,completed,38.3,False,0.0,2026-03-29 22:25:07
4836,979,50107906,2026-05-26 20:25:54,2026-05-26 21:10:54,2,Indian,34.1,0.2,0.0,cancelled,88.38,True,22.1,2026-05-26 20:25:54
4837,979,50153578,2026-05-19 19:53:18,2026-05-19 20:38:18,3,Thai,42.5,0.0,0.0,cancelled,17.78,False,0.0,2026-05-19 19:53:18
4838,979,50154304,2026-05-24 14:50:15,2026-05-24 15:35:15,4,Indian,10.1,0.0,6.7,completed,68.49,False,0.0,2026-05-24 14:50:15
4839,979,50164047,2026-04-18 11:11:10,2026-04-18 12:11:10,2,Thai,21.9,0.0,3.4,completed,79.44,False,0.0,2026-04-18 11:11:10
4840,979,50141697,2026-04-29 18:12:22,2026-04-29 19:42:22,4,Thai,32.4,9.1,11.0,completed,93.01,False,0.0,2026-04-29 18:12:22
4841,979,40386999,2026-04-03 10:43:31,2026-04-03 11:28:31,3,Italian,5.3,0.0,0.0,cancelled,72.47,False,0.0,2026-04-03 10:43:31
4842,979,50139330,2026-04-16 13:06:33,2026-04-16 13:36:33,1,Chinese,30.9,0.0,0.0,no_show,30.37,False,0.0,2026-04-16 13:06:33
4843,980,50163798,2026-05-31 21:54:05,2026-05-31 22:39:05,3,Asian/Asian Fusion,44.7,0.0,1.8,completed,9.98,False,0.0,2026-05-31 21:54:05
4844,980,50139261,2026-03-03 17:22:11,2026-03-03 18:07:11,5,Chinese,23.5,0.2,0.0,completed,128.93,False,0.0,2026-03-03 17:22:11
4845,980,50095573,2026-05-02 12:12:12,2026-05-02 12:42:12,4,Asian/Asian Fusion,16.7,0.0,0.0,cancelled,62.64,False,0.0,2026-05-02 12:12:12
4846,981,50120779,2026-04-19 19:23:41,2026-04-19 20:08:41,5,Coffee/Tea,27.8,0.0,0.0,completed,227.49,False,0.0,2026-04-19 19:23:41
4847,981,50044336,2026-03-23 12:51:32,2026-03-23 13:36:32,2,Chinese,31.0,2.0,0.0,cancelled,168.9,False,0.0,2026-03-23 12:51:32
4848,981,41159246,2026-04-13 20:58:13,2026-04-13 21:28:13,2,Irish,14.7,0.0,0.0,completed,136.22,False,0.0,2026-04-13 20:58:13
4849,982,50139808,2026-03-06 17:55:38,2026-03-06 18:25:38,1,Chinese,34.7,0.0,0.0,completed,36.42,False,0.0,2026-03-06 17:55:38
4850,982,50117886,2026-04-28 16:09:00,2026-04-28 16:39:00,2,Thai,42.5,0.0,0.3,completed,41.91,False,0.0,2026-04-28 16:09:00
4851,982,41665068,2026-05-02 17:11:21,2026-05-02 19:11:21,3,Chicken,11.4,0.0,1.2,cancelled,36.15,False,0.0,2026-05-02 17:11:21
4852,982,50149013,2026-04-05 12:52:12,2026-04-05 13:07:12,2,Thai,22.4,0.0,0.4,completed,25.42,False,0.0,2026-04-05 12:52:12
4853,982,50161284,2026-03-06 11:58:11,2026-03-06 12:13:11,2,Coffee/Tea,19.5,0.0,0.2,completed,46.44,False,0.0,2026-03-06 11:58:11
4854,982,50111727,2026-05-29 21:39:21,2026-05-29 23:09:21,4,Chicken,38.1,0.0,2.1,completed,34.45,False,0.0,2026-05-29 21:39:21
4855,982,50038886,2026-05-09 16:45:42,2026-05-09 17:30:42,4,Japanese,11.3,0.0,0.0,completed,117.14,True,17.57,2026-05-09 16:45:42
4856,982,50183153,2026-04-17 19:14:33,2026-04-17 20:44:33,3,Chicken,27.3,0.0,0.2,completed,47.63,False,0.0,2026-04-17 19:14:33
4857,982,40904478,2026-05-17 16:28:26,2026-05-17 17:13:26,1,Thai,15.6,0.0,1.4,completed,49.16,False,0.0,2026-05-17 16:28:26
4858,983,50001073,2026-05-10 18:55:44,2026-05-10 20:25:44,2,French,18.3,0.0,5.1,completed,101.31,False,0.0,2026-05-10 18:55:44
4859,983,50140248,2026-05-23 18:11:53,2026-05-23 18:41:53,2,Korean,34.3,0.0,1.2,completed,66.38,False,0.0,2026-05-23 18:11:53
4860,983,50133344,2026-03-12 19:44:24,2026-03-12 21:44:24,4,Korean,40.7,0.0,0.0,completed,178.74,False,0.0,2026-03-12 19:44:24
4861,984,50139631,2026-05-20 11:45:22,2026-05-20 12:15:22,2,Chicken,19.1,0.0,3.1,completed,218.6,False,0.0,2026-05-20 11:45:22
4862,984,50156343,2026-03-15 20:26:42,2026-03-15 21:11:42,2,Chicken,28.0,0.0,1.3,completed,157.63,False,0.0,2026-03-15 20:26:42
4863,984,50154042,2026-04-13 21:13:04,2026-04-13 22:13:04,1,Chicken,37.0,0.0,0.0,completed,38.11,False,0.0,2026-04-13 21:13:04
4864,984,50091978,2026-05-24 18:02:13,2026-05-24 18:47:13,6,Chicken,35.8,0.0,3.7,completed,290.04,True,58.01,2026-05-24 18:02:13
4865,985,50116749,2026-05-23 20:27:02,2026-05-23 21:27:02,1,Sandwiches,42.2,0.0,1.2,completed,6.8,False,0.0,2026-05-23 20:27:02
4866,985,50017701,2026-04-28 14:51:55,2026-04-28 15:21:55,2,Korean,28.4,0.0,0.0,completed,22.25,True,4.45,2026-04-28 14:51:55
4867,985,41272215,2026-03-27 10:32:57,2026-03-27 10:47:57,3,Sandwiches,22.8,0.0,0.0,completed,74.07,True,14.81,2026-03-27 10:32:57
4868,985,50166357,2026-05-11 13:54:20,2026-05-11 14:54:20,1,Pizza,5.7,0.0,0.0,completed,19.7,False,0.0,2026-05-11 13:54:20
4869,985,50102385,2026-05-20 18:35:15,2026-05-20 19:05:15,1,New American,14.6,0.0,1.6,completed,4.02,True,1.01,2026-05-20 18:35:15
4870,986,50008319,2026-04-04 14:12:58,2026-04-04 14:42:58,4,Chicken,6.7,0.0,1.3,completed,176.73,False,0.0,2026-04-04 14:12:58
4871,986,50114679,2026-03-17 14:46:55,2026-03-17 15:16:55,2,Coffee/Tea,6.6,0.0,0.0,completed,60.79,True,15.2,2026-03-17 14:46:55
4872,986,50012014,2026-05-13 14:29:20,2026-05-13 14:59:20,3,Chicken,42.5,0.0,0.3,cancelled,61.66,False,0.0,2026-05-13 14:29:20
4873,986,50062581,2026-05-23 12:24:57,2026-05-23 13:09:57,1,Chicken,19.4,0.0,0.0,completed,30.05,False,0.0,2026-05-23 12:24:57
4874,986,50132757,2026-03-31 18:59:02,2026-03-31 19:59:02,3,Pizza,9.7,0.0,0.2,completed,114.74,False,0.0,2026-03-31 18:59:02
4875,986,50132847,2026-04-24 14:57:44,2026-04-24 16:27:44,2,Chicken,14.7,0.0,1.1,completed,103.94,False,0.0,2026-04-24 14:57:44
4876,987,50186656,2026-04-08 15:18:48,2026-04-08 16:03:48,2,Latin American,6.7,0.0,0.0,completed,184.38,False,0.0,2026-04-08 15:18:48
4877,987,40373500,2026-03-08 09:24:15,2026-03-08 10:24:15,4,Latin American,36.0,0.0,0.0,completed,106.44,True,15.97,2026-03-08 09:24:15
4878,987,50176713,2026-03-14 12:34:38,2026-03-14 13:04:38,5,Donuts,23.6,0.0,1.7,completed,423.84,False,0.0,2026-03-14 12:34:38
4879,987,50001085,2026-03-07 16:03:48,2026-03-07 17:33:48,3,Donuts,33.4,0.0,4.0,completed,519.17,False,0.0,2026-03-07 16:03:48
4880,987,50106067,2026-05-05 12:41:51,2026-05-05 12:56:51,1,Latin American,18.1,0.0,0.0,completed,83.34,False,0.0,2026-05-05 12:41:51
4881,987,50116067,2026-05-24 20:03:51,2026-05-24 21:03:51,2,Latin American,13.0,0.1,3.2,cancelled,67.31,False,0.0,2026-05-24 20:03:51
4882,987,50076340,2026-04-02 09:37:00,2026-04-02 09:52:00,2,Donuts,42.0,0.0,0.0,completed,195.28,False,0.0,2026-04-02 09:37:00
4883,987,50036072,2026-04-25 17:41:44,2026-04-25 19:11:44,2,Latin American,19.0,0.0,0.0,completed,101.79,False,0.0,2026-04-25 17:41:44
4884,987,41673743,2026-03-28 18:05:56,2026-03-28 20:05:56,2,American,31.0,0.0,3.3,completed,137.77,True,13.78,2026-03-28 18:05:56
4885,988,50152273,2026-05-08 08:27:47,2026-05-08 09:12:47,2,"Juice, Smoothies, Fruit Salads",16.0,0.0,0.0,completed,69.15,False,0.0,2026-05-08 08:27:47
4886,988,50015570,2026-04-16 17:48:26,2026-04-16 18:48:26,5,Indian,24.4,17.7,13.6,completed,98.86,True,24.72,2026-04-16 17:48:26
4887,988,50165800,2026-04-20 20:00:46,2026-04-20 21:30:46,3,Japanese,15.9,0.0,0.0,completed,6.59,False,0.0,2026-04-20 20:00:46
4888,988,41532156,2026-04-05 14:23:12,2026-04-05 14:53:12,4,Japanese,37.7,0.0,2.2,completed,199.33,True,39.87,2026-04-05 14:23:12
4889,988,50118654,2026-05-03 19:49:38,2026-05-03 20:04:38,2,Irish,19.4,0.0,0.0,completed,128.06,True,12.81,2026-05-03 19:49:38
4890,988,50059960,2026-04-27 20:30:25,2026-04-27 22:00:25,2,American,10.8,0.0,0.0,completed,72.44,False,0.0,2026-04-27 20:30:25
4891,988,50125019,2026-03-18 17:21:55,2026-03-18 18:21:55,1,"Juice, Smoothies, Fruit Salads",11.3,0.0,0.0,completed,41.98,False,0.0,2026-03-18 17:21:55
4892,988,50173789,2026-05-02 18:43:39,2026-05-02 19:28:39,2,"Juice, Smoothies, Fruit Salads",10.7,0.0,5.8,no_show,161.79,False,0.0,2026-05-02 18:43:39
4893,988,50017185,2026-04-11 11:05:39,2026-04-11 13:05:39,1,"Juice, Smoothies, Fruit Salads",11.1,0.0,7.5,completed,90.34,True,22.59,2026-04-11 11:05:39
4894,988,50162260,2026-03-14 18:15:46,2026-03-14 18:45:46,6,"Juice, Smoothies, Fruit Salads",26.8,0.0,2.4,completed,161.77,False,0.0,2026-03-14 18:15:46
4895,988,50131392,2026-04-28 22:56:22,2026-04-28 23:11:22,2,"Juice, Smoothies, Fruit Salads",31.8,0.0,0.0,completed,66.25,False,0.0,2026-04-28 22:56:22
4896,990,41163307,2026-05-05 18:21:39,2026-05-05 18:51:39,5,Mexican,30.5,0.0,3.9,cancelled,80.07,False,0.0,2026-05-05 18:21:39
4897,990,41487277,2026-05-29 16:04:00,2026-05-29 16:34:00,5,American,36.4,0.0,3.3,completed,69.26,False,0.0,2026-05-29 16:04:00
4898,990,50176710,2026-03-26 17:25:32,2026-03-26 18:25:32,2,Donuts,23.8,0.0,0.0,completed,29.02,False,0.0,2026-03-26 17:25:32
4899,990,41051587,2026-03-31 13:07:02,2026-03-31 14:07:02,2,Donuts,32.0,0.0,0.3,completed,88.74,False,0.0,2026-03-31 13:07:02
4900,990,50158378,2026-04-22 20:31:56,2026-04-22 21:01:56,4,Latin American,26.9,0.0,0.0,no_show,54.45,False,0.0,2026-04-22 20:31:56
4901,990,50079524,2026-03-04 20:25:38,2026-03-04 21:10:38,2,Donuts,34.3,0.2,0.7,completed,65.83,True,9.88,2026-03-04 20:25:38
4902,990,50097856,2026-05-29 08:41:51,2026-05-29 10:11:51,2,Donuts,41.9,0.0,3.2,completed,46.19,False,0.0,2026-05-29 08:41:51
4903,990,50044841,2026-05-27 20:47:58,2026-05-27 21:32:58,2,Donuts,37.9,0.0,3.1,completed,43.98,False,0.0,2026-05-27 20:47:58
4904,991,41327489,2026-04-03 12:55:58,2026-04-03 13:25:58,4,American,36.8,0.0,0.0,completed,65.39,False,0.0,2026-04-03 12:55:58
4905,991,50075680,2026-04-26 11:06:34,2026-04-26 11:36:34,2,American,27.4,0.0,0.0,completed,73.31,False,0.0,2026-04-26 11:06:34
4906,992,50165133,2026-03-12 12:50:14,2026-03-12 13:50:14,1,Other,40.7,0.0,1.3,completed,9.89,False,0.0,2026-03-12 12:50:14
4907,992,50063195,2026-05-16 10:50:00,2026-05-16 12:50:00,1,Coffee/Tea,29.1,0.0,0.8,cancelled,18.24,True,4.56,2026-05-16 10:50:00
4908,992,50110249,2026-04-22 17:08:04,2026-04-22 17:23:04,3,Seafood,13.8,9.8,10.2,completed,48.74,False,0.0,2026-04-22 17:08:04
4909,992,50132602,2026-04-13 19:42:56,2026-04-13 20:27:56,3,Other,27.6,0.0,0.7,completed,11.65,False,0.0,2026-04-13 19:42:56
4910,992,50082136,2026-05-20 19:22:49,2026-05-20 19:52:49,4,Korean,7.7,0.0,4.2,completed,67.14,True,10.07,2026-05-20 19:22:49
4911,993,50070859,2026-04-14 12:43:56,2026-04-14 12:58:56,2,Mexican,22.5,0.0,0.0,completed,35.72,False,0.0,2026-04-14 12:43:56
4912,993,50050384,2026-04-13 12:49:41,2026-04-13 13:04:41,2,Mexican,43.2,0.0,0.7,completed,112.63,False,0.0,2026-04-13 12:49:41
4913,993,50118056,2026-04-06 11:17:12,2026-04-06 12:47:12,3,Mexican,9.1,0.0,0.6,completed,49.34,False,0.0,2026-04-06 11:17:12
4914,994,41635072,2026-03-13 10:53:43,2026-03-13 11:23:43,3,Italian,26.4,0.0,0.0,completed,86.61,False,0.0,2026-03-13 10:53:43
4915,994,50099805,2026-03-18 11:03:03,2026-03-18 11:33:03,3,Korean,27.0,0.0,0.1,cancelled,95.68,False,0.0,2026-03-18 11:03:03
4916,994,50151728,2026-05-06 08:54:09,2026-05-06 10:54:09,2,Korean,12.8,0.0,2.5,completed,65.67,False,0.0,2026-05-06 08:54:09
4917,994,40946406,2026-03-26 12:17:01,2026-03-26 12:32:01,1,Coffee/Tea,29.9,0.0,0.0,completed,37.77,False,0.0,2026-03-26 12:17:01
4918,994,50163573,2026-05-10 20:03:00,2026-05-10 20:33:00,2,Korean,25.8,0.0,3.0,completed,33.71,True,6.74,2026-05-10 20:03:00
4919,995,50151597,2026-03-10 17:39:29,2026-03-10 17:54:29,2,Italian,21.1,0.0,0.0,completed,159.71,False,0.0,2026-03-10 17:39:29
4920,995,50067972,2026-04-25 11:46:20,2026-04-25 12:01:20,1,Italian,31.3,0.0,3.2,cancelled,67.84,True,16.96,2026-04-25 11:46:20
4921,995,40385157,2026-05-27 20:39:21,2026-05-27 21:24:21,1,Mediterranean,36.1,0.0,2.6,completed,52.91,False,0.0,2026-05-27 20:39:21
4922,995,41056159,2026-05-05 10:26:07,2026-05-05 10:56:07,4,Italian,13.3,0.0,0.0,completed,437.4,True,87.48,2026-05-05 10:26:07
4923,996,50177589,2026-03-12 13:08:37,2026-03-12 13:38:37,2,Asian/Asian Fusion,22.2,0.0,1.9,completed,76.27,False,0.0,2026-03-12 13:08:37
4924,996,50163390,2026-03-29 12:39:42,2026-03-29 13:09:42,5,Indian,8.7,1.0,1.8,completed,179.24,False,0.0,2026-03-29 12:39:42
4925,997,50135393,2026-03-24 17:02:05,2026-03-24 18:02:05,3,Other,38.3,0.0,0.0,cancelled,29.09,True,5.82,2026-03-24 17:02:05
4926,997,50160528,2026-04-06 11:57:11,2026-04-06 12:57:11,2,Spanish,38.9,0.0,0.0,completed,22.36,False,0.0,2026-04-06 11:57:11
4927,997,50132615,2026-05-06 18:32:20,2026-05-06 19:02:20,2,Latin American,44.9,0.0,0.0,completed,146.26,True,21.94,2026-05-06 18:32:20
4928,997,50175761,2026-04-28 11:58:34,2026-04-28 13:28:34,1,Other,12.3,29.9,36.6,completed,65.32,False,0.0,2026-04-28 11:58:34
4929,997,50171511,2026-03-12 12:13:29,2026-03-12 12:58:29,2,Other,22.1,6.6,6.0,completed,39.59,False,0.0,2026-03-12 12:13:29
4930,997,50120753,2026-04-29 10:52:52,2026-04-29 11:52:52,4,Latin American,5.3,0.0,0.0,completed,217.82,False,0.0,2026-04-29 10:52:52
4931,997,50186656,2026-05-04 11:02:36,2026-05-04 12:02:36,3,Latin American,7.7,0.0,0.0,completed,308.74,False,0.0,2026-05-04 11:02:36
4932,997,50143737,2026-04-07 14:03:35,2026-04-07 14:33:35,1,Latin American,7.3,0.0,5.3,completed,48.54,False,0.0,2026-04-07 14:03:35
4933,997,41401458,2026-05-05 16:40:40,2026-05-05 18:10:40,5,Latin American,14.8,0.0,0.5,completed,183.98,False,0.0,2026-05-05 16:40:40
4934,997,50130182,2026-04-14 20:13:47,2026-04-14 20:28:47,2,Japanese,41.7,0.0,0.0,cancelled,160.89,True,16.09,2026-04-14 20:13:47
4935,998,40943754,2026-03-12 12:18:53,2026-03-12 13:03:53,3,Sandwiches,29.9,0.0,4.6,completed,67.22,False,0.0,2026-03-12 12:18:53
4936,998,50133644,2026-04-26 14:56:36,2026-04-26 15:26:36,1,Sandwiches,11.8,0.0,0.0,completed,116.09,False,0.0,2026-04-26 14:56:36
4937,998,50163407,2026-05-06 13:46:08,2026-05-06 14:46:08,2,Sandwiches,36.1,0.0,1.5,completed,131.19,False,0.0,2026-05-06 13:46:08
4938,998,41305588,2026-05-21 10:41:14,2026-05-21 11:26:14,1,Sandwiches,35.7,0.0,1.0,no_show,22.19,True,4.44,2026-05-21 10:41:14
4939,999,50129760,2026-03-29 21:55:50,2026-03-29 22:40:50,6,Thai,27.6,0.0,7.6,completed,50.91,False,0.0,2026-03-29 21:55:50
4940,999,50018497,2026-04-24 20:17:26,2026-04-24 22:17:26,2,Italian,29.1,0.0,0.0,completed,56.77,False,0.0,2026-04-24 20:17:26
4941,999,50129446,2026-03-03 16:16:33,2026-03-03 17:01:33,2,Thai,23.9,0.0,0.0,completed,49.0,False,0.0,2026-03-03 16:16:33
4942,999,50150733,2026-05-31 15:34:17,2026-05-31 15:49:17,3,Thai,11.2,0.0,8.8,completed,124.67,False,0.0,2026-05-31 15:34:17
4943,999,50045111,2026-04-29 18:37:32,2026-04-29 19:07:32,2,American,20.9,8.6,9.7,no_show,44.65,False,0.0,2026-04-29 18:37:32
4944,999,50182884,2026-05-02 17:39:44,2026-05-02 18:24:44,1,Thai,39.9,0.0,4.1,completed,18.14,False,0.0,2026-05-02 17:39:44
4945,1000,41161346,2026-05-11 16:02:45,2026-05-11 16:17:45,5,American,10.5,0.0,2.4,completed,353.17,False,0.0,2026-05-11 16:02:45
4946,1000,40624744,2026-05-03 20:24:04,2026-05-03 21:24:04,1,American,32.8,0.0,0.0,completed,30.38,False,0.0,2026-05-03 20:24:04
