exposure_id,promotion_id,user_id,restaurant_id,target_segment,exposed_at,channel,clicked,clicked_at,redeemed,redeemed_order_id
1,1,702,50150310,dormant_users,2026-05-12 14:00:00,email,False,,False,
2,1,374,50150310,dormant_users,2026-05-12 19:00:00,push,True,2026-05-12 19:45:00,False,
3,1,904,50150310,dormant_users,2026-05-12 20:00:00,push,False,,False,
4,1,156,50150310,dormant_users,2026-05-07 15:00:00,in_app,False,,False,
5,1,759,50150310,dormant_users,2026-05-09 14:00:00,push,False,,False,
6,1,531,50150310,dormant_users,2026-05-08 13:00:00,email,False,,False,
7,1,934,50150310,dormant_users,2026-05-06 13:00:00,push,False,,False,
8,1,562,50150310,dormant_users,2026-05-12 15:00:00,email,False,,False,
9,1,561,50150310,dormant_users,2026-05-12 19:00:00,push,False,,False,
10,1,852,50150310,dormant_users,2026-05-09 09:00:00,email,False,,False,
11,1,370,50150310,dormant_users,2026-05-08 20:00:00,in_app,False,,False,
12,1,721,50150310,dormant_users,2026-05-11 12:00:00,email,False,,False,
13,1,522,50150310,dormant_users,2026-05-11 12:00:00,push,True,2026-05-11 14:55:00,False,
14,1,17,50150310,dormant_users,2026-05-10 20:00:00,push,False,,False,
15,1,505,50150310,dormant_users,2026-05-06 20:00:00,email,True,2026-05-06 21:58:00,False,
16,1,964,50150310,dormant_users,2026-05-06 17:00:00,in_app,True,2026-05-06 17:28:00,False,
17,1,539,50150310,dormant_users,2026-05-09 12:00:00,email,False,,False,
18,1,395,50150310,dormant_users,2026-05-09 11:00:00,email,False,,False,
19,1,781,50150310,dormant_users,2026-05-08 16:00:00,email,False,,False,
20,1,689,50150310,dormant_users,2026-05-08 12:00:00,push,False,,False,
21,1,416,50150310,dormant_users,2026-05-11 09:00:00,push,False,,False,
22,1,556,50150310,dormant_users,2026-05-06 20:00:00,email,False,,False,
23,1,983,50150310,dormant_users,2026-05-11 09:00:00,push,True,2026-05-11 11:36:00,False,
24,1,248,50150310,dormant_users,2026-05-10 17:00:00,push,False,,False,
25,1,994,50150310,dormant_users,2026-05-07 18:00:00,push,False,,False,
26,1,581,50150310,dormant_users,2026-05-05 14:00:00,email,False,,False,
27,1,996,50150310,dormant_users,2026-05-05 17:00:00,push,False,,False,
28,1,400,50150310,dormant_users,2026-05-09 20:00:00,push,False,,False,
29,1,13,50150310,dormant_users,2026-05-05 13:00:00,push,False,,False,
30,1,474,50150310,dormant_users,2026-05-05 16:00:00,email,False,,False,
31,1,827,50150310,dormant_users,2026-05-11 09:00:00,email,False,,False,
32,1,794,50150310,dormant_users,2026-05-09 14:00:00,push,False,,False,
33,1,960,50150310,dormant_users,2026-05-06 15:00:00,in_app,False,,False,
34,1,832,50150310,dormant_users,2026-05-09 19:00:00,email,False,,False,
35,1,544,50150310,dormant_users,2026-05-05 14:00:00,email,False,,False,
36,1,728,50150310,dormant_users,2026-05-10 16:00:00,push,False,,False,
37,1,242,50150310,dormant_users,2026-05-10 09:00:00,email,False,,False,
38,1,462,50150310,dormant_users,2026-05-08 13:00:00,push,False,,False,
39,1,94,50150310,dormant_users,2026-05-05 10:00:00,push,False,,False,
40,1,71,50150310,dormant_users,2026-05-05 20:00:00,push,False,,False,
41,1,597,50150310,dormant_users,2026-05-07 10:00:00,push,False,,False,
42,1,511,50150310,dormant_users,2026-05-12 15:00:00,in_app,True,2026-05-12 16:22:00,False,
43,1,263,50150310,dormant_users,2026-05-05 09:00:00,email,False,,False,
44,1,604,50150310,dormant_users,2026-05-07 13:00:00,in_app,False,,False,
45,1,369,50150310,dormant_users,2026-05-07 16:00:00,push,False,,False,
46,1,129,50150310,dormant_users,2026-05-08 17:00:00,push,False,,False,
47,1,943,50150310,dormant_users,2026-05-07 11:00:00,push,False,,False,
48,1,533,50150310,dormant_users,2026-05-11 20:00:00,push,False,,False,
49,1,393,50150310,dormant_users,2026-05-07 15:00:00,push,True,2026-05-07 17:12:00,False,
50,1,401,50150310,dormant_users,2026-05-07 12:00:00,push,True,2026-05-07 12:17:00,False,
51,1,912,50150310,dormant_users,2026-05-10 09:00:00,push,False,,False,
52,1,908,50150310,dormant_users,2026-05-10 10:00:00,email,False,,False,
53,1,331,50150310,dormant_users,2026-05-07 09:00:00,email,False,,False,
54,1,858,50150310,dormant_users,2026-05-08 10:00:00,push,False,,False,
55,1,396,50150310,dormant_users,2026-05-08 14:00:00,push,False,,False,
56,1,990,50150310,dormant_users,2026-05-09 12:00:00,in_app,False,,False,
57,1,532,50150310,dormant_users,2026-05-05 15:00:00,in_app,False,,False,
58,1,627,50150310,dormant_users,2026-05-12 14:00:00,push,False,,False,
59,1,656,50150310,dormant_users,2026-05-07 09:00:00,email,False,,False,
60,1,723,50150310,dormant_users,2026-05-08 12:00:00,in_app,False,,False,
61,1,290,50150310,dormant_users,2026-05-07 18:00:00,in_app,True,2026-05-07 19:37:00,False,
62,1,847,50150310,dormant_users,2026-05-10 14:00:00,push,False,,False,
63,1,829,50150310,dormant_users,2026-05-06 09:00:00,push,False,,False,
64,1,738,50150310,dormant_users,2026-05-12 09:00:00,email,False,,False,
65,1,487,50150310,dormant_users,2026-05-11 19:00:00,in_app,False,,False,
66,1,611,50150310,dormant_users,2026-05-06 15:00:00,push,False,,False,
67,1,199,50150310,dormant_users,2026-05-12 10:00:00,push,False,,False,
68,1,939,50150310,dormant_users,2026-05-07 20:00:00,push,False,,False,
69,1,963,50150310,dormant_users,2026-05-11 13:00:00,push,False,,False,
70,1,447,50150310,dormant_users,2026-05-09 12:00:00,push,True,2026-05-09 14:27:00,False,
71,1,787,50150310,dormant_users,2026-05-08 19:00:00,in_app,False,,False,
72,1,550,50150310,dormant_users,2026-05-09 14:00:00,in_app,True,2026-05-09 15:27:00,False,
73,1,711,50150310,dormant_users,2026-05-12 18:00:00,push,False,,False,
74,1,641,50150310,dormant_users,2026-05-08 15:00:00,in_app,True,2026-05-08 16:10:00,False,
75,1,639,50150310,dormant_users,2026-05-09 20:00:00,push,False,,False,
76,1,680,50150310,dormant_users,2026-05-12 10:00:00,push,False,,False,
77,1,271,50150310,dormant_users,2026-05-11 14:00:00,email,False,,False,
78,1,703,50150310,dormant_users,2026-05-07 16:00:00,in_app,False,,False,
79,1,874,50150310,dormant_users,2026-05-12 20:00:00,push,False,,False,
80,1,841,50150310,dormant_users,2026-05-12 10:00:00,email,False,,False,
81,1,535,50150310,dormant_users,2026-05-11 17:00:00,push,False,,False,
82,1,106,50150310,dormant_users,2026-05-12 09:00:00,email,False,,False,
83,1,766,50150310,dormant_users,2026-05-12 18:00:00,push,False,,False,
84,1,661,50150310,dormant_users,2026-05-08 11:00:00,email,False,,False,
85,1,159,50150310,dormant_users,2026-05-12 12:00:00,in_app,False,,False,
86,1,563,50150310,dormant_users,2026-05-07 10:00:00,in_app,False,,False,
87,1,836,50150310,dormant_users,2026-05-12 12:00:00,push,True,2026-05-12 13:49:00,False,
88,1,210,50150310,dormant_users,2026-05-07 12:00:00,push,False,,False,
89,1,638,50150310,dormant_users,2026-05-08 11:00:00,in_app,False,,False,
90,1,788,50150310,dormant_users,2026-05-08 19:00:00,in_app,False,,False,
91,1,229,50150310,dormant_users,2026-05-11 09:00:00,email,False,,False,
92,1,719,50150310,dormant_users,2026-05-08 19:00:00,push,False,,False,
93,1,5,50150310,dormant_users,2026-05-06 17:00:00,push,False,,False,
94,1,630,50150310,dormant_users,2026-05-11 18:00:00,in_app,False,,False,
95,1,653,50150310,dormant_users,2026-05-07 19:00:00,push,False,,False,
96,1,980,50150310,dormant_users,2026-05-05 13:00:00,push,False,,False,
97,1,398,50150310,dormant_users,2026-05-11 10:00:00,in_app,False,,False,
98,1,771,50150310,dormant_users,2026-05-10 17:00:00,in_app,False,,False,
99,1,182,50150310,dormant_users,2026-05-09 16:00:00,push,False,,False,
100,1,158,50150310,dormant_users,2026-05-07 12:00:00,push,False,,False,
101,1,28,50150310,dormant_users,2026-05-09 18:00:00,push,False,,False,
102,1,768,50150310,dormant_users,2026-05-12 10:00:00,in_app,False,,False,
103,1,232,50150310,dormant_users,2026-05-09 17:00:00,push,False,,False,
104,1,368,50150310,dormant_users,2026-05-08 10:00:00,push,False,,False,
105,1,601,50150310,dormant_users,2026-05-09 20:00:00,in_app,False,,False,
106,1,83,50150310,dormant_users,2026-05-09 12:00:00,push,False,,False,
107,1,378,50150310,dormant_users,2026-05-09 11:00:00,in_app,False,,False,
108,1,134,50150310,dormant_users,2026-05-06 13:00:00,in_app,False,,False,
109,1,265,50150310,dormant_users,2026-05-07 15:00:00,push,True,2026-05-07 16:27:00,False,
110,1,866,50150310,dormant_users,2026-05-09 13:00:00,email,False,,False,
111,1,889,50150310,dormant_users,2026-05-12 11:00:00,email,False,,False,
112,1,972,50150310,dormant_users,2026-05-09 19:00:00,push,False,,False,
113,1,671,50150310,dormant_users,2026-05-08 10:00:00,email,False,,False,
114,1,596,50150310,dormant_users,2026-05-12 10:00:00,push,False,,False,
115,1,527,50150310,dormant_users,2026-05-09 12:00:00,push,False,,False,
116,1,635,50150310,dormant_users,2026-05-10 16:00:00,push,False,,False,
117,1,995,50150310,dormant_users,2026-05-05 15:00:00,push,False,,False,
118,1,654,50150310,dormant_users,2026-05-12 16:00:00,in_app,False,,False,
119,1,746,50150310,dormant_users,2026-05-09 15:00:00,push,False,,False,
120,1,551,50150310,dormant_users,2026-05-08 16:00:00,push,True,2026-05-08 17:35:00,False,
121,1,306,50150310,dormant_users,2026-05-11 15:00:00,push,False,,False,
122,1,587,50150310,dormant_users,2026-05-09 09:00:00,email,False,,False,
123,1,508,50150310,dormant_users,2026-05-07 18:00:00,push,False,,False,
124,1,543,50150310,dormant_users,2026-05-10 17:00:00,push,False,,False,
125,1,81,50150310,dormant_users,2026-05-06 09:00:00,push,False,,False,
126,1,572,50150310,dormant_users,2026-05-07 16:00:00,email,True,2026-05-07 17:12:00,False,
127,1,337,50150310,dormant_users,2026-05-05 15:00:00,email,False,,False,
128,1,519,50150310,dormant_users,2026-05-09 11:00:00,push,True,2026-05-09 11:31:00,False,
129,1,685,50150310,dormant_users,2026-05-09 16:00:00,push,False,,False,
130,1,926,50150310,dormant_users,2026-05-11 15:00:00,push,True,2026-05-11 15:28:00,False,
131,1,376,50150310,dormant_users,2026-05-08 10:00:00,push,False,,False,
132,1,700,50150310,dormant_users,2026-05-12 09:00:00,in_app,False,,False,
133,1,460,50150310,dormant_users,2026-05-12 14:00:00,in_app,False,,False,
134,1,662,50150310,dormant_users,2026-05-06 10:00:00,push,True,2026-05-06 12:18:00,False,
135,1,594,50150310,dormant_users,2026-05-05 16:00:00,email,False,,False,
136,1,880,50150310,dormant_users,2026-05-08 11:00:00,email,False,,False,
137,1,899,50150310,dormant_users,2026-05-12 20:00:00,push,False,,False,
138,1,237,50150310,dormant_users,2026-05-09 19:00:00,push,True,2026-05-09 21:11:00,False,
139,1,477,50150310,dormant_users,2026-05-11 12:00:00,push,False,,False,
140,1,589,50150310,dormant_users,2026-05-06 14:00:00,push,False,,False,
141,1,933,50150310,dormant_users,2026-05-05 11:00:00,push,False,,False,
142,2,466,50001835,all_users,2026-03-14 16:00:00,in_app,True,2026-03-14 18:59:00,False,
143,2,648,50001835,all_users,2026-03-15 16:00:00,push,False,,False,
144,2,719,50001835,all_users,2026-03-15 11:00:00,push,True,2026-03-15 12:30:00,False,
145,2,507,50001835,all_users,2026-03-17 10:00:00,push,False,,False,
146,2,427,50001835,all_users,2026-03-17 17:00:00,push,False,,False,
147,2,424,50001835,all_users,2026-03-14 17:00:00,push,False,,False,
148,2,166,50001835,all_users,2026-03-14 09:00:00,in_app,True,2026-03-14 11:53:00,False,
149,2,708,50001835,all_users,2026-03-15 13:00:00,email,False,,False,
150,2,975,50001835,all_users,2026-03-15 11:00:00,push,True,2026-03-15 13:29:00,False,
151,2,55,50001835,all_users,2026-03-14 13:00:00,email,False,,False,
152,2,343,50001835,all_users,2026-03-14 09:00:00,push,False,,False,
153,2,189,50001835,all_users,2026-03-16 17:00:00,push,False,,False,
154,2,345,50001835,all_users,2026-03-16 09:00:00,push,False,,False,
155,2,154,50001835,all_users,2026-03-15 20:00:00,in_app,False,,False,
156,2,581,50001835,all_users,2026-03-17 09:00:00,email,False,,False,
157,2,644,50001835,all_users,2026-03-14 11:00:00,email,False,,False,
158,2,522,50001835,all_users,2026-03-16 13:00:00,push,False,,False,
159,2,411,50001835,all_users,2026-03-16 10:00:00,push,False,,False,
160,2,270,50001835,all_users,2026-03-14 10:00:00,push,False,,False,
161,2,819,50001835,all_users,2026-03-17 09:00:00,email,True,2026-03-17 09:32:00,False,
162,2,4,50001835,all_users,2026-03-16 12:00:00,in_app,False,,False,
163,2,158,50001835,all_users,2026-03-16 12:00:00,email,True,2026-03-16 13:15:00,False,
164,2,724,50001835,all_users,2026-03-14 20:00:00,push,False,,False,
165,2,366,50001835,all_users,2026-03-16 17:00:00,in_app,False,,False,
166,2,634,50001835,all_users,2026-03-17 14:00:00,email,False,,False,
167,2,235,50001835,all_users,2026-03-17 11:00:00,email,False,,False,
168,2,347,50001835,all_users,2026-03-14 10:00:00,push,False,,False,
169,2,667,50001835,all_users,2026-03-15 09:00:00,email,True,2026-03-15 09:10:00,False,
170,2,288,50001835,all_users,2026-03-16 12:00:00,email,False,,False,
171,2,379,50001835,all_users,2026-03-16 16:00:00,push,False,,False,
172,2,913,50001835,all_users,2026-03-14 12:00:00,email,False,,False,
173,2,127,50001835,all_users,2026-03-15 14:00:00,push,False,,False,
174,2,269,50001835,all_users,2026-03-14 15:00:00,in_app,False,,False,
175,2,552,50001835,all_users,2026-03-17 10:00:00,push,False,,False,
176,2,700,50001835,all_users,2026-03-15 11:00:00,email,False,,False,
177,2,808,50001835,all_users,2026-03-17 19:00:00,push,False,,False,
178,2,264,50001835,all_users,2026-03-15 17:00:00,push,False,,False,
179,2,470,50001835,all_users,2026-03-17 09:00:00,email,False,,False,
180,2,71,50001835,all_users,2026-03-15 15:00:00,email,True,2026-03-15 15:21:00,False,
181,2,277,50001835,all_users,2026-03-15 12:00:00,in_app,False,,False,
182,2,126,50001835,all_users,2026-03-14 12:00:00,push,False,,False,
183,2,453,50001835,all_users,2026-03-16 10:00:00,push,False,,False,
184,2,275,50001835,all_users,2026-03-16 14:00:00,email,True,2026-03-16 15:24:00,False,
185,2,697,50001835,all_users,2026-03-16 16:00:00,push,False,,False,
186,2,609,50001835,all_users,2026-03-16 20:00:00,push,False,,False,
187,2,616,50001835,all_users,2026-03-15 19:00:00,push,False,,False,
188,2,919,50001835,all_users,2026-03-16 19:00:00,in_app,False,,False,
189,2,471,50001835,all_users,2026-03-17 17:00:00,push,False,,False,
190,2,95,50001835,all_users,2026-03-17 12:00:00,push,False,,False,
191,2,22,50001835,all_users,2026-03-14 15:00:00,in_app,False,,False,
192,2,106,50001835,all_users,2026-03-17 11:00:00,push,True,2026-03-17 13:50:00,False,
193,2,584,50001835,all_users,2026-03-15 15:00:00,email,False,,False,
194,2,718,50001835,all_users,2026-03-16 17:00:00,email,False,,False,
195,2,35,50001835,all_users,2026-03-15 12:00:00,push,False,,False,
196,2,943,50001835,all_users,2026-03-15 19:00:00,push,False,,False,
197,2,161,50001835,all_users,2026-03-17 12:00:00,in_app,False,,False,
198,2,868,50001835,all_users,2026-03-17 17:00:00,email,False,,False,
199,2,692,50001835,all_users,2026-03-15 09:00:00,email,False,,False,
200,2,709,50001835,all_users,2026-03-14 09:00:00,in_app,False,,False,
201,2,147,50001835,all_users,2026-03-16 16:00:00,email,False,,False,
202,2,493,50001835,all_users,2026-03-17 16:00:00,push,False,,False,
203,2,355,50001835,all_users,2026-03-17 19:00:00,email,False,,False,
204,2,409,50001835,all_users,2026-03-14 14:00:00,in_app,False,,False,
205,2,713,50001835,all_users,2026-03-15 16:00:00,in_app,False,,False,
206,2,184,50001835,all_users,2026-03-16 20:00:00,push,False,,False,
207,2,632,50001835,all_users,2026-03-16 10:00:00,push,False,,False,
208,2,243,50001835,all_users,2026-03-17 10:00:00,email,False,,False,
209,2,468,50001835,all_users,2026-03-17 12:00:00,push,True,2026-03-17 14:54:00,False,
210,2,476,50001835,all_users,2026-03-16 13:00:00,in_app,False,,False,
211,2,934,50001835,all_users,2026-03-14 13:00:00,push,False,,False,
212,2,572,50001835,all_users,2026-03-16 13:00:00,push,False,,False,
213,2,53,50001835,all_users,2026-03-16 20:00:00,in_app,False,,False,
214,2,589,50001835,all_users,2026-03-16 09:00:00,email,False,,False,
215,2,563,50001835,all_users,2026-03-14 11:00:00,push,False,,False,
216,2,19,50001835,all_users,2026-03-14 09:00:00,push,False,,False,
217,2,757,50001835,all_users,2026-03-14 12:00:00,push,False,,False,
218,2,16,50001835,all_users,2026-03-14 20:00:00,email,False,,False,
219,2,198,50001835,all_users,2026-03-16 10:00:00,in_app,False,,False,
220,2,826,50001835,all_users,2026-03-14 13:00:00,push,False,,False,
221,2,416,50001835,all_users,2026-03-14 15:00:00,push,False,,False,
222,2,31,50001835,all_users,2026-03-16 17:00:00,push,False,,False,
223,2,920,50001835,all_users,2026-03-15 17:00:00,push,False,,False,
224,2,890,50001835,all_users,2026-03-14 16:00:00,push,False,,False,
225,2,231,50001835,all_users,2026-03-17 13:00:00,push,False,,False,
226,2,603,50001835,all_users,2026-03-15 10:00:00,email,False,,False,
227,2,14,50001835,all_users,2026-03-16 09:00:00,in_app,False,,False,
228,2,800,50001835,all_users,2026-03-14 10:00:00,email,False,,False,
229,2,947,50001835,all_users,2026-03-17 15:00:00,push,False,,False,
230,2,960,50001835,all_users,2026-03-17 20:00:00,push,True,2026-03-17 21:01:00,False,
231,2,783,50001835,all_users,2026-03-17 18:00:00,push,False,,False,
232,2,385,50001835,all_users,2026-03-17 20:00:00,push,True,2026-03-17 22:31:00,False,
233,2,108,50001835,all_users,2026-03-15 12:00:00,push,True,2026-03-15 12:45:00,False,
234,2,748,50001835,all_users,2026-03-15 12:00:00,email,True,2026-03-15 14:46:00,False,
235,2,941,50001835,all_users,2026-03-14 17:00:00,push,False,,False,
236,2,121,50001835,all_users,2026-03-14 14:00:00,email,False,,False,
237,2,8,50001835,all_users,2026-03-14 14:00:00,push,True,2026-03-14 14:50:00,False,
238,2,36,50001835,all_users,2026-03-14 15:00:00,push,False,,False,
239,2,316,50001835,all_users,2026-03-14 19:00:00,push,False,,False,
240,2,244,50001835,all_users,2026-03-16 17:00:00,in_app,False,,False,
241,2,588,50001835,all_users,2026-03-15 20:00:00,push,False,,False,
242,2,74,50001835,all_users,2026-03-15 17:00:00,email,False,,False,
243,2,423,50001835,all_users,2026-03-14 13:00:00,push,False,,False,
244,2,767,50001835,all_users,2026-03-17 20:00:00,push,True,2026-03-17 21:24:00,False,
245,2,434,50001835,all_users,2026-03-17 12:00:00,push,False,,False,
246,2,272,50001835,all_users,2026-03-15 10:00:00,in_app,True,2026-03-15 12:46:00,False,
247,2,953,50001835,all_users,2026-03-15 12:00:00,push,False,,False,
248,2,341,50001835,all_users,2026-03-14 13:00:00,in_app,False,,False,
249,2,889,50001835,all_users,2026-03-16 20:00:00,push,False,,False,
250,2,362,50001835,all_users,2026-03-16 09:00:00,push,False,,False,
251,2,115,50001835,all_users,2026-03-14 19:00:00,push,False,,False,
252,2,447,50001835,all_users,2026-03-17 09:00:00,push,False,,False,
253,2,802,50001835,all_users,2026-03-15 16:00:00,push,False,,False,
254,2,965,50001835,all_users,2026-03-16 18:00:00,push,False,,False,
255,2,976,50001835,all_users,2026-03-14 19:00:00,push,False,,False,
256,2,852,50001835,all_users,2026-03-16 17:00:00,push,False,,False,
257,2,964,50001835,all_users,2026-03-16 09:00:00,push,False,,False,
258,2,160,50001835,all_users,2026-03-15 11:00:00,push,False,,False,
259,2,209,50001835,all_users,2026-03-16 14:00:00,in_app,True,2026-03-16 14:35:00,False,
260,2,96,50001835,all_users,2026-03-16 17:00:00,push,True,2026-03-16 17:27:00,False,
261,2,149,50001835,all_users,2026-03-16 12:00:00,push,False,,False,
262,2,902,50001835,all_users,2026-03-15 19:00:00,email,False,,False,
263,2,760,50001835,all_users,2026-03-17 14:00:00,email,False,,False,
264,2,165,50001835,all_users,2026-03-16 09:00:00,in_app,False,,False,
265,2,511,50001835,all_users,2026-03-15 10:00:00,in_app,True,2026-03-15 10:41:00,False,
266,2,232,50001835,all_users,2026-03-17 17:00:00,push,False,,False,
267,2,10,50001835,all_users,2026-03-15 17:00:00,push,False,,False,
268,2,358,50001835,all_users,2026-03-17 09:00:00,push,False,,False,
269,2,370,50001835,all_users,2026-03-15 09:00:00,push,False,,False,
270,2,64,50001835,all_users,2026-03-16 20:00:00,email,False,,False,
271,2,714,50001835,all_users,2026-03-16 18:00:00,push,False,,False,
272,2,386,50001835,all_users,2026-03-15 13:00:00,push,False,,False,
273,2,625,50001835,all_users,2026-03-15 13:00:00,email,False,,False,
274,2,145,50001835,all_users,2026-03-14 17:00:00,email,False,,False,
275,2,405,50001835,all_users,2026-03-17 09:00:00,push,False,,False,
276,2,302,50001835,all_users,2026-03-16 14:00:00,push,False,,False,
277,2,214,50001835,all_users,2026-03-14 18:00:00,email,False,,False,
278,2,784,50001835,all_users,2026-03-15 13:00:00,in_app,True,2026-03-15 15:21:00,False,
279,2,539,50001835,all_users,2026-03-16 14:00:00,in_app,True,2026-03-16 15:05:00,False,
280,2,33,50001835,all_users,2026-03-14 20:00:00,push,False,,False,
281,2,70,50001835,all_users,2026-03-17 17:00:00,email,False,,False,
282,2,387,50001835,all_users,2026-03-17 20:00:00,push,False,,False,
283,2,47,50001835,all_users,2026-03-14 12:00:00,push,False,,False,
284,2,377,50001835,all_users,2026-03-15 11:00:00,push,False,,False,
285,2,582,50001835,all_users,2026-03-14 15:00:00,push,True,2026-03-14 17:03:00,False,
286,2,436,50001835,all_users,2026-03-16 18:00:00,email,True,2026-03-16 19:12:00,False,
287,2,702,50001835,all_users,2026-03-16 11:00:00,push,False,,False,
288,2,172,50001835,all_users,2026-03-17 20:00:00,push,False,,False,
289,2,398,50001835,all_users,2026-03-16 20:00:00,push,False,,False,
290,2,420,50001835,all_users,2026-03-14 11:00:00,push,False,,False,
291,2,654,50001835,all_users,2026-03-14 12:00:00,push,False,,False,
292,2,753,50001835,all_users,2026-03-15 20:00:00,push,False,,False,
293,2,859,50001835,all_users,2026-03-15 11:00:00,push,False,,False,
294,2,900,50001835,all_users,2026-03-17 15:00:00,push,False,,False,
295,2,628,50001835,all_users,2026-03-15 09:00:00,push,False,,False,
296,2,245,50001835,all_users,2026-03-15 20:00:00,email,False,,False,
297,2,410,50001835,all_users,2026-03-14 14:00:00,push,False,,False,
298,2,705,50001835,all_users,2026-03-15 12:00:00,push,False,,False,
299,2,401,50001835,all_users,2026-03-15 20:00:00,email,False,,False,
300,2,383,50001835,all_users,2026-03-15 12:00:00,push,False,,False,
301,2,367,50001835,all_users,2026-03-16 18:00:00,email,False,,False,
302,2,781,50001835,all_users,2026-03-17 11:00:00,email,False,,False,
303,2,749,50001835,all_users,2026-03-17 19:00:00,email,True,2026-03-17 21:05:00,False,
304,2,346,50001835,all_users,2026-03-16 09:00:00,in_app,False,,False,
305,2,747,50001835,all_users,2026-03-14 14:00:00,in_app,False,,False,
306,2,679,50001835,all_users,2026-03-15 11:00:00,push,False,,False,
307,2,833,50001835,all_users,2026-03-17 09:00:00,email,False,,False,
308,2,710,50001835,all_users,2026-03-14 12:00:00,email,False,,False,
309,2,225,50001835,all_users,2026-03-15 14:00:00,push,False,,False,
310,2,867,50001835,all_users,2026-03-17 09:00:00,push,False,,False,
311,2,629,50001835,all_users,2026-03-16 16:00:00,in_app,False,,False,
312,2,504,50001835,all_users,2026-03-15 09:00:00,email,False,,False,
313,2,207,50001835,all_users,2026-03-16 15:00:00,in_app,False,,False,
314,2,441,50001835,all_users,2026-03-14 09:00:00,push,False,,False,
315,2,308,50001835,all_users,2026-03-17 09:00:00,in_app,True,2026-03-17 10:40:00,False,
316,2,779,50001835,all_users,2026-03-15 16:00:00,push,False,,False,
317,2,494,50001835,all_users,2026-03-17 18:00:00,in_app,True,2026-03-17 20:07:00,False,
318,2,665,50001835,all_users,2026-03-15 10:00:00,push,False,,False,
319,2,477,50001835,all_users,2026-03-16 20:00:00,email,False,,False,
320,2,636,50001835,all_users,2026-03-15 14:00:00,push,False,,False,
321,2,283,50001835,all_users,2026-03-15 18:00:00,email,False,,False,
322,2,553,50001835,all_users,2026-03-16 12:00:00,email,True,2026-03-16 14:52:00,False,
323,2,190,50001835,all_users,2026-03-16 17:00:00,push,True,2026-03-16 17:04:00,False,
324,2,835,50001835,all_users,2026-03-17 13:00:00,in_app,False,,False,
325,2,630,50001835,all_users,2026-03-14 16:00:00,push,False,,False,
326,2,548,50001835,all_users,2026-03-15 17:00:00,push,False,,False,
327,2,41,50001835,all_users,2026-03-17 15:00:00,email,False,,False,
328,2,877,50001835,all_users,2026-03-14 13:00:00,push,False,,False,
329,2,248,50001835,all_users,2026-03-16 19:00:00,in_app,False,,False,
330,2,407,50001835,all_users,2026-03-16 13:00:00,push,False,,False,
331,2,266,50001835,all_users,2026-03-15 18:00:00,in_app,False,,False,
332,2,163,50001835,all_users,2026-03-14 20:00:00,email,False,,False,
333,2,439,50001835,all_users,2026-03-16 12:00:00,in_app,False,,False,
334,2,100,50001835,all_users,2026-03-14 13:00:00,email,False,,False,
335,2,678,50001835,all_users,2026-03-14 13:00:00,email,False,,False,
336,2,985,50001835,all_users,2026-03-16 19:00:00,email,False,,False,
337,2,344,50001835,all_users,2026-03-15 16:00:00,email,True,2026-03-15 18:17:00,False,
338,2,720,50001835,all_users,2026-03-14 16:00:00,push,False,,False,
339,2,550,50001835,all_users,2026-03-16 12:00:00,push,True,2026-03-16 12:03:00,False,
340,2,596,50001835,all_users,2026-03-14 18:00:00,push,False,,False,
341,2,371,50001835,all_users,2026-03-14 18:00:00,in_app,False,,False,
342,2,888,50001835,all_users,2026-03-15 18:00:00,email,False,,False,
343,2,24,50001835,all_users,2026-03-16 17:00:00,in_app,False,,False,
344,2,491,50001835,all_users,2026-03-15 11:00:00,in_app,False,,False,
345,2,901,50001835,all_users,2026-03-14 09:00:00,push,False,,False,
346,2,406,50001835,all_users,2026-03-15 15:00:00,push,False,,False,
347,2,825,50001835,all_users,2026-03-17 11:00:00,email,True,2026-03-17 13:28:00,False,
348,2,843,50001835,all_users,2026-03-14 17:00:00,push,False,,False,
349,2,715,50001835,all_users,2026-03-14 20:00:00,push,False,,False,
350,2,352,50001835,all_users,2026-03-17 19:00:00,push,False,,False,
351,2,69,50001835,all_users,2026-03-15 14:00:00,push,False,,False,
352,2,774,50001835,all_users,2026-03-16 18:00:00,push,False,,False,
353,2,935,50001835,all_users,2026-03-14 14:00:00,push,False,,False,
354,2,640,50001835,all_users,2026-03-14 12:00:00,push,False,,False,
355,2,213,50001835,all_users,2026-03-15 11:00:00,push,False,,False,
356,2,857,50001835,all_users,2026-03-16 20:00:00,push,False,,False,
357,2,535,50001835,all_users,2026-03-16 19:00:00,push,True,2026-03-16 19:14:00,False,
358,2,503,50001835,all_users,2026-03-16 10:00:00,in_app,False,,False,
359,2,921,50001835,all_users,2026-03-16 17:00:00,email,True,2026-03-16 19:15:00,False,
360,2,519,50001835,all_users,2026-03-16 20:00:00,push,False,,False,
361,2,996,50001835,all_users,2026-03-16 19:00:00,push,False,,False,
362,2,896,50001835,all_users,2026-03-16 19:00:00,in_app,False,,False,
363,2,798,50001835,all_users,2026-03-14 14:00:00,in_app,False,,False,
364,2,518,50001835,all_users,2026-03-14 09:00:00,push,False,,False,
365,2,457,50001835,all_users,2026-03-16 18:00:00,in_app,False,,False,
366,2,527,50001835,all_users,2026-03-14 16:00:00,in_app,False,,False,
367,2,323,50001835,all_users,2026-03-14 18:00:00,email,False,,False,
368,2,249,50001835,all_users,2026-03-17 18:00:00,email,True,2026-03-17 19:50:00,False,
369,2,791,50001835,all_users,2026-03-16 11:00:00,push,True,2026-03-16 12:04:00,False,
370,2,314,50001835,all_users,2026-03-14 19:00:00,push,True,2026-03-14 21:43:00,False,
371,2,230,50001835,all_users,2026-03-16 15:00:00,in_app,False,,False,
372,2,898,50001835,all_users,2026-03-15 17:00:00,push,False,,False,
373,2,656,50001835,all_users,2026-03-14 17:00:00,push,False,,False,
374,2,986,50001835,all_users,2026-03-16 09:00:00,push,False,,False,
375,2,150,50001835,all_users,2026-03-14 16:00:00,in_app,False,,False,
376,2,364,50001835,all_users,2026-03-15 14:00:00,in_app,False,,False,
377,2,246,50001835,all_users,2026-03-16 17:00:00,in_app,False,,False,
378,2,239,50001835,all_users,2026-03-16 13:00:00,email,False,,False,
379,2,391,50001835,all_users,2026-03-16 14:00:00,email,False,,False,
380,2,804,50001835,all_users,2026-03-17 18:00:00,email,False,,False,
381,2,52,50001835,all_users,2026-03-17 13:00:00,in_app,False,,False,
382,2,128,50001835,all_users,2026-03-14 16:00:00,email,False,,False,
383,2,110,50001835,all_users,2026-03-16 14:00:00,push,True,2026-03-16 14:34:00,False,
384,2,132,50001835,all_users,2026-03-17 17:00:00,push,False,,False,
385,2,286,50001835,all_users,2026-03-14 10:00:00,push,False,,False,
386,2,805,50001835,all_users,2026-03-17 16:00:00,email,False,,False,
387,2,280,50001835,all_users,2026-03-15 17:00:00,push,False,,False,
388,2,486,50001835,all_users,2026-03-14 15:00:00,push,False,,False,
389,2,830,50001835,all_users,2026-03-17 13:00:00,push,False,,False,
390,2,961,50001835,all_users,2026-03-16 14:00:00,email,False,,False,
391,2,313,50001835,all_users,2026-03-15 16:00:00,push,False,,False,
392,2,330,50001835,all_users,2026-03-15 16:00:00,email,False,,False,
393,2,951,50001835,all_users,2026-03-17 12:00:00,in_app,False,,False,
394,2,109,50001835,all_users,2026-03-17 12:00:00,in_app,False,,False,
395,2,475,50001835,all_users,2026-03-14 14:00:00,push,False,,False,
396,2,458,50001835,all_users,2026-03-17 16:00:00,email,False,,False,
397,2,98,50001835,all_users,2026-03-16 13:00:00,push,False,,False,
398,2,769,50001835,all_users,2026-03-15 20:00:00,push,False,,False,
399,2,971,50001835,all_users,2026-03-15 10:00:00,push,False,,False,
400,2,812,50001835,all_users,2026-03-14 12:00:00,push,False,,False,
401,2,638,50001835,all_users,2026-03-17 18:00:00,push,False,,False,
402,2,764,50001835,all_users,2026-03-17 14:00:00,push,True,2026-03-17 15:29:00,False,
403,2,838,50001835,all_users,2026-03-15 16:00:00,push,False,,False,
404,2,191,50001835,all_users,2026-03-17 09:00:00,push,True,2026-03-17 10:00:00,False,
405,2,459,50001835,all_users,2026-03-17 10:00:00,email,False,,False,
406,2,905,50001835,all_users,2026-03-17 09:00:00,push,False,,False,
407,2,836,50001835,all_users,2026-03-17 20:00:00,push,False,,False,
408,2,297,50001835,all_users,2026-03-14 16:00:00,in_app,False,,False,
409,2,226,50001835,all_users,2026-03-16 16:00:00,push,False,,False,
410,2,3,50001835,all_users,2026-03-17 11:00:00,push,False,,False,
411,2,635,50001835,all_users,2026-03-15 15:00:00,push,False,,False,
412,2,196,50001835,all_users,2026-03-16 09:00:00,email,True,2026-03-16 11:34:00,False,
413,2,611,50001835,all_users,2026-03-14 12:00:00,in_app,False,,False,
414,2,995,50001835,all_users,2026-03-14 20:00:00,push,False,,False,
415,2,112,50001835,all_users,2026-03-16 16:00:00,in_app,True,2026-03-16 18:04:00,False,
416,2,435,50001835,all_users,2026-03-15 12:00:00,email,False,,False,
417,2,621,50001835,all_users,2026-03-14 12:00:00,in_app,False,,False,
418,2,210,50001835,all_users,2026-03-16 15:00:00,push,False,,False,
419,2,134,50001835,all_users,2026-03-15 12:00:00,in_app,False,,False,
420,2,180,50001835,all_users,2026-03-17 18:00:00,push,False,,False,
421,2,745,50001835,all_users,2026-03-17 15:00:00,email,True,2026-03-17 15:13:00,False,
422,2,856,50001835,all_users,2026-03-17 14:00:00,push,False,,False,
423,2,914,50001835,all_users,2026-03-14 20:00:00,push,False,,False,
424,2,472,50001835,all_users,2026-03-17 11:00:00,email,False,,False,
425,2,195,50001835,all_users,2026-03-17 17:00:00,push,False,,False,
426,2,515,50001835,all_users,2026-03-15 20:00:00,push,False,,False,
427,2,853,50001835,all_users,2026-03-16 20:00:00,email,False,,False,
428,2,349,50001835,all_users,2026-03-16 20:00:00,push,False,,False,
429,2,183,50001835,all_users,2026-03-17 16:00:00,push,False,,False,
430,2,119,50001835,all_users,2026-03-14 15:00:00,push,False,,False,
431,2,879,50001835,all_users,2026-03-17 10:00:00,push,False,,False,
432,2,592,50001835,all_users,2026-03-16 20:00:00,email,False,,False,
433,2,271,50001835,all_users,2026-03-17 09:00:00,push,False,,False,
434,2,675,50001835,all_users,2026-03-16 16:00:00,push,True,2026-03-16 16:48:00,False,
435,2,873,50001835,all_users,2026-03-14 16:00:00,push,False,,False,
436,2,315,50001835,all_users,2026-03-17 11:00:00,in_app,True,2026-03-17 11:37:00,False,
437,2,528,50001835,all_users,2026-03-15 15:00:00,in_app,True,2026-03-15 17:49:00,False,
438,2,844,50001835,all_users,2026-03-16 14:00:00,email,True,2026-03-16 15:16:00,False,
439,2,645,50001835,all_users,2026-03-15 17:00:00,push,False,,False,
440,2,762,50001835,all_users,2026-03-15 14:00:00,in_app,False,,False,
441,2,306,50001835,all_users,2026-03-14 09:00:00,in_app,False,,False,
442,2,62,50001835,all_users,2026-03-16 09:00:00,push,False,,False,
443,2,107,50001835,all_users,2026-03-16 18:00:00,in_app,True,2026-03-16 20:45:00,False,
444,2,994,50001835,all_users,2026-03-17 12:00:00,email,False,,False,
445,2,412,50001835,all_users,2026-03-16 09:00:00,email,False,,False,
446,2,381,50001835,all_users,2026-03-17 16:00:00,in_app,False,,False,
447,2,569,50001835,all_users,2026-03-17 19:00:00,push,False,,False,
448,2,861,50001835,all_users,2026-03-14 11:00:00,email,False,,False,
449,2,513,50001835,all_users,2026-03-17 15:00:00,push,True,2026-03-17 16:09:00,False,
450,2,937,50001835,all_users,2026-03-15 10:00:00,in_app,True,2026-03-15 10:05:00,False,
451,2,778,50001835,all_users,2026-03-14 11:00:00,email,False,,False,
452,2,698,50001835,all_users,2026-03-17 12:00:00,push,False,,False,
453,2,787,50001835,all_users,2026-03-14 17:00:00,push,False,,False,
454,2,664,50001835,all_users,2026-03-14 11:00:00,email,False,,False,
455,2,440,50001835,all_users,2026-03-14 13:00:00,push,False,,False,
456,2,555,50001835,all_users,2026-03-16 18:00:00,push,False,,False,
457,2,639,50001835,all_users,2026-03-14 19:00:00,push,False,,False,
458,2,80,50001835,all_users,2026-03-15 11:00:00,push,False,,False,
459,2,223,50001835,all_users,2026-03-14 19:00:00,push,False,,False,
460,2,924,50001835,all_users,2026-03-15 10:00:00,push,False,,False,
461,2,141,50001835,all_users,2026-03-14 20:00:00,push,True,2026-03-14 22:54:00,False,
462,2,233,50001835,all_users,2026-03-15 14:00:00,push,False,,False,
463,2,793,50001835,all_users,2026-03-14 17:00:00,push,True,2026-03-14 19:01:00,False,
464,2,176,50001835,all_users,2026-03-14 17:00:00,in_app,False,,False,
465,2,351,50001835,all_users,2026-03-14 15:00:00,push,False,,False,
466,2,186,50001835,all_users,2026-03-17 20:00:00,in_app,False,,False,
467,2,946,50001835,all_users,2026-03-17 09:00:00,push,False,,False,
468,2,202,50001835,all_users,2026-03-14 17:00:00,email,False,,False,
469,2,677,50001835,all_users,2026-03-15 15:00:00,push,False,,False,
470,2,256,50001835,all_users,2026-03-14 12:00:00,push,False,,False,
471,2,281,50001835,all_users,2026-03-15 13:00:00,push,False,,False,
472,2,363,50001835,all_users,2026-03-16 16:00:00,push,False,,False,
473,2,780,50001835,all_users,2026-03-17 10:00:00,email,False,,False,
474,2,1000,50001835,all_users,2026-03-16 19:00:00,in_app,False,,False,
475,2,251,50001835,all_users,2026-03-15 13:00:00,email,True,2026-03-15 15:05:00,False,
476,2,252,50001835,all_users,2026-03-16 19:00:00,push,False,,False,
477,2,177,50001835,all_users,2026-03-14 18:00:00,push,False,,False,
478,2,765,50001835,all_users,2026-03-15 10:00:00,push,False,,False,
479,2,593,50001835,all_users,2026-03-17 20:00:00,push,False,,False,
480,2,136,50001835,all_users,2026-03-14 17:00:00,in_app,False,,False,
481,2,663,50001835,all_users,2026-03-17 10:00:00,push,False,,False,
482,2,906,50001835,all_users,2026-03-16 19:00:00,push,False,,False,
483,2,585,50001835,all_users,2026-03-15 15:00:00,push,False,,False,
484,2,294,50001835,all_users,2026-03-15 10:00:00,push,False,,False,
485,2,816,50001835,all_users,2026-03-14 18:00:00,email,False,,False,
486,2,532,50001835,all_users,2026-03-17 09:00:00,email,False,,False,
487,2,716,50001835,all_users,2026-03-16 09:00:00,in_app,False,,False,
488,2,650,50001835,all_users,2026-03-14 18:00:00,push,False,,False,
489,2,834,50001835,all_users,2026-03-14 13:00:00,email,False,,False,
490,2,554,50001835,all_users,2026-03-17 14:00:00,in_app,False,,False,
491,2,756,50001835,all_users,2026-03-15 19:00:00,push,True,2026-03-15 21:24:00,False,
492,2,460,50001835,all_users,2026-03-15 16:00:00,push,False,,False,
493,2,942,50001835,all_users,2026-03-14 13:00:00,in_app,False,,False,
494,2,591,50001835,all_users,2026-03-17 18:00:00,push,False,,False,
495,2,782,50001835,all_users,2026-03-17 09:00:00,push,False,,False,
496,2,727,50001835,all_users,2026-03-17 12:00:00,push,False,,False,
497,2,925,50001835,all_users,2026-03-15 16:00:00,email,True,2026-03-15 16:02:00,False,
498,2,759,50001835,all_users,2026-03-17 13:00:00,email,False,,False,
499,2,432,50001835,all_users,2026-03-16 14:00:00,push,False,,False,
500,2,342,50001835,all_users,2026-03-17 11:00:00,email,False,,False,
501,2,822,50001835,all_users,2026-03-16 11:00:00,email,False,,False,
502,2,681,50001835,all_users,2026-03-14 17:00:00,email,False,,False,
503,2,984,50001835,all_users,2026-03-15 15:00:00,push,True,2026-03-15 17:08:00,False,
504,2,815,50001835,all_users,2026-03-15 20:00:00,push,False,,False,
505,2,483,50001835,all_users,2026-03-16 13:00:00,push,False,,False,
506,2,311,50001835,all_users,2026-03-15 11:00:00,in_app,False,,False,
507,2,234,50001835,all_users,2026-03-15 19:00:00,push,False,,False,
508,2,509,50001835,all_users,2026-03-16 19:00:00,email,False,,False,
509,2,672,50001835,all_users,2026-03-17 10:00:00,email,False,,False,
510,2,568,50001835,all_users,2026-03-17 12:00:00,in_app,False,,False,
511,2,220,50001835,all_users,2026-03-17 18:00:00,push,True,2026-03-17 20:39:00,False,
512,2,741,50001835,all_users,2026-03-14 16:00:00,push,False,,False,
513,2,250,50001835,all_users,2026-03-15 13:00:00,in_app,False,,False,
514,2,605,50001835,all_users,2026-03-15 18:00:00,push,False,,False,
515,2,27,50001835,all_users,2026-03-16 12:00:00,in_app,False,,False,
516,2,521,50001835,all_users,2026-03-14 14:00:00,push,False,,False,
517,2,903,50001835,all_users,2026-03-14 09:00:00,email,False,,False,
518,2,327,50001835,all_users,2026-03-16 09:00:00,push,True,2026-03-16 10:35:00,False,
519,2,693,50001835,all_users,2026-03-14 17:00:00,email,False,,False,
520,2,565,50001835,all_users,2026-03-15 16:00:00,email,False,,False,
521,2,711,50001835,all_users,2026-03-15 12:00:00,push,False,,False,
522,2,478,50001835,all_users,2026-03-14 19:00:00,push,False,,False,
523,2,726,50001835,all_users,2026-03-17 17:00:00,email,False,,False,
524,2,872,50001835,all_users,2026-03-14 15:00:00,in_app,False,,False,
525,2,50,50001835,all_users,2026-03-15 14:00:00,push,True,2026-03-15 16:00:00,False,
526,2,104,50001835,all_users,2026-03-15 17:00:00,push,True,2026-03-15 17:10:00,False,
527,2,236,50001835,all_users,2026-03-14 17:00:00,email,False,,False,
528,2,65,50001835,all_users,2026-03-15 12:00:00,push,False,,False,
529,2,725,50001835,all_users,2026-03-17 14:00:00,push,False,,False,
530,2,103,50001835,all_users,2026-03-16 12:00:00,email,False,,False,
531,2,962,50001835,all_users,2026-03-14 19:00:00,push,False,,False,
532,2,701,50001835,all_users,2026-03-14 09:00:00,email,False,,False,
533,2,23,50001835,all_users,2026-03-17 11:00:00,push,False,,False,
534,2,469,50001835,all_users,2026-03-14 19:00:00,in_app,False,,False,
535,2,652,50001835,all_users,2026-03-14 10:00:00,email,False,,False,
536,2,102,50001835,all_users,2026-03-14 12:00:00,push,False,,False,
537,2,982,50001835,all_users,2026-03-17 11:00:00,push,False,,False,
538,2,319,50001835,all_users,2026-03-15 12:00:00,email,True,2026-03-15 13:43:00,False,
539,2,497,50001835,all_users,2026-03-14 16:00:00,push,False,,False,
540,2,773,50001835,all_users,2026-03-17 10:00:00,in_app,False,,False,
541,2,676,50001835,all_users,2026-03-17 20:00:00,push,True,2026-03-17 21:25:00,False,
542,2,610,50001835,all_users,2026-03-16 09:00:00,push,False,,False,
543,2,544,50001835,all_users,2026-03-15 18:00:00,push,False,,False,
544,2,690,50001835,all_users,2026-03-16 18:00:00,email,False,,False,
545,2,624,50001835,all_users,2026-03-14 13:00:00,push,False,,False,
546,2,706,50001835,all_users,2026-03-15 09:00:00,email,False,,False,
547,2,536,50001835,all_users,2026-03-14 12:00:00,push,False,,False,
548,2,138,50001835,all_users,2026-03-16 18:00:00,in_app,False,,False,
549,2,930,50001835,all_users,2026-03-15 09:00:00,push,False,,False,
550,2,267,50001835,all_users,2026-03-14 16:00:00,in_app,True,2026-03-14 18:27:00,False,
551,2,133,50001835,all_users,2026-03-14 18:00:00,in_app,True,2026-03-14 19:25:00,False,
552,2,884,50001835,all_users,2026-03-16 13:00:00,push,False,,False,
553,2,205,50001835,all_users,2026-03-14 20:00:00,email,False,,False,
554,2,683,50001835,all_users,2026-03-14 12:00:00,push,False,,False,
555,2,580,50001835,all_users,2026-03-16 20:00:00,email,True,2026-03-16 22:02:00,False,
556,2,831,50001835,all_users,2026-03-15 15:00:00,email,False,,False,
557,2,761,50001835,all_users,2026-03-14 13:00:00,push,True,2026-03-14 15:24:00,False,
558,2,579,50001835,all_users,2026-03-15 14:00:00,email,False,,False,
559,2,129,50001835,all_users,2026-03-14 15:00:00,push,False,,False,
560,2,201,50001835,all_users,2026-03-15 09:00:00,push,False,,False,
561,2,353,50001835,all_users,2026-03-17 16:00:00,in_app,False,,False,
562,2,463,50001835,all_users,2026-03-14 17:00:00,push,False,,False,
563,2,981,50001835,all_users,2026-03-17 20:00:00,push,False,,False,
564,2,307,50001835,all_users,2026-03-16 20:00:00,push,False,,False,
565,2,15,50001835,all_users,2026-03-16 14:00:00,in_app,False,,False,
566,2,219,50001835,all_users,2026-03-17 12:00:00,push,False,,False,
567,2,574,50001835,all_users,2026-03-15 20:00:00,email,False,,False,
568,2,408,50001835,all_users,2026-03-16 16:00:00,email,False,,False,
569,2,891,50001835,all_users,2026-03-16 12:00:00,push,False,,False,
570,2,674,50001835,all_users,2026-03-17 20:00:00,push,False,,False,
571,2,438,50001835,all_users,2026-03-14 20:00:00,email,False,,False,
572,2,561,50001835,all_users,2026-03-16 19:00:00,push,False,,False,
573,2,140,50001835,all_users,2026-03-15 12:00:00,push,False,,False,
574,2,301,50001835,all_users,2026-03-17 14:00:00,email,False,,False,
575,2,794,50001835,all_users,2026-03-17 13:00:00,in_app,False,,False,
576,2,324,50001835,all_users,2026-03-14 10:00:00,email,False,,False,
577,2,772,50001835,all_users,2026-03-14 18:00:00,in_app,True,2026-03-14 19:47:00,False,
578,2,333,50001835,all_users,2026-03-16 13:00:00,push,False,,False,
579,2,365,50001835,all_users,2026-03-15 12:00:00,in_app,False,,False,
580,2,874,50001835,all_users,2026-03-16 10:00:00,push,True,2026-03-16 12:01:00,False,
581,2,682,50001835,all_users,2026-03-17 17:00:00,in_app,True,2026-03-17 18:27:00,False,
582,2,448,50001835,all_users,2026-03-15 09:00:00,in_app,False,,False,
583,2,181,50001835,all_users,2026-03-14 15:00:00,push,False,,False,
584,2,273,50001835,all_users,2026-03-16 19:00:00,in_app,False,,False,
585,2,865,50001835,all_users,2026-03-15 16:00:00,push,True,2026-03-15 16:31:00,False,
586,2,157,50001835,all_users,2026-03-17 13:00:00,email,False,,False,
587,2,204,50001835,all_users,2026-03-16 18:00:00,email,False,,False,
588,2,393,50001835,all_users,2026-03-15 12:00:00,in_app,False,,False,
589,2,931,50001835,all_users,2026-03-14 16:00:00,push,False,,False,
590,2,840,50001835,all_users,2026-03-15 10:00:00,push,True,2026-03-15 12:23:00,False,
591,2,537,50001835,all_users,2026-03-15 14:00:00,push,False,,False,
592,4,943,50135792,all_users,2026-04-24 15:00:00,in_app,True,2026-04-24 17:36:00,False,
593,4,74,50135792,all_users,2026-04-22 11:00:00,push,False,,False,
594,4,483,50135792,all_users,2026-04-21 20:00:00,push,False,,False,
595,4,806,50135792,all_users,2026-04-24 14:00:00,push,False,,False,
596,4,872,50135792,all_users,2026-04-22 10:00:00,in_app,False,,False,
597,4,923,50135792,all_users,2026-04-22 18:00:00,in_app,False,,False,
598,4,438,50135792,all_users,2026-04-23 14:00:00,email,True,2026-04-23 14:46:00,False,
599,4,705,50135792,all_users,2026-04-21 15:00:00,email,False,,False,
600,4,267,50135792,all_users,2026-04-21 12:00:00,push,False,,False,
601,4,180,50135792,all_users,2026-04-24 13:00:00,push,False,,False,
602,4,285,50135792,all_users,2026-04-22 18:00:00,email,False,,False,
603,4,258,50135792,all_users,2026-04-22 19:00:00,in_app,False,,False,
604,4,724,50135792,all_users,2026-04-24 16:00:00,in_app,True,2026-04-24 16:45:00,False,
605,4,390,50135792,all_users,2026-04-22 20:00:00,email,False,,False,
606,4,13,50135792,all_users,2026-04-24 14:00:00,in_app,False,,False,
607,4,135,50135792,all_users,2026-04-22 13:00:00,push,False,,False,
608,4,478,50135792,all_users,2026-04-24 16:00:00,push,False,,False,
609,4,300,50135792,all_users,2026-04-24 13:00:00,push,False,,False,
610,4,353,50135792,all_users,2026-04-23 09:00:00,in_app,False,,False,
611,4,75,50135792,all_users,2026-04-23 10:00:00,email,False,,False,
612,4,346,50135792,all_users,2026-04-21 18:00:00,email,False,,False,
613,4,562,50135792,all_users,2026-04-22 16:00:00,push,False,,False,
614,4,138,50135792,all_users,2026-04-23 19:00:00,email,True,2026-04-23 20:34:00,False,
615,4,706,50135792,all_users,2026-04-23 15:00:00,push,False,,False,
616,4,150,50135792,all_users,2026-04-21 19:00:00,push,False,,False,
617,4,77,50135792,all_users,2026-04-24 14:00:00,in_app,True,2026-04-24 15:02:00,False,
618,4,840,50135792,all_users,2026-04-24 13:00:00,email,True,2026-04-24 13:44:00,False,
619,4,880,50135792,all_users,2026-04-23 18:00:00,push,False,,False,
620,4,141,50135792,all_users,2026-04-24 16:00:00,email,False,,False,
621,4,416,50135792,all_users,2026-04-21 15:00:00,email,False,,False,
622,4,284,50135792,all_users,2026-04-22 13:00:00,push,False,,False,
623,4,41,50135792,all_users,2026-04-23 17:00:00,push,False,,False,
624,4,657,50135792,all_users,2026-04-24 10:00:00,email,False,,False,
625,4,853,50135792,all_users,2026-04-22 13:00:00,email,True,2026-04-22 14:02:00,False,
626,4,979,50135792,all_users,2026-04-24 10:00:00,push,False,,False,
627,4,598,50135792,all_users,2026-04-24 20:00:00,push,False,,False,
628,4,216,50135792,all_users,2026-04-22 14:00:00,push,False,,False,
629,4,866,50135792,all_users,2026-04-21 15:00:00,in_app,False,,False,
630,4,176,50135792,all_users,2026-04-21 15:00:00,push,False,,False,
631,4,228,50135792,all_users,2026-04-22 10:00:00,push,False,,False,
632,4,525,50135792,all_users,2026-04-24 14:00:00,push,False,,False,
633,4,951,50135792,all_users,2026-04-24 11:00:00,email,False,,False,
634,4,229,50135792,all_users,2026-04-22 20:00:00,push,False,,False,
635,4,220,50135792,all_users,2026-04-21 12:00:00,push,False,,False,
636,4,904,50135792,all_users,2026-04-22 13:00:00,email,False,,False,
637,4,822,50135792,all_users,2026-04-24 12:00:00,email,False,,False,
638,4,457,50135792,all_users,2026-04-23 14:00:00,email,False,,False,
639,4,155,50135792,all_users,2026-04-21 19:00:00,push,False,,False,
640,4,442,50135792,all_users,2026-04-24 09:00:00,in_app,False,,False,
641,4,708,50135792,all_users,2026-04-21 14:00:00,email,False,,False,
642,4,820,50135792,all_users,2026-04-24 13:00:00,push,False,,False,
643,4,879,50135792,all_users,2026-04-22 09:00:00,email,False,,False,
644,4,55,50135792,all_users,2026-04-22 15:00:00,email,False,,False,
645,4,550,50135792,all_users,2026-04-21 16:00:00,email,False,,False,
646,4,14,50135792,all_users,2026-04-24 18:00:00,email,False,,False,
647,4,707,50135792,all_users,2026-04-23 18:00:00,push,False,,False,
648,4,687,50135792,all_users,2026-04-23 20:00:00,in_app,True,2026-04-23 22:49:00,False,
649,4,62,50135792,all_users,2026-04-24 14:00:00,push,False,,False,
650,4,276,50135792,all_users,2026-04-21 19:00:00,push,False,,False,
651,4,585,50135792,all_users,2026-04-23 16:00:00,push,False,,False,
652,4,763,50135792,all_users,2026-04-24 19:00:00,push,False,,False,
653,4,651,50135792,all_users,2026-04-21 09:00:00,email,False,,False,
654,4,71,50135792,all_users,2026-04-22 15:00:00,push,False,,False,
655,4,575,50135792,all_users,2026-04-22 10:00:00,push,False,,False,
656,4,304,50135792,all_users,2026-04-21 14:00:00,in_app,False,,False,
657,4,241,50135792,all_users,2026-04-24 12:00:00,push,False,,False,
658,4,44,50135792,all_users,2026-04-22 15:00:00,push,False,,False,
659,4,576,50135792,all_users,2026-04-21 12:00:00,push,False,,False,
660,4,298,50135792,all_users,2026-04-23 16:00:00,email,False,,False,
661,4,765,50135792,all_users,2026-04-23 20:00:00,push,False,,False,
662,4,510,50135792,all_users,2026-04-24 19:00:00,push,True,2026-04-24 19:53:00,False,
663,4,541,50135792,all_users,2026-04-22 17:00:00,push,False,,False,
664,4,586,50135792,all_users,2026-04-24 10:00:00,push,False,,False,
665,4,917,50135792,all_users,2026-04-22 12:00:00,in_app,False,,False,
666,4,494,50135792,all_users,2026-04-24 14:00:00,push,False,,False,
667,4,710,50135792,all_users,2026-04-23 14:00:00,in_app,False,,False,
668,4,278,50135792,all_users,2026-04-21 16:00:00,email,False,,False,
669,4,283,50135792,all_users,2026-04-24 17:00:00,push,False,,False,
670,4,636,50135792,all_users,2026-04-21 18:00:00,push,False,,False,
671,4,144,50135792,all_users,2026-04-21 10:00:00,push,False,,False,
672,4,398,50135792,all_users,2026-04-22 09:00:00,push,False,,False,
673,4,886,50135792,all_users,2026-04-23 19:00:00,push,False,,False,
674,4,303,50135792,all_users,2026-04-24 13:00:00,email,False,,False,
675,4,988,50135792,all_users,2026-04-23 13:00:00,push,False,,False,
676,4,773,50135792,all_users,2026-04-21 20:00:00,in_app,False,,False,
677,4,671,50135792,all_users,2026-04-24 19:00:00,push,False,,False,
678,4,178,50135792,all_users,2026-04-23 14:00:00,email,False,,False,
679,4,972,50135792,all_users,2026-04-23 18:00:00,email,False,,False,
680,4,914,50135792,all_users,2026-04-23 18:00:00,in_app,False,,False,
681,4,812,50135792,all_users,2026-04-23 19:00:00,email,False,,False,
682,4,731,50135792,all_users,2026-04-24 14:00:00,email,False,,False,
683,4,42,50135792,all_users,2026-04-22 16:00:00,push,False,,False,
684,4,60,50135792,all_users,2026-04-24 17:00:00,push,True,2026-04-24 17:53:00,False,
685,4,610,50135792,all_users,2026-04-22 20:00:00,email,False,,False,
686,4,64,50135792,all_users,2026-04-21 14:00:00,email,False,,False,
687,4,518,50135792,all_users,2026-04-22 13:00:00,push,False,,False,
688,4,36,50135792,all_users,2026-04-21 15:00:00,push,False,,False,
689,4,429,50135792,all_users,2026-04-24 19:00:00,push,False,,False,
690,4,947,50135792,all_users,2026-04-23 19:00:00,push,False,,False,
691,4,874,50135792,all_users,2026-04-22 14:00:00,email,False,,False,
692,4,330,50135792,all_users,2026-04-21 13:00:00,in_app,False,,False,
693,4,960,50135792,all_users,2026-04-23 12:00:00,push,True,2026-04-23 13:47:00,False,
694,4,554,50135792,all_users,2026-04-21 16:00:00,email,False,,False,
695,4,749,50135792,all_users,2026-04-22 18:00:00,in_app,False,,False,
696,4,336,50135792,all_users,2026-04-23 18:00:00,in_app,False,,False,
697,4,11,50135792,all_users,2026-04-23 16:00:00,in_app,False,,False,
698,4,548,50135792,all_users,2026-04-22 17:00:00,email,False,,False,
699,4,113,50135792,all_users,2026-04-24 15:00:00,in_app,False,,False,
700,4,971,50135792,all_users,2026-04-22 17:00:00,email,False,,False,
701,4,639,50135792,all_users,2026-04-23 12:00:00,email,True,2026-04-23 14:54:00,False,
702,4,829,50135792,all_users,2026-04-23 13:00:00,push,False,,False,
703,4,493,50135792,all_users,2026-04-22 17:00:00,push,True,2026-04-22 19:26:00,False,
704,4,85,50135792,all_users,2026-04-23 13:00:00,email,False,,False,
705,4,985,50135792,all_users,2026-04-22 19:00:00,push,False,,False,
706,4,593,50135792,all_users,2026-04-24 13:00:00,push,False,,False,
707,4,470,50135792,all_users,2026-04-21 15:00:00,email,True,2026-04-21 16:45:00,False,
708,4,900,50135792,all_users,2026-04-23 14:00:00,push,False,,False,
709,4,652,50135792,all_users,2026-04-24 19:00:00,email,False,,False,
710,4,540,50135792,all_users,2026-04-21 10:00:00,push,True,2026-04-21 12:07:00,False,
711,4,848,50135792,all_users,2026-04-21 13:00:00,email,False,,False,
712,4,939,50135792,all_users,2026-04-22 16:00:00,push,False,,False,
713,4,215,50135792,all_users,2026-04-24 16:00:00,email,False,,False,
714,4,759,50135792,all_users,2026-04-22 11:00:00,email,False,,False,
715,4,860,50135792,all_users,2026-04-21 18:00:00,email,True,2026-04-21 20:20:00,False,
716,4,795,50135792,all_users,2026-04-22 16:00:00,email,False,,False,
717,4,630,50135792,all_users,2026-04-22 13:00:00,email,False,,False,
718,4,967,50135792,all_users,2026-04-23 09:00:00,email,False,,False,
719,4,589,50135792,all_users,2026-04-24 15:00:00,push,False,,False,
720,4,86,50135792,all_users,2026-04-22 19:00:00,push,False,,False,
721,4,295,50135792,all_users,2026-04-22 10:00:00,in_app,False,,False,
722,4,825,50135792,all_users,2026-04-22 10:00:00,email,False,,False,
723,4,963,50135792,all_users,2026-04-22 16:00:00,email,True,2026-04-22 17:15:00,False,
724,4,134,50135792,all_users,2026-04-21 10:00:00,push,False,,False,
725,4,487,50135792,all_users,2026-04-21 10:00:00,email,False,,False,
726,4,734,50135792,all_users,2026-04-24 14:00:00,email,False,,False,
727,4,244,50135792,all_users,2026-04-22 11:00:00,push,False,,False,
728,4,407,50135792,all_users,2026-04-22 17:00:00,email,False,,False,
729,4,954,50135792,all_users,2026-04-23 15:00:00,push,False,,False,
730,4,980,50135792,all_users,2026-04-23 16:00:00,push,False,,False,
731,4,787,50135792,all_users,2026-04-21 09:00:00,in_app,False,,False,
732,4,201,50135792,all_users,2026-04-23 18:00:00,push,False,,False,
733,4,45,50135792,all_users,2026-04-21 15:00:00,in_app,False,,False,
734,4,345,50135792,all_users,2026-04-22 09:00:00,push,True,2026-04-22 09:58:00,False,
735,4,449,50135792,all_users,2026-04-22 11:00:00,in_app,False,,False,
736,4,831,50135792,all_users,2026-04-23 15:00:00,email,False,,False,
737,4,388,50135792,all_users,2026-04-22 11:00:00,push,False,,False,
738,4,709,50135792,all_users,2026-04-24 18:00:00,email,False,,False,
739,4,744,50135792,all_users,2026-04-21 16:00:00,email,False,,False,
740,4,412,50135792,all_users,2026-04-24 15:00:00,email,False,,False,
741,4,1000,50135792,all_users,2026-04-22 17:00:00,in_app,False,,False,
742,4,607,50135792,all_users,2026-04-23 12:00:00,in_app,False,,False,
743,4,768,50135792,all_users,2026-04-22 15:00:00,push,True,2026-04-22 16:51:00,False,
744,4,99,50135792,all_users,2026-04-23 18:00:00,in_app,False,,False,
745,4,344,50135792,all_users,2026-04-24 20:00:00,push,False,,False,
746,4,566,50135792,all_users,2026-04-23 14:00:00,push,False,,False,
747,4,374,50135792,all_users,2026-04-24 18:00:00,email,False,,False,
748,4,691,50135792,all_users,2026-04-24 18:00:00,push,False,,False,
749,4,892,50135792,all_users,2026-04-23 12:00:00,push,False,,False,
750,4,192,50135792,all_users,2026-04-24 13:00:00,push,False,,False,
751,4,49,50135792,all_users,2026-04-23 19:00:00,email,False,,False,
752,4,736,50135792,all_users,2026-04-24 20:00:00,in_app,False,,False,
753,4,933,50135792,all_users,2026-04-21 18:00:00,in_app,False,,False,
754,4,695,50135792,all_users,2026-04-21 11:00:00,in_app,False,,False,
755,4,591,50135792,all_users,2026-04-21 17:00:00,push,False,,False,
756,4,108,50135792,all_users,2026-04-21 15:00:00,push,False,,False,
757,4,485,50135792,all_users,2026-04-23 16:00:00,push,False,,False,
758,4,364,50135792,all_users,2026-04-24 20:00:00,push,False,,False,
759,4,400,50135792,all_users,2026-04-24 16:00:00,push,False,,False,
760,4,876,50135792,all_users,2026-04-22 16:00:00,push,False,,False,
761,4,664,50135792,all_users,2026-04-23 11:00:00,push,False,,False,
762,4,529,50135792,all_users,2026-04-21 17:00:00,push,False,,False,
763,4,928,50135792,all_users,2026-04-24 17:00:00,push,False,,False,
764,4,475,50135792,all_users,2026-04-24 12:00:00,push,False,,False,
765,4,377,50135792,all_users,2026-04-22 11:00:00,push,False,,False,
766,4,432,50135792,all_users,2026-04-23 12:00:00,push,False,,False,
767,4,107,50135792,all_users,2026-04-24 18:00:00,in_app,False,,False,
768,4,79,50135792,all_users,2026-04-23 09:00:00,push,False,,False,
769,4,641,50135792,all_users,2026-04-22 19:00:00,in_app,False,,False,
770,4,732,50135792,all_users,2026-04-22 16:00:00,email,True,2026-04-22 17:33:00,False,
771,4,492,50135792,all_users,2026-04-21 09:00:00,in_app,False,,False,
772,4,451,50135792,all_users,2026-04-21 12:00:00,push,False,,False,
773,4,786,50135792,all_users,2026-04-21 14:00:00,in_app,False,,False,
774,4,838,50135792,all_users,2026-04-24 09:00:00,push,False,,False,
775,4,26,50135792,all_users,2026-04-22 11:00:00,push,False,,False,
776,4,362,50135792,all_users,2026-04-22 18:00:00,push,False,,False,
777,4,686,50135792,all_users,2026-04-22 18:00:00,push,False,,False,
778,4,425,50135792,all_users,2026-04-21 20:00:00,push,False,,False,
779,4,613,50135792,all_users,2026-04-23 18:00:00,in_app,False,,False,
780,4,864,50135792,all_users,2026-04-24 12:00:00,push,False,,False,
781,4,110,50135792,all_users,2026-04-21 10:00:00,push,False,,False,
782,4,545,50135792,all_users,2026-04-21 20:00:00,push,False,,False,
783,4,148,50135792,all_users,2026-04-22 20:00:00,push,False,,False,
784,4,835,50135792,all_users,2026-04-22 10:00:00,push,True,2026-04-22 12:39:00,False,
785,4,785,50135792,all_users,2026-04-22 12:00:00,push,False,,False,
786,4,245,50135792,all_users,2026-04-21 16:00:00,push,False,,False,
787,4,553,50135792,all_users,2026-04-21 16:00:00,push,False,,False,
788,4,644,50135792,all_users,2026-04-21 09:00:00,email,False,,False,
789,4,119,50135792,all_users,2026-04-23 17:00:00,in_app,True,2026-04-23 19:05:00,False,
790,4,426,50135792,all_users,2026-04-22 16:00:00,push,True,2026-04-22 17:05:00,False,
791,4,625,50135792,all_users,2026-04-22 09:00:00,email,False,,False,
792,4,329,50135792,all_users,2026-04-23 09:00:00,in_app,False,,False,
793,4,654,50135792,all_users,2026-04-24 11:00:00,push,False,,False,
794,4,600,50135792,all_users,2026-04-21 14:00:00,email,False,,False,
795,4,837,50135792,all_users,2026-04-23 10:00:00,push,False,,False,
796,4,645,50135792,all_users,2026-04-22 10:00:00,in_app,False,,False,
797,4,439,50135792,all_users,2026-04-22 14:00:00,push,False,,False,
798,4,496,50135792,all_users,2026-04-23 20:00:00,push,False,,False,
799,4,382,50135792,all_users,2026-04-22 20:00:00,push,False,,False,
800,4,781,50135792,all_users,2026-04-21 20:00:00,push,False,,False,
801,4,764,50135792,all_users,2026-04-23 16:00:00,push,False,,False,
802,4,109,50135792,all_users,2026-04-22 10:00:00,in_app,False,,False,
803,4,320,50135792,all_users,2026-04-24 17:00:00,in_app,False,,False,
804,4,332,50135792,all_users,2026-04-23 16:00:00,email,False,,False,
805,4,999,50135792,all_users,2026-04-23 09:00:00,email,False,,False,
806,4,637,50135792,all_users,2026-04-24 19:00:00,push,False,,False,
807,4,269,50135792,all_users,2026-04-21 15:00:00,push,False,,False,
808,4,920,50135792,all_users,2026-04-21 17:00:00,push,False,,False,
809,4,495,50135792,all_users,2026-04-24 15:00:00,push,False,,False,
810,4,700,50135792,all_users,2026-04-24 16:00:00,email,True,2026-04-24 16:23:00,False,
811,4,808,50135792,all_users,2026-04-21 11:00:00,push,False,,False,
812,4,552,50135792,all_users,2026-04-24 19:00:00,push,False,,False,
813,4,696,50135792,all_users,2026-04-23 14:00:00,email,False,,False,
814,4,685,50135792,all_users,2026-04-22 13:00:00,email,False,,False,
815,4,222,50135792,all_users,2026-04-21 17:00:00,in_app,False,,False,
816,4,190,50135792,all_users,2026-04-22 16:00:00,in_app,True,2026-04-22 18:01:00,False,
817,4,120,50135792,all_users,2026-04-21 14:00:00,in_app,False,,False,
818,4,790,50135792,all_users,2026-04-22 15:00:00,push,False,,False,
819,4,567,50135792,all_users,2026-04-23 10:00:00,push,False,,False,
820,4,68,50135792,all_users,2026-04-23 14:00:00,email,True,2026-04-23 15:34:00,False,
821,4,777,50135792,all_users,2026-04-21 11:00:00,push,False,,False,
822,4,91,50135792,all_users,2026-04-23 16:00:00,push,False,,False,
823,4,818,50135792,all_users,2026-04-23 20:00:00,in_app,False,,False,
824,4,970,50135792,all_users,2026-04-22 19:00:00,email,False,,False,
825,4,973,50135792,all_users,2026-04-22 20:00:00,in_app,False,,False,
826,4,849,50135792,all_users,2026-04-24 20:00:00,email,False,,False,
827,4,522,50135792,all_users,2026-04-24 15:00:00,email,False,,False,
828,4,679,50135792,all_users,2026-04-21 15:00:00,push,False,,False,
829,4,198,50135792,all_users,2026-04-24 20:00:00,push,False,,False,
830,4,158,50135792,all_users,2026-04-21 11:00:00,email,True,2026-04-21 13:05:00,False,
831,4,408,50135792,all_users,2026-04-24 13:00:00,push,False,,False,
832,4,177,50135792,all_users,2026-04-24 13:00:00,push,True,2026-04-24 15:58:00,False,
833,4,524,50135792,all_users,2026-04-23 17:00:00,email,True,2026-04-23 17:35:00,False,
834,4,534,50135792,all_users,2026-04-21 10:00:00,email,False,,False,
835,4,263,50135792,all_users,2026-04-24 14:00:00,push,False,,False,
836,4,778,50135792,all_users,2026-04-24 17:00:00,in_app,False,,False,
837,4,501,50135792,all_users,2026-04-24 18:00:00,push,False,,False,
838,4,673,50135792,all_users,2026-04-24 13:00:00,in_app,False,,False,
839,4,69,50135792,all_users,2026-04-23 10:00:00,push,False,,False,
840,4,490,50135792,all_users,2026-04-23 17:00:00,push,False,,False,
841,4,274,50135792,all_users,2026-04-23 15:00:00,email,False,,False,
842,4,743,50135792,all_users,2026-04-21 10:00:00,email,False,,False,
843,4,716,50135792,all_users,2026-04-24 10:00:00,in_app,False,,False,
844,4,9,50135792,all_users,2026-04-24 17:00:00,push,False,,False,
845,4,834,50135792,all_users,2026-04-24 14:00:00,push,False,,False,
846,4,624,50135792,all_users,2026-04-22 11:00:00,push,False,,False,
847,4,588,50135792,all_users,2026-04-21 18:00:00,in_app,False,,False,
848,4,352,50135792,all_users,2026-04-22 15:00:00,push,False,,False,
849,4,101,50135792,all_users,2026-04-22 10:00:00,email,False,,False,
850,4,782,50135792,all_users,2026-04-24 10:00:00,push,False,,False,
851,4,466,50135792,all_users,2026-04-23 14:00:00,push,False,,False,
852,4,1,50135792,all_users,2026-04-24 18:00:00,push,False,,False,
853,4,427,50135792,all_users,2026-04-21 13:00:00,in_app,False,,False,
854,4,499,50135792,all_users,2026-04-22 18:00:00,push,False,,False,
855,4,257,50135792,all_users,2026-04-22 10:00:00,push,False,,False,
856,4,43,50135792,all_users,2026-04-21 20:00:00,push,False,,False,
857,4,523,50135792,all_users,2026-04-22 20:00:00,email,False,,False,
858,4,219,50135792,all_users,2026-04-24 17:00:00,push,True,2026-04-24 17:52:00,False,
859,4,919,50135792,all_users,2026-04-21 15:00:00,push,False,,False,
860,4,667,50135792,all_users,2026-04-22 17:00:00,push,False,,False,
861,4,313,50135792,all_users,2026-04-22 17:00:00,push,True,2026-04-22 19:05:00,False,
862,4,633,50135792,all_users,2026-04-21 15:00:00,email,False,,False,
863,4,450,50135792,all_users,2026-04-24 17:00:00,email,False,,False,
864,4,325,50135792,all_users,2026-04-22 12:00:00,in_app,False,,False,
865,4,34,50135792,all_users,2026-04-21 16:00:00,push,False,,False,
866,4,551,50135792,all_users,2026-04-22 20:00:00,push,False,,False,
867,4,179,50135792,all_users,2026-04-22 17:00:00,push,False,,False,
868,4,365,50135792,all_users,2026-04-23 13:00:00,push,False,,False,
869,4,133,50135792,all_users,2026-04-23 20:00:00,in_app,True,2026-04-23 20:33:00,False,
870,4,784,50135792,all_users,2026-04-24 09:00:00,email,False,,False,
871,4,343,50135792,all_users,2026-04-21 15:00:00,push,False,,False,
872,4,251,50135792,all_users,2026-04-21 15:00:00,in_app,False,,False,
873,4,12,50135792,all_users,2026-04-23 12:00:00,push,False,,False,
874,4,722,50135792,all_users,2026-04-22 15:00:00,push,True,2026-04-22 15:13:00,False,
875,4,337,50135792,all_users,2026-04-22 19:00:00,push,False,,False,
876,4,719,50135792,all_users,2026-04-24 09:00:00,push,False,,False,
877,4,18,50135792,all_users,2026-04-24 17:00:00,push,False,,False,
878,4,596,50135792,all_users,2026-04-23 10:00:00,push,False,,False,
879,4,690,50135792,all_users,2026-04-24 15:00:00,push,False,,False,
880,4,611,50135792,all_users,2026-04-24 15:00:00,push,False,,False,
881,4,57,50135792,all_users,2026-04-24 12:00:00,in_app,False,,False,
882,4,247,50135792,all_users,2026-04-23 17:00:00,in_app,False,,False,
883,4,653,50135792,all_users,2026-04-22 10:00:00,push,True,2026-04-22 12:30:00,False,
884,4,884,50135792,all_users,2026-04-23 15:00:00,in_app,False,,False,
885,4,622,50135792,all_users,2026-04-24 19:00:00,push,False,,False,
886,4,122,50135792,all_users,2026-04-21 14:00:00,push,False,,False,
887,4,969,50135792,all_users,2026-04-22 18:00:00,push,False,,False,
888,4,882,50135792,all_users,2026-04-24 19:00:00,push,False,,False,
889,4,877,50135792,all_users,2026-04-21 17:00:00,push,False,,False,
890,4,903,50135792,all_users,2026-04-23 15:00:00,email,True,2026-04-23 15:24:00,False,
891,4,953,50135792,all_users,2026-04-22 09:00:00,email,False,,False,
892,4,323,50135792,all_users,2026-04-21 20:00:00,push,False,,False,
893,4,403,50135792,all_users,2026-04-21 09:00:00,email,False,,False,
894,4,514,50135792,all_users,2026-04-22 18:00:00,push,False,,False,
895,4,203,50135792,all_users,2026-04-23 17:00:00,in_app,False,,False,
896,4,549,50135792,all_users,2026-04-21 18:00:00,email,False,,False,
897,4,723,50135792,all_users,2026-04-22 09:00:00,push,False,,False,
898,4,519,50135792,all_users,2026-04-21 19:00:00,push,False,,False,
899,4,46,50135792,all_users,2026-04-22 20:00:00,push,False,,False,
900,4,3,50135792,all_users,2026-04-21 20:00:00,push,True,2026-04-21 22:37:00,False,
901,4,31,50135792,all_users,2026-04-24 17:00:00,email,False,,False,
902,4,805,50135792,all_users,2026-04-24 14:00:00,push,False,,False,
903,4,89,50135792,all_users,2026-04-21 09:00:00,in_app,False,,False,
904,4,456,50135792,all_users,2026-04-23 18:00:00,in_app,False,,False,
905,4,878,50135792,all_users,2026-04-22 14:00:00,push,True,2026-04-22 16:43:00,False,
906,4,386,50135792,all_users,2026-04-22 11:00:00,email,True,2026-04-22 11:19:00,False,
907,4,294,50135792,all_users,2026-04-22 16:00:00,in_app,False,,False,
908,4,530,50135792,all_users,2026-04-24 14:00:00,push,False,,False,
909,4,814,50135792,all_users,2026-04-24 11:00:00,email,False,,False,
910,4,668,50135792,all_users,2026-04-23 19:00:00,in_app,False,,False,
911,4,290,50135792,all_users,2026-04-22 17:00:00,push,False,,False,
912,4,780,50135792,all_users,2026-04-22 13:00:00,push,False,,False,
913,4,826,50135792,all_users,2026-04-24 11:00:00,push,False,,False,
914,4,875,50135792,all_users,2026-04-22 09:00:00,email,False,,False,
915,4,909,50135792,all_users,2026-04-24 20:00:00,push,False,,False,
916,4,981,50135792,all_users,2026-04-22 17:00:00,push,False,,False,
917,4,468,50135792,all_users,2026-04-22 20:00:00,push,False,,False,
918,4,471,50135792,all_users,2026-04-24 18:00:00,push,False,,False,
919,4,118,50135792,all_users,2026-04-21 15:00:00,push,False,,False,
920,4,608,50135792,all_users,2026-04-22 10:00:00,in_app,True,2026-04-22 11:28:00,False,
921,4,341,50135792,all_users,2026-04-23 10:00:00,email,False,,False,
922,4,259,50135792,all_users,2026-04-23 11:00:00,in_app,False,,False,
923,4,252,50135792,all_users,2026-04-23 13:00:00,in_app,False,,False,
924,4,672,50135792,all_users,2026-04-21 18:00:00,email,False,,False,
925,4,218,50135792,all_users,2026-04-22 19:00:00,email,False,,False,
926,4,280,50135792,all_users,2026-04-22 12:00:00,in_app,False,,False,
927,4,193,50135792,all_users,2026-04-24 11:00:00,push,False,,False,
928,4,22,50135792,all_users,2026-04-22 10:00:00,email,False,,False,
929,4,974,50135792,all_users,2026-04-21 16:00:00,in_app,True,2026-04-21 17:25:00,False,
930,4,83,50135792,all_users,2026-04-21 09:00:00,in_app,False,,False,
931,4,231,50135792,all_users,2026-04-21 12:00:00,push,False,,False,
932,4,187,50135792,all_users,2026-04-21 17:00:00,push,True,2026-04-21 18:07:00,False,
933,4,930,50135792,all_users,2026-04-22 14:00:00,email,False,,False,
934,4,852,50135792,all_users,2026-04-22 13:00:00,in_app,True,2026-04-22 15:19:00,False,
935,4,448,50135792,all_users,2026-04-21 10:00:00,push,False,,False,
936,4,955,50135792,all_users,2026-04-23 16:00:00,email,False,,False,
937,4,508,50135792,all_users,2026-04-22 12:00:00,in_app,False,,False,
938,4,580,50135792,all_users,2026-04-22 19:00:00,in_app,False,,False,
939,4,718,50135792,all_users,2026-04-24 15:00:00,email,False,,False,
940,4,984,50135792,all_users,2026-04-24 13:00:00,push,True,2026-04-24 14:01:00,False,
941,4,87,50135792,all_users,2026-04-22 20:00:00,in_app,False,,False,
942,4,584,50135792,all_users,2026-04-24 12:00:00,push,False,,False,
943,4,647,50135792,all_users,2026-04-23 20:00:00,push,True,2026-04-23 20:25:00,False,
944,4,621,50135792,all_users,2026-04-22 18:00:00,push,False,,False,
945,4,712,50135792,all_users,2026-04-21 16:00:00,push,False,,False,
946,4,452,50135792,all_users,2026-04-22 16:00:00,email,True,2026-04-22 17:05:00,False,
947,4,885,50135792,all_users,2026-04-22 19:00:00,push,False,,False,
948,4,249,50135792,all_users,2026-04-23 14:00:00,in_app,False,,False,
949,4,721,50135792,all_users,2026-04-22 18:00:00,push,False,,False,
950,4,333,50135792,all_users,2026-04-21 12:00:00,push,False,,False,
951,4,5,50135792,all_users,2026-04-21 20:00:00,push,False,,False,
952,4,735,50135792,all_users,2026-04-22 17:00:00,email,False,,False,
953,4,692,50135792,all_users,2026-04-21 20:00:00,push,False,,False,
954,4,392,50135792,all_users,2026-04-22 20:00:00,in_app,False,,False,
955,4,363,50135792,all_users,2026-04-21 19:00:00,push,False,,False,
956,4,159,50135792,all_users,2026-04-23 12:00:00,email,True,2026-04-23 12:14:00,False,
957,4,296,50135792,all_users,2026-04-23 09:00:00,push,True,2026-04-23 11:25:00,False,
958,4,371,50135792,all_users,2026-04-23 14:00:00,push,True,2026-04-23 16:41:00,False,
959,4,587,50135792,all_users,2026-04-24 15:00:00,in_app,False,,False,
960,4,23,50135792,all_users,2026-04-23 17:00:00,push,False,,False,
961,4,128,50135792,all_users,2026-04-21 20:00:00,email,False,,False,
962,4,779,50135792,all_users,2026-04-21 18:00:00,email,False,,False,
963,4,32,50135792,all_users,2026-04-23 15:00:00,push,False,,False,
964,4,844,50135792,all_users,2026-04-22 18:00:00,in_app,False,,False,
965,4,420,50135792,all_users,2026-04-22 18:00:00,push,False,,False,
966,4,603,50135792,all_users,2026-04-22 17:00:00,in_app,False,,False,
967,4,211,50135792,all_users,2026-04-21 09:00:00,email,False,,False,
968,4,867,50135792,all_users,2026-04-22 19:00:00,push,False,,False,
969,4,173,50135792,all_users,2026-04-22 15:00:00,push,False,,False,
970,4,268,50135792,all_users,2026-04-22 16:00:00,push,False,,False,
971,4,515,50135792,all_users,2026-04-23 17:00:00,email,False,,False,
972,4,114,50135792,all_users,2026-04-21 20:00:00,push,False,,False,
973,4,202,50135792,all_users,2026-04-24 13:00:00,email,True,2026-04-24 15:37:00,False,
974,4,771,50135792,all_users,2026-04-21 18:00:00,push,False,,False,
975,4,949,50135792,all_users,2026-04-21 18:00:00,email,False,,False,
976,4,147,50135792,all_users,2026-04-23 16:00:00,push,True,2026-04-23 17:51:00,False,
977,4,503,50135792,all_users,2026-04-24 14:00:00,push,False,,False,
978,4,873,50135792,all_users,2026-04-23 20:00:00,push,False,,False,
979,4,753,50135792,all_users,2026-04-22 19:00:00,email,False,,False,
980,4,309,50135792,all_users,2026-04-22 19:00:00,push,False,,False,
981,4,70,50135792,all_users,2026-04-21 19:00:00,in_app,False,,False,
982,4,261,50135792,all_users,2026-04-21 16:00:00,in_app,False,,False,
983,4,53,50135792,all_users,2026-04-22 16:00:00,push,False,,False,
984,4,952,50135792,all_users,2026-04-23 10:00:00,in_app,False,,False,
985,4,370,50135792,all_users,2026-04-21 12:00:00,push,False,,False,
986,4,59,50135792,all_users,2026-04-21 19:00:00,push,False,,False,
987,4,918,50135792,all_users,2026-04-22 17:00:00,in_app,False,,False,
988,4,188,50135792,all_users,2026-04-23 12:00:00,push,False,,False,
989,4,908,50135792,all_users,2026-04-22 18:00:00,email,False,,False,
990,4,287,50135792,all_users,2026-04-22 09:00:00,in_app,False,,False,
991,4,915,50135792,all_users,2026-04-21 16:00:00,push,False,,False,
992,4,965,50135792,all_users,2026-04-24 12:00:00,in_app,False,,False,
993,4,242,50135792,all_users,2026-04-23 11:00:00,push,False,,False,
994,4,752,50135792,all_users,2026-04-21 14:00:00,email,True,2026-04-21 14:50:00,False,
995,4,881,50135792,all_users,2026-04-21 14:00:00,push,False,,False,
996,4,845,50135792,all_users,2026-04-24 11:00:00,push,False,,False,
997,4,936,50135792,all_users,2026-04-21 17:00:00,email,False,,False,
998,4,186,50135792,all_users,2026-04-24 18:00:00,push,False,,False,
999,4,204,50135792,all_users,2026-04-22 16:00:00,email,False,,False,
1000,4,357,50135792,all_users,2026-04-23 10:00:00,push,False,,False,
1001,4,342,50135792,all_users,2026-04-24 11:00:00,push,False,,False,
1002,4,618,50135792,all_users,2026-04-21 20:00:00,email,False,,False,
1003,4,604,50135792,all_users,2026-04-22 15:00:00,email,False,,False,
1004,4,212,50135792,all_users,2026-04-22 19:00:00,email,False,,False,
1005,4,629,50135792,all_users,2026-04-24 09:00:00,push,False,,False,
1006,4,635,50135792,all_users,2026-04-23 16:00:00,push,False,,False,
1007,4,465,50135792,all_users,2026-04-22 18:00:00,in_app,False,,False,
1008,4,395,50135792,all_users,2026-04-21 14:00:00,email,False,,False,
1009,4,911,50135792,all_users,2026-04-24 13:00:00,push,False,,False,
1010,4,368,50135792,all_users,2026-04-22 13:00:00,email,True,2026-04-22 14:28:00,False,
1011,4,152,50135792,all_users,2026-04-23 13:00:00,push,False,,False,
1012,4,361,50135792,all_users,2026-04-22 17:00:00,in_app,False,,False,
1013,4,92,50135792,all_users,2026-04-21 13:00:00,email,True,2026-04-21 13:35:00,False,
1014,4,995,50135792,all_users,2026-04-24 18:00:00,push,False,,False,
1015,4,225,50135792,all_users,2026-04-23 18:00:00,email,False,,False,
1016,4,102,50135792,all_users,2026-04-22 14:00:00,push,True,2026-04-22 14:23:00,False,
1017,4,169,50135792,all_users,2026-04-22 14:00:00,push,False,,False,
1018,4,500,50135792,all_users,2026-04-21 11:00:00,email,False,,False,
1019,4,436,50135792,all_users,2026-04-21 11:00:00,push,False,,False,
1020,4,328,50135792,all_users,2026-04-21 19:00:00,push,False,,False,
1021,4,626,50135792,all_users,2026-04-21 18:00:00,email,False,,False,
1022,4,572,50135792,all_users,2026-04-22 09:00:00,push,False,,False,
1023,4,547,50135792,all_users,2026-04-22 15:00:00,in_app,False,,False,
1024,4,833,50135792,all_users,2026-04-22 12:00:00,email,False,,False,
1025,4,437,50135792,all_users,2026-04-21 17:00:00,push,False,,False,
1026,4,606,50135792,all_users,2026-04-24 15:00:00,email,False,,False,
1027,4,10,50135792,all_users,2026-04-24 16:00:00,in_app,False,,False,
1028,4,948,50135792,all_users,2026-04-22 14:00:00,in_app,False,,False,
1029,4,401,50135792,all_users,2026-04-22 18:00:00,email,False,,False,
1030,4,73,50135792,all_users,2026-04-24 20:00:00,push,True,2026-04-24 21:36:00,False,
1031,4,254,50135792,all_users,2026-04-23 20:00:00,in_app,False,,False,
1032,4,675,50135792,all_users,2026-04-23 20:00:00,push,False,,False,
1033,4,197,50135792,all_users,2026-04-24 10:00:00,push,False,,False,
1034,4,682,50135792,all_users,2026-04-24 13:00:00,push,False,,False,
1035,4,761,50135792,all_users,2026-04-22 16:00:00,email,False,,False,
1036,4,331,50135792,all_users,2026-04-21 19:00:00,email,False,,False,
1037,4,104,50135792,all_users,2026-04-21 18:00:00,push,True,2026-04-21 19:12:00,False,
1038,4,93,50135792,all_users,2026-04-21 18:00:00,push,False,,False,
1039,4,631,50135792,all_users,2026-04-24 14:00:00,push,False,,False,
1040,4,124,50135792,all_users,2026-04-24 19:00:00,in_app,False,,False,
1041,4,369,50135792,all_users,2026-04-24 11:00:00,push,True,2026-04-24 11:50:00,False,
1042,5,178,50146135,all_users,2026-04-30 18:00:00,push,False,,False,
1043,5,106,50146135,all_users,2026-04-30 11:00:00,email,False,,False,
1044,5,424,50146135,all_users,2026-04-30 18:00:00,push,False,,False,
1045,5,52,50146135,all_users,2026-05-03 19:00:00,push,False,,False,
1046,5,499,50146135,all_users,2026-05-01 15:00:00,in_app,False,,False,
1047,5,670,50146135,all_users,2026-05-02 17:00:00,push,False,,False,
1048,5,422,50146135,all_users,2026-05-01 14:00:00,push,False,,False,
1049,5,844,50146135,all_users,2026-05-03 12:00:00,email,True,2026-05-03 13:49:00,False,
1050,5,158,50146135,all_users,2026-04-30 13:00:00,push,False,,False,
1051,5,811,50146135,all_users,2026-04-30 18:00:00,push,True,2026-04-30 18:44:00,False,
1052,5,737,50146135,all_users,2026-04-30 19:00:00,in_app,False,,False,
1053,5,41,50146135,all_users,2026-05-01 14:00:00,push,False,,False,
1054,5,496,50146135,all_users,2026-04-29 19:00:00,push,False,,False,
1055,5,999,50146135,all_users,2026-04-29 19:00:00,in_app,False,,False,
1056,5,148,50146135,all_users,2026-05-03 16:00:00,push,False,,False,
1057,5,725,50146135,all_users,2026-05-04 20:00:00,push,False,,False,
1058,5,53,50146135,all_users,2026-04-29 20:00:00,email,False,,False,
1059,5,905,50146135,all_users,2026-05-01 16:00:00,email,False,,False,
1060,5,536,50146135,all_users,2026-05-01 12:00:00,in_app,False,,False,
1061,5,480,50146135,all_users,2026-05-03 19:00:00,push,False,,False,
1062,5,153,50146135,all_users,2026-04-30 10:00:00,in_app,False,,False,
1063,5,490,50146135,all_users,2026-04-30 14:00:00,in_app,False,,False,
1064,5,964,50146135,all_users,2026-05-03 17:00:00,push,False,,False,
1065,5,636,50146135,all_users,2026-05-02 20:00:00,email,False,,False,
1066,5,357,50146135,all_users,2026-05-03 12:00:00,in_app,False,,False,
1067,5,762,50146135,all_users,2026-04-29 12:00:00,email,False,,False,
1068,5,393,50146135,all_users,2026-05-01 11:00:00,push,True,2026-05-01 11:41:00,False,
1069,5,820,50146135,all_users,2026-05-04 11:00:00,push,False,,False,
1070,5,858,50146135,all_users,2026-05-01 11:00:00,push,False,,False,
1071,5,119,50146135,all_users,2026-05-01 14:00:00,email,False,,False,
1072,5,268,50146135,all_users,2026-05-02 17:00:00,in_app,False,,False,
1073,5,486,50146135,all_users,2026-04-30 12:00:00,email,True,2026-04-30 12:49:00,False,
1074,5,155,50146135,all_users,2026-04-29 16:00:00,push,False,,False,
1075,5,930,50146135,all_users,2026-05-03 17:00:00,in_app,False,,False,
1076,5,832,50146135,all_users,2026-05-03 19:00:00,push,False,,False,
1077,5,251,50146135,all_users,2026-05-02 19:00:00,push,False,,False,
1078,5,810,50146135,all_users,2026-04-30 12:00:00,push,False,,False,
1079,5,435,50146135,all_users,2026-05-04 10:00:00,push,False,,False,
1080,5,985,50146135,all_users,2026-05-04 12:00:00,email,True,2026-05-04 13:29:00,False,
1081,5,3,50146135,all_users,2026-05-03 09:00:00,push,False,,False,
1082,5,288,50146135,all_users,2026-05-04 15:00:00,email,False,,False,
1083,5,741,50146135,all_users,2026-05-01 10:00:00,push,True,2026-05-01 11:37:00,False,
1084,5,710,50146135,all_users,2026-05-02 10:00:00,push,True,2026-05-02 10:51:00,False,
1085,5,883,50146135,all_users,2026-05-04 12:00:00,in_app,False,,False,
1086,5,532,50146135,all_users,2026-05-03 17:00:00,in_app,False,,False,
1087,5,399,50146135,all_users,2026-05-02 11:00:00,push,False,,False,
1088,5,402,50146135,all_users,2026-05-03 11:00:00,push,False,,False,
1089,5,24,50146135,all_users,2026-05-01 20:00:00,push,False,,False,
1090,5,888,50146135,all_users,2026-05-01 11:00:00,email,False,,False,
1091,5,494,50146135,all_users,2026-05-04 17:00:00,push,False,,False,
1092,5,906,50146135,all_users,2026-04-29 16:00:00,push,False,,False,
1093,5,777,50146135,all_users,2026-04-29 18:00:00,push,False,,False,
1094,5,663,50146135,all_users,2026-04-29 12:00:00,email,False,,False,
1095,5,414,50146135,all_users,2026-05-04 20:00:00,in_app,False,,False,
1096,5,478,50146135,all_users,2026-04-29 13:00:00,push,True,2026-04-29 13:14:00,False,
1097,5,779,50146135,all_users,2026-04-30 12:00:00,in_app,True,2026-04-30 12:21:00,False,
1098,5,55,50146135,all_users,2026-04-30 16:00:00,in_app,False,,False,
1099,5,166,50146135,all_users,2026-04-30 10:00:00,push,False,,False,
1100,5,613,50146135,all_users,2026-04-29 14:00:00,in_app,False,,False,
1101,5,19,50146135,all_users,2026-04-29 19:00:00,email,False,,False,
1102,5,209,50146135,all_users,2026-05-02 20:00:00,email,False,,False,
1103,5,954,50146135,all_users,2026-05-03 18:00:00,push,False,,False,
1104,5,361,50146135,all_users,2026-04-29 10:00:00,push,False,,False,
1105,5,628,50146135,all_users,2026-05-04 16:00:00,push,False,,False,
1106,5,553,50146135,all_users,2026-05-04 11:00:00,push,False,,False,
1107,5,487,50146135,all_users,2026-05-03 09:00:00,in_app,False,,False,
1108,5,419,50146135,all_users,2026-05-03 14:00:00,in_app,False,,False,
1109,5,159,50146135,all_users,2026-05-04 15:00:00,push,False,,False,
1110,5,798,50146135,all_users,2026-05-04 10:00:00,in_app,False,,False,
1111,5,755,50146135,all_users,2026-05-03 14:00:00,email,True,2026-05-03 14:35:00,False,
1112,5,941,50146135,all_users,2026-05-04 10:00:00,in_app,False,,False,
1113,5,78,50146135,all_users,2026-04-30 14:00:00,push,False,,False,
1114,5,728,50146135,all_users,2026-05-03 12:00:00,push,True,2026-05-03 12:51:00,False,
1115,5,960,50146135,all_users,2026-04-30 10:00:00,push,False,,False,
1116,5,875,50146135,all_users,2026-04-30 13:00:00,in_app,False,,False,
1117,5,942,50146135,all_users,2026-04-29 19:00:00,email,False,,False,
1118,5,427,50146135,all_users,2026-05-03 20:00:00,push,False,,False,
1119,5,957,50146135,all_users,2026-05-01 09:00:00,email,False,,False,
1120,5,748,50146135,all_users,2026-05-03 10:00:00,email,False,,False,
1121,5,185,50146135,all_users,2026-04-29 10:00:00,push,False,,False,
1122,5,341,50146135,all_users,2026-05-03 16:00:00,push,False,,False,
1123,5,378,50146135,all_users,2026-05-02 10:00:00,in_app,False,,False,
1124,5,291,50146135,all_users,2026-04-29 18:00:00,in_app,False,,False,
1125,5,923,50146135,all_users,2026-05-03 09:00:00,push,False,,False,
1126,5,953,50146135,all_users,2026-05-03 17:00:00,push,False,,False,
1127,5,789,50146135,all_users,2026-04-29 16:00:00,push,False,,False,
1128,5,795,50146135,all_users,2026-05-01 16:00:00,email,False,,False,
1129,5,92,50146135,all_users,2026-05-01 09:00:00,email,False,,False,
1130,5,588,50146135,all_users,2026-04-30 09:00:00,in_app,False,,False,
1131,5,477,50146135,all_users,2026-05-03 13:00:00,push,False,,False,
1132,5,85,50146135,all_users,2026-04-30 19:00:00,push,False,,False,
1133,5,604,50146135,all_users,2026-05-01 16:00:00,push,True,2026-05-01 17:32:00,False,
1134,5,466,50146135,all_users,2026-04-29 19:00:00,push,False,,False,
1135,5,565,50146135,all_users,2026-05-03 15:00:00,push,True,2026-05-03 15:46:00,False,
1136,5,188,50146135,all_users,2026-05-04 09:00:00,push,True,2026-05-04 10:25:00,False,
1137,5,225,50146135,all_users,2026-05-02 16:00:00,push,False,,False,
1138,5,459,50146135,all_users,2026-05-03 17:00:00,push,False,,False,
1139,5,372,50146135,all_users,2026-05-03 18:00:00,email,True,2026-05-03 18:08:00,False,
1140,5,304,50146135,all_users,2026-05-01 19:00:00,in_app,False,,False,
1141,5,235,50146135,all_users,2026-04-29 16:00:00,in_app,False,,False,
1142,5,850,50146135,all_users,2026-05-04 13:00:00,push,True,2026-05-04 13:40:00,False,
1143,5,277,50146135,all_users,2026-04-29 14:00:00,push,False,,False,
1144,5,734,50146135,all_users,2026-04-29 14:00:00,in_app,False,,False,
1145,5,672,50146135,all_users,2026-04-29 17:00:00,push,False,,False,
1146,5,959,50146135,all_users,2026-05-03 12:00:00,push,False,,False,
1147,5,14,50146135,all_users,2026-05-04 13:00:00,in_app,False,,False,
1148,5,278,50146135,all_users,2026-05-03 09:00:00,email,False,,False,
1149,5,700,50146135,all_users,2026-04-29 18:00:00,push,False,,False,
1150,5,936,50146135,all_users,2026-04-30 09:00:00,push,False,,False,
1151,5,338,50146135,all_users,2026-05-04 15:00:00,email,True,2026-05-04 16:14:00,False,
1152,5,545,50146135,all_users,2026-04-29 12:00:00,push,False,,False,
1153,5,538,50146135,all_users,2026-04-29 16:00:00,in_app,False,,False,
1154,5,173,50146135,all_users,2026-04-30 15:00:00,push,False,,False,
1155,5,108,50146135,all_users,2026-05-03 12:00:00,in_app,False,,False,
1156,5,834,50146135,all_users,2026-05-02 10:00:00,email,False,,False,
1157,5,855,50146135,all_users,2026-04-29 20:00:00,email,False,,False,
1158,5,594,50146135,all_users,2026-04-29 16:00:00,push,False,,False,
1159,5,409,50146135,all_users,2026-05-01 19:00:00,push,False,,False,
1160,5,949,50146135,all_users,2026-04-29 10:00:00,push,False,,False,
1161,5,366,50146135,all_users,2026-05-02 14:00:00,push,False,,False,
1162,5,774,50146135,all_users,2026-05-01 18:00:00,in_app,False,,False,
1163,5,721,50146135,all_users,2026-05-04 15:00:00,email,False,,False,
1164,5,528,50146135,all_users,2026-04-29 11:00:00,in_app,False,,False,
1165,5,308,50146135,all_users,2026-05-04 10:00:00,push,False,,False,
1166,5,610,50146135,all_users,2026-05-02 16:00:00,push,False,,False,
1167,5,498,50146135,all_users,2026-05-01 14:00:00,in_app,True,2026-05-01 14:39:00,False,
1168,5,898,50146135,all_users,2026-05-04 12:00:00,push,False,,False,
1169,5,95,50146135,all_users,2026-05-02 10:00:00,push,False,,False,
1170,5,156,50146135,all_users,2026-04-29 10:00:00,in_app,True,2026-04-29 10:17:00,False,
1171,5,890,50146135,all_users,2026-04-29 17:00:00,email,False,,False,
1172,5,584,50146135,all_users,2026-04-30 20:00:00,email,False,,False,
1173,5,768,50146135,all_users,2026-04-29 10:00:00,push,False,,False,
1174,5,418,50146135,all_users,2026-05-01 09:00:00,in_app,False,,False,
1175,5,54,50146135,all_users,2026-05-02 14:00:00,in_app,True,2026-05-02 14:07:00,False,
1176,5,951,50146135,all_users,2026-05-04 09:00:00,email,True,2026-05-04 11:47:00,False,
1177,5,549,50146135,all_users,2026-05-04 13:00:00,in_app,False,,False,
1178,5,673,50146135,all_users,2026-05-04 15:00:00,push,False,,False,
1179,5,807,50146135,all_users,2026-05-03 12:00:00,email,True,2026-05-03 12:45:00,False,
1180,5,206,50146135,all_users,2026-05-04 17:00:00,in_app,False,,False,
1181,5,647,50146135,all_users,2026-05-01 09:00:00,push,False,,False,
1182,5,70,50146135,all_users,2026-04-29 13:00:00,push,False,,False,
1183,5,266,50146135,all_users,2026-05-04 16:00:00,push,False,,False,
1184,5,79,50146135,all_users,2026-05-02 09:00:00,push,False,,False,
1185,5,699,50146135,all_users,2026-05-01 09:00:00,push,False,,False,
1186,5,401,50146135,all_users,2026-05-02 14:00:00,push,False,,False,
1187,5,595,50146135,all_users,2026-04-30 10:00:00,email,False,,False,
1188,5,91,50146135,all_users,2026-04-29 14:00:00,push,True,2026-04-29 14:38:00,False,
1189,5,744,50146135,all_users,2026-05-04 10:00:00,in_app,False,,False,
1190,5,956,50146135,all_users,2026-05-02 18:00:00,email,False,,False,
1191,5,238,50146135,all_users,2026-05-01 10:00:00,push,True,2026-05-01 10:04:00,False,
1192,5,157,50146135,all_users,2026-05-04 10:00:00,push,False,,False,
1193,5,144,50146135,all_users,2026-04-29 11:00:00,push,False,,False,
1194,5,145,50146135,all_users,2026-05-04 14:00:00,email,False,,False,
1195,5,60,50146135,all_users,2026-04-30 14:00:00,push,False,,False,
1196,5,939,50146135,all_users,2026-04-29 12:00:00,push,True,2026-04-29 13:16:00,False,
1197,5,227,50146135,all_users,2026-05-04 20:00:00,push,False,,False,
1198,5,236,50146135,all_users,2026-05-01 12:00:00,push,False,,False,
1199,5,431,50146135,all_users,2026-05-04 11:00:00,push,True,2026-05-04 12:55:00,False,
1200,5,735,50146135,all_users,2026-04-29 14:00:00,push,True,2026-04-29 16:02:00,False,
1201,5,842,50146135,all_users,2026-04-29 16:00:00,in_app,False,,False,
1202,5,652,50146135,all_users,2026-05-03 19:00:00,push,False,,False,
1203,5,460,50146135,all_users,2026-05-02 09:00:00,email,False,,False,
1204,5,664,50146135,all_users,2026-05-02 17:00:00,push,False,,False,
1205,5,275,50146135,all_users,2026-05-03 14:00:00,push,True,2026-05-03 15:54:00,False,
1206,5,520,50146135,all_users,2026-05-01 14:00:00,in_app,False,,False,
1207,5,437,50146135,all_users,2026-04-30 15:00:00,email,False,,False,
1208,5,674,50146135,all_users,2026-05-03 19:00:00,push,False,,False,
1209,5,928,50146135,all_users,2026-05-01 20:00:00,push,True,2026-05-01 20:07:00,False,
1210,5,803,50146135,all_users,2026-04-30 11:00:00,email,False,,False,
1211,5,139,50146135,all_users,2026-05-02 13:00:00,push,False,,False,
1212,5,329,50146135,all_users,2026-05-01 14:00:00,email,False,,False,
1213,5,415,50146135,all_users,2026-05-01 10:00:00,in_app,True,2026-05-01 11:57:00,False,
1214,5,927,50146135,all_users,2026-05-01 20:00:00,in_app,False,,False,
1215,5,183,50146135,all_users,2026-05-01 17:00:00,email,False,,False,
1216,5,335,50146135,all_users,2026-05-04 20:00:00,email,False,,False,
1217,5,286,50146135,all_users,2026-05-02 09:00:00,push,True,2026-05-02 11:41:00,False,
1218,5,228,50146135,all_users,2026-05-04 10:00:00,push,False,,False,
1219,5,204,50146135,all_users,2026-05-01 15:00:00,push,True,2026-05-01 16:52:00,False,
1220,5,529,50146135,all_users,2026-05-03 09:00:00,email,True,2026-05-03 11:10:00,False,
1221,5,279,50146135,all_users,2026-05-02 14:00:00,push,False,,False,
1222,5,73,50146135,all_users,2026-05-03 10:00:00,in_app,False,,False,
1223,5,488,50146135,all_users,2026-05-02 12:00:00,push,False,,False,
1224,5,577,50146135,all_users,2026-04-29 10:00:00,push,False,,False,
1225,5,922,50146135,all_users,2026-05-02 11:00:00,email,False,,False,
1226,5,198,50146135,all_users,2026-05-01 10:00:00,email,False,,False,
1227,5,511,50146135,all_users,2026-04-30 10:00:00,push,False,,False,
1228,5,217,50146135,all_users,2026-04-29 16:00:00,push,False,,False,
1229,5,724,50146135,all_users,2026-05-03 12:00:00,push,False,,False,
1230,5,224,50146135,all_users,2026-04-30 09:00:00,push,False,,False,
1231,5,417,50146135,all_users,2026-05-03 11:00:00,push,False,,False,
1232,5,693,50146135,all_users,2026-04-30 17:00:00,push,True,2026-04-30 17:36:00,False,
1233,5,82,50146135,all_users,2026-05-04 16:00:00,push,True,2026-05-04 18:50:00,False,
1234,5,878,50146135,all_users,2026-05-03 19:00:00,push,False,,False,
1235,5,128,50146135,all_users,2026-05-02 19:00:00,push,False,,False,
1236,5,96,50146135,all_users,2026-05-03 14:00:00,in_app,True,2026-05-03 16:19:00,False,
1237,5,833,50146135,all_users,2026-05-02 12:00:00,email,False,,False,
1238,5,760,50146135,all_users,2026-05-04 09:00:00,email,True,2026-05-04 11:41:00,False,
1239,5,695,50146135,all_users,2026-05-02 19:00:00,email,False,,False,
1240,5,559,50146135,all_users,2026-05-01 09:00:00,in_app,False,,False,
1241,5,938,50146135,all_users,2026-04-29 15:00:00,push,False,,False,
1242,5,105,50146135,all_users,2026-05-02 12:00:00,push,False,,False,
1243,5,446,50146135,all_users,2026-05-03 20:00:00,push,False,,False,
1244,5,220,50146135,all_users,2026-05-04 18:00:00,push,False,,False,
1245,5,265,50146135,all_users,2026-05-03 20:00:00,email,False,,False,
1246,5,202,50146135,all_users,2026-04-30 14:00:00,in_app,True,2026-04-30 14:39:00,False,
1247,5,287,50146135,all_users,2026-05-03 14:00:00,email,False,,False,
1248,5,122,50146135,all_users,2026-05-01 18:00:00,in_app,False,,False,
1249,5,712,50146135,all_users,2026-05-02 12:00:00,push,False,,False,
1250,5,468,50146135,all_users,2026-05-01 09:00:00,push,False,,False,
1251,5,250,50146135,all_users,2026-05-03 15:00:00,in_app,False,,False,
1252,5,921,50146135,all_users,2026-05-02 16:00:00,push,False,,False,
1253,5,229,50146135,all_users,2026-04-29 20:00:00,push,False,,False,
1254,5,583,50146135,all_users,2026-05-04 19:00:00,push,False,,False,
1255,5,74,50146135,all_users,2026-04-30 18:00:00,push,False,,False,
1256,5,390,50146135,all_users,2026-04-29 18:00:00,push,False,,False,
1257,5,359,50146135,all_users,2026-05-02 11:00:00,push,False,,False,
1258,5,910,50146135,all_users,2026-04-29 20:00:00,in_app,True,2026-04-29 21:11:00,False,
1259,5,924,50146135,all_users,2026-05-03 14:00:00,in_app,False,,False,
1260,5,863,50146135,all_users,2026-04-30 09:00:00,email,False,,False,
1261,5,473,50146135,all_users,2026-05-01 15:00:00,email,True,2026-05-01 16:27:00,False,
1262,5,67,50146135,all_users,2026-05-01 10:00:00,in_app,False,,False,
1263,5,920,50146135,all_users,2026-05-03 17:00:00,email,False,,False,
1264,5,300,50146135,all_users,2026-04-29 09:00:00,push,False,,False,
1265,5,573,50146135,all_users,2026-05-03 18:00:00,email,False,,False,
1266,5,197,50146135,all_users,2026-05-04 19:00:00,push,False,,False,
1267,5,754,50146135,all_users,2026-05-02 09:00:00,push,False,,False,
1268,5,353,50146135,all_users,2026-05-04 15:00:00,email,False,,False,
1269,5,389,50146135,all_users,2026-05-01 13:00:00,push,False,,False,
1270,5,997,50146135,all_users,2026-05-03 16:00:00,email,False,,False,
1271,5,980,50146135,all_users,2026-05-01 19:00:00,in_app,False,,False,
1272,5,352,50146135,all_users,2026-04-29 09:00:00,push,False,,False,
1273,5,295,50146135,all_users,2026-04-30 12:00:00,email,True,2026-04-30 12:16:00,False,
1274,5,618,50146135,all_users,2026-04-29 18:00:00,email,False,,False,
1275,5,89,50146135,all_users,2026-05-02 13:00:00,email,False,,False,
1276,5,669,50146135,all_users,2026-05-04 10:00:00,push,True,2026-05-04 12:12:00,False,
1277,5,48,50146135,all_users,2026-05-04 17:00:00,in_app,True,2026-05-04 18:22:00,False,
1278,5,705,50146135,all_users,2026-05-01 12:00:00,push,False,,False,
1279,5,690,50146135,all_users,2026-05-03 18:00:00,push,False,,False,
1280,5,65,50146135,all_users,2026-05-02 16:00:00,email,False,,False,
1281,5,107,50146135,all_users,2026-04-29 15:00:00,in_app,False,,False,
1282,5,62,50146135,all_users,2026-05-03 20:00:00,in_app,False,,False,
1283,5,302,50146135,all_users,2026-04-30 11:00:00,in_app,False,,False,
1284,5,271,50146135,all_users,2026-05-04 16:00:00,push,False,,False,
1285,5,306,50146135,all_users,2026-05-04 19:00:00,push,True,2026-05-04 21:32:00,False,
1286,5,619,50146135,all_users,2026-04-30 20:00:00,email,False,,False,
1287,5,809,50146135,all_users,2026-04-30 10:00:00,email,False,,False,
1288,5,25,50146135,all_users,2026-05-04 12:00:00,push,False,,False,
1289,5,808,50146135,all_users,2026-05-01 11:00:00,email,False,,False,
1290,5,221,50146135,all_users,2026-05-01 16:00:00,push,True,2026-05-01 17:11:00,False,
1291,5,289,50146135,all_users,2026-05-02 11:00:00,in_app,False,,False,
1292,5,934,50146135,all_users,2026-05-03 15:00:00,in_app,False,,False,
1293,5,222,50146135,all_users,2026-05-02 13:00:00,push,False,,False,
1294,5,845,50146135,all_users,2026-04-30 10:00:00,in_app,False,,False,
1295,5,182,50146135,all_users,2026-05-02 09:00:00,in_app,False,,False,
1296,5,342,50146135,all_users,2026-05-03 16:00:00,push,False,,False,
1297,5,823,50146135,all_users,2026-05-04 18:00:00,push,False,,False,
1298,5,305,50146135,all_users,2026-04-30 12:00:00,push,False,,False,
1299,5,756,50146135,all_users,2026-04-29 18:00:00,push,False,,False,
1300,5,203,50146135,all_users,2026-05-02 18:00:00,push,True,2026-05-02 19:32:00,False,
1301,5,133,50146135,all_users,2026-05-04 10:00:00,in_app,False,,False,
1302,5,533,50146135,all_users,2026-04-30 20:00:00,email,False,,False,
1303,5,912,50146135,all_users,2026-05-02 11:00:00,email,True,2026-05-02 12:14:00,False,
1304,5,745,50146135,all_users,2026-04-29 11:00:00,push,False,,False,
1305,5,80,50146135,all_users,2026-05-03 17:00:00,push,True,2026-05-03 18:44:00,False,
1306,5,541,50146135,all_users,2026-05-02 18:00:00,push,True,2026-05-02 19:05:00,False,
1307,5,481,50146135,all_users,2026-04-29 19:00:00,push,False,,False,
1308,5,101,50146135,all_users,2026-04-29 14:00:00,in_app,True,2026-04-29 14:40:00,False,
1309,5,453,50146135,all_users,2026-04-29 20:00:00,push,False,,False,
1310,5,110,50146135,all_users,2026-04-29 13:00:00,email,False,,False,
1311,5,252,50146135,all_users,2026-05-04 11:00:00,push,False,,False,
1312,5,2,50146135,all_users,2026-05-01 17:00:00,in_app,False,,False,
1313,5,294,50146135,all_users,2026-05-04 11:00:00,email,False,,False,
1314,5,643,50146135,all_users,2026-04-30 09:00:00,email,True,2026-04-30 09:28:00,False,
1315,5,629,50146135,all_users,2026-05-01 19:00:00,in_app,False,,False,
1316,5,205,50146135,all_users,2026-05-01 19:00:00,in_app,False,,False,
1317,5,146,50146135,all_users,2026-04-29 17:00:00,in_app,False,,False,
1318,5,345,50146135,all_users,2026-05-04 15:00:00,push,False,,False,
1319,5,118,50146135,all_users,2026-05-03 18:00:00,email,False,,False,
1320,5,5,50146135,all_users,2026-05-02 14:00:00,in_app,False,,False,
1321,5,659,50146135,all_users,2026-04-30 17:00:00,push,True,2026-04-30 17:22:00,False,
1322,5,465,50146135,all_users,2026-04-29 11:00:00,push,False,,False,
1323,5,564,50146135,all_users,2026-04-30 13:00:00,email,True,2026-04-30 14:52:00,False,
1324,5,298,50146135,all_users,2026-04-30 20:00:00,in_app,True,2026-04-30 22:30:00,False,
1325,5,309,50146135,all_users,2026-05-02 12:00:00,push,False,,False,
1326,5,438,50146135,all_users,2026-05-01 19:00:00,push,False,,False,
1327,5,333,50146135,all_users,2026-04-29 11:00:00,in_app,False,,False,
1328,5,263,50146135,all_users,2026-05-04 16:00:00,push,True,2026-05-04 16:01:00,False,
1329,5,377,50146135,all_users,2026-04-30 11:00:00,in_app,False,,False,
1330,5,986,50146135,all_users,2026-04-29 15:00:00,email,False,,False,
1331,5,714,50146135,all_users,2026-05-01 12:00:00,push,True,2026-05-01 14:21:00,False,
1332,5,451,50146135,all_users,2026-05-04 10:00:00,push,False,,False,
1333,5,904,50146135,all_users,2026-05-01 10:00:00,push,False,,False,
1334,5,40,50146135,all_users,2026-05-04 14:00:00,email,False,,False,
1335,5,740,50146135,all_users,2026-05-01 10:00:00,email,False,,False,
1336,5,852,50146135,all_users,2026-04-30 19:00:00,push,False,,False,
1337,5,143,50146135,all_users,2026-05-03 09:00:00,in_app,True,2026-05-03 09:19:00,False,
1338,5,439,50146135,all_users,2026-04-30 13:00:00,push,False,,False,
1339,5,716,50146135,all_users,2026-04-30 16:00:00,email,False,,False,
1340,5,718,50146135,all_users,2026-04-29 15:00:00,push,False,,False,
1341,5,801,50146135,all_users,2026-04-30 13:00:00,in_app,False,,False,
1342,5,230,50146135,all_users,2026-05-01 11:00:00,email,False,,False,
1343,5,758,50146135,all_users,2026-04-30 16:00:00,push,False,,False,
1344,5,247,50146135,all_users,2026-04-30 10:00:00,email,False,,False,
1345,5,876,50146135,all_users,2026-04-29 20:00:00,in_app,False,,False,
1346,5,576,50146135,all_users,2026-05-03 20:00:00,email,False,,False,
1347,5,310,50146135,all_users,2026-04-30 10:00:00,push,False,,False,
1348,5,31,50146135,all_users,2026-05-03 15:00:00,email,False,,False,
1349,5,723,50146135,all_users,2026-04-29 09:00:00,push,True,2026-04-29 11:53:00,False,
1350,5,355,50146135,all_users,2026-04-30 14:00:00,push,True,2026-04-30 15:43:00,False,
1351,5,9,50146135,all_users,2026-05-02 10:00:00,push,True,2026-05-02 11:46:00,False,
1352,5,114,50146135,all_users,2026-05-03 10:00:00,push,True,2026-05-03 10:43:00,False,
1353,5,987,50146135,all_users,2026-05-02 15:00:00,push,False,,False,
1354,5,757,50146135,all_users,2026-05-04 13:00:00,push,False,,False,
1355,5,977,50146135,all_users,2026-05-02 16:00:00,push,True,2026-05-02 17:14:00,False,
1356,5,189,50146135,all_users,2026-05-02 14:00:00,push,False,,False,
1357,5,63,50146135,all_users,2026-05-02 12:00:00,email,False,,False,
1358,5,937,50146135,all_users,2026-04-29 13:00:00,email,False,,False,
1359,5,747,50146135,all_users,2026-05-02 15:00:00,push,False,,False,
1360,5,830,50146135,all_users,2026-04-29 09:00:00,in_app,False,,False,
1361,5,579,50146135,all_users,2026-05-02 17:00:00,push,False,,False,
1362,5,354,50146135,all_users,2026-05-02 17:00:00,push,False,,False,
1363,5,81,50146135,all_users,2026-05-02 18:00:00,push,False,,False,
1364,5,421,50146135,all_users,2026-05-04 18:00:00,push,False,,False,
1365,5,544,50146135,all_users,2026-05-01 15:00:00,push,False,,False,
1366,5,550,50146135,all_users,2026-05-01 17:00:00,in_app,False,,False,
1367,5,167,50146135,all_users,2026-05-01 14:00:00,email,False,,False,
1368,5,211,50146135,all_users,2026-05-04 13:00:00,push,False,,False,
1369,5,219,50146135,all_users,2026-05-03 10:00:00,in_app,False,,False,
1370,5,566,50146135,all_users,2026-05-03 12:00:00,in_app,False,,False,
1371,5,407,50146135,all_users,2026-04-29 10:00:00,in_app,True,2026-04-29 10:04:00,False,
1372,5,696,50146135,all_users,2026-04-29 19:00:00,push,False,,False,
1373,5,649,50146135,all_users,2026-05-03 19:00:00,push,False,,False,
1374,5,318,50146135,all_users,2026-04-30 18:00:00,push,False,,False,
1375,5,751,50146135,all_users,2026-05-03 18:00:00,email,False,,False,
1376,5,129,50146135,all_users,2026-04-30 18:00:00,email,False,,False,
1377,5,334,50146135,all_users,2026-04-30 19:00:00,push,False,,False,
1378,5,260,50146135,all_users,2026-04-30 13:00:00,email,False,,False,
1379,5,701,50146135,all_users,2026-05-02 17:00:00,push,False,,False,
1380,5,761,50146135,all_users,2026-05-04 17:00:00,push,True,2026-05-04 18:29:00,False,
1381,5,626,50146135,all_users,2026-04-30 15:00:00,push,True,2026-04-30 17:51:00,False,
1382,5,909,50146135,all_users,2026-04-30 09:00:00,push,False,,False,
1383,5,503,50146135,all_users,2026-05-03 12:00:00,in_app,False,,False,
1384,5,621,50146135,all_users,2026-05-04 11:00:00,push,False,,False,
1385,5,861,50146135,all_users,2026-05-01 20:00:00,in_app,False,,False,
1386,5,525,50146135,all_users,2026-05-01 12:00:00,push,False,,False,
1387,5,369,50146135,all_users,2026-05-01 18:00:00,email,True,2026-05-01 20:43:00,False,
1388,5,575,50146135,all_users,2026-05-01 18:00:00,push,False,,False,
1389,5,856,50146135,all_users,2026-04-29 17:00:00,push,True,2026-04-29 17:44:00,False,
1390,5,416,50146135,all_users,2026-05-03 10:00:00,push,False,,False,
1391,5,332,50146135,all_users,2026-05-01 19:00:00,push,False,,False,
1392,5,694,50146135,all_users,2026-05-03 14:00:00,push,False,,False,
1393,5,380,50146135,all_users,2026-05-01 10:00:00,push,False,,False,
1394,5,510,50146135,all_users,2026-05-04 16:00:00,push,False,,False,
1395,5,504,50146135,all_users,2026-05-02 20:00:00,push,False,,False,
1396,5,840,50146135,all_users,2026-04-29 19:00:00,push,False,,False,
1397,5,444,50146135,all_users,2026-05-01 17:00:00,in_app,False,,False,
1398,5,903,50146135,all_users,2026-04-29 16:00:00,email,False,,False,
1399,5,249,50146135,all_users,2026-05-02 17:00:00,push,False,,False,
1400,5,637,50146135,all_users,2026-05-02 13:00:00,push,True,2026-05-02 13:40:00,False,
1401,5,69,50146135,all_users,2026-05-04 10:00:00,in_app,True,2026-05-04 12:44:00,False,
1402,5,30,50146135,all_users,2026-05-02 14:00:00,email,False,,False,
1403,5,593,50146135,all_users,2026-05-03 12:00:00,push,False,,False,
1404,5,880,50146135,all_users,2026-04-29 11:00:00,in_app,False,,False,
1405,5,331,50146135,all_users,2026-04-30 19:00:00,push,False,,False,
1406,5,783,50146135,all_users,2026-05-01 16:00:00,push,False,,False,
1407,5,596,50146135,all_users,2026-05-04 19:00:00,email,True,2026-05-04 19:42:00,False,
1408,5,76,50146135,all_users,2026-05-03 12:00:00,push,False,,False,
1409,5,658,50146135,all_users,2026-05-02 12:00:00,in_app,False,,False,
1410,5,257,50146135,all_users,2026-05-03 14:00:00,push,True,2026-05-03 16:22:00,False,
1411,5,385,50146135,all_users,2026-05-02 18:00:00,in_app,True,2026-05-02 20:45:00,False,
1412,5,192,50146135,all_users,2026-04-30 11:00:00,email,False,,False,
1413,5,411,50146135,all_users,2026-05-03 14:00:00,push,False,,False,
1414,5,448,50146135,all_users,2026-05-01 17:00:00,push,False,,False,
1415,5,450,50146135,all_users,2026-04-29 16:00:00,in_app,False,,False,
1416,5,292,50146135,all_users,2026-05-04 12:00:00,in_app,False,,False,
1417,5,706,50146135,all_users,2026-04-30 16:00:00,push,False,,False,
1418,5,502,50146135,all_users,2026-04-30 15:00:00,push,False,,False,
1419,5,598,50146135,all_users,2026-04-30 20:00:00,push,True,2026-04-30 21:01:00,False,
1420,5,301,50146135,all_users,2026-05-04 19:00:00,email,False,,False,
1421,5,668,50146135,all_users,2026-05-03 12:00:00,push,False,,False,
1422,5,585,50146135,all_users,2026-05-04 12:00:00,email,False,,False,
1423,5,452,50146135,all_users,2026-05-02 20:00:00,push,False,,False,
1424,5,835,50146135,all_users,2026-04-29 09:00:00,in_app,False,,False,
1425,5,336,50146135,all_users,2026-05-01 12:00:00,push,True,2026-05-01 12:26:00,False,
1426,5,561,50146135,all_users,2026-05-01 13:00:00,in_app,True,2026-05-01 13:01:00,False,
1427,5,839,50146135,all_users,2026-05-03 11:00:00,email,False,,False,
1428,5,170,50146135,all_users,2026-04-29 14:00:00,push,False,,False,
1429,5,746,50146135,all_users,2026-05-04 16:00:00,push,False,,False,
1430,5,248,50146135,all_users,2026-04-29 09:00:00,push,False,,False,
1431,5,634,50146135,all_users,2026-04-30 11:00:00,push,False,,False,
1432,5,348,50146135,all_users,2026-05-03 19:00:00,email,True,2026-05-03 20:15:00,False,
1433,5,667,50146135,all_users,2026-04-30 19:00:00,push,False,,False,
1434,5,374,50146135,all_users,2026-05-02 18:00:00,push,False,,False,
1435,5,506,50146135,all_users,2026-05-03 09:00:00,push,False,,False,
1436,5,773,50146135,all_users,2026-04-30 15:00:00,push,False,,False,
1437,5,231,50146135,all_users,2026-05-03 11:00:00,email,False,,False,
1438,5,485,50146135,all_users,2026-05-01 14:00:00,push,False,,False,
1439,5,246,50146135,all_users,2026-05-02 13:00:00,push,False,,False,
1440,5,697,50146135,all_users,2026-05-04 11:00:00,in_app,False,,False,
1441,5,676,50146135,all_users,2026-04-30 17:00:00,push,False,,False,
1442,5,169,50146135,all_users,2026-05-02 15:00:00,push,False,,False,
1443,5,314,50146135,all_users,2026-04-29 16:00:00,in_app,True,2026-04-29 17:56:00,False,
1444,5,98,50146135,all_users,2026-05-02 19:00:00,push,False,,False,
1445,5,824,50146135,all_users,2026-05-02 09:00:00,email,False,,False,
1446,5,918,50146135,all_users,2026-04-29 18:00:00,email,True,2026-04-29 19:07:00,False,
1447,5,343,50146135,all_users,2026-04-30 14:00:00,email,False,,False,
1448,5,391,50146135,all_users,2026-05-02 14:00:00,in_app,False,,False,
1449,5,56,50146135,all_users,2026-04-29 20:00:00,push,True,2026-04-29 21:23:00,False,
1450,5,749,50146135,all_users,2026-05-02 20:00:00,push,True,2026-05-02 20:20:00,False,
1451,5,797,50146135,all_users,2026-04-29 14:00:00,push,False,,False,
1452,5,993,50146135,all_users,2026-05-03 20:00:00,email,False,,False,
1453,5,813,50146135,all_users,2026-05-03 17:00:00,push,True,2026-05-03 17:34:00,False,
1454,5,398,50146135,all_users,2026-05-02 09:00:00,in_app,True,2026-05-02 10:14:00,False,
1455,5,274,50146135,all_users,2026-04-29 10:00:00,push,False,,False,
1456,5,276,50146135,all_users,2026-05-04 14:00:00,push,False,,False,
1457,5,572,50146135,all_users,2026-04-30 19:00:00,in_app,False,,False,
1458,5,493,50146135,all_users,2026-05-02 18:00:00,push,False,,False,
1459,5,284,50146135,all_users,2026-05-02 14:00:00,email,False,,False,
1460,5,990,50146135,all_users,2026-05-02 18:00:00,push,False,,False,
1461,5,297,50146135,all_users,2026-05-03 11:00:00,push,False,,False,
1462,5,702,50146135,all_users,2026-05-03 10:00:00,push,True,2026-05-03 12:15:00,False,
1463,5,326,50146135,all_users,2026-04-29 17:00:00,push,False,,False,
1464,5,420,50146135,all_users,2026-05-04 12:00:00,in_app,False,,False,
1465,5,736,50146135,all_users,2026-05-01 17:00:00,email,False,,False,
1466,5,991,50146135,all_users,2026-05-02 18:00:00,push,False,,False,
1467,5,972,50146135,all_users,2026-05-01 19:00:00,email,False,,False,
1468,5,49,50146135,all_users,2026-05-02 19:00:00,email,False,,False,
1469,5,581,50146135,all_users,2026-05-01 18:00:00,in_app,True,2026-05-01 18:02:00,False,
1470,5,563,50146135,all_users,2026-05-04 15:00:00,in_app,False,,False,
1471,5,356,50146135,all_users,2026-05-02 13:00:00,push,False,,False,
1472,5,140,50146135,all_users,2026-05-01 10:00:00,push,False,,False,
1473,5,267,50146135,all_users,2026-05-02 12:00:00,push,False,,False,
1474,5,479,50146135,all_users,2026-05-04 10:00:00,email,False,,False,
1475,5,542,50146135,all_users,2026-05-01 10:00:00,push,False,,False,
1476,5,865,50146135,all_users,2026-04-29 10:00:00,push,False,,False,
1477,5,984,50146135,all_users,2026-05-04 17:00:00,push,False,,False,
1478,5,894,50146135,all_users,2026-05-03 12:00:00,email,False,,False,
1479,5,599,50146135,all_users,2026-04-30 13:00:00,in_app,False,,False,
1480,5,527,50146135,all_users,2026-05-03 09:00:00,push,False,,False,
1481,5,609,50146135,all_users,2026-04-29 11:00:00,in_app,False,,False,
1482,5,614,50146135,all_users,2026-05-01 18:00:00,push,False,,False,
1483,5,896,50146135,all_users,2026-05-01 17:00:00,email,False,,False,
1484,5,730,50146135,all_users,2026-04-30 16:00:00,email,False,,False,
1485,5,678,50146135,all_users,2026-04-30 09:00:00,push,False,,False,
1486,5,87,50146135,all_users,2026-05-04 09:00:00,push,True,2026-05-04 11:37:00,False,
1487,5,836,50146135,all_users,2026-04-29 20:00:00,email,False,,False,
1488,5,151,50146135,all_users,2026-05-03 18:00:00,push,True,2026-05-03 19:34:00,False,
1489,5,891,50146135,all_users,2026-05-03 12:00:00,push,False,,False,
1490,5,600,50146135,all_users,2026-05-02 17:00:00,push,False,,False,
1491,5,112,50146135,all_users,2026-05-03 15:00:00,email,False,,False,
1492,6,67,40391272,all_users,2026-04-28 14:00:00,push,True,2026-04-28 15:53:00,False,
1493,6,607,40391272,all_users,2026-04-28 14:00:00,push,False,,False,
1494,6,240,40391272,all_users,2026-04-30 19:00:00,push,False,,False,
1495,6,902,40391272,all_users,2026-04-29 18:00:00,push,False,,False,
1496,6,673,40391272,all_users,2026-05-04 14:00:00,push,False,,False,
1497,6,647,40391272,all_users,2026-05-04 10:00:00,push,True,2026-05-04 12:03:00,False,
1498,6,634,40391272,all_users,2026-04-29 13:00:00,email,False,,False,
1499,6,992,40391272,all_users,2026-05-05 18:00:00,email,False,,False,
1500,6,619,40391272,all_users,2026-05-01 18:00:00,push,False,,False,
1501,6,419,40391272,all_users,2026-05-02 11:00:00,in_app,False,,False,
1502,6,144,40391272,all_users,2026-05-05 15:00:00,push,False,,False,
1503,6,710,40391272,all_users,2026-04-28 10:00:00,push,False,,False,
1504,6,301,40391272,all_users,2026-04-29 13:00:00,email,False,,False,
1505,6,5,40391272,all_users,2026-05-02 20:00:00,push,False,,False,
1506,6,755,40391272,all_users,2026-04-29 09:00:00,email,False,,False,
1507,6,853,40391272,all_users,2026-05-05 14:00:00,in_app,False,,False,
1508,6,765,40391272,all_users,2026-05-04 14:00:00,push,False,,False,
1509,6,593,40391272,all_users,2026-05-04 19:00:00,email,False,,False,
1510,6,838,40391272,all_users,2026-04-29 09:00:00,push,False,,False,
1511,6,354,40391272,all_users,2026-05-01 16:00:00,email,False,,False,
1512,6,691,40391272,all_users,2026-05-01 14:00:00,push,False,,False,
1513,6,929,40391272,all_users,2026-05-04 09:00:00,in_app,False,,False,
1514,6,747,40391272,all_users,2026-05-04 18:00:00,push,False,,False,
1515,6,810,40391272,all_users,2026-04-30 09:00:00,email,False,,False,
1516,6,180,40391272,all_users,2026-05-05 15:00:00,email,False,,False,
1517,6,501,40391272,all_users,2026-04-30 17:00:00,push,False,,False,
1518,6,304,40391272,all_users,2026-04-28 13:00:00,push,True,2026-04-28 13:30:00,False,
1519,6,503,40391272,all_users,2026-05-04 10:00:00,push,False,,False,
1520,6,86,40391272,all_users,2026-04-30 10:00:00,email,True,2026-04-30 11:58:00,False,
1521,6,254,40391272,all_users,2026-05-01 16:00:00,push,False,,False,
1522,6,8,40391272,all_users,2026-05-01 12:00:00,push,True,2026-05-01 13:37:00,False,
1523,6,395,40391272,all_users,2026-05-02 15:00:00,push,True,2026-05-02 17:58:00,False,
1524,6,778,40391272,all_users,2026-05-04 19:00:00,email,False,,False,
1525,6,772,40391272,all_users,2026-04-29 20:00:00,email,True,2026-04-29 21:20:00,False,
1526,6,924,40391272,all_users,2026-05-03 18:00:00,email,False,,False,
1527,6,987,40391272,all_users,2026-05-01 14:00:00,push,False,,False,
1528,6,688,40391272,all_users,2026-05-05 17:00:00,in_app,True,2026-05-05 19:22:00,False,
1529,6,814,40391272,all_users,2026-04-29 11:00:00,email,False,,False,
1530,6,637,40391272,all_users,2026-05-01 09:00:00,email,True,2026-05-01 11:42:00,False,
1531,6,997,40391272,all_users,2026-05-02 20:00:00,push,True,2026-05-02 20:58:00,False,
1532,6,289,40391272,all_users,2026-05-01 19:00:00,push,True,2026-05-01 21:11:00,False,
1533,6,18,40391272,all_users,2026-04-28 18:00:00,push,False,,False,
1534,6,491,40391272,all_users,2026-04-29 20:00:00,push,False,,False,
1535,6,802,40391272,all_users,2026-05-02 10:00:00,push,False,,False,
1536,6,775,40391272,all_users,2026-04-28 12:00:00,push,False,,False,
1537,6,892,40391272,all_users,2026-05-02 17:00:00,email,False,,False,
1538,6,305,40391272,all_users,2026-04-30 16:00:00,email,False,,False,
1539,6,614,40391272,all_users,2026-04-28 09:00:00,email,True,2026-04-28 09:58:00,False,
1540,6,146,40391272,all_users,2026-04-28 17:00:00,email,True,2026-04-28 17:21:00,False,
1541,6,941,40391272,all_users,2026-04-30 20:00:00,email,True,2026-04-30 20:14:00,False,
1542,6,768,40391272,all_users,2026-05-04 11:00:00,in_app,False,,False,
1543,6,493,40391272,all_users,2026-05-04 11:00:00,in_app,False,,False,
1544,6,716,40391272,all_users,2026-05-05 11:00:00,email,False,,False,
1545,6,68,40391272,all_users,2026-04-29 11:00:00,push,True,2026-04-29 13:25:00,False,
1546,6,951,40391272,all_users,2026-05-05 11:00:00,push,False,,False,
1547,6,904,40391272,all_users,2026-05-04 16:00:00,push,False,,False,
1548,6,819,40391272,all_users,2026-05-03 20:00:00,push,False,,False,
1549,6,500,40391272,all_users,2026-05-01 14:00:00,email,False,,False,
1550,6,456,40391272,all_users,2026-04-30 14:00:00,email,True,2026-04-30 16:28:00,False,
1551,6,779,40391272,all_users,2026-05-01 20:00:00,in_app,False,,False,
1552,6,258,40391272,all_users,2026-05-03 14:00:00,push,False,,False,
1553,6,298,40391272,all_users,2026-05-03 11:00:00,push,False,,False,
1554,6,205,40391272,all_users,2026-05-01 15:00:00,push,False,,False,
1555,6,98,40391272,all_users,2026-05-05 19:00:00,email,False,,False,
1556,6,58,40391272,all_users,2026-05-05 10:00:00,email,True,2026-05-05 10:56:00,False,
1557,6,930,40391272,all_users,2026-04-29 17:00:00,push,False,,False,
1558,6,876,40391272,all_users,2026-05-05 17:00:00,in_app,False,,False,
1559,6,285,40391272,all_users,2026-05-02 10:00:00,push,False,,False,
1560,6,505,40391272,all_users,2026-04-30 10:00:00,in_app,True,2026-04-30 12:14:00,False,
1561,6,726,40391272,all_users,2026-05-05 11:00:00,push,True,2026-05-05 13:20:00,False,
1562,6,533,40391272,all_users,2026-05-01 13:00:00,email,False,,False,
1563,6,359,40391272,all_users,2026-05-02 17:00:00,push,False,,False,
1564,6,396,40391272,all_users,2026-05-05 15:00:00,email,True,2026-05-05 16:15:00,False,
1565,6,530,40391272,all_users,2026-05-02 09:00:00,email,False,,False,
1566,6,686,40391272,all_users,2026-05-05 19:00:00,push,False,,False,
1567,6,559,40391272,all_users,2026-05-01 09:00:00,push,False,,False,
1568,6,540,40391272,all_users,2026-05-05 13:00:00,push,False,,False,
1569,6,227,40391272,all_users,2026-04-29 11:00:00,email,False,,False,
1570,6,93,40391272,all_users,2026-04-29 18:00:00,email,False,,False,
1571,6,273,40391272,all_users,2026-05-03 13:00:00,in_app,False,,False,
1572,6,188,40391272,all_users,2026-05-05 11:00:00,in_app,False,,False,
1573,6,926,40391272,all_users,2026-05-01 15:00:00,email,False,,False,
1574,6,927,40391272,all_users,2026-05-04 11:00:00,email,False,,False,
1575,6,379,40391272,all_users,2026-04-28 17:00:00,email,False,,False,
1576,6,740,40391272,all_users,2026-05-01 12:00:00,push,True,2026-05-01 13:54:00,False,
1577,6,156,40391272,all_users,2026-04-29 17:00:00,push,False,,False,
1578,6,596,40391272,all_users,2026-04-30 16:00:00,push,True,2026-04-30 17:54:00,False,
1579,6,351,40391272,all_users,2026-05-01 14:00:00,push,True,2026-05-01 16:26:00,False,
1580,6,995,40391272,all_users,2026-05-01 15:00:00,in_app,True,2026-05-01 16:05:00,False,
1581,6,368,40391272,all_users,2026-05-03 09:00:00,push,False,,False,
1582,6,186,40391272,all_users,2026-04-29 19:00:00,in_app,False,,False,
1583,6,171,40391272,all_users,2026-05-01 14:00:00,email,False,,False,
1584,6,602,40391272,all_users,2026-05-01 09:00:00,push,False,,False,
1585,6,342,40391272,all_users,2026-05-01 13:00:00,email,False,,False,
1586,6,961,40391272,all_users,2026-05-01 19:00:00,in_app,False,,False,
1587,6,375,40391272,all_users,2026-05-01 10:00:00,in_app,False,,False,
1588,6,804,40391272,all_users,2026-04-29 12:00:00,in_app,False,,False,
1589,6,326,40391272,all_users,2026-05-01 13:00:00,email,False,,False,
1590,6,743,40391272,all_users,2026-04-30 20:00:00,push,False,,False,
1591,6,125,40391272,all_users,2026-05-05 12:00:00,email,False,,False,
1592,6,984,40391272,all_users,2026-04-29 19:00:00,push,False,,False,
1593,6,797,40391272,all_users,2026-05-05 09:00:00,push,False,,False,
1594,6,38,40391272,all_users,2026-05-01 18:00:00,push,True,2026-05-01 18:46:00,False,
1595,6,656,40391272,all_users,2026-04-29 18:00:00,email,False,,False,
1596,6,389,40391272,all_users,2026-05-01 10:00:00,push,False,,False,
1597,6,36,40391272,all_users,2026-05-01 13:00:00,push,False,,False,
1598,6,657,40391272,all_users,2026-05-01 11:00:00,push,False,,False,
1599,6,210,40391272,all_users,2026-04-30 10:00:00,in_app,True,2026-04-30 10:25:00,False,
1600,6,699,40391272,all_users,2026-05-03 13:00:00,in_app,False,,False,
1601,6,825,40391272,all_users,2026-05-03 11:00:00,push,False,,False,
1602,6,131,40391272,all_users,2026-05-05 20:00:00,email,False,,False,
1603,6,641,40391272,all_users,2026-05-01 11:00:00,push,False,,False,
1604,6,105,40391272,all_users,2026-05-02 14:00:00,push,False,,False,
1605,6,261,40391272,all_users,2026-05-04 13:00:00,email,False,,False,
1606,6,581,40391272,all_users,2026-05-05 09:00:00,push,False,,False,
1607,6,415,40391272,all_users,2026-05-04 18:00:00,email,True,2026-05-04 18:18:00,False,
1608,6,459,40391272,all_users,2026-04-28 12:00:00,email,False,,False,
1609,6,510,40391272,all_users,2026-05-01 13:00:00,in_app,False,,False,
1610,6,788,40391272,all_users,2026-04-30 13:00:00,push,False,,False,
1611,6,288,40391272,all_users,2026-04-29 13:00:00,push,False,,False,
1612,6,931,40391272,all_users,2026-04-28 10:00:00,email,True,2026-04-28 12:56:00,False,
1613,6,45,40391272,all_users,2026-04-30 19:00:00,in_app,False,,False,
1614,6,199,40391272,all_users,2026-05-05 14:00:00,push,False,,False,
1615,6,312,40391272,all_users,2026-05-05 10:00:00,push,False,,False,
1616,6,434,40391272,all_users,2026-04-29 20:00:00,in_app,False,,False,
1617,6,118,40391272,all_users,2026-05-02 16:00:00,push,True,2026-05-02 16:31:00,False,
1618,6,340,40391272,all_users,2026-04-29 18:00:00,email,False,,False,
1619,6,446,40391272,all_users,2026-04-29 09:00:00,in_app,True,2026-04-29 10:12:00,False,
1620,6,65,40391272,all_users,2026-05-01 12:00:00,push,False,,False,
1621,6,968,40391272,all_users,2026-05-01 16:00:00,email,False,,False,
1622,6,695,40391272,all_users,2026-05-02 14:00:00,in_app,False,,False,
1623,6,803,40391272,all_users,2026-05-03 10:00:00,in_app,False,,False,
1624,6,444,40391272,all_users,2026-05-05 17:00:00,push,False,,False,
1625,6,441,40391272,all_users,2026-05-01 20:00:00,email,False,,False,
1626,6,194,40391272,all_users,2026-05-01 16:00:00,push,False,,False,
1627,6,842,40391272,all_users,2026-05-02 18:00:00,push,False,,False,
1628,6,706,40391272,all_users,2026-05-02 16:00:00,push,False,,False,
1629,6,358,40391272,all_users,2026-05-05 17:00:00,push,False,,False,
1630,6,418,40391272,all_users,2026-05-04 12:00:00,push,False,,False,
1631,6,139,40391272,all_users,2026-05-04 11:00:00,email,True,2026-05-04 13:28:00,False,
1632,6,848,40391272,all_users,2026-04-30 11:00:00,email,True,2026-04-30 12:17:00,False,
1633,6,231,40391272,all_users,2026-04-29 15:00:00,email,False,,False,
1634,6,335,40391272,all_users,2026-04-30 16:00:00,email,False,,False,
1635,6,730,40391272,all_users,2026-04-28 17:00:00,push,False,,False,
1636,6,40,40391272,all_users,2026-05-02 18:00:00,email,False,,False,
1637,6,23,40391272,all_users,2026-04-29 14:00:00,in_app,False,,False,
1638,6,383,40391272,all_users,2026-05-02 18:00:00,push,False,,False,
1639,6,364,40391272,all_users,2026-04-29 17:00:00,push,False,,False,
1640,6,299,40391272,all_users,2026-05-02 17:00:00,push,False,,False,
1641,6,865,40391272,all_users,2026-05-04 09:00:00,email,False,,False,
1642,6,282,40391272,all_users,2026-04-30 14:00:00,in_app,True,2026-04-30 15:14:00,False,
1643,6,387,40391272,all_users,2026-05-02 19:00:00,push,False,,False,
1644,6,520,40391272,all_users,2026-05-04 09:00:00,push,False,,False,
1645,6,411,40391272,all_users,2026-05-03 19:00:00,email,False,,False,
1646,6,947,40391272,all_users,2026-04-30 09:00:00,push,True,2026-04-30 10:50:00,False,
1647,6,485,40391272,all_users,2026-04-30 20:00:00,push,False,,False,
1648,6,764,40391272,all_users,2026-05-04 17:00:00,push,False,,False,
1649,6,467,40391272,all_users,2026-04-28 10:00:00,in_app,False,,False,
1650,6,749,40391272,all_users,2026-05-02 14:00:00,in_app,False,,False,
1651,6,989,40391272,all_users,2026-04-28 19:00:00,push,False,,False,
1652,6,130,40391272,all_users,2026-05-05 15:00:00,in_app,True,2026-05-05 15:19:00,False,
1653,6,538,40391272,all_users,2026-04-29 13:00:00,push,False,,False,
1654,6,852,40391272,all_users,2026-05-04 11:00:00,in_app,False,,False,
1655,6,967,40391272,all_users,2026-05-04 19:00:00,push,False,,False,
1656,6,636,40391272,all_users,2026-05-03 11:00:00,email,False,,False,
1657,6,944,40391272,all_users,2026-05-03 20:00:00,in_app,False,,False,
1658,6,753,40391272,all_users,2026-04-30 10:00:00,email,True,2026-04-30 11:45:00,False,
1659,6,329,40391272,all_users,2026-05-01 18:00:00,email,True,2026-05-01 20:01:00,False,
1660,6,576,40391272,all_users,2026-04-30 13:00:00,push,True,2026-04-30 13:31:00,False,
1661,6,90,40391272,all_users,2026-04-30 13:00:00,push,True,2026-04-30 15:37:00,False,
1662,6,384,40391272,all_users,2026-04-30 12:00:00,push,False,,False,
1663,6,720,40391272,all_users,2026-04-30 15:00:00,push,False,,False,
1664,6,410,40391272,all_users,2026-05-01 16:00:00,push,False,,False,
1665,6,92,40391272,all_users,2026-04-28 11:00:00,push,False,,False,
1666,6,777,40391272,all_users,2026-05-04 18:00:00,email,False,,False,
1667,6,313,40391272,all_users,2026-04-29 20:00:00,in_app,False,,False,
1668,6,407,40391272,all_users,2026-05-04 15:00:00,push,False,,False,
1669,6,34,40391272,all_users,2026-05-05 14:00:00,in_app,False,,False,
1670,6,542,40391272,all_users,2026-04-28 20:00:00,push,False,,False,
1671,6,874,40391272,all_users,2026-04-29 19:00:00,push,True,2026-04-29 21:22:00,False,
1672,6,675,40391272,all_users,2026-05-03 10:00:00,email,False,,False,
1673,6,890,40391272,all_users,2026-05-01 15:00:00,push,False,,False,
1674,6,980,40391272,all_users,2026-05-04 09:00:00,push,False,,False,
1675,6,255,40391272,all_users,2026-04-29 18:00:00,push,False,,False,
1676,6,217,40391272,all_users,2026-05-03 19:00:00,push,False,,False,
1677,6,970,40391272,all_users,2026-05-01 12:00:00,push,False,,False,
1678,6,230,40391272,all_users,2026-04-29 16:00:00,email,False,,False,
1679,6,964,40391272,all_users,2026-05-05 17:00:00,push,False,,False,
1680,6,321,40391272,all_users,2026-04-28 14:00:00,email,False,,False,
1681,6,123,40391272,all_users,2026-04-30 13:00:00,email,False,,False,
1682,6,284,40391272,all_users,2026-05-03 16:00:00,push,False,,False,
1683,6,12,40391272,all_users,2026-05-05 12:00:00,push,True,2026-05-05 12:27:00,False,
1684,6,727,40391272,all_users,2026-05-03 15:00:00,push,False,,False,
1685,6,174,40391272,all_users,2026-04-29 12:00:00,push,False,,False,
1686,6,885,40391272,all_users,2026-05-04 16:00:00,push,False,,False,
1687,6,9,40391272,all_users,2026-05-02 15:00:00,email,False,,False,
1688,6,558,40391272,all_users,2026-04-29 16:00:00,email,False,,False,
1689,6,949,40391272,all_users,2026-05-04 17:00:00,push,False,,False,
1690,6,881,40391272,all_users,2026-04-30 12:00:00,email,True,2026-04-30 12:44:00,False,
1691,6,1000,40391272,all_users,2026-05-03 16:00:00,push,False,,False,
1692,6,959,40391272,all_users,2026-05-04 20:00:00,push,False,,False,
1693,6,613,40391272,all_users,2026-04-30 15:00:00,email,False,,False,
1694,6,888,40391272,all_users,2026-05-04 10:00:00,push,False,,False,
1695,6,642,40391272,all_users,2026-05-02 14:00:00,email,True,2026-05-02 16:59:00,False,
1696,6,268,40391272,all_users,2026-05-03 10:00:00,in_app,False,,False,
1697,6,492,40391272,all_users,2026-05-03 15:00:00,email,False,,False,
1698,6,402,40391272,all_users,2026-05-03 13:00:00,in_app,False,,False,
1699,6,482,40391272,all_users,2026-05-03 16:00:00,email,False,,False,
1700,6,307,40391272,all_users,2026-05-03 09:00:00,push,False,,False,
1701,6,137,40391272,all_users,2026-05-02 12:00:00,push,False,,False,
1702,6,982,40391272,all_users,2026-04-29 09:00:00,in_app,False,,False,
1703,6,999,40391272,all_users,2026-05-05 13:00:00,email,True,2026-05-05 15:09:00,False,
1704,6,96,40391272,all_users,2026-05-02 13:00:00,push,True,2026-05-02 13:32:00,False,
1705,6,954,40391272,all_users,2026-05-02 19:00:00,email,True,2026-05-02 20:25:00,False,
1706,6,158,40391272,all_users,2026-04-30 13:00:00,push,False,,False,
1707,6,548,40391272,all_users,2026-05-03 14:00:00,email,False,,False,
1708,6,115,40391272,all_users,2026-05-04 10:00:00,push,False,,False,
1709,6,693,40391272,all_users,2026-04-30 10:00:00,email,False,,False,
1710,6,107,40391272,all_users,2026-05-03 09:00:00,email,False,,False,
1711,6,84,40391272,all_users,2026-05-04 20:00:00,push,False,,False,
1712,6,839,40391272,all_users,2026-05-04 14:00:00,push,False,,False,
1713,6,390,40391272,all_users,2026-05-03 15:00:00,email,False,,False,
1714,6,855,40391272,all_users,2026-05-04 19:00:00,email,False,,False,
1715,6,291,40391272,all_users,2026-05-05 15:00:00,push,True,2026-05-05 16:07:00,False,
1716,6,906,40391272,all_users,2026-04-28 13:00:00,in_app,False,,False,
1717,6,119,40391272,all_users,2026-05-04 15:00:00,email,True,2026-05-04 16:23:00,False,
1718,6,212,40391272,all_users,2026-05-03 14:00:00,push,False,,False,
1719,6,564,40391272,all_users,2026-05-03 19:00:00,push,False,,False,
1720,6,413,40391272,all_users,2026-04-29 18:00:00,in_app,True,2026-04-29 20:45:00,False,
1721,6,894,40391272,all_users,2026-05-01 10:00:00,email,True,2026-05-01 10:43:00,False,
1722,6,297,40391272,all_users,2026-05-02 19:00:00,push,False,,False,
1723,6,473,40391272,all_users,2026-04-28 09:00:00,email,False,,False,
1724,6,843,40391272,all_users,2026-04-29 12:00:00,email,False,,False,
1725,6,330,40391272,all_users,2026-05-03 10:00:00,push,False,,False,
1726,6,527,40391272,all_users,2026-05-03 20:00:00,in_app,False,,False,
1727,6,300,40391272,all_users,2026-05-04 12:00:00,push,False,,False,
1728,6,898,40391272,all_users,2026-05-05 09:00:00,push,False,,False,
1729,6,588,40391272,all_users,2026-05-03 14:00:00,push,False,,False,
1730,6,169,40391272,all_users,2026-04-28 09:00:00,email,True,2026-04-28 10:04:00,False,
1731,6,400,40391272,all_users,2026-05-01 17:00:00,push,False,,False,
1732,6,514,40391272,all_users,2026-05-05 09:00:00,email,False,,False,
1733,6,44,40391272,all_users,2026-04-30 19:00:00,push,False,,False,
1734,6,609,40391272,all_users,2026-05-05 17:00:00,push,False,,False,
1735,6,571,40391272,all_users,2026-04-28 14:00:00,push,False,,False,
1736,6,990,40391272,all_users,2026-05-01 11:00:00,push,False,,False,
1737,6,28,40391272,all_users,2026-05-02 18:00:00,push,False,,False,
1738,6,117,40391272,all_users,2026-04-30 15:00:00,push,False,,False,
1739,6,665,40391272,all_users,2026-05-05 19:00:00,email,True,2026-05-05 20:54:00,False,
1740,6,891,40391272,all_users,2026-05-01 11:00:00,in_app,False,,False,
1741,6,880,40391272,all_users,2026-05-05 14:00:00,push,True,2026-05-05 15:54:00,False,
1742,6,837,40391272,all_users,2026-04-29 14:00:00,email,False,,False,
1743,6,873,40391272,all_users,2026-04-29 10:00:00,in_app,False,,False,
1744,6,190,40391272,all_users,2026-04-29 10:00:00,push,False,,False,
1745,6,697,40391272,all_users,2026-05-04 18:00:00,push,False,,False,
1746,6,157,40391272,all_users,2026-04-29 11:00:00,push,False,,False,
1747,6,62,40391272,all_users,2026-05-03 11:00:00,in_app,False,,False,
1748,6,236,40391272,all_users,2026-05-04 10:00:00,email,False,,False,
1749,6,182,40391272,all_users,2026-05-01 20:00:00,email,True,2026-05-01 20:41:00,False,
1750,6,783,40391272,all_users,2026-05-04 18:00:00,email,False,,False,
1751,6,983,40391272,all_users,2026-04-28 13:00:00,email,False,,False,
1752,6,916,40391272,all_users,2026-05-05 16:00:00,push,False,,False,
1753,6,742,40391272,all_users,2026-05-01 16:00:00,push,False,,False,
1754,6,678,40391272,all_users,2026-05-05 14:00:00,email,True,2026-05-05 16:19:00,False,
1755,6,509,40391272,all_users,2026-04-29 09:00:00,push,True,2026-04-29 09:48:00,False,
1756,6,278,40391272,all_users,2026-04-28 10:00:00,in_app,False,,False,
1757,6,462,40391272,all_users,2026-05-01 16:00:00,email,False,,False,
1758,6,89,40391272,all_users,2026-04-28 18:00:00,push,False,,False,
1759,6,369,40391272,all_users,2026-05-04 12:00:00,push,False,,False,
1760,6,561,40391272,all_users,2026-04-29 16:00:00,email,True,2026-04-29 16:23:00,False,
1761,6,920,40391272,all_users,2026-05-03 12:00:00,push,False,,False,
1762,6,763,40391272,all_users,2026-05-02 18:00:00,email,False,,False,
1763,6,363,40391272,all_users,2026-05-05 10:00:00,push,False,,False,
1764,6,453,40391272,all_users,2026-05-02 12:00:00,email,False,,False,
1765,6,229,40391272,all_users,2026-05-05 11:00:00,push,False,,False,
1766,6,497,40391272,all_users,2026-05-05 16:00:00,push,False,,False,
1767,6,167,40391272,all_users,2026-04-30 18:00:00,push,False,,False,
1768,6,414,40391272,all_users,2026-05-05 12:00:00,push,False,,False,
1769,6,683,40391272,all_users,2026-05-02 15:00:00,push,False,,False,
1770,6,428,40391272,all_users,2026-05-05 14:00:00,email,False,,False,
1771,6,519,40391272,all_users,2026-04-29 17:00:00,push,False,,False,
1772,6,270,40391272,all_users,2026-04-30 19:00:00,push,False,,False,
1773,6,267,40391272,all_users,2026-05-01 20:00:00,push,False,,False,
1774,6,378,40391272,all_users,2026-04-28 17:00:00,push,False,,False,
1775,6,281,40391272,all_users,2026-04-29 12:00:00,email,False,,False,
1776,6,219,40391272,all_users,2026-04-30 11:00:00,push,True,2026-04-30 12:31:00,False,
1777,6,43,40391272,all_users,2026-04-29 09:00:00,push,False,,False,
1778,6,717,40391272,all_users,2026-04-30 11:00:00,in_app,False,,False,
1779,6,952,40391272,all_users,2026-05-03 18:00:00,email,False,,False,
1780,6,946,40391272,all_users,2026-05-04 09:00:00,email,True,2026-05-04 09:38:00,False,
1781,6,729,40391272,all_users,2026-04-28 14:00:00,in_app,False,,False,
1782,6,541,40391272,all_users,2026-05-04 20:00:00,push,False,,False,
1783,6,237,40391272,all_users,2026-04-30 20:00:00,email,False,,False,
1784,6,759,40391272,all_users,2026-05-01 11:00:00,push,False,,False,
1785,6,373,40391272,all_users,2026-04-29 18:00:00,email,False,,False,
1786,6,42,40391272,all_users,2026-04-28 20:00:00,in_app,False,,False,
1787,6,707,40391272,all_users,2026-05-02 11:00:00,email,True,2026-05-02 13:50:00,False,
1788,6,801,40391272,all_users,2026-04-30 09:00:00,push,True,2026-04-30 10:29:00,False,
1789,6,129,40391272,all_users,2026-04-28 20:00:00,in_app,False,,False,
1790,6,177,40391272,all_users,2026-05-05 09:00:00,in_app,False,,False,
1791,6,78,40391272,all_users,2026-04-30 18:00:00,email,False,,False,
1792,6,878,40391272,all_users,2026-05-05 10:00:00,push,False,,False,
1793,6,488,40391272,all_users,2026-04-30 11:00:00,in_app,False,,False,
1794,6,438,40391272,all_users,2026-05-05 09:00:00,email,False,,False,
1795,6,708,40391272,all_users,2026-05-05 14:00:00,push,False,,False,
1796,6,361,40391272,all_users,2026-04-30 14:00:00,in_app,False,,False,
1797,6,276,40391272,all_users,2026-05-02 15:00:00,email,True,2026-05-02 17:38:00,False,
1798,6,226,40391272,all_users,2026-05-01 20:00:00,push,True,2026-05-01 21:36:00,False,
1799,6,155,40391272,all_users,2026-05-03 16:00:00,in_app,False,,False,
1800,6,200,40391272,all_users,2026-04-29 18:00:00,email,True,2026-04-29 18:04:00,False,
1801,6,800,40391272,all_users,2026-05-01 16:00:00,push,False,,False,
1802,6,685,40391272,all_users,2026-04-28 18:00:00,push,False,,False,
1803,6,259,40391272,all_users,2026-05-02 19:00:00,email,False,,False,
1804,6,224,40391272,all_users,2026-04-28 14:00:00,email,False,,False,
1805,6,940,40391272,all_users,2026-04-30 16:00:00,push,True,2026-04-30 17:53:00,False,
1806,6,382,40391272,all_users,2026-04-30 20:00:00,in_app,False,,False,
1807,6,649,40391272,all_users,2026-04-28 10:00:00,in_app,False,,False,
1808,6,877,40391272,all_users,2026-05-04 17:00:00,push,False,,False,
1809,6,661,40391272,all_users,2026-04-28 09:00:00,email,True,2026-04-28 11:57:00,False,
1810,6,408,40391272,all_users,2026-05-03 12:00:00,email,True,2026-05-03 13:55:00,False,
1811,6,41,40391272,all_users,2026-05-05 10:00:00,email,True,2026-05-05 12:19:00,False,
1812,6,905,40391272,all_users,2026-05-05 12:00:00,email,False,,False,
1813,6,454,40391272,all_users,2026-04-29 10:00:00,push,True,2026-04-29 12:14:00,False,
1814,6,744,40391272,all_users,2026-04-28 17:00:00,email,False,,False,
1815,6,598,40391272,all_users,2026-05-04 10:00:00,in_app,True,2026-05-04 12:49:00,False,
1816,6,81,40391272,all_users,2026-04-29 18:00:00,push,False,,False,
1817,6,735,40391272,all_users,2026-05-04 20:00:00,push,False,,False,
1818,6,486,40391272,all_users,2026-04-30 20:00:00,push,False,,False,
1819,6,399,40391272,all_users,2026-04-30 09:00:00,push,False,,False,
1820,6,938,40391272,all_users,2026-04-28 14:00:00,email,False,,False,
1821,6,928,40391272,all_users,2026-05-05 14:00:00,email,False,,False,
1822,6,991,40391272,all_users,2026-05-02 15:00:00,push,True,2026-05-02 17:40:00,False,
1823,6,659,40391272,all_users,2026-05-02 13:00:00,push,False,,False,
1824,6,502,40391272,all_users,2026-04-29 11:00:00,in_app,False,,False,
1825,6,715,40391272,all_users,2026-05-05 17:00:00,push,False,,False,
1826,6,164,40391272,all_users,2026-05-04 09:00:00,email,False,,False,
1827,6,811,40391272,all_users,2026-05-04 09:00:00,email,False,,False,
1828,6,110,40391272,all_users,2026-05-01 19:00:00,in_app,False,,False,
1829,6,845,40391272,all_users,2026-05-02 16:00:00,push,False,,False,
1830,6,687,40391272,all_users,2026-05-05 15:00:00,email,False,,False,
1831,6,450,40391272,all_users,2026-04-28 11:00:00,push,False,,False,
1832,6,552,40391272,all_users,2026-04-29 14:00:00,push,True,2026-04-29 15:18:00,False,
1833,6,380,40391272,all_users,2026-04-30 14:00:00,email,False,,False,
1834,6,425,40391272,all_users,2026-04-28 15:00:00,push,False,,False,
1835,6,976,40391272,all_users,2026-04-28 13:00:00,push,False,,False,
1836,6,198,40391272,all_users,2026-04-29 10:00:00,push,True,2026-04-29 10:09:00,False,
1837,6,652,40391272,all_users,2026-05-05 17:00:00,push,False,,False,
1838,6,622,40391272,all_users,2026-05-05 13:00:00,push,False,,False,
1839,6,580,40391272,all_users,2026-05-04 10:00:00,email,False,,False,
1840,6,347,40391272,all_users,2026-05-01 17:00:00,email,False,,False,
1841,6,769,40391272,all_users,2026-04-28 16:00:00,in_app,False,,False,
1842,6,650,40391272,all_users,2026-05-05 18:00:00,push,False,,False,
1843,6,328,40391272,all_users,2026-05-05 19:00:00,push,False,,False,
1844,6,604,40391272,all_users,2026-04-30 09:00:00,email,False,,False,
1845,6,937,40391272,all_users,2026-05-01 16:00:00,push,False,,False,
1846,6,702,40391272,all_users,2026-05-02 17:00:00,push,False,,False,
1847,6,17,40391272,all_users,2026-05-03 17:00:00,email,False,,False,
1848,6,153,40391272,all_users,2026-05-01 17:00:00,push,False,,False,
1849,6,420,40391272,all_users,2026-05-01 18:00:00,in_app,False,,False,
1850,6,550,40391272,all_users,2026-04-29 18:00:00,push,False,,False,
1851,6,133,40391272,all_users,2026-05-02 18:00:00,push,False,,False,
1852,6,257,40391272,all_users,2026-04-30 14:00:00,in_app,False,,False,
1853,6,585,40391272,all_users,2026-04-28 11:00:00,in_app,False,,False,
1854,6,543,40391272,all_users,2026-04-30 10:00:00,email,False,,False,
1855,6,705,40391272,all_users,2026-04-28 10:00:00,in_app,True,2026-04-28 10:18:00,False,
1856,6,33,40391272,all_users,2026-05-03 13:00:00,email,False,,False,
1857,6,582,40391272,all_users,2026-05-05 18:00:00,push,True,2026-05-05 20:37:00,False,
1858,6,319,40391272,all_users,2026-05-01 14:00:00,email,True,2026-05-01 14:57:00,False,
1859,6,834,40391272,all_users,2026-04-28 20:00:00,push,False,,False,
1860,6,150,40391272,all_users,2026-05-04 19:00:00,push,False,,False,
1861,6,452,40391272,all_users,2026-05-02 12:00:00,email,True,2026-05-02 14:55:00,False,
1862,6,25,40391272,all_users,2026-04-28 17:00:00,push,False,,False,
1863,6,260,40391272,all_users,2026-04-30 16:00:00,push,False,,False,
1864,6,939,40391272,all_users,2026-05-01 16:00:00,in_app,False,,False,
1865,6,429,40391272,all_users,2026-05-04 16:00:00,push,False,,False,
1866,6,993,40391272,all_users,2026-05-02 14:00:00,in_app,False,,False,
1867,6,648,40391272,all_users,2026-05-02 18:00:00,push,False,,False,
1868,6,362,40391272,all_users,2026-05-01 15:00:00,email,False,,False,
1869,6,666,40391272,all_users,2026-05-03 12:00:00,email,False,,False,
1870,6,263,40391272,all_users,2026-05-03 15:00:00,push,False,,False,
1871,6,32,40391272,all_users,2026-04-30 11:00:00,in_app,False,,False,
1872,6,149,40391272,all_users,2026-05-05 09:00:00,in_app,True,2026-05-05 11:53:00,False,
1873,6,569,40391272,all_users,2026-05-01 12:00:00,email,False,,False,
1874,6,206,40391272,all_users,2026-04-28 13:00:00,push,False,,False,
1875,6,767,40391272,all_users,2026-05-01 15:00:00,email,False,,False,
1876,6,449,40391272,all_users,2026-04-30 19:00:00,push,True,2026-04-30 21:27:00,False,
1877,6,151,40391272,all_users,2026-05-03 16:00:00,push,False,,False,
1878,6,863,40391272,all_users,2026-04-29 13:00:00,in_app,True,2026-04-29 14:47:00,False,
1879,6,127,40391272,all_users,2026-04-29 17:00:00,push,False,,False,
1880,6,111,40391272,all_users,2026-05-03 15:00:00,push,False,,False,
1881,6,48,40391272,all_users,2026-05-03 10:00:00,push,False,,False,
1882,6,789,40391272,all_users,2026-04-30 14:00:00,push,False,,False,
1883,6,846,40391272,all_users,2026-05-01 18:00:00,push,False,,False,
1884,6,887,40391272,all_users,2026-05-01 09:00:00,push,False,,False,
1885,6,128,40391272,all_users,2026-05-01 15:00:00,push,False,,False,
1886,6,256,40391272,all_users,2026-05-01 13:00:00,email,False,,False,
1887,6,896,40391272,all_users,2026-05-03 13:00:00,email,True,2026-05-03 15:27:00,False,
1888,6,592,40391272,all_users,2026-04-28 11:00:00,push,False,,False,
1889,6,225,40391272,all_users,2026-05-03 19:00:00,push,False,,False,
1890,6,327,40391272,all_users,2026-04-29 14:00:00,in_app,False,,False,
1891,6,77,40391272,all_users,2026-05-05 16:00:00,email,False,,False,
1892,6,547,40391272,all_users,2026-04-29 10:00:00,email,False,,False,
1893,6,318,40391272,all_users,2026-05-05 13:00:00,in_app,False,,False,
1894,6,140,40391272,all_users,2026-05-01 19:00:00,push,False,,False,
1895,6,908,40391272,all_users,2026-05-03 10:00:00,push,True,2026-05-03 12:33:00,False,
1896,6,112,40391272,all_users,2026-05-05 09:00:00,in_app,False,,False,
1897,6,243,40391272,all_users,2026-04-30 10:00:00,email,False,,False,
1898,6,681,40391272,all_users,2026-05-03 10:00:00,push,False,,False,
1899,6,160,40391272,all_users,2026-05-01 12:00:00,in_app,False,,False,
1900,6,599,40391272,all_users,2026-05-04 16:00:00,in_app,False,,False,
1901,6,471,40391272,all_users,2026-05-03 12:00:00,push,False,,False,
1902,6,704,40391272,all_users,2026-05-03 16:00:00,push,True,2026-05-03 17:43:00,False,
1903,6,53,40391272,all_users,2026-04-29 17:00:00,push,False,,False,
1904,6,322,40391272,all_users,2026-05-02 19:00:00,push,False,,False,
1905,6,998,40391272,all_users,2026-04-30 14:00:00,push,False,,False,
1906,6,71,40391272,all_users,2026-05-05 10:00:00,push,False,,False,
1907,6,572,40391272,all_users,2026-04-28 13:00:00,email,True,2026-04-28 13:42:00,False,
1908,6,728,40391272,all_users,2026-05-04 13:00:00,email,False,,False,
1909,6,2,40391272,all_users,2026-05-01 17:00:00,in_app,False,,False,
1910,6,431,40391272,all_users,2026-05-02 12:00:00,push,False,,False,
1911,6,295,40391272,all_users,2026-05-04 15:00:00,push,True,2026-05-04 16:27:00,False,
1912,6,241,40391272,all_users,2026-05-01 20:00:00,in_app,True,2026-05-01 21:30:00,False,
1913,6,108,40391272,all_users,2026-05-04 12:00:00,push,False,,False,
1914,6,955,40391272,all_users,2026-05-05 10:00:00,push,False,,False,
1915,6,809,40391272,all_users,2026-04-28 18:00:00,push,False,,False,
1916,6,293,40391272,all_users,2026-04-30 17:00:00,push,True,2026-04-30 18:32:00,False,
1917,6,831,40391272,all_users,2026-04-28 12:00:00,push,True,2026-04-28 14:21:00,False,
1918,6,85,40391272,all_users,2026-04-29 20:00:00,in_app,False,,False,
1919,6,950,40391272,all_users,2026-04-28 18:00:00,email,False,,False,
1920,6,776,40391272,all_users,2026-05-03 12:00:00,push,False,,False,
1921,6,183,40391272,all_users,2026-05-02 17:00:00,email,False,,False,
1922,6,996,40391272,all_users,2026-04-29 18:00:00,push,False,,False,
1923,6,676,40391272,all_users,2026-05-03 09:00:00,push,False,,False,
1924,6,490,40391272,all_users,2026-04-30 12:00:00,email,False,,False,
1925,6,290,40391272,all_users,2026-05-02 14:00:00,in_app,False,,False,
1926,6,91,40391272,all_users,2026-05-03 13:00:00,push,False,,False,
1927,6,836,40391272,all_users,2026-05-02 16:00:00,push,False,,False,
1928,6,696,40391272,all_users,2026-05-03 14:00:00,push,False,,False,
1929,6,711,40391272,all_users,2026-05-02 09:00:00,push,False,,False,
1930,6,184,40391272,all_users,2026-05-01 11:00:00,push,False,,False,
1931,6,570,40391272,all_users,2026-05-02 11:00:00,in_app,False,,False,
1932,6,120,40391272,all_users,2026-05-05 20:00:00,push,False,,False,
1933,6,563,40391272,all_users,2026-04-28 19:00:00,push,False,,False,
1934,6,957,40391272,all_users,2026-05-03 14:00:00,push,False,,False,
1935,6,844,40391272,all_users,2026-04-28 18:00:00,email,False,,False,
1936,6,15,40391272,all_users,2026-05-03 19:00:00,email,False,,False,
1937,6,668,40391272,all_users,2026-05-04 13:00:00,in_app,False,,False,
1938,6,534,40391272,all_users,2026-04-30 14:00:00,push,False,,False,
1939,6,465,40391272,all_users,2026-04-30 11:00:00,in_app,True,2026-04-30 12:19:00,False,
1940,6,412,40391272,all_users,2026-04-29 15:00:00,push,False,,False,
1941,6,447,40391272,all_users,2026-05-03 13:00:00,in_app,False,,False,
1942,7,535,50094935,dormant_users,2026-05-16 11:00:00,email,False,,False,
1943,7,539,50094935,dormant_users,2026-05-06 17:00:00,push,False,,False,
1944,7,639,50094935,dormant_users,2026-05-11 09:00:00,push,False,,False,
1945,7,653,50094935,dormant_users,2026-05-02 11:00:00,in_app,False,,False,
1946,7,933,50094935,dormant_users,2026-05-02 12:00:00,push,False,,False,
1947,7,670,50094935,dormant_users,2026-05-16 13:00:00,push,False,,False,
1948,7,612,50094935,dormant_users,2026-05-11 19:00:00,push,True,2026-05-11 21:30:00,False,
1949,7,416,50094935,dormant_users,2026-05-15 15:00:00,push,True,2026-05-15 15:58:00,False,
1950,7,282,50094935,dormant_users,2026-05-14 09:00:00,in_app,False,,False,
1951,7,152,50094935,dormant_users,2026-05-12 09:00:00,push,False,,False,
1952,7,370,50094935,dormant_users,2026-05-11 19:00:00,push,False,,False,
1953,7,324,50094935,dormant_users,2026-05-06 14:00:00,push,False,,False,
1954,7,656,50094935,dormant_users,2026-05-08 17:00:00,push,False,,False,
1955,7,106,50094935,dormant_users,2026-05-02 12:00:00,push,False,,False,
1956,7,926,50094935,dormant_users,2026-05-15 19:00:00,in_app,False,,False,
1957,7,156,50094935,dormant_users,2026-05-13 13:00:00,push,False,,False,
1958,7,263,50094935,dormant_users,2026-05-06 18:00:00,email,False,,False,
1959,7,302,50094935,dormant_users,2026-05-10 15:00:00,in_app,True,2026-05-10 17:21:00,False,
1960,7,290,50094935,dormant_users,2026-05-02 16:00:00,email,False,,False,
1961,7,913,50094935,dormant_users,2026-05-06 15:00:00,push,False,,False,
1962,7,995,50094935,dormant_users,2026-05-08 09:00:00,in_app,False,,False,
1963,7,506,50094935,dormant_users,2026-05-13 17:00:00,in_app,False,,False,
1964,7,832,50094935,dormant_users,2026-05-11 19:00:00,push,False,,False,
1965,7,963,50094935,dormant_users,2026-05-03 17:00:00,push,False,,False,
1966,7,916,50094935,dormant_users,2026-05-13 16:00:00,email,False,,False,
1967,7,462,50094935,dormant_users,2026-05-06 13:00:00,push,False,,False,
1968,7,562,50094935,dormant_users,2026-05-03 19:00:00,push,False,,False,
1969,7,275,50094935,dormant_users,2026-05-13 19:00:00,push,False,,False,
1970,7,759,50094935,dormant_users,2026-05-10 11:00:00,in_app,False,,False,
1971,7,159,50094935,dormant_users,2026-05-07 17:00:00,push,False,,False,
1972,7,505,50094935,dormant_users,2026-05-04 16:00:00,email,True,2026-05-04 17:30:00,False,
1973,7,237,50094935,dormant_users,2026-05-08 20:00:00,push,False,,False,
1974,7,700,50094935,dormant_users,2026-05-13 14:00:00,push,False,,False,
1975,7,972,50094935,dormant_users,2026-05-09 15:00:00,email,False,,False,
1976,7,990,50094935,dormant_users,2026-05-03 15:00:00,push,False,,False,
1977,7,248,50094935,dormant_users,2026-05-10 09:00:00,email,False,,False,
1978,7,680,50094935,dormant_users,2026-05-11 19:00:00,push,False,,False,
1979,7,781,50094935,dormant_users,2026-05-16 12:00:00,in_app,False,,False,
1980,7,13,50094935,dormant_users,2026-05-10 18:00:00,push,False,,False,
1981,7,661,50094935,dormant_users,2026-05-05 15:00:00,email,True,2026-05-05 16:05:00,False,
1982,7,723,50094935,dormant_users,2026-05-08 12:00:00,push,False,,False,
1983,7,611,50094935,dormant_users,2026-05-16 18:00:00,push,True,2026-05-16 20:11:00,False,
1984,7,331,50094935,dormant_users,2026-05-12 12:00:00,email,False,,False,
1985,7,447,50094935,dormant_users,2026-05-06 11:00:00,push,False,,False,
1986,7,738,50094935,dormant_users,2026-05-16 15:00:00,email,False,,False,
1987,7,942,50094935,dormant_users,2026-05-03 18:00:00,in_app,False,,False,
1988,7,94,50094935,dormant_users,2026-05-02 14:00:00,push,True,2026-05-02 15:17:00,False,
1989,7,556,50094935,dormant_users,2026-05-09 15:00:00,in_app,False,,False,
1990,7,829,50094935,dormant_users,2026-05-03 15:00:00,email,False,,False,
1991,7,361,50094935,dormant_users,2026-05-03 11:00:00,push,True,2026-05-03 11:30:00,False,
1992,7,794,50094935,dormant_users,2026-05-08 20:00:00,push,False,,False,
1993,7,630,50094935,dormant_users,2026-05-06 18:00:00,push,False,,False,
1994,7,779,50094935,dormant_users,2026-05-09 15:00:00,push,False,,False,
1995,7,14,50094935,dormant_users,2026-05-08 18:00:00,email,False,,False,
1996,7,596,50094935,dormant_users,2026-05-16 17:00:00,in_app,False,,False,
1997,7,736,50094935,dormant_users,2026-05-06 14:00:00,push,True,2026-05-06 16:28:00,False,
1998,7,836,50094935,dormant_users,2026-05-11 15:00:00,in_app,False,,False,
1999,7,960,50094935,dormant_users,2026-05-07 19:00:00,push,False,,False,
2000,7,409,50094935,dormant_users,2026-05-05 12:00:00,email,False,,False,
2001,7,519,50094935,dormant_users,2026-05-12 20:00:00,email,False,,False,
2002,7,221,50094935,dormant_users,2026-05-07 20:00:00,push,False,,False,
2003,7,158,50094935,dormant_users,2026-05-13 17:00:00,email,False,,False,
2004,7,487,50094935,dormant_users,2026-05-15 13:00:00,push,False,,False,
2005,7,120,50094935,dormant_users,2026-05-15 16:00:00,push,False,,False,
2006,7,479,50094935,dormant_users,2026-05-08 17:00:00,in_app,False,,False,
2007,7,689,50094935,dormant_users,2026-05-03 17:00:00,email,False,,False,
2008,7,597,50094935,dormant_users,2026-05-06 17:00:00,email,False,,False,
2009,7,546,50094935,dormant_users,2026-05-02 14:00:00,push,True,2026-05-02 14:34:00,False,
2010,7,337,50094935,dormant_users,2026-05-07 19:00:00,push,False,,False,
2011,7,186,50094935,dormant_users,2026-05-09 16:00:00,email,False,,False,
2012,7,587,50094935,dormant_users,2026-05-08 09:00:00,in_app,False,,False,
2013,7,619,50094935,dormant_users,2026-05-06 12:00:00,push,False,,False,
2014,7,858,50094935,dormant_users,2026-05-11 18:00:00,push,True,2026-05-11 20:30:00,False,
2015,7,786,50094935,dormant_users,2026-05-12 11:00:00,push,False,,False,
2016,7,638,50094935,dormant_users,2026-05-08 20:00:00,in_app,True,2026-05-08 20:01:00,False,
2017,7,980,50094935,dormant_users,2026-05-15 16:00:00,email,True,2026-05-15 17:22:00,False,
2018,7,522,50094935,dormant_users,2026-05-09 20:00:00,in_app,False,,False,
2019,7,912,50094935,dormant_users,2026-05-05 13:00:00,in_app,False,,False,
2020,7,994,50094935,dormant_users,2026-05-05 13:00:00,push,False,,False,
2021,7,199,50094935,dormant_users,2026-05-06 10:00:00,in_app,False,,False,
2022,7,368,50094935,dormant_users,2026-05-10 20:00:00,email,False,,False,
2023,7,161,50094935,dormant_users,2026-05-02 16:00:00,in_app,False,,False,
2024,7,242,50094935,dormant_users,2026-05-02 15:00:00,email,False,,False,
2025,7,278,50094935,dormant_users,2026-05-02 19:00:00,push,True,2026-05-02 21:08:00,False,
2026,7,533,50094935,dormant_users,2026-05-15 12:00:00,in_app,False,,False,
2027,7,627,50094935,dormant_users,2026-05-02 20:00:00,push,False,,False,
2028,7,803,50094935,dormant_users,2026-05-14 20:00:00,email,False,,False,
2029,7,550,50094935,dormant_users,2026-05-16 11:00:00,email,False,,False,
2030,7,683,50094935,dormant_users,2026-05-10 16:00:00,in_app,False,,False,
2031,7,766,50094935,dormant_users,2026-05-15 13:00:00,email,False,,False,
2032,7,213,50094935,dormant_users,2026-05-10 09:00:00,email,False,,False,
2033,7,561,50094935,dormant_users,2026-05-09 19:00:00,email,False,,False,
2034,7,666,50094935,dormant_users,2026-05-05 13:00:00,email,False,,False,
2035,7,551,50094935,dormant_users,2026-05-14 09:00:00,email,False,,False,
2036,7,81,50094935,dormant_users,2026-05-15 11:00:00,push,False,,False,
2037,7,604,50094935,dormant_users,2026-05-08 14:00:00,email,False,,False,
2038,7,765,50094935,dormant_users,2026-05-10 13:00:00,push,False,,False,
2039,7,601,50094935,dormant_users,2026-05-14 14:00:00,in_app,False,,False,
2040,7,457,50094935,dormant_users,2026-05-09 20:00:00,in_app,False,,False,
2041,7,246,50094935,dormant_users,2026-05-07 12:00:00,push,True,2026-05-07 13:39:00,False,
2042,7,44,50094935,dormant_users,2026-05-02 16:00:00,in_app,False,,False,
2043,7,143,50094935,dormant_users,2026-05-10 19:00:00,email,False,,False,
2044,7,961,50094935,dormant_users,2026-05-05 16:00:00,push,True,2026-05-05 17:03:00,False,
2045,7,513,50094935,dormant_users,2026-05-13 09:00:00,push,False,,False,
2046,7,369,50094935,dormant_users,2026-05-14 14:00:00,email,False,,False,
2047,7,904,50094935,dormant_users,2026-05-08 10:00:00,in_app,False,,False,
2048,7,671,50094935,dormant_users,2026-05-06 11:00:00,email,False,,False,
2049,7,685,50094935,dormant_users,2026-05-14 16:00:00,push,False,,False,
2050,7,635,50094935,dormant_users,2026-05-14 10:00:00,push,False,,False,
2051,7,129,50094935,dormant_users,2026-05-07 17:00:00,push,False,,False,
2052,7,401,50094935,dormant_users,2026-05-03 16:00:00,in_app,False,,False,
2053,7,482,50094935,dormant_users,2026-05-16 20:00:00,push,False,,False,
2054,7,701,50094935,dormant_users,2026-05-08 09:00:00,push,False,,False,
2055,7,374,50094935,dormant_users,2026-05-04 13:00:00,push,False,,False,
2056,7,71,50094935,dormant_users,2026-05-13 13:00:00,push,False,,False,
2057,7,173,50094935,dormant_users,2026-05-04 17:00:00,in_app,True,2026-05-04 18:40:00,False,
2058,7,477,50094935,dormant_users,2026-05-04 18:00:00,push,False,,False,
2059,7,507,50094935,dormant_users,2026-05-02 14:00:00,push,False,,False,
2060,7,610,50094935,dormant_users,2026-05-13 19:00:00,push,False,,False,
2061,7,400,50094935,dormant_users,2026-05-03 11:00:00,push,False,,False,
2062,7,724,50094935,dormant_users,2026-05-09 10:00:00,push,False,,False,
2063,7,768,50094935,dormant_users,2026-05-09 09:00:00,in_app,False,,False,
2064,7,874,50094935,dormant_users,2026-05-04 18:00:00,in_app,False,,False,
2065,7,233,50094935,dormant_users,2026-05-07 18:00:00,push,False,,False,
2066,7,271,50094935,dormant_users,2026-05-11 19:00:00,push,False,,False,
2067,7,451,50094935,dormant_users,2026-05-13 17:00:00,in_app,True,2026-05-13 19:32:00,False,
2068,7,83,50094935,dormant_users,2026-05-09 13:00:00,email,False,,False,
2069,7,544,50094935,dormant_users,2026-05-14 20:00:00,push,False,,False,
2070,7,983,50094935,dormant_users,2026-05-07 15:00:00,push,False,,False,
2071,7,460,50094935,dormant_users,2026-05-13 09:00:00,email,False,,False,
2072,7,5,50094935,dormant_users,2026-05-08 16:00:00,push,True,2026-05-08 16:18:00,False,
2073,7,218,50094935,dormant_users,2026-05-15 17:00:00,push,False,,False,
2074,7,180,50094935,dormant_users,2026-05-09 15:00:00,push,False,,False,
2075,7,398,50094935,dormant_users,2026-05-11 19:00:00,push,False,,False,
2076,7,509,50094935,dormant_users,2026-05-12 16:00:00,email,True,2026-05-12 16:38:00,False,
2077,7,787,50094935,dormant_users,2026-05-06 20:00:00,push,False,,False,
2078,8,308,50074873,all_users,2026-04-30 18:00:00,push,False,,False,
2079,8,708,50074873,all_users,2026-04-30 17:00:00,push,False,,False,
2080,8,678,50074873,all_users,2026-04-23 10:00:00,in_app,False,,False,
2081,8,214,50074873,all_users,2026-04-23 18:00:00,in_app,True,2026-04-23 20:54:00,False,
2082,8,335,50074873,all_users,2026-04-24 17:00:00,in_app,False,,False,
2083,8,196,50074873,all_users,2026-04-24 15:00:00,in_app,True,2026-04-24 16:00:00,False,
2084,8,34,50074873,all_users,2026-04-24 13:00:00,push,False,,False,
2085,8,40,50074873,all_users,2026-04-27 14:00:00,push,False,,False,
2086,8,840,50074873,all_users,2026-04-26 15:00:00,email,False,,False,
2087,8,237,50074873,all_users,2026-04-26 19:00:00,in_app,False,,False,
2088,8,615,50074873,all_users,2026-04-25 17:00:00,push,False,,False,
2089,8,500,50074873,all_users,2026-04-27 17:00:00,push,False,,False,
2090,8,757,50074873,all_users,2026-04-26 11:00:00,in_app,False,,False,
2091,8,963,50074873,all_users,2026-04-30 12:00:00,email,False,,False,
2092,8,604,50074873,all_users,2026-04-23 19:00:00,email,False,,False,
2093,8,377,50074873,all_users,2026-04-27 11:00:00,push,True,2026-04-27 11:17:00,False,
2094,8,24,50074873,all_users,2026-04-23 13:00:00,push,False,,False,
2095,8,662,50074873,all_users,2026-04-25 20:00:00,in_app,False,,False,
2096,8,447,50074873,all_users,2026-04-25 18:00:00,email,False,,False,
2097,8,904,50074873,all_users,2026-04-24 16:00:00,in_app,False,,False,
2098,8,142,50074873,all_users,2026-04-27 15:00:00,in_app,False,,False,
2099,8,30,50074873,all_users,2026-04-27 09:00:00,push,True,2026-04-27 11:29:00,False,
2100,8,52,50074873,all_users,2026-04-28 15:00:00,push,False,,False,
2101,8,143,50074873,all_users,2026-04-30 20:00:00,email,False,,False,
2102,8,769,50074873,all_users,2026-04-28 19:00:00,push,True,2026-04-28 20:58:00,False,
2103,8,14,50074873,all_users,2026-04-30 17:00:00,push,False,,False,
2104,8,968,50074873,all_users,2026-04-23 12:00:00,push,True,2026-04-23 14:56:00,False,
2105,8,961,50074873,all_users,2026-04-23 10:00:00,push,False,,False,
2106,8,459,50074873,all_users,2026-04-30 13:00:00,in_app,False,,False,
2107,8,548,50074873,all_users,2026-04-24 19:00:00,email,False,,False,
2108,8,793,50074873,all_users,2026-04-30 17:00:00,email,False,,False,
2109,8,235,50074873,all_users,2026-04-29 15:00:00,push,False,,False,
2110,8,441,50074873,all_users,2026-04-23 16:00:00,in_app,False,,False,
2111,8,870,50074873,all_users,2026-04-27 14:00:00,push,False,,False,
2112,8,392,50074873,all_users,2026-04-25 17:00:00,push,False,,False,
2113,8,148,50074873,all_users,2026-04-27 13:00:00,push,False,,False,
2114,8,507,50074873,all_users,2026-04-26 20:00:00,in_app,True,2026-04-26 21:38:00,False,
2115,8,849,50074873,all_users,2026-04-27 10:00:00,push,False,,False,
2116,8,613,50074873,all_users,2026-04-29 10:00:00,push,False,,False,
2117,8,945,50074873,all_users,2026-04-28 13:00:00,push,False,,False,
2118,8,219,50074873,all_users,2026-04-26 14:00:00,push,False,,False,
2119,8,917,50074873,all_users,2026-04-26 14:00:00,email,False,,False,
2120,8,657,50074873,all_users,2026-04-27 14:00:00,push,False,,False,
2121,8,446,50074873,all_users,2026-04-29 17:00:00,push,False,,False,
2122,8,794,50074873,all_users,2026-04-29 18:00:00,push,True,2026-04-29 20:53:00,False,
2123,8,503,50074873,all_users,2026-04-30 17:00:00,in_app,False,,False,
2124,8,270,50074873,all_users,2026-04-28 10:00:00,push,False,,False,
2125,8,246,50074873,all_users,2026-04-30 20:00:00,email,False,,False,
2126,8,369,50074873,all_users,2026-04-23 10:00:00,in_app,False,,False,
2127,8,634,50074873,all_users,2026-04-25 15:00:00,push,True,2026-04-25 15:52:00,False,
2128,8,363,50074873,all_users,2026-04-26 15:00:00,push,False,,False,
2129,8,873,50074873,all_users,2026-04-30 19:00:00,push,False,,False,
2130,8,674,50074873,all_users,2026-04-29 14:00:00,push,True,2026-04-29 14:23:00,False,
2131,8,417,50074873,all_users,2026-04-23 09:00:00,email,False,,False,
2132,8,580,50074873,all_users,2026-04-27 11:00:00,push,False,,False,
2133,8,978,50074873,all_users,2026-04-27 16:00:00,push,False,,False,
2134,8,694,50074873,all_users,2026-04-30 17:00:00,email,False,,False,
2135,8,172,50074873,all_users,2026-04-26 09:00:00,push,False,,False,
2136,8,343,50074873,all_users,2026-04-29 18:00:00,email,False,,False,
2137,8,568,50074873,all_users,2026-04-28 18:00:00,push,False,,False,
2138,8,888,50074873,all_users,2026-04-25 16:00:00,push,False,,False,
2139,8,826,50074873,all_users,2026-04-26 10:00:00,push,True,2026-04-26 12:41:00,False,
2140,8,394,50074873,all_users,2026-04-27 09:00:00,in_app,False,,False,
2141,8,56,50074873,all_users,2026-04-27 11:00:00,email,True,2026-04-27 13:25:00,False,
2142,8,927,50074873,all_users,2026-04-23 17:00:00,push,True,2026-04-23 19:46:00,False,
2143,8,388,50074873,all_users,2026-04-23 15:00:00,in_app,False,,False,
2144,8,304,50074873,all_users,2026-04-27 17:00:00,push,False,,False,
2145,8,184,50074873,all_users,2026-04-28 14:00:00,email,True,2026-04-28 14:40:00,False,
2146,8,525,50074873,all_users,2026-04-26 12:00:00,email,False,,False,
2147,8,118,50074873,all_users,2026-04-28 19:00:00,push,False,,False,
2148,8,543,50074873,all_users,2026-04-28 12:00:00,in_app,False,,False,
2149,8,497,50074873,all_users,2026-04-23 20:00:00,in_app,True,2026-04-23 21:23:00,False,
2150,8,468,50074873,all_users,2026-04-30 09:00:00,in_app,False,,False,
2151,8,852,50074873,all_users,2026-04-26 12:00:00,email,False,,False,
2152,8,51,50074873,all_users,2026-04-25 14:00:00,push,False,,False,
2153,8,839,50074873,all_users,2026-04-23 16:00:00,push,False,,False,
2154,8,856,50074873,all_users,2026-04-23 12:00:00,push,True,2026-04-23 12:08:00,False,
2155,8,765,50074873,all_users,2026-04-30 13:00:00,push,False,,False,
2156,8,716,50074873,all_users,2026-04-27 15:00:00,push,True,2026-04-27 15:52:00,False,
2157,8,316,50074873,all_users,2026-04-30 18:00:00,email,False,,False,
2158,8,211,50074873,all_users,2026-04-26 19:00:00,push,False,,False,
2159,8,272,50074873,all_users,2026-04-28 15:00:00,push,False,,False,
2160,8,544,50074873,all_users,2026-04-29 10:00:00,push,True,2026-04-29 11:56:00,False,
2161,8,147,50074873,all_users,2026-04-26 14:00:00,push,False,,False,
2162,8,836,50074873,all_users,2026-04-30 16:00:00,push,True,2026-04-30 16:16:00,False,
2163,8,807,50074873,all_users,2026-04-29 10:00:00,push,False,,False,
2164,8,879,50074873,all_users,2026-04-25 15:00:00,email,False,,False,
2165,8,378,50074873,all_users,2026-04-29 19:00:00,push,False,,False,
2166,8,70,50074873,all_users,2026-04-25 16:00:00,push,False,,False,
2167,8,590,50074873,all_users,2026-04-30 19:00:00,in_app,False,,False,
2168,8,845,50074873,all_users,2026-04-27 11:00:00,push,False,,False,
2169,8,38,50074873,all_users,2026-04-26 16:00:00,push,True,2026-04-26 17:56:00,False,
2170,8,149,50074873,all_users,2026-04-29 12:00:00,in_app,False,,False,
2171,8,283,50074873,all_users,2026-04-29 09:00:00,push,False,,False,
2172,8,381,50074873,all_users,2026-04-23 11:00:00,in_app,True,2026-04-23 13:38:00,False,
2173,8,472,50074873,all_users,2026-04-27 19:00:00,in_app,False,,False,
2174,8,868,50074873,all_users,2026-04-28 16:00:00,email,False,,False,
2175,8,390,50074873,all_users,2026-04-24 17:00:00,push,False,,False,
2176,8,135,50074873,all_users,2026-04-27 09:00:00,in_app,False,,False,
2177,8,111,50074873,all_users,2026-04-29 16:00:00,push,False,,False,
2178,8,713,50074873,all_users,2026-04-25 10:00:00,email,False,,False,
2179,8,320,50074873,all_users,2026-04-25 09:00:00,email,True,2026-04-25 10:58:00,False,
2180,8,804,50074873,all_users,2026-04-23 16:00:00,push,False,,False,
2181,8,562,50074873,all_users,2026-04-23 16:00:00,push,False,,False,
2182,8,907,50074873,all_users,2026-04-30 20:00:00,push,False,,False,
2183,8,825,50074873,all_users,2026-04-24 12:00:00,in_app,False,,False,
2184,8,714,50074873,all_users,2026-04-23 16:00:00,push,False,,False,
2185,8,236,50074873,all_users,2026-04-23 17:00:00,push,False,,False,
2186,8,433,50074873,all_users,2026-04-24 19:00:00,in_app,False,,False,
2187,8,273,50074873,all_users,2026-04-27 17:00:00,email,False,,False,
2188,8,425,50074873,all_users,2026-04-26 10:00:00,push,True,2026-04-26 12:42:00,False,
2189,8,474,50074873,all_users,2026-04-29 13:00:00,push,False,,False,
2190,8,91,50074873,all_users,2026-04-23 12:00:00,email,False,,False,
2191,8,284,50074873,all_users,2026-04-30 13:00:00,push,False,,False,
2192,8,712,50074873,all_users,2026-04-27 17:00:00,in_app,False,,False,
2193,8,860,50074873,all_users,2026-04-23 10:00:00,in_app,False,,False,
2194,8,281,50074873,all_users,2026-04-29 12:00:00,email,False,,False,
2195,8,541,50074873,all_users,2026-04-28 18:00:00,push,False,,False,
2196,8,195,50074873,all_users,2026-04-25 12:00:00,push,True,2026-04-25 13:14:00,False,
2197,8,271,50074873,all_users,2026-04-29 17:00:00,push,False,,False,
2198,8,976,50074873,all_users,2026-04-28 10:00:00,in_app,True,2026-04-28 10:12:00,False,
2199,8,680,50074873,all_users,2026-04-23 17:00:00,in_app,True,2026-04-23 18:01:00,False,
2200,8,133,50074873,all_users,2026-04-27 09:00:00,push,False,,False,
2201,8,896,50074873,all_users,2026-04-30 15:00:00,push,False,,False,
2202,8,85,50074873,all_users,2026-04-25 18:00:00,push,True,2026-04-25 19:52:00,False,
2203,8,517,50074873,all_users,2026-04-29 14:00:00,push,True,2026-04-29 14:50:00,False,
2204,8,129,50074873,all_users,2026-04-24 13:00:00,in_app,True,2026-04-24 14:16:00,False,
2205,8,612,50074873,all_users,2026-04-27 10:00:00,email,False,,False,
2206,8,324,50074873,all_users,2026-04-29 10:00:00,push,False,,False,
2207,8,532,50074873,all_users,2026-04-24 15:00:00,push,False,,False,
2208,8,815,50074873,all_users,2026-04-29 20:00:00,push,False,,False,
2209,8,719,50074873,all_users,2026-04-29 13:00:00,push,False,,False,
2210,8,673,50074873,all_users,2026-04-24 18:00:00,push,False,,False,
2211,8,663,50074873,all_users,2026-04-27 19:00:00,push,False,,False,
2212,8,262,50074873,all_users,2026-04-23 19:00:00,push,False,,False,
2213,8,610,50074873,all_users,2026-04-30 14:00:00,in_app,False,,False,
2214,8,637,50074873,all_users,2026-04-28 16:00:00,push,True,2026-04-28 17:42:00,False,
2215,8,770,50074873,all_users,2026-04-23 09:00:00,email,False,,False,
2216,8,705,50074873,all_users,2026-04-29 09:00:00,email,False,,False,
2217,8,812,50074873,all_users,2026-04-29 14:00:00,email,False,,False,
2218,8,217,50074873,all_users,2026-04-28 18:00:00,push,False,,False,
2219,8,889,50074873,all_users,2026-04-24 20:00:00,push,False,,False,
2220,8,711,50074873,all_users,2026-04-27 15:00:00,push,False,,False,
2221,8,523,50074873,all_users,2026-04-25 17:00:00,push,False,,False,
2222,8,557,50074873,all_users,2026-04-29 15:00:00,email,False,,False,
2223,8,827,50074873,all_users,2026-04-27 14:00:00,push,True,2026-04-27 16:31:00,False,
2224,8,331,50074873,all_users,2026-04-28 09:00:00,push,True,2026-04-28 10:02:00,False,
2225,8,124,50074873,all_users,2026-04-30 11:00:00,push,True,2026-04-30 11:12:00,False,
2226,8,336,50074873,all_users,2026-04-26 17:00:00,push,False,,False,
2227,8,715,50074873,all_users,2026-04-29 18:00:00,push,False,,False,
2228,8,399,50074873,all_users,2026-04-27 16:00:00,push,False,,False,
2229,8,514,50074873,all_users,2026-04-24 13:00:00,push,False,,False,
2230,8,884,50074873,all_users,2026-04-28 09:00:00,email,True,2026-04-28 10:30:00,False,
2231,8,152,50074873,all_users,2026-04-24 16:00:00,push,False,,False,
2232,8,326,50074873,all_users,2026-04-25 19:00:00,in_app,False,,False,
2233,8,772,50074873,all_users,2026-04-24 09:00:00,push,True,2026-04-24 11:48:00,False,
2234,8,29,50074873,all_users,2026-04-27 16:00:00,push,False,,False,
2235,8,344,50074873,all_users,2026-04-24 13:00:00,push,False,,False,
2236,8,647,50074873,all_users,2026-04-29 15:00:00,email,False,,False,
2237,8,485,50074873,all_users,2026-04-30 09:00:00,push,False,,False,
2238,8,883,50074873,all_users,2026-04-28 18:00:00,email,False,,False,
2239,8,906,50074873,all_users,2026-04-24 16:00:00,in_app,True,2026-04-24 16:55:00,False,
2240,8,538,50074873,all_users,2026-04-25 13:00:00,in_app,False,,False,
2241,8,977,50074873,all_users,2026-04-23 12:00:00,in_app,False,,False,
2242,8,944,50074873,all_users,2026-04-29 13:00:00,email,False,,False,
2243,8,104,50074873,all_users,2026-04-25 18:00:00,in_app,False,,False,
2244,8,872,50074873,all_users,2026-04-28 09:00:00,push,True,2026-04-28 11:59:00,False,
2245,8,828,50074873,all_users,2026-04-24 16:00:00,email,False,,False,
2246,8,48,50074873,all_users,2026-04-27 10:00:00,push,False,,False,
2247,8,82,50074873,all_users,2026-04-28 20:00:00,email,False,,False,
2248,8,159,50074873,all_users,2026-04-27 15:00:00,push,False,,False,
2249,8,739,50074873,all_users,2026-04-27 16:00:00,email,True,2026-04-27 18:03:00,False,
2250,8,475,50074873,all_users,2026-04-30 20:00:00,push,False,,False,
2251,8,461,50074873,all_users,2026-04-25 16:00:00,in_app,False,,False,
2252,8,353,50074873,all_users,2026-04-24 17:00:00,in_app,False,,False,
2253,8,791,50074873,all_users,2026-04-29 11:00:00,push,False,,False,
2254,8,622,50074873,all_users,2026-04-30 16:00:00,push,True,2026-04-30 16:03:00,False,
2255,8,488,50074873,all_users,2026-04-30 11:00:00,push,False,,False,
2256,8,630,50074873,all_users,2026-04-24 12:00:00,in_app,False,,False,
2257,8,648,50074873,all_users,2026-04-27 12:00:00,push,False,,False,
2258,8,478,50074873,all_users,2026-04-27 09:00:00,email,True,2026-04-27 09:10:00,False,
2259,8,194,50074873,all_users,2026-04-28 15:00:00,push,False,,False,
2260,8,328,50074873,all_users,2026-04-23 09:00:00,push,False,,False,
2261,8,625,50074873,all_users,2026-04-29 09:00:00,push,True,2026-04-29 10:34:00,False,
2262,8,248,50074873,all_users,2026-04-27 18:00:00,in_app,False,,False,
2263,8,191,50074873,all_users,2026-04-27 12:00:00,push,False,,False,
2264,8,108,50074873,all_users,2026-04-27 11:00:00,push,False,,False,
2265,8,291,50074873,all_users,2026-04-23 14:00:00,push,False,,False,
2266,8,653,50074873,all_users,2026-04-25 12:00:00,in_app,False,,False,
2267,8,482,50074873,all_users,2026-04-23 19:00:00,in_app,False,,False,
2268,8,454,50074873,all_users,2026-04-24 20:00:00,push,False,,False,
2269,8,951,50074873,all_users,2026-04-28 09:00:00,push,False,,False,
2270,8,965,50074873,all_users,2026-04-28 16:00:00,email,False,,False,
2271,8,989,50074873,all_users,2026-04-30 15:00:00,push,False,,False,
2272,8,430,50074873,all_users,2026-04-27 11:00:00,email,False,,False,
2273,8,355,50074873,all_users,2026-04-26 10:00:00,push,False,,False,
2274,8,132,50074873,all_users,2026-04-25 14:00:00,push,False,,False,
2275,8,375,50074873,all_users,2026-04-30 19:00:00,push,False,,False,
2276,8,222,50074873,all_users,2026-04-28 09:00:00,email,False,,False,
2277,8,930,50074873,all_users,2026-04-28 16:00:00,push,False,,False,
2278,8,218,50074873,all_users,2026-04-25 09:00:00,push,False,,False,
2279,8,418,50074873,all_users,2026-04-28 14:00:00,push,True,2026-04-28 14:07:00,False,
2280,8,160,50074873,all_users,2026-04-23 09:00:00,email,True,2026-04-23 10:07:00,False,
2281,8,244,50074873,all_users,2026-04-24 20:00:00,push,True,2026-04-24 21:31:00,False,
2282,8,98,50074873,all_users,2026-04-27 16:00:00,email,True,2026-04-27 17:28:00,False,
2283,8,531,50074873,all_users,2026-04-29 09:00:00,email,False,,False,
2284,8,473,50074873,all_users,2026-04-28 20:00:00,push,False,,False,
2285,8,249,50074873,all_users,2026-04-26 14:00:00,push,False,,False,
2286,8,762,50074873,all_users,2026-04-27 14:00:00,in_app,False,,False,
2287,8,979,50074873,all_users,2026-04-30 09:00:00,in_app,False,,False,
2288,8,295,50074873,all_users,2026-04-23 12:00:00,push,False,,False,
2289,8,806,50074873,all_users,2026-04-23 17:00:00,email,False,,False,
2290,8,908,50074873,all_users,2026-04-29 14:00:00,push,False,,False,
2291,8,471,50074873,all_users,2026-04-25 17:00:00,push,False,,False,
2292,8,857,50074873,all_users,2026-04-27 13:00:00,in_app,False,,False,
2293,8,310,50074873,all_users,2026-04-24 14:00:00,email,False,,False,
2294,8,667,50074873,all_users,2026-04-26 09:00:00,push,False,,False,
2295,8,996,50074873,all_users,2026-04-23 18:00:00,in_app,True,2026-04-23 18:57:00,False,
2296,8,342,50074873,all_users,2026-04-27 20:00:00,in_app,False,,False,
2297,8,247,50074873,all_users,2026-04-28 18:00:00,email,False,,False,
2298,8,832,50074873,all_users,2026-04-27 16:00:00,push,False,,False,
2299,8,37,50074873,all_users,2026-04-26 13:00:00,push,False,,False,
2300,8,900,50074873,all_users,2026-04-23 11:00:00,push,False,,False,
2301,8,798,50074873,all_users,2026-04-28 18:00:00,push,False,,False,
2302,8,431,50074873,all_users,2026-04-24 15:00:00,in_app,False,,False,
2303,8,696,50074873,all_users,2026-04-28 12:00:00,push,False,,False,
2304,8,512,50074873,all_users,2026-04-30 18:00:00,push,True,2026-04-30 20:47:00,False,
2305,8,520,50074873,all_users,2026-04-30 16:00:00,push,False,,False,
2306,8,294,50074873,all_users,2026-04-25 19:00:00,push,False,,False,
2307,8,494,50074873,all_users,2026-04-26 10:00:00,push,False,,False,
2308,8,946,50074873,all_users,2026-04-27 12:00:00,email,False,,False,
2309,8,895,50074873,all_users,2026-04-26 10:00:00,in_app,False,,False,
2310,8,761,50074873,all_users,2026-04-29 14:00:00,push,False,,False,
2311,8,855,50074873,all_users,2026-04-29 19:00:00,in_app,True,2026-04-29 19:04:00,False,
2312,8,257,50074873,all_users,2026-04-29 19:00:00,email,False,,False,
2313,8,583,50074873,all_users,2026-04-27 13:00:00,push,False,,False,
2314,8,105,50074873,all_users,2026-04-25 17:00:00,push,False,,False,
2315,8,527,50074873,all_users,2026-04-25 09:00:00,email,False,,False,
2316,8,410,50074873,all_users,2026-04-28 15:00:00,email,False,,False,
2317,8,126,50074873,all_users,2026-04-26 14:00:00,push,False,,False,
2318,8,255,50074873,all_users,2026-04-30 20:00:00,in_app,False,,False,
2319,8,585,50074873,all_users,2026-04-26 14:00:00,email,False,,False,
2320,8,396,50074873,all_users,2026-04-25 20:00:00,push,False,,False,
2321,8,39,50074873,all_users,2026-04-23 09:00:00,in_app,False,,False,
2322,8,748,50074873,all_users,2026-04-26 13:00:00,push,True,2026-04-26 14:46:00,False,
2323,8,993,50074873,all_users,2026-04-24 12:00:00,push,False,,False,
2324,8,428,50074873,all_users,2026-04-25 19:00:00,in_app,False,,False,
2325,8,422,50074873,all_users,2026-04-27 13:00:00,push,False,,False,
2326,8,31,50074873,all_users,2026-04-29 17:00:00,email,False,,False,
2327,8,99,50074873,all_users,2026-04-27 14:00:00,in_app,False,,False,
2328,8,563,50074873,all_users,2026-04-30 10:00:00,push,False,,False,
2329,8,275,50074873,all_users,2026-04-30 11:00:00,push,False,,False,
2330,8,778,50074873,all_users,2026-04-29 16:00:00,push,False,,False,
2331,8,704,50074873,all_users,2026-04-30 10:00:00,email,False,,False,
2332,8,522,50074873,all_users,2026-04-23 16:00:00,push,False,,False,
2333,8,722,50074873,all_users,2026-04-25 19:00:00,in_app,False,,False,
2334,8,483,50074873,all_users,2026-04-24 16:00:00,email,True,2026-04-24 16:44:00,False,
2335,8,80,50074873,all_users,2026-04-23 18:00:00,push,True,2026-04-23 18:09:00,False,
2336,8,620,50074873,all_users,2026-04-29 18:00:00,push,False,,False,
2337,8,939,50074873,all_users,2026-04-28 17:00:00,email,False,,False,
2338,8,651,50074873,all_users,2026-04-29 19:00:00,in_app,False,,False,
2339,8,990,50074873,all_users,2026-04-28 18:00:00,push,False,,False,
2340,8,302,50074873,all_users,2026-04-23 14:00:00,email,True,2026-04-23 14:45:00,False,
2341,8,925,50074873,all_users,2026-04-29 11:00:00,in_app,False,,False,
2342,8,926,50074873,all_users,2026-04-26 12:00:00,email,False,,False,
2343,8,988,50074873,all_users,2026-04-24 10:00:00,push,False,,False,
2344,8,504,50074873,all_users,2026-04-24 15:00:00,push,False,,False,
2345,8,412,50074873,all_users,2026-04-28 10:00:00,in_app,False,,False,
2346,8,516,50074873,all_users,2026-04-24 12:00:00,push,False,,False,
2347,8,569,50074873,all_users,2026-04-23 18:00:00,email,True,2026-04-23 18:21:00,False,
2348,8,264,50074873,all_users,2026-04-27 18:00:00,email,True,2026-04-27 19:02:00,False,
2349,8,232,50074873,all_users,2026-04-30 10:00:00,in_app,True,2026-04-30 10:16:00,False,
2350,8,385,50074873,all_users,2026-04-27 17:00:00,email,True,2026-04-27 19:18:00,False,
2351,8,333,50074873,all_users,2026-04-30 16:00:00,push,False,,False,
2352,8,408,50074873,all_users,2026-04-29 14:00:00,push,False,,False,
2353,8,624,50074873,all_users,2026-04-26 10:00:00,push,True,2026-04-26 11:36:00,False,
2354,8,956,50074873,all_users,2026-04-24 17:00:00,email,False,,False,
2355,8,15,50074873,all_users,2026-04-30 10:00:00,email,False,,False,
2356,8,755,50074873,all_users,2026-04-26 18:00:00,push,False,,False,
2357,8,973,50074873,all_users,2026-04-23 12:00:00,push,False,,False,
2358,8,851,50074873,all_users,2026-04-24 14:00:00,email,False,,False,
2359,8,416,50074873,all_users,2026-04-29 14:00:00,in_app,True,2026-04-29 15:46:00,False,
2360,8,187,50074873,all_users,2026-04-28 20:00:00,email,False,,False,
2361,8,134,50074873,all_users,2026-04-27 09:00:00,email,False,,False,
2362,8,811,50074873,all_users,2026-04-23 09:00:00,push,True,2026-04-23 10:08:00,False,
2363,8,360,50074873,all_users,2026-04-26 18:00:00,push,True,2026-04-26 20:41:00,False,
2364,8,267,50074873,all_users,2026-04-25 16:00:00,push,True,2026-04-25 16:52:00,False,
2365,8,79,50074873,all_users,2026-04-24 19:00:00,push,False,,False,
2366,8,797,50074873,all_users,2026-04-26 13:00:00,push,False,,False,
2367,8,411,50074873,all_users,2026-04-30 18:00:00,push,False,,False,
2368,8,224,50074873,all_users,2026-04-25 15:00:00,push,False,,False,
2369,8,290,50074873,all_users,2026-04-29 12:00:00,in_app,False,,False,
2370,8,935,50074873,all_users,2026-04-26 16:00:00,email,False,,False,
2371,8,245,50074873,all_users,2026-04-27 12:00:00,push,False,,False,
2372,8,197,50074873,all_users,2026-04-26 16:00:00,push,False,,False,
2373,8,656,50074873,all_users,2026-04-23 12:00:00,in_app,False,,False,
2374,8,533,50074873,all_users,2026-04-29 11:00:00,push,False,,False,
2375,8,795,50074873,all_users,2026-04-30 11:00:00,push,False,,False,
2376,8,782,50074873,all_users,2026-04-27 19:00:00,push,False,,False,
2377,8,146,50074873,all_users,2026-04-24 10:00:00,push,True,2026-04-24 12:10:00,False,
2378,8,894,50074873,all_users,2026-04-27 14:00:00,in_app,True,2026-04-27 16:48:00,False,
2379,8,220,50074873,all_users,2026-04-23 09:00:00,email,False,,False,
2380,8,54,50074873,all_users,2026-04-30 20:00:00,push,True,2026-04-30 21:02:00,False,
2381,8,323,50074873,all_users,2026-04-26 18:00:00,email,False,,False,
2382,8,384,50074873,all_users,2026-04-30 14:00:00,push,False,,False,
2383,8,35,50074873,all_users,2026-04-27 16:00:00,in_app,False,,False,
2384,8,864,50074873,all_users,2026-04-23 20:00:00,email,False,,False,
2385,8,251,50074873,all_users,2026-04-23 14:00:00,push,True,2026-04-23 16:01:00,False,
2386,8,992,50074873,all_users,2026-04-26 18:00:00,push,False,,False,
2387,8,786,50074873,all_users,2026-04-25 10:00:00,push,False,,False,
2388,8,112,50074873,all_users,2026-04-23 20:00:00,push,False,,False,
2389,8,764,50074873,all_users,2026-04-30 15:00:00,in_app,False,,False,
2390,8,125,50074873,all_users,2026-04-27 13:00:00,push,False,,False,
2391,8,277,50074873,all_users,2026-04-24 17:00:00,in_app,False,,False,
2392,8,36,50074873,all_users,2026-04-23 20:00:00,push,False,,False,
2393,8,166,50074873,all_users,2026-04-23 14:00:00,email,True,2026-04-23 14:43:00,False,
2394,8,354,50074873,all_users,2026-04-28 12:00:00,push,False,,False,
2395,8,919,50074873,all_users,2026-04-30 18:00:00,push,False,,False,
2396,8,646,50074873,all_users,2026-04-29 17:00:00,push,False,,False,
2397,8,736,50074873,all_users,2026-04-24 19:00:00,in_app,False,,False,
2398,8,462,50074873,all_users,2026-04-24 18:00:00,email,False,,False,
2399,8,480,50074873,all_users,2026-04-23 12:00:00,push,True,2026-04-23 14:39:00,False,
2400,8,306,50074873,all_users,2026-04-23 20:00:00,push,False,,False,
2401,8,229,50074873,all_users,2026-04-26 15:00:00,push,True,2026-04-26 17:57:00,False,
2402,8,948,50074873,all_users,2026-04-26 17:00:00,email,True,2026-04-26 18:19:00,False,
2403,8,332,50074873,all_users,2026-04-25 17:00:00,email,False,,False,
2404,8,33,50074873,all_users,2026-04-29 13:00:00,email,False,,False,
2405,8,526,50074873,all_users,2026-04-26 10:00:00,in_app,False,,False,
2406,8,899,50074873,all_users,2026-04-24 16:00:00,email,False,,False,
2407,8,918,50074873,all_users,2026-04-26 10:00:00,email,False,,False,
2408,8,528,50074873,all_users,2026-04-26 09:00:00,in_app,False,,False,
2409,8,387,50074873,all_users,2026-04-27 14:00:00,push,True,2026-04-27 14:53:00,False,
2410,8,747,50074873,all_users,2026-04-27 11:00:00,email,False,,False,
2411,8,119,50074873,all_users,2026-04-28 13:00:00,push,False,,False,
2412,8,123,50074873,all_users,2026-04-28 09:00:00,email,False,,False,
2413,8,524,50074873,all_users,2026-04-29 13:00:00,push,False,,False,
2414,8,737,50074873,all_users,2026-04-24 18:00:00,push,False,,False,
2415,8,242,50074873,all_users,2026-04-25 13:00:00,push,True,2026-04-25 15:32:00,False,
2416,8,76,50074873,all_users,2026-04-30 11:00:00,push,False,,False,
2417,8,145,50074873,all_users,2026-04-30 12:00:00,push,False,,False,
2418,8,838,50074873,all_users,2026-04-24 16:00:00,push,False,,False,
2419,8,67,50074873,all_users,2026-04-23 09:00:00,email,True,2026-04-23 11:57:00,False,
2420,8,823,50074873,all_users,2026-04-23 13:00:00,push,False,,False,
2421,8,376,50074873,all_users,2026-04-27 14:00:00,in_app,False,,False,
2422,8,365,50074873,all_users,2026-04-25 09:00:00,email,False,,False,
2423,8,602,50074873,all_users,2026-04-24 16:00:00,push,False,,False,
2424,8,599,50074873,all_users,2026-04-24 10:00:00,email,False,,False,
2425,8,448,50074873,all_users,2026-04-24 15:00:00,email,False,,False,
2426,8,636,50074873,all_users,2026-04-25 18:00:00,push,False,,False,
2427,8,292,50074873,all_users,2026-04-25 16:00:00,push,False,,False,
2428,8,65,50074873,all_users,2026-04-23 14:00:00,push,False,,False,
2429,8,594,50074873,all_users,2026-04-25 13:00:00,in_app,False,,False,
2430,8,476,50074873,all_users,2026-04-24 13:00:00,push,False,,False,
2431,8,25,50074873,all_users,2026-04-24 14:00:00,email,False,,False,
2432,8,347,50074873,all_users,2026-04-30 19:00:00,push,False,,False,
2433,8,718,50074873,all_users,2026-04-30 16:00:00,in_app,False,,False,
2434,8,205,50074873,all_users,2026-04-24 10:00:00,push,True,2026-04-24 10:42:00,False,
2435,8,403,50074873,all_users,2026-04-23 16:00:00,push,True,2026-04-23 18:02:00,False,
2436,8,59,50074873,all_users,2026-04-30 14:00:00,push,False,,False,
2437,8,131,50074873,all_users,2026-04-25 18:00:00,push,False,,False,
2438,8,572,50074873,all_users,2026-04-24 16:00:00,push,False,,False,
2439,8,534,50074873,all_users,2026-04-24 12:00:00,push,False,,False,
2440,8,654,50074873,all_users,2026-04-24 10:00:00,in_app,False,,False,
2441,8,127,50074873,all_users,2026-04-30 12:00:00,in_app,False,,False,
2442,8,672,50074873,all_users,2026-04-28 15:00:00,push,False,,False,
2443,8,605,50074873,all_users,2026-04-30 12:00:00,push,False,,False,
2444,8,423,50074873,all_users,2026-04-30 19:00:00,push,True,2026-04-30 20:08:00,False,
2445,8,407,50074873,all_users,2026-04-25 09:00:00,email,True,2026-04-25 10:48:00,False,
2446,8,49,50074873,all_users,2026-04-23 09:00:00,push,False,,False,
2447,8,351,50074873,all_users,2026-04-30 09:00:00,push,False,,False,
2448,8,937,50074873,all_users,2026-04-28 10:00:00,push,False,,False,
2449,8,289,50074873,all_users,2026-04-26 13:00:00,push,False,,False,
2450,8,319,50074873,all_users,2026-04-23 13:00:00,push,True,2026-04-23 15:33:00,False,
2451,8,881,50074873,all_users,2026-04-26 16:00:00,email,False,,False,
2452,8,975,50074873,all_users,2026-04-25 11:00:00,in_app,True,2026-04-25 12:10:00,False,
2453,8,726,50074873,all_users,2026-04-29 16:00:00,push,False,,False,
2454,8,627,50074873,all_users,2026-04-27 13:00:00,push,False,,False,
2455,8,300,50074873,all_users,2026-04-27 19:00:00,in_app,False,,False,
2456,8,833,50074873,all_users,2026-04-30 17:00:00,in_app,False,,False,
2457,8,727,50074873,all_users,2026-04-28 13:00:00,push,False,,False,
2458,8,800,50074873,all_users,2026-04-24 18:00:00,push,True,2026-04-24 18:30:00,False,
2459,8,227,50074873,all_users,2026-04-28 18:00:00,push,False,,False,
2460,8,861,50074873,all_users,2026-04-29 09:00:00,email,True,2026-04-29 09:07:00,False,
2461,8,912,50074873,all_users,2026-04-29 14:00:00,push,False,,False,
2462,8,282,50074873,all_users,2026-04-28 10:00:00,push,False,,False,
2463,8,995,50074873,all_users,2026-04-25 14:00:00,push,False,,False,
2464,8,233,50074873,all_users,2026-04-29 10:00:00,push,False,,False,
2465,8,660,50074873,all_users,2026-04-25 11:00:00,in_app,False,,False,
2466,8,101,50074873,all_users,2026-04-30 10:00:00,push,False,,False,
2467,8,591,50074873,all_users,2026-04-25 09:00:00,push,False,,False,
2468,8,57,50074873,all_users,2026-04-24 09:00:00,email,True,2026-04-24 09:44:00,False,
2469,8,760,50074873,all_users,2026-04-27 18:00:00,push,False,,False,
2470,8,997,50074873,all_users,2026-04-27 10:00:00,email,False,,False,
2471,8,699,50074873,all_users,2026-04-23 12:00:00,push,False,,False,
2472,8,732,50074873,all_users,2026-04-27 18:00:00,push,False,,False,
2473,8,12,50074873,all_users,2026-04-23 11:00:00,in_app,False,,False,
2474,8,575,50074873,all_users,2026-04-30 10:00:00,in_app,False,,False,
2475,8,866,50074873,all_users,2026-04-29 11:00:00,push,False,,False,
2476,8,495,50074873,all_users,2026-04-29 16:00:00,push,False,,False,
2477,8,969,50074873,all_users,2026-04-25 12:00:00,push,False,,False,
2478,8,595,50074873,all_users,2026-04-28 20:00:00,email,False,,False,
2479,8,617,50074873,all_users,2026-04-25 10:00:00,email,True,2026-04-25 11:08:00,False,
2480,8,501,50074873,all_users,2026-04-23 18:00:00,email,False,,False,
2481,8,175,50074873,all_users,2026-04-26 15:00:00,push,False,,False,
2482,8,519,50074873,all_users,2026-04-30 14:00:00,in_app,False,,False,
2483,8,439,50074873,all_users,2026-04-26 19:00:00,push,False,,False,
2484,8,116,50074873,all_users,2026-04-28 13:00:00,push,False,,False,
2485,8,668,50074873,all_users,2026-04-23 10:00:00,push,False,,False,
2486,8,535,50074873,all_users,2026-04-25 10:00:00,in_app,False,,False,
2487,8,702,50074873,all_users,2026-04-29 18:00:00,in_app,False,,False,
2488,8,955,50074873,all_users,2026-04-26 15:00:00,push,False,,False,
2489,8,479,50074873,all_users,2026-04-30 09:00:00,email,False,,False,
2490,8,164,50074873,all_users,2026-04-26 12:00:00,push,False,,False,
2491,8,774,50074873,all_users,2026-04-29 20:00:00,email,False,,False,
2492,8,892,50074873,all_users,2026-04-27 09:00:00,push,False,,False,
2493,8,453,50074873,all_users,2026-04-30 13:00:00,email,False,,False,
2494,8,301,50074873,all_users,2026-04-29 13:00:00,email,False,,False,
2495,8,440,50074873,all_users,2026-04-29 15:00:00,in_app,False,,False,
2496,8,728,50074873,all_users,2026-04-27 19:00:00,in_app,False,,False,
2497,8,685,50074873,all_users,2026-04-29 15:00:00,push,False,,False,
2498,8,426,50074873,all_users,2026-04-27 12:00:00,push,True,2026-04-27 14:32:00,False,
2499,8,953,50074873,all_users,2026-04-29 10:00:00,push,False,,False,
2500,8,814,50074873,all_users,2026-04-24 15:00:00,in_app,False,,False,
2501,8,609,50074873,all_users,2026-04-25 14:00:00,push,True,2026-04-25 16:47:00,False,
2502,8,584,50074873,all_users,2026-04-24 18:00:00,email,False,,False,
2503,8,449,50074873,all_users,2026-04-30 12:00:00,push,False,,False,
2504,8,458,50074873,all_users,2026-04-27 13:00:00,push,False,,False,
2505,8,183,50074873,all_users,2026-04-28 10:00:00,push,False,,False,
2506,8,28,50074873,all_users,2026-04-23 14:00:00,email,False,,False,
2507,8,154,50074873,all_users,2026-04-28 09:00:00,push,True,2026-04-28 09:25:00,False,
2508,8,74,50074873,all_users,2026-04-30 19:00:00,in_app,True,2026-04-30 20:37:00,False,
2509,8,706,50074873,all_users,2026-04-25 10:00:00,in_app,True,2026-04-25 10:47:00,False,
2510,8,633,50074873,all_users,2026-04-25 20:00:00,email,True,2026-04-25 21:50:00,False,
2511,8,679,50074873,all_users,2026-04-28 09:00:00,in_app,False,,False,
2512,8,684,50074873,all_users,2026-04-26 18:00:00,email,False,,False,
2513,8,608,50074873,all_users,2026-04-25 13:00:00,email,False,,False,
2514,8,824,50074873,all_users,2026-04-27 16:00:00,in_app,True,2026-04-27 18:04:00,False,
2515,8,228,50074873,all_users,2026-04-24 15:00:00,in_app,False,,False,
2516,8,859,50074873,all_users,2026-04-30 17:00:00,push,False,,False,
2517,8,274,50074873,all_users,2026-04-25 19:00:00,email,True,2026-04-25 19:13:00,False,
2518,8,61,50074873,all_users,2026-04-27 10:00:00,email,False,,False,
2519,8,110,50074873,all_users,2026-04-27 17:00:00,push,False,,False,
2520,8,905,50074873,all_users,2026-04-30 19:00:00,push,False,,False,
2521,8,690,50074873,all_users,2026-04-26 18:00:00,push,True,2026-04-26 19:40:00,False,
2522,8,766,50074873,all_users,2026-04-28 11:00:00,email,False,,False,
2523,8,631,50074873,all_users,2026-04-24 11:00:00,push,True,2026-04-24 12:27:00,False,
2524,8,68,50074873,all_users,2026-04-24 17:00:00,push,False,,False,
2525,8,603,50074873,all_users,2026-04-26 09:00:00,push,False,,False,
2526,8,400,50074873,all_users,2026-04-24 10:00:00,push,False,,False,
2527,8,983,50074873,all_users,2026-04-26 19:00:00,push,False,,False,
2528,9,290,50044606,dormant_users,2026-05-15 19:00:00,push,True,2026-05-15 20:37:00,False,
2529,9,535,50044606,dormant_users,2026-05-10 09:00:00,in_app,False,,False,
2530,9,638,50044606,dormant_users,2026-05-14 13:00:00,push,False,,False,
2531,9,233,50044606,dormant_users,2026-05-10 20:00:00,push,False,,False,
2532,9,612,50044606,dormant_users,2026-05-12 12:00:00,email,True,2026-05-12 12:51:00,False,
2533,9,447,50044606,dormant_users,2026-05-13 20:00:00,email,False,,False,
2534,9,357,50044606,dormant_users,2026-05-15 19:00:00,email,False,,False,
2535,9,129,50044606,dormant_users,2026-05-11 20:00:00,push,False,,False,
2536,9,996,50044606,dormant_users,2026-05-12 11:00:00,push,False,,False,
2537,9,386,50044606,dormant_users,2026-05-13 14:00:00,push,False,,False,
2538,9,106,50044606,dormant_users,2026-05-11 20:00:00,in_app,True,2026-05-11 21:57:00,False,
2539,9,264,50044606,dormant_users,2026-05-13 09:00:00,push,False,,False,
2540,9,719,50044606,dormant_users,2026-05-10 12:00:00,in_app,False,,False,
2541,9,980,50044606,dormant_users,2026-05-12 18:00:00,push,False,,False,
2542,9,827,50044606,dormant_users,2026-05-15 11:00:00,push,False,,False,
2543,9,173,50044606,dormant_users,2026-05-11 09:00:00,in_app,False,,False,
2544,9,624,50044606,dormant_users,2026-05-12 20:00:00,push,False,,False,
2545,9,156,50044606,dormant_users,2026-05-11 14:00:00,push,False,,False,
2546,9,94,50044606,dormant_users,2026-05-15 16:00:00,email,False,,False,
2547,9,306,50044606,dormant_users,2026-05-12 19:00:00,in_app,False,,False,
2548,9,558,50044606,dormant_users,2026-05-11 19:00:00,email,False,,False,
2549,9,71,50044606,dormant_users,2026-05-10 19:00:00,email,False,,False,
2550,9,604,50044606,dormant_users,2026-05-11 18:00:00,in_app,False,,False,
2551,9,847,50044606,dormant_users,2026-05-15 14:00:00,push,True,2026-05-15 16:15:00,False,
2552,9,721,50044606,dormant_users,2026-05-15 18:00:00,push,False,,False,
2553,9,446,50044606,dormant_users,2026-05-12 18:00:00,push,True,2026-05-12 19:30:00,False,
2554,9,597,50044606,dormant_users,2026-05-15 14:00:00,email,False,,False,
2555,9,701,50044606,dormant_users,2026-05-10 16:00:00,push,False,,False,
2556,9,561,50044606,dormant_users,2026-05-13 16:00:00,in_app,True,2026-05-13 18:00:00,False,
2557,9,662,50044606,dormant_users,2026-05-15 18:00:00,email,False,,False,
2558,9,513,50044606,dormant_users,2026-05-15 13:00:00,in_app,False,,False,
2559,9,708,50044606,dormant_users,2026-05-15 19:00:00,email,True,2026-05-15 21:29:00,False,
2560,9,822,50044606,dormant_users,2026-05-11 09:00:00,push,False,,False,
2561,9,926,50044606,dormant_users,2026-05-14 20:00:00,in_app,False,,False,
2562,9,451,50044606,dormant_users,2026-05-15 15:00:00,in_app,False,,False,
2563,9,395,50044606,dormant_users,2026-05-13 20:00:00,push,False,,False,
2564,9,237,50044606,dormant_users,2026-05-14 12:00:00,push,False,,False,
2565,9,759,50044606,dormant_users,2026-05-15 20:00:00,email,False,,False,
2566,9,251,50044606,dormant_users,2026-05-12 16:00:00,in_app,False,,False,
2567,9,589,50044606,dormant_users,2026-05-15 16:00:00,email,True,2026-05-15 16:35:00,False,
2568,9,527,50044606,dormant_users,2026-05-14 14:00:00,email,False,,False,
2569,9,400,50044606,dormant_users,2026-05-11 11:00:00,push,False,,False,
2570,9,361,50044606,dormant_users,2026-05-15 15:00:00,push,False,,False,
2571,9,942,50044606,dormant_users,2026-05-15 12:00:00,in_app,False,,False,
2572,9,841,50044606,dormant_users,2026-05-15 15:00:00,push,False,,False,
2573,9,474,50044606,dormant_users,2026-05-11 09:00:00,in_app,True,2026-05-11 10:54:00,False,
2574,9,619,50044606,dormant_users,2026-05-11 11:00:00,push,False,,False,
2575,9,183,50044606,dormant_users,2026-05-14 13:00:00,push,False,,False,
2576,9,598,50044606,dormant_users,2026-05-11 16:00:00,email,False,,False,
2577,9,934,50044606,dormant_users,2026-05-15 20:00:00,push,False,,False,
2578,9,964,50044606,dormant_users,2026-05-15 19:00:00,in_app,False,,False,
2579,9,653,50044606,dormant_users,2026-05-12 15:00:00,push,False,,False,
2580,9,972,50044606,dormant_users,2026-05-13 09:00:00,push,False,,False,
2581,9,531,50044606,dormant_users,2026-05-14 10:00:00,email,False,,False,
2582,9,260,50044606,dormant_users,2026-05-10 16:00:00,push,False,,False,
2583,9,449,50044606,dormant_users,2026-05-11 09:00:00,email,True,2026-05-11 11:15:00,False,
2584,9,311,50044606,dormant_users,2026-05-14 13:00:00,in_app,False,,False,
2585,9,560,50044606,dormant_users,2026-05-14 15:00:00,in_app,False,,False,
2586,9,496,50044606,dormant_users,2026-05-12 10:00:00,email,False,,False,
2587,9,508,50044606,dormant_users,2026-05-14 13:00:00,in_app,False,,False,
2588,9,670,50044606,dormant_users,2026-05-14 15:00:00,push,True,2026-05-14 16:25:00,False,
2589,9,209,50044606,dormant_users,2026-05-11 10:00:00,push,False,,False,
2590,9,478,50044606,dormant_users,2026-05-13 13:00:00,email,True,2026-05-13 13:21:00,False,
2591,9,195,50044606,dormant_users,2026-05-13 19:00:00,push,False,,False,
2592,9,788,50044606,dormant_users,2026-05-12 20:00:00,in_app,False,,False,
2593,9,304,50044606,dormant_users,2026-05-10 20:00:00,in_app,True,2026-05-10 20:15:00,False,
2594,9,904,50044606,dormant_users,2026-05-11 10:00:00,push,False,,False,
2595,9,556,50044606,dormant_users,2026-05-11 15:00:00,in_app,False,,False,
2596,9,32,50044606,dormant_users,2026-05-13 18:00:00,email,False,,False,
2597,9,700,50044606,dormant_users,2026-05-14 10:00:00,email,True,2026-05-14 12:13:00,False,
2598,9,728,50044606,dormant_users,2026-05-13 15:00:00,push,False,,False,
2599,9,724,50044606,dormant_users,2026-05-10 15:00:00,email,False,,False,
2600,9,82,50044606,dormant_users,2026-05-13 13:00:00,in_app,False,,False,
2601,9,738,50044606,dormant_users,2026-05-11 13:00:00,push,False,,False,
2602,9,765,50044606,dormant_users,2026-05-15 15:00:00,push,False,,False,
2603,9,111,50044606,dormant_users,2026-05-14 17:00:00,in_app,False,,False,
2604,9,666,50044606,dormant_users,2026-05-11 10:00:00,in_app,False,,False,
2605,9,108,50044606,dormant_users,2026-05-10 20:00:00,push,False,,False,
2606,9,13,50044606,dormant_users,2026-05-12 10:00:00,in_app,False,,False,
2607,9,627,50044606,dormant_users,2026-05-13 19:00:00,push,False,,False,
2608,9,702,50044606,dormant_users,2026-05-15 09:00:00,push,False,,False,
2609,9,221,50044606,dormant_users,2026-05-13 18:00:00,push,False,,False,
2610,9,776,50044606,dormant_users,2026-05-11 09:00:00,push,False,,False,
2611,9,731,50044606,dormant_users,2026-05-12 18:00:00,push,True,2026-05-12 18:52:00,False,
2612,9,635,50044606,dormant_users,2026-05-13 16:00:00,push,False,,False,
2613,9,337,50044606,dormant_users,2026-05-14 18:00:00,in_app,True,2026-05-14 19:10:00,False,
2614,9,689,50044606,dormant_users,2026-05-13 17:00:00,push,False,,False,
2615,9,83,50044606,dormant_users,2026-05-13 18:00:00,push,False,,False,
2616,9,374,50044606,dormant_users,2026-05-14 12:00:00,push,False,,False,
2617,9,963,50044606,dormant_users,2026-05-15 14:00:00,push,True,2026-05-15 15:34:00,False,
2618,9,409,50044606,dormant_users,2026-05-12 10:00:00,push,True,2026-05-12 11:00:00,False,
2619,9,654,50044606,dormant_users,2026-05-13 16:00:00,email,False,,False,
2620,9,630,50044606,dormant_users,2026-05-15 11:00:00,email,True,2026-05-15 13:56:00,False,
2621,9,376,50044606,dormant_users,2026-05-15 13:00:00,email,False,,False,
2622,9,550,50044606,dormant_users,2026-05-11 16:00:00,push,False,,False,
2623,9,232,50044606,dormant_users,2026-05-13 12:00:00,email,True,2026-05-13 14:56:00,False,
2624,9,540,50044606,dormant_users,2026-05-14 10:00:00,push,False,,False,
2625,9,960,50044606,dormant_users,2026-05-11 15:00:00,email,False,,False,
2626,9,519,50044606,dormant_users,2026-05-10 18:00:00,in_app,False,,False,
2627,9,498,50044606,dormant_users,2026-05-14 13:00:00,email,False,,False,
2628,9,378,50044606,dormant_users,2026-05-14 16:00:00,email,False,,False,
2629,9,620,50044606,dormant_users,2026-05-15 11:00:00,email,True,2026-05-15 11:09:00,False,
2630,9,358,50044606,dormant_users,2026-05-14 12:00:00,push,False,,False,
2631,9,736,50044606,dormant_users,2026-05-14 16:00:00,email,False,,False,
2632,9,874,50044606,dormant_users,2026-05-12 19:00:00,push,False,,False,
2633,9,539,50044606,dormant_users,2026-05-10 17:00:00,push,False,,False,
2634,9,880,50044606,dormant_users,2026-05-12 14:00:00,push,True,2026-05-12 15:51:00,False,
2635,9,596,50044606,dormant_users,2026-05-15 20:00:00,email,False,,False,
2636,9,213,50044606,dormant_users,2026-05-13 12:00:00,email,False,,False,
2637,9,543,50044606,dormant_users,2026-05-15 09:00:00,push,False,,False,
2638,9,803,50044606,dormant_users,2026-05-11 20:00:00,push,False,,False,
2639,9,396,50044606,dormant_users,2026-05-12 09:00:00,push,False,,False,
2640,9,639,50044606,dormant_users,2026-05-13 19:00:00,in_app,False,,False,
2641,9,970,50044606,dormant_users,2026-05-14 11:00:00,push,False,,False,
2642,9,933,50044606,dormant_users,2026-05-11 10:00:00,in_app,False,,False,
2643,9,680,50044606,dormant_users,2026-05-11 12:00:00,email,False,,False,
2644,9,470,50044606,dormant_users,2026-05-15 19:00:00,push,False,,False,
2645,9,210,50044606,dormant_users,2026-05-11 15:00:00,email,False,,False,
2646,9,766,50044606,dormant_users,2026-05-15 15:00:00,in_app,False,,False,
2647,9,829,50044606,dormant_users,2026-05-12 16:00:00,push,False,,False,
2648,9,915,50044606,dormant_users,2026-05-10 10:00:00,push,False,,False,
2649,9,461,50044606,dormant_users,2026-05-14 10:00:00,in_app,False,,False,
2650,9,487,50044606,dormant_users,2026-05-15 17:00:00,push,False,,False,
2651,9,888,50044606,dormant_users,2026-05-14 10:00:00,in_app,False,,False,
2652,9,416,50044606,dormant_users,2026-05-10 18:00:00,email,False,,False,
2653,9,562,50044606,dormant_users,2026-05-14 19:00:00,push,False,,False,
2654,9,269,50044606,dormant_users,2026-05-13 13:00:00,email,False,,False,
2655,9,522,50044606,dormant_users,2026-05-12 20:00:00,push,False,,False,
2656,9,723,50044606,dormant_users,2026-05-11 19:00:00,email,False,,False,
2657,9,40,50044606,dormant_users,2026-05-12 13:00:00,push,False,,False,
2658,9,502,50044606,dormant_users,2026-05-14 13:00:00,email,False,,False,
2659,9,159,50044606,dormant_users,2026-05-10 14:00:00,email,False,,False,
2660,9,781,50044606,dormant_users,2026-05-14 11:00:00,email,False,,False,
2661,9,401,50044606,dormant_users,2026-05-11 16:00:00,email,False,,False,
2662,9,532,50044606,dormant_users,2026-05-14 19:00:00,push,False,,False,
2663,9,433,50044606,dormant_users,2026-05-14 14:00:00,push,False,,False,
2664,9,81,50044606,dormant_users,2026-05-14 09:00:00,push,False,,False,
2665,9,281,50044606,dormant_users,2026-05-14 10:00:00,push,True,2026-05-14 11:27:00,False,
2666,9,572,50044606,dormant_users,2026-05-13 19:00:00,in_app,False,,False,
2667,9,182,50044606,dormant_users,2026-05-12 10:00:00,push,False,,False,
2668,9,369,50044606,dormant_users,2026-05-13 18:00:00,in_app,False,,False,
2669,9,908,50044606,dormant_users,2026-05-13 16:00:00,in_app,False,,False,
2670,9,477,50044606,dormant_users,2026-05-11 19:00:00,in_app,False,,False,
2671,9,344,50044606,dormant_users,2026-05-15 18:00:00,push,True,2026-05-15 18:43:00,False,
2672,10,921,50181305,all_users,2026-04-23 16:00:00,push,False,,False,
2673,10,101,50181305,all_users,2026-04-20 16:00:00,push,False,,False,
2674,10,262,50181305,all_users,2026-04-23 10:00:00,email,False,,False,
2675,10,323,50181305,all_users,2026-04-22 14:00:00,push,True,2026-04-22 15:09:00,False,
2676,10,35,50181305,all_users,2026-04-22 12:00:00,email,False,,False,
2677,10,622,50181305,all_users,2026-04-23 20:00:00,email,False,,False,
2678,10,9,50181305,all_users,2026-04-21 19:00:00,push,False,,False,
2679,10,180,50181305,all_users,2026-04-20 17:00:00,push,False,,False,
2680,10,441,50181305,all_users,2026-04-25 17:00:00,push,False,,False,
2681,10,97,50181305,all_users,2026-04-21 09:00:00,email,False,,False,
2682,10,843,50181305,all_users,2026-04-23 15:00:00,in_app,False,,False,
2683,10,974,50181305,all_users,2026-04-20 12:00:00,push,False,,False,
2684,10,636,50181305,all_users,2026-04-21 10:00:00,push,False,,False,
2685,10,492,50181305,all_users,2026-04-23 13:00:00,push,False,,False,
2686,10,789,50181305,all_users,2026-04-23 10:00:00,email,False,,False,
2687,10,72,50181305,all_users,2026-04-25 11:00:00,push,False,,False,
2688,10,767,50181305,all_users,2026-04-20 19:00:00,push,False,,False,
2689,10,246,50181305,all_users,2026-04-24 13:00:00,push,False,,False,
2690,10,452,50181305,all_users,2026-04-22 12:00:00,in_app,True,2026-04-22 14:52:00,False,
2691,10,546,50181305,all_users,2026-04-21 13:00:00,push,False,,False,
2692,10,466,50181305,all_users,2026-04-23 19:00:00,push,False,,False,
2693,10,386,50181305,all_users,2026-04-21 19:00:00,email,False,,False,
2694,10,462,50181305,all_users,2026-04-24 18:00:00,push,False,,False,
2695,10,252,50181305,all_users,2026-04-20 12:00:00,push,False,,False,
2696,10,369,50181305,all_users,2026-04-25 10:00:00,email,True,2026-04-25 11:49:00,False,
2697,10,277,50181305,all_users,2026-04-25 18:00:00,email,True,2026-04-25 19:46:00,False,
2698,10,823,50181305,all_users,2026-04-20 12:00:00,push,False,,False,
2699,10,142,50181305,all_users,2026-04-24 15:00:00,email,False,,False,
2700,10,248,50181305,all_users,2026-04-22 18:00:00,push,False,,False,
2701,10,145,50181305,all_users,2026-04-22 19:00:00,in_app,False,,False,
2702,10,674,50181305,all_users,2026-04-20 16:00:00,push,False,,False,
2703,10,782,50181305,all_users,2026-04-25 09:00:00,push,False,,False,
2704,10,85,50181305,all_users,2026-04-25 10:00:00,push,False,,False,
2705,10,74,50181305,all_users,2026-04-22 20:00:00,push,False,,False,
2706,10,340,50181305,all_users,2026-04-20 13:00:00,email,True,2026-04-20 15:40:00,False,
2707,10,517,50181305,all_users,2026-04-25 15:00:00,email,False,,False,
2708,10,58,50181305,all_users,2026-04-22 17:00:00,email,True,2026-04-22 17:33:00,False,
2709,10,944,50181305,all_users,2026-04-20 11:00:00,push,False,,False,
2710,10,127,50181305,all_users,2026-04-20 12:00:00,email,False,,False,
2711,10,344,50181305,all_users,2026-04-23 09:00:00,email,True,2026-04-23 10:06:00,False,
2712,10,826,50181305,all_users,2026-04-25 20:00:00,push,False,,False,
2713,10,716,50181305,all_users,2026-04-21 15:00:00,in_app,False,,False,
2714,10,871,50181305,all_users,2026-04-24 13:00:00,push,False,,False,
2715,10,402,50181305,all_users,2026-04-22 20:00:00,email,False,,False,
2716,10,861,50181305,all_users,2026-04-24 18:00:00,push,False,,False,
2717,10,756,50181305,all_users,2026-04-23 16:00:00,email,False,,False,
2718,10,341,50181305,all_users,2026-04-23 12:00:00,push,True,2026-04-23 14:11:00,False,
2719,10,500,50181305,all_users,2026-04-24 09:00:00,email,True,2026-04-24 11:05:00,False,
2720,10,396,50181305,all_users,2026-04-22 17:00:00,email,False,,False,
2721,10,888,50181305,all_users,2026-04-20 18:00:00,push,True,2026-04-20 18:33:00,False,
2722,10,493,50181305,all_users,2026-04-23 14:00:00,in_app,True,2026-04-23 14:22:00,False,
2723,10,10,50181305,all_users,2026-04-23 10:00:00,push,True,2026-04-23 11:16:00,False,
2724,10,880,50181305,all_users,2026-04-22 18:00:00,email,False,,False,
2725,10,957,50181305,all_users,2026-04-23 20:00:00,email,False,,False,
2726,10,673,50181305,all_users,2026-04-20 10:00:00,push,False,,False,
2727,10,559,50181305,all_users,2026-04-20 12:00:00,push,False,,False,
2728,10,173,50181305,all_users,2026-04-23 12:00:00,push,False,,False,
2729,10,103,50181305,all_users,2026-04-24 13:00:00,in_app,False,,False,
2730,10,220,50181305,all_users,2026-04-23 18:00:00,push,False,,False,
2731,10,516,50181305,all_users,2026-04-22 13:00:00,push,False,,False,
2732,10,621,50181305,all_users,2026-04-25 20:00:00,email,False,,False,
2733,10,123,50181305,all_users,2026-04-24 10:00:00,push,False,,False,
2734,10,533,50181305,all_users,2026-04-21 17:00:00,in_app,False,,False,
2735,10,939,50181305,all_users,2026-04-22 12:00:00,push,False,,False,
2736,10,707,50181305,all_users,2026-04-23 16:00:00,push,False,,False,
2737,10,100,50181305,all_users,2026-04-23 12:00:00,push,False,,False,
2738,10,94,50181305,all_users,2026-04-22 09:00:00,email,False,,False,
2739,10,223,50181305,all_users,2026-04-25 11:00:00,email,False,,False,
2740,10,226,50181305,all_users,2026-04-24 10:00:00,push,False,,False,
2741,10,473,50181305,all_users,2026-04-22 19:00:00,push,False,,False,
2742,10,918,50181305,all_users,2026-04-21 20:00:00,push,False,,False,
2743,10,192,50181305,all_users,2026-04-23 13:00:00,in_app,True,2026-04-23 15:10:00,False,
2744,10,291,50181305,all_users,2026-04-22 18:00:00,email,False,,False,
2745,10,813,50181305,all_users,2026-04-20 17:00:00,email,False,,False,
2746,10,638,50181305,all_users,2026-04-20 13:00:00,push,False,,False,
2747,10,540,50181305,all_users,2026-04-20 17:00:00,push,False,,False,
2748,10,978,50181305,all_users,2026-04-21 18:00:00,push,False,,False,
2749,10,401,50181305,all_users,2026-04-22 12:00:00,email,False,,False,
2750,10,804,50181305,all_users,2026-04-20 17:00:00,push,False,,False,
2751,10,584,50181305,all_users,2026-04-21 12:00:00,in_app,False,,False,
2752,10,36,50181305,all_users,2026-04-21 14:00:00,push,False,,False,
2753,10,96,50181305,all_users,2026-04-25 15:00:00,email,False,,False,
2754,10,738,50181305,all_users,2026-04-20 19:00:00,push,False,,False,
2755,10,417,50181305,all_users,2026-04-25 10:00:00,email,False,,False,
2756,10,625,50181305,all_users,2026-04-25 17:00:00,email,False,,False,
2757,10,781,50181305,all_users,2026-04-22 18:00:00,email,False,,False,
2758,10,808,50181305,all_users,2026-04-22 13:00:00,email,False,,False,
2759,10,822,50181305,all_users,2026-04-20 15:00:00,push,False,,False,
2760,10,787,50181305,all_users,2026-04-25 12:00:00,in_app,False,,False,
2761,10,407,50181305,all_users,2026-04-22 16:00:00,push,False,,False,
2762,10,671,50181305,all_users,2026-04-24 15:00:00,push,False,,False,
2763,10,907,50181305,all_users,2026-04-23 13:00:00,in_app,False,,False,
2764,10,296,50181305,all_users,2026-04-22 09:00:00,push,False,,False,
2765,10,391,50181305,all_users,2026-04-23 16:00:00,push,False,,False,
2766,10,301,50181305,all_users,2026-04-23 18:00:00,push,False,,False,
2767,10,905,50181305,all_users,2026-04-23 09:00:00,in_app,True,2026-04-23 10:02:00,False,
2768,10,702,50181305,all_users,2026-04-23 13:00:00,push,False,,False,
2769,10,495,50181305,all_users,2026-04-25 13:00:00,push,False,,False,
2770,10,302,50181305,all_users,2026-04-23 18:00:00,push,False,,False,
2771,10,317,50181305,all_users,2026-04-21 17:00:00,in_app,False,,False,
2772,10,110,50181305,all_users,2026-04-22 13:00:00,in_app,False,,False,
2773,10,869,50181305,all_users,2026-04-25 10:00:00,push,False,,False,
2774,10,569,50181305,all_users,2026-04-22 10:00:00,push,True,2026-04-22 10:06:00,False,
2775,10,802,50181305,all_users,2026-04-21 14:00:00,push,False,,False,
2776,10,349,50181305,all_users,2026-04-20 11:00:00,in_app,False,,False,
2777,10,284,50181305,all_users,2026-04-23 15:00:00,push,False,,False,
2778,10,1000,50181305,all_users,2026-04-23 18:00:00,email,False,,False,
2779,10,28,50181305,all_users,2026-04-24 13:00:00,in_app,False,,False,
2780,10,367,50181305,all_users,2026-04-21 11:00:00,push,False,,False,
2781,10,885,50181305,all_users,2026-04-21 12:00:00,in_app,False,,False,
2782,10,358,50181305,all_users,2026-04-25 18:00:00,push,False,,False,
2783,10,864,50181305,all_users,2026-04-22 15:00:00,push,False,,False,
2784,10,331,50181305,all_users,2026-04-24 18:00:00,push,False,,False,
2785,10,535,50181305,all_users,2026-04-24 14:00:00,push,True,2026-04-24 15:12:00,False,
2786,10,728,50181305,all_users,2026-04-22 18:00:00,push,False,,False,
2787,10,690,50181305,all_users,2026-04-20 17:00:00,email,False,,False,
2788,10,825,50181305,all_users,2026-04-22 15:00:00,email,False,,False,
2789,10,327,50181305,all_users,2026-04-22 13:00:00,push,False,,False,
2790,10,109,50181305,all_users,2026-04-23 15:00:00,push,False,,False,
2791,10,279,50181305,all_users,2026-04-24 20:00:00,in_app,True,2026-04-24 22:53:00,False,
2792,10,686,50181305,all_users,2026-04-23 20:00:00,email,False,,False,
2793,10,785,50181305,all_users,2026-04-21 12:00:00,email,False,,False,
2794,10,525,50181305,all_users,2026-04-21 11:00:00,push,True,2026-04-21 13:53:00,False,
2795,10,379,50181305,all_users,2026-04-23 13:00:00,push,False,,False,
2796,10,442,50181305,all_users,2026-04-23 16:00:00,push,False,,False,
2797,10,757,50181305,all_users,2026-04-25 10:00:00,push,False,,False,
2798,10,694,50181305,all_users,2026-04-22 14:00:00,email,False,,False,
2799,10,832,50181305,all_users,2026-04-21 14:00:00,email,False,,False,
2800,10,723,50181305,all_users,2026-04-24 19:00:00,in_app,False,,False,
2801,10,240,50181305,all_users,2026-04-23 12:00:00,push,True,2026-04-23 12:17:00,False,
2802,10,51,50181305,all_users,2026-04-24 18:00:00,push,True,2026-04-24 20:04:00,False,
2803,10,923,50181305,all_users,2026-04-23 15:00:00,push,False,,False,
2804,10,77,50181305,all_users,2026-04-23 20:00:00,in_app,False,,False,
2805,10,449,50181305,all_users,2026-04-21 17:00:00,push,False,,False,
2806,10,216,50181305,all_users,2026-04-22 13:00:00,push,False,,False,
2807,10,459,50181305,all_users,2026-04-25 20:00:00,email,False,,False,
2808,10,976,50181305,all_users,2026-04-24 16:00:00,email,False,,False,
2809,10,455,50181305,all_users,2026-04-22 19:00:00,email,False,,False,
2810,10,710,50181305,all_users,2026-04-21 10:00:00,push,False,,False,
2811,10,749,50181305,all_users,2026-04-23 16:00:00,push,False,,False,
2812,10,743,50181305,all_users,2026-04-20 13:00:00,push,True,2026-04-20 14:26:00,False,
2813,10,354,50181305,all_users,2026-04-21 18:00:00,email,False,,False,
2814,10,16,50181305,all_users,2026-04-21 18:00:00,push,False,,False,
2815,10,708,50181305,all_users,2026-04-23 15:00:00,email,False,,False,
2816,10,484,50181305,all_users,2026-04-24 14:00:00,push,True,2026-04-24 14:18:00,False,
2817,10,350,50181305,all_users,2026-04-21 19:00:00,in_app,False,,False,
2818,10,681,50181305,all_users,2026-04-24 14:00:00,push,False,,False,
2819,10,968,50181305,all_users,2026-04-20 16:00:00,push,True,2026-04-20 18:36:00,False,
2820,10,926,50181305,all_users,2026-04-21 16:00:00,email,False,,False,
2821,10,416,50181305,all_users,2026-04-21 12:00:00,email,False,,False,
2822,10,927,50181305,all_users,2026-04-22 20:00:00,email,False,,False,
2823,10,479,50181305,all_users,2026-04-25 16:00:00,in_app,False,,False,
2824,10,121,50181305,all_users,2026-04-23 11:00:00,push,False,,False,
2825,10,60,50181305,all_users,2026-04-21 16:00:00,push,True,2026-04-21 17:20:00,False,
2826,10,423,50181305,all_users,2026-04-22 17:00:00,email,False,,False,
2827,10,611,50181305,all_users,2026-04-21 11:00:00,in_app,False,,False,
2828,10,105,50181305,all_users,2026-04-24 16:00:00,email,False,,False,
2829,10,867,50181305,all_users,2026-04-21 15:00:00,push,False,,False,
2830,10,328,50181305,all_users,2026-04-24 09:00:00,in_app,False,,False,
2831,10,689,50181305,all_users,2026-04-22 14:00:00,in_app,False,,False,
2832,10,819,50181305,all_users,2026-04-21 09:00:00,push,False,,False,
2833,10,482,50181305,all_users,2026-04-23 12:00:00,email,True,2026-04-23 13:55:00,False,
2834,10,470,50181305,all_users,2026-04-23 11:00:00,push,False,,False,
2835,10,63,50181305,all_users,2026-04-24 12:00:00,push,False,,False,
2836,10,898,50181305,all_users,2026-04-25 18:00:00,email,False,,False,
2837,10,25,50181305,all_users,2026-04-20 18:00:00,push,True,2026-04-20 18:57:00,False,
2838,10,294,50181305,all_users,2026-04-20 11:00:00,email,False,,False,
2839,10,985,50181305,all_users,2026-04-21 18:00:00,email,False,,False,
2840,10,389,50181305,all_users,2026-04-20 20:00:00,email,False,,False,
2841,10,224,50181305,all_users,2026-04-21 09:00:00,push,False,,False,
2842,10,884,50181305,all_users,2026-04-23 18:00:00,email,False,,False,
2843,10,768,50181305,all_users,2026-04-24 19:00:00,email,True,2026-04-24 19:31:00,False,
2844,10,318,50181305,all_users,2026-04-23 15:00:00,in_app,False,,False,
2845,10,987,50181305,all_users,2026-04-20 19:00:00,in_app,True,2026-04-20 20:24:00,False,
2846,10,194,50181305,all_users,2026-04-22 19:00:00,in_app,True,2026-04-22 19:38:00,False,
2847,10,928,50181305,all_users,2026-04-22 19:00:00,push,False,,False,
2848,10,143,50181305,all_users,2026-04-21 16:00:00,push,True,2026-04-21 17:00:00,False,
2849,10,364,50181305,all_users,2026-04-25 13:00:00,push,True,2026-04-25 13:34:00,False,
2850,10,754,50181305,all_users,2026-04-22 14:00:00,push,True,2026-04-22 15:47:00,False,
2851,10,626,50181305,all_users,2026-04-22 19:00:00,push,False,,False,
2852,10,999,50181305,all_users,2026-04-20 15:00:00,push,False,,False,
2853,10,187,50181305,all_users,2026-04-22 12:00:00,email,False,,False,
2854,10,430,50181305,all_users,2026-04-24 19:00:00,email,False,,False,
2855,10,868,50181305,all_users,2026-04-25 14:00:00,push,False,,False,
2856,10,874,50181305,all_users,2026-04-20 17:00:00,email,False,,False,
2857,10,418,50181305,all_users,2026-04-23 10:00:00,push,True,2026-04-23 11:42:00,False,
2858,10,641,50181305,all_users,2026-04-23 13:00:00,in_app,False,,False,
2859,10,956,50181305,all_users,2026-04-20 09:00:00,in_app,False,,False,
2860,10,181,50181305,all_users,2026-04-22 15:00:00,email,False,,False,
2861,10,131,50181305,all_users,2026-04-24 13:00:00,push,False,,False,
2862,10,82,50181305,all_users,2026-04-24 18:00:00,push,False,,False,
2863,10,152,50181305,all_users,2026-04-24 10:00:00,email,False,,False,
2864,10,486,50181305,all_users,2026-04-23 16:00:00,email,False,,False,
2865,10,38,50181305,all_users,2026-04-25 20:00:00,push,True,2026-04-25 22:48:00,False,
2866,10,604,50181305,all_users,2026-04-25 11:00:00,push,True,2026-04-25 12:17:00,False,
2867,10,144,50181305,all_users,2026-04-24 11:00:00,push,False,,False,
2868,10,104,50181305,all_users,2026-04-21 11:00:00,email,False,,False,
2869,10,24,50181305,all_users,2026-04-22 10:00:00,email,False,,False,
2870,10,326,50181305,all_users,2026-04-25 20:00:00,push,False,,False,
2871,10,870,50181305,all_users,2026-04-20 10:00:00,push,False,,False,
2872,10,200,50181305,all_users,2026-04-20 20:00:00,push,False,,False,
2873,10,769,50181305,all_users,2026-04-22 19:00:00,push,False,,False,
2874,10,661,50181305,all_users,2026-04-22 16:00:00,push,False,,False,
2875,10,796,50181305,all_users,2026-04-20 18:00:00,email,False,,False,
2876,10,31,50181305,all_users,2026-04-21 16:00:00,email,False,,False,
2877,10,950,50181305,all_users,2026-04-22 10:00:00,push,False,,False,
2878,10,989,50181305,all_users,2026-04-23 20:00:00,in_app,False,,False,
2879,10,811,50181305,all_users,2026-04-21 10:00:00,push,False,,False,
2880,10,361,50181305,all_users,2026-04-22 13:00:00,push,False,,False,
2881,10,515,50181305,all_users,2026-04-23 12:00:00,in_app,False,,False,
2882,10,891,50181305,all_users,2026-04-22 17:00:00,email,False,,False,
2883,10,541,50181305,all_users,2026-04-23 10:00:00,in_app,False,,False,
2884,10,618,50181305,all_users,2026-04-21 17:00:00,email,True,2026-04-21 19:39:00,False,
2885,10,168,50181305,all_users,2026-04-23 11:00:00,push,False,,False,
2886,10,56,50181305,all_users,2026-04-22 15:00:00,in_app,False,,False,
2887,10,147,50181305,all_users,2026-04-20 11:00:00,push,False,,False,
2888,10,440,50181305,all_users,2026-04-20 16:00:00,in_app,True,2026-04-20 18:03:00,False,
2889,10,998,50181305,all_users,2026-04-22 12:00:00,push,False,,False,
2890,10,969,50181305,all_users,2026-04-21 16:00:00,push,True,2026-04-21 18:20:00,False,
2891,10,249,50181305,all_users,2026-04-25 16:00:00,push,True,2026-04-25 17:57:00,False,
2892,10,497,50181305,all_users,2026-04-25 16:00:00,in_app,False,,False,
2893,10,606,50181305,all_users,2026-04-22 09:00:00,email,True,2026-04-22 11:20:00,False,
2894,10,447,50181305,all_users,2026-04-22 13:00:00,push,False,,False,
2895,10,856,50181305,all_users,2026-04-22 11:00:00,push,False,,False,
2896,10,93,50181305,all_users,2026-04-21 10:00:00,email,False,,False,
2897,10,415,50181305,all_users,2026-04-20 14:00:00,push,False,,False,
2898,10,15,50181305,all_users,2026-04-22 18:00:00,in_app,False,,False,
2899,10,897,50181305,all_users,2026-04-24 13:00:00,in_app,True,2026-04-24 14:24:00,False,
2900,10,900,50181305,all_users,2026-04-24 20:00:00,push,False,,False,
2901,10,646,50181305,all_users,2026-04-20 16:00:00,push,False,,False,
2902,10,268,50181305,all_users,2026-04-22 18:00:00,push,False,,False,
2903,10,575,50181305,all_users,2026-04-23 19:00:00,push,False,,False,
2904,10,991,50181305,all_users,2026-04-25 14:00:00,push,False,,False,
2905,10,352,50181305,all_users,2026-04-25 11:00:00,push,False,,False,
2906,10,236,50181305,all_users,2026-04-22 15:00:00,email,True,2026-04-22 15:53:00,False,
2907,10,404,50181305,all_users,2026-04-23 15:00:00,email,False,,False,
2908,10,526,50181305,all_users,2026-04-22 15:00:00,push,False,,False,
2909,10,67,50181305,all_users,2026-04-21 12:00:00,push,False,,False,
2910,10,71,50181305,all_users,2026-04-23 10:00:00,push,True,2026-04-23 10:57:00,False,
2911,10,112,50181305,all_users,2026-04-23 11:00:00,email,False,,False,
2912,10,965,50181305,all_users,2026-04-25 12:00:00,push,False,,False,
2913,10,414,50181305,all_users,2026-04-23 19:00:00,in_app,False,,False,
2914,10,336,50181305,all_users,2026-04-22 09:00:00,email,False,,False,
2915,10,737,50181305,all_users,2026-04-20 11:00:00,push,False,,False,
2916,10,381,50181305,all_users,2026-04-25 10:00:00,push,False,,False,
2917,10,739,50181305,all_users,2026-04-25 14:00:00,push,False,,False,
2918,10,836,50181305,all_users,2026-04-24 10:00:00,in_app,False,,False,
2919,10,912,50181305,all_users,2026-04-20 10:00:00,push,False,,False,
2920,10,40,50181305,all_users,2026-04-23 20:00:00,push,False,,False,
2921,10,895,50181305,all_users,2026-04-23 19:00:00,email,False,,False,
2922,10,490,50181305,all_users,2026-04-21 16:00:00,push,False,,False,
2923,10,677,50181305,all_users,2026-04-20 12:00:00,in_app,False,,False,
2924,10,830,50181305,all_users,2026-04-24 17:00:00,push,False,,False,
2925,10,799,50181305,all_users,2026-04-25 15:00:00,push,False,,False,
2926,10,948,50181305,all_users,2026-04-24 12:00:00,push,False,,False,
2927,10,838,50181305,all_users,2026-04-21 19:00:00,push,False,,False,
2928,10,445,50181305,all_users,2026-04-24 09:00:00,email,False,,False,
2929,10,700,50181305,all_users,2026-04-22 14:00:00,email,False,,False,
2930,10,844,50181305,all_users,2026-04-24 12:00:00,push,False,,False,
2931,10,829,50181305,all_users,2026-04-22 20:00:00,email,False,,False,
2932,10,645,50181305,all_users,2026-04-20 13:00:00,in_app,False,,False,
2933,10,203,50181305,all_users,2026-04-23 14:00:00,in_app,True,2026-04-23 16:09:00,False,
2934,10,141,50181305,all_users,2026-04-24 14:00:00,email,False,,False,
2935,10,172,50181305,all_users,2026-04-23 09:00:00,push,False,,False,
2936,10,39,50181305,all_users,2026-04-25 16:00:00,push,False,,False,
2937,10,436,50181305,all_users,2026-04-24 15:00:00,in_app,False,,False,
2938,10,458,50181305,all_users,2026-04-25 11:00:00,push,False,,False,
2939,10,839,50181305,all_users,2026-04-25 11:00:00,push,False,,False,
2940,10,588,50181305,all_users,2026-04-23 18:00:00,push,False,,False,
2941,10,496,50181305,all_users,2026-04-25 20:00:00,push,False,,False,
2942,10,161,50181305,all_users,2026-04-22 14:00:00,push,False,,False,
2943,10,431,50181305,all_users,2026-04-24 17:00:00,email,True,2026-04-24 18:26:00,False,
2944,10,664,50181305,all_users,2026-04-24 11:00:00,email,False,,False,
2945,10,227,50181305,all_users,2026-04-25 10:00:00,in_app,False,,False,
2946,10,176,50181305,all_users,2026-04-25 16:00:00,push,False,,False,
2947,10,390,50181305,all_users,2026-04-23 16:00:00,push,True,2026-04-23 17:50:00,False,
2948,10,162,50181305,all_users,2026-04-21 16:00:00,email,True,2026-04-21 18:55:00,False,
2949,10,275,50181305,all_users,2026-04-22 15:00:00,email,True,2026-04-22 17:15:00,False,
2950,10,324,50181305,all_users,2026-04-24 09:00:00,email,False,,False,
2951,10,650,50181305,all_users,2026-04-23 10:00:00,push,False,,False,
2952,10,663,50181305,all_users,2026-04-22 16:00:00,push,False,,False,
2953,10,860,50181305,all_users,2026-04-22 14:00:00,email,False,,False,
2954,10,29,50181305,all_users,2026-04-22 14:00:00,push,False,,False,
2955,10,465,50181305,all_users,2026-04-24 09:00:00,in_app,False,,False,
2956,10,688,50181305,all_users,2026-04-22 19:00:00,push,False,,False,
2957,10,219,50181305,all_users,2026-04-20 17:00:00,push,False,,False,
2958,10,374,50181305,all_users,2026-04-21 09:00:00,in_app,False,,False,
2959,10,554,50181305,all_users,2026-04-25 09:00:00,in_app,False,,False,
2960,10,523,50181305,all_users,2026-04-20 20:00:00,in_app,False,,False,
2961,10,405,50181305,all_users,2026-04-21 12:00:00,in_app,False,,False,
2962,10,529,50181305,all_users,2026-04-20 11:00:00,email,False,,False,
2963,10,947,50181305,all_users,2026-04-21 14:00:00,push,True,2026-04-21 15:38:00,False,
2964,10,372,50181305,all_users,2026-04-20 09:00:00,in_app,False,,False,
2965,10,594,50181305,all_users,2026-04-20 14:00:00,push,False,,False,
2966,10,801,50181305,all_users,2026-04-22 11:00:00,in_app,True,2026-04-22 12:47:00,False,
2967,10,662,50181305,all_users,2026-04-25 10:00:00,push,False,,False,
2968,10,333,50181305,all_users,2026-04-20 16:00:00,push,True,2026-04-20 18:29:00,False,
2969,10,287,50181305,all_users,2026-04-23 11:00:00,in_app,False,,False,
2970,10,247,50181305,all_users,2026-04-21 11:00:00,push,True,2026-04-21 13:51:00,False,
2971,10,26,50181305,all_users,2026-04-25 16:00:00,in_app,False,,False,
2972,10,388,50181305,all_users,2026-04-22 13:00:00,email,False,,False,
2973,10,835,50181305,all_users,2026-04-20 15:00:00,email,False,,False,
2974,10,83,50181305,all_users,2026-04-22 14:00:00,push,False,,False,
2975,10,45,50181305,all_users,2026-04-24 14:00:00,email,False,,False,
2976,10,791,50181305,all_users,2026-04-25 18:00:00,in_app,False,,False,
2977,10,117,50181305,all_users,2026-04-20 17:00:00,push,False,,False,
2978,10,64,50181305,all_users,2026-04-24 09:00:00,push,False,,False,
2979,10,461,50181305,all_users,2026-04-21 13:00:00,push,False,,False,
2980,10,276,50181305,all_users,2026-04-25 11:00:00,email,False,,False,
2981,10,890,50181305,all_users,2026-04-23 20:00:00,push,False,,False,
2982,10,57,50181305,all_users,2026-04-24 19:00:00,push,False,,False,
2983,10,982,50181305,all_users,2026-04-24 09:00:00,email,False,,False,
2984,10,599,50181305,all_users,2026-04-20 16:00:00,in_app,False,,False,
2985,10,725,50181305,all_users,2026-04-23 12:00:00,push,False,,False,
2986,10,665,50181305,all_users,2026-04-25 20:00:00,in_app,False,,False,
2987,10,988,50181305,all_users,2026-04-22 18:00:00,push,False,,False,
2988,10,222,50181305,all_users,2026-04-22 17:00:00,email,False,,False,
2989,10,882,50181305,all_users,2026-04-25 18:00:00,push,False,,False,
2990,10,536,50181305,all_users,2026-04-20 16:00:00,push,False,,False,
2991,10,357,50181305,all_users,2026-04-21 17:00:00,email,False,,False,
2992,10,545,50181305,all_users,2026-04-23 10:00:00,email,False,,False,
2993,10,892,50181305,all_users,2026-04-25 14:00:00,push,False,,False,
2994,10,693,50181305,all_users,2026-04-23 13:00:00,email,False,,False,
2995,10,158,50181305,all_users,2026-04-25 16:00:00,push,False,,False,
2996,10,770,50181305,all_users,2026-04-22 19:00:00,email,True,2026-04-22 20:54:00,False,
2997,10,872,50181305,all_users,2026-04-23 13:00:00,email,False,,False,
2998,10,314,50181305,all_users,2026-04-21 14:00:00,push,False,,False,
2999,10,524,50181305,all_users,2026-04-23 12:00:00,push,False,,False,
3000,10,102,50181305,all_users,2026-04-20 11:00:00,push,False,,False,
3001,10,619,50181305,all_users,2026-04-23 14:00:00,push,False,,False,
3002,10,343,50181305,all_users,2026-04-21 11:00:00,push,False,,False,
3003,10,135,50181305,all_users,2026-04-21 17:00:00,in_app,True,2026-04-21 17:27:00,False,
3004,10,623,50181305,all_users,2026-04-20 18:00:00,push,True,2026-04-20 20:02:00,False,
3005,10,824,50181305,all_users,2026-04-20 12:00:00,push,False,,False,
3006,10,658,50181305,all_users,2026-04-25 18:00:00,email,False,,False,
3007,10,91,50181305,all_users,2026-04-22 13:00:00,email,False,,False,
3008,10,512,50181305,all_users,2026-04-25 16:00:00,in_app,True,2026-04-25 18:20:00,False,
3009,10,794,50181305,all_users,2026-04-24 18:00:00,push,False,,False,
3010,10,257,50181305,all_users,2026-04-24 10:00:00,email,False,,False,
3011,10,790,50181305,all_users,2026-04-20 17:00:00,push,False,,False,
3012,10,863,50181305,all_users,2026-04-21 17:00:00,email,False,,False,
3013,10,698,50181305,all_users,2026-04-21 16:00:00,in_app,False,,False,
3014,10,124,50181305,all_users,2026-04-21 15:00:00,push,False,,False,
3015,10,383,50181305,all_users,2026-04-20 12:00:00,email,False,,False,
3016,10,309,50181305,all_users,2026-04-24 16:00:00,push,False,,False,
3017,10,751,50181305,all_users,2026-04-25 17:00:00,push,True,2026-04-25 19:52:00,False,
3018,10,953,50181305,all_users,2026-04-20 13:00:00,email,False,,False,
3019,10,577,50181305,all_users,2026-04-24 14:00:00,email,False,,False,
3020,10,191,50181305,all_users,2026-04-24 13:00:00,push,False,,False,
3021,10,997,50181305,all_users,2026-04-25 11:00:00,in_app,False,,False,
3022,10,954,50181305,all_users,2026-04-25 16:00:00,in_app,False,,False,
3023,10,300,50181305,all_users,2026-04-25 18:00:00,email,False,,False,
3024,10,243,50181305,all_users,2026-04-24 12:00:00,push,False,,False,
3025,10,204,50181305,all_users,2026-04-20 09:00:00,push,True,2026-04-20 10:50:00,False,
3026,10,292,50181305,all_users,2026-04-21 18:00:00,push,True,2026-04-21 20:39:00,False,
3027,10,457,50181305,all_users,2026-04-21 11:00:00,email,False,,False,
3028,10,472,50181305,all_users,2026-04-22 09:00:00,email,False,,False,
3029,10,919,50181305,all_users,2026-04-23 16:00:00,push,False,,False,
3030,10,598,50181305,all_users,2026-04-21 09:00:00,push,False,,False,
3031,10,113,50181305,all_users,2026-04-23 09:00:00,push,False,,False,
3032,10,935,50181305,all_users,2026-04-22 10:00:00,push,False,,False,
3033,10,186,50181305,all_users,2026-04-23 11:00:00,email,False,,False,
3034,10,303,50181305,all_users,2026-04-24 20:00:00,push,False,,False,
3035,10,263,50181305,all_users,2026-04-20 19:00:00,in_app,False,,False,
3036,10,437,50181305,all_users,2026-04-22 14:00:00,push,False,,False,
3037,10,639,50181305,all_users,2026-04-24 12:00:00,push,True,2026-04-24 13:52:00,False,
3038,10,783,50181305,all_users,2026-04-21 15:00:00,push,False,,False,
3039,10,241,50181305,all_users,2026-04-25 19:00:00,push,False,,False,
3040,10,855,50181305,all_users,2026-04-25 11:00:00,push,False,,False,
3041,10,250,50181305,all_users,2026-04-21 11:00:00,email,False,,False,
3042,10,231,50181305,all_users,2026-04-22 18:00:00,push,True,2026-04-22 20:29:00,False,
3043,10,943,50181305,all_users,2026-04-24 20:00:00,push,False,,False,
3044,10,651,50181305,all_users,2026-04-20 12:00:00,email,False,,False,
3045,10,852,50181305,all_users,2026-04-23 14:00:00,push,False,,False,
3046,10,644,50181305,all_users,2026-04-20 11:00:00,push,False,,False,
3047,10,355,50181305,all_users,2026-04-20 16:00:00,in_app,False,,False,
3048,10,876,50181305,all_users,2026-04-20 18:00:00,in_app,False,,False,
3049,10,52,50181305,all_users,2026-04-25 09:00:00,push,False,,False,
3050,10,346,50181305,all_users,2026-04-25 12:00:00,push,True,2026-04-25 14:25:00,False,
3051,10,709,50181305,all_users,2026-04-25 11:00:00,push,False,,False,
3052,10,981,50181305,all_users,2026-04-24 12:00:00,email,False,,False,
3053,10,589,50181305,all_users,2026-04-24 10:00:00,in_app,True,2026-04-24 12:22:00,False,
3054,10,410,50181305,all_users,2026-04-21 13:00:00,push,False,,False,
3055,10,521,50181305,all_users,2026-04-25 14:00:00,in_app,True,2026-04-25 16:23:00,False,
3056,10,970,50181305,all_users,2026-04-20 16:00:00,email,False,,False,
3057,10,740,50181305,all_users,2026-04-22 18:00:00,email,False,,False,
3058,10,699,50181305,all_users,2026-04-24 13:00:00,email,False,,False,
3059,10,850,50181305,all_users,2026-04-20 20:00:00,push,False,,False,
3060,10,962,50181305,all_users,2026-04-21 11:00:00,push,False,,False,
3061,10,48,50181305,all_users,2026-04-22 18:00:00,in_app,False,,False,
3062,10,245,50181305,all_users,2026-04-25 16:00:00,push,False,,False,
3063,10,592,50181305,all_users,2026-04-21 18:00:00,push,False,,False,
3064,10,711,50181305,all_users,2026-04-23 15:00:00,push,False,,False,
3065,10,776,50181305,all_users,2026-04-22 13:00:00,email,False,,False,
3066,10,994,50181305,all_users,2026-04-23 18:00:00,email,True,2026-04-23 19:37:00,False,
3067,10,643,50181305,all_users,2026-04-23 17:00:00,email,True,2026-04-23 19:34:00,False,
3068,10,13,50181305,all_users,2026-04-23 15:00:00,push,False,,False,
3069,10,548,50181305,all_users,2026-04-25 15:00:00,in_app,False,,False,
3070,10,656,50181305,all_users,2026-04-25 18:00:00,push,False,,False,
3071,10,312,50181305,all_users,2026-04-21 13:00:00,email,False,,False,
3072,10,120,50181305,all_users,2026-04-25 20:00:00,email,False,,False,
3073,10,384,50181305,all_users,2026-04-22 12:00:00,push,True,2026-04-22 14:09:00,False,
3074,10,507,50181305,all_users,2026-04-21 16:00:00,push,False,,False,
3075,10,46,50181305,all_users,2026-04-20 14:00:00,push,True,2026-04-20 14:16:00,False,
3076,10,587,50181305,all_users,2026-04-24 13:00:00,email,False,,False,
3077,10,453,50181305,all_users,2026-04-20 18:00:00,push,True,2026-04-20 19:59:00,False,
3078,10,967,50181305,all_users,2026-04-21 18:00:00,push,True,2026-04-21 20:51:00,False,
3079,10,793,50181305,all_users,2026-04-20 17:00:00,push,False,,False,
3080,10,657,50181305,all_users,2026-04-23 16:00:00,in_app,True,2026-04-23 18:43:00,False,
3081,10,502,50181305,all_users,2026-04-24 10:00:00,email,False,,False,
3082,10,731,50181305,all_users,2026-04-25 20:00:00,push,False,,False,
3083,10,977,50181305,all_users,2026-04-25 16:00:00,push,False,,False,
3084,10,613,50181305,all_users,2026-04-20 11:00:00,push,False,,False,
3085,10,629,50181305,all_users,2026-04-22 15:00:00,push,False,,False,
3086,10,642,50181305,all_users,2026-04-20 11:00:00,in_app,False,,False,
3087,10,903,50181305,all_users,2026-04-24 16:00:00,in_app,False,,False,
3088,10,670,50181305,all_users,2026-04-25 12:00:00,push,False,,False,
3089,10,273,50181305,all_users,2026-04-23 17:00:00,push,False,,False,
3090,10,253,50181305,all_users,2026-04-24 12:00:00,email,False,,False,
3091,10,271,50181305,all_users,2026-04-23 10:00:00,push,False,,False,
3092,10,174,50181305,all_users,2026-04-21 10:00:00,email,False,,False,
3093,10,617,50181305,all_users,2026-04-25 17:00:00,in_app,False,,False,
3094,10,580,50181305,all_users,2026-04-23 17:00:00,email,False,,False,
3095,10,42,50181305,all_users,2026-04-23 10:00:00,push,False,,False,
3096,10,854,50181305,all_users,2026-04-23 19:00:00,email,False,,False,
3097,10,76,50181305,all_users,2026-04-25 11:00:00,push,False,,False,
3098,10,704,50181305,all_users,2026-04-25 14:00:00,in_app,False,,False,
3099,10,637,50181305,all_users,2026-04-24 11:00:00,push,False,,False,
3100,10,32,50181305,all_users,2026-04-22 16:00:00,push,False,,False,
3101,10,961,50181305,all_users,2026-04-22 20:00:00,push,False,,False,
3102,10,539,50181305,all_users,2026-04-24 12:00:00,in_app,True,2026-04-24 13:08:00,False,
3103,10,363,50181305,all_users,2026-04-22 09:00:00,push,False,,False,
3104,10,229,50181305,all_users,2026-04-20 20:00:00,email,False,,False,
3105,10,281,50181305,all_users,2026-04-23 12:00:00,email,False,,False,
3106,10,360,50181305,all_users,2026-04-20 16:00:00,push,False,,False,
3107,10,908,50181305,all_users,2026-04-21 14:00:00,email,False,,False,
3108,10,320,50181305,all_users,2026-04-20 17:00:00,email,False,,False,
3109,10,574,50181305,all_users,2026-04-20 18:00:00,push,False,,False,
3110,10,322,50181305,all_users,2026-04-24 19:00:00,push,False,,False,
3111,10,865,50181305,all_users,2026-04-25 18:00:00,in_app,True,2026-04-25 20:29:00,False,
3112,10,915,50181305,all_users,2026-04-23 16:00:00,push,False,,False,
3113,10,310,50181305,all_users,2026-04-23 09:00:00,email,False,,False,
3114,10,304,50181305,all_users,2026-04-22 09:00:00,push,True,2026-04-22 09:42:00,False,
3115,10,132,50181305,all_users,2026-04-25 10:00:00,push,False,,False,
3116,10,98,50181305,all_users,2026-04-21 09:00:00,email,False,,False,
3117,10,406,50181305,all_users,2026-04-25 10:00:00,push,False,,False,
3118,10,179,50181305,all_users,2026-04-23 19:00:00,push,False,,False,
3119,10,210,50181305,all_users,2026-04-22 11:00:00,in_app,False,,False,
3120,10,522,50181305,all_users,2026-04-21 17:00:00,push,False,,False,
3121,10,614,50181305,all_users,2026-04-23 18:00:00,in_app,False,,False,
3122,11,984,50063197,new_users,2026-03-06 09:00:00,push,False,,False,
3123,11,672,50063197,new_users,2026-03-11 18:00:00,push,False,,False,
3124,11,355,50063197,new_users,2026-03-11 14:00:00,push,True,2026-03-11 16:08:00,False,
3125,11,564,50063197,new_users,2026-03-12 09:00:00,push,False,,False,
3126,11,503,50063197,new_users,2026-03-08 12:00:00,push,False,,False,
3127,11,486,50063197,new_users,2026-03-06 13:00:00,push,False,,False,
3128,11,584,50063197,new_users,2026-03-08 10:00:00,in_app,False,,False,
3129,11,490,50063197,new_users,2026-03-11 10:00:00,email,False,,False,
3130,11,111,50063197,new_users,2026-03-10 10:00:00,email,True,2026-03-10 11:07:00,False,
3131,11,697,50063197,new_users,2026-03-10 11:00:00,in_app,False,,False,
3132,11,757,50063197,new_users,2026-03-05 10:00:00,email,False,,False,
3133,11,679,50063197,new_users,2026-03-11 19:00:00,push,False,,False,
3134,11,692,50063197,new_users,2026-03-07 18:00:00,push,False,,False,
3135,11,511,50063197,new_users,2026-03-09 11:00:00,push,True,2026-03-09 13:17:00,False,
3136,11,949,50063197,new_users,2026-03-10 13:00:00,push,False,,False,
3137,11,24,50063197,new_users,2026-03-10 19:00:00,push,False,,False,
3138,11,174,50063197,new_users,2026-03-05 10:00:00,push,False,,False,
3139,11,221,50063197,new_users,2026-03-11 16:00:00,in_app,False,,False,
3140,11,865,50063197,new_users,2026-03-07 15:00:00,push,False,,False,
3141,11,269,50063197,new_users,2026-03-11 16:00:00,push,False,,False,
3142,11,304,50063197,new_users,2026-03-08 11:00:00,in_app,False,,False,
3143,11,353,50063197,new_users,2026-03-10 15:00:00,push,False,,False,
3144,11,977,50063197,new_users,2026-03-09 10:00:00,in_app,False,,False,
3145,11,27,50063197,new_users,2026-03-12 20:00:00,push,False,,False,
3146,11,471,50063197,new_users,2026-03-06 18:00:00,in_app,False,,False,
3147,11,169,50063197,new_users,2026-03-08 11:00:00,in_app,False,,False,
3148,11,828,50063197,new_users,2026-03-11 19:00:00,push,True,2026-03-11 21:01:00,False,
3149,11,299,50063197,new_users,2026-03-07 10:00:00,in_app,False,,False,
3150,11,721,50063197,new_users,2026-03-10 10:00:00,email,True,2026-03-10 10:24:00,False,
3151,11,280,50063197,new_users,2026-03-09 15:00:00,email,False,,False,
3152,11,495,50063197,new_users,2026-03-08 17:00:00,email,False,,False,
3153,11,550,50063197,new_users,2026-03-10 19:00:00,push,False,,False,
3154,11,529,50063197,new_users,2026-03-05 12:00:00,email,False,,False,
3155,11,125,50063197,new_users,2026-03-11 11:00:00,push,False,,False,
3156,11,378,50063197,new_users,2026-03-08 10:00:00,push,True,2026-03-08 12:31:00,False,
3157,11,888,50063197,new_users,2026-03-05 10:00:00,push,False,,False,
3158,11,228,50063197,new_users,2026-03-05 20:00:00,email,False,,False,
3159,11,695,50063197,new_users,2026-03-07 17:00:00,in_app,True,2026-03-07 18:24:00,False,
3160,11,626,50063197,new_users,2026-03-06 19:00:00,push,False,,False,
3161,11,363,50063197,new_users,2026-03-05 13:00:00,email,False,,False,
3162,11,766,50063197,new_users,2026-03-08 16:00:00,in_app,False,,False,
3163,11,601,50063197,new_users,2026-03-05 10:00:00,in_app,True,2026-03-05 10:42:00,False,
3164,11,892,50063197,new_users,2026-03-08 11:00:00,email,False,,False,
3165,11,3,50063197,new_users,2026-03-12 18:00:00,email,False,,False,
3166,11,411,50063197,new_users,2026-03-12 13:00:00,in_app,False,,False,
3167,11,96,50063197,new_users,2026-03-09 09:00:00,email,False,,False,
3168,11,403,50063197,new_users,2026-03-06 10:00:00,push,False,,False,
3169,11,523,50063197,new_users,2026-03-06 18:00:00,email,False,,False,
3170,11,985,50063197,new_users,2026-03-06 15:00:00,push,True,2026-03-06 16:03:00,False,
3171,11,818,50063197,new_users,2026-03-08 11:00:00,push,False,,False,
3172,11,494,50063197,new_users,2026-03-06 19:00:00,email,True,2026-03-06 20:11:00,False,
3173,11,837,50063197,new_users,2026-03-12 12:00:00,push,False,,False,
3174,11,877,50063197,new_users,2026-03-05 19:00:00,push,False,,False,
3175,11,493,50063197,new_users,2026-03-05 12:00:00,push,False,,False,
3176,11,475,50063197,new_users,2026-03-10 15:00:00,in_app,False,,False,
3177,11,532,50063197,new_users,2026-03-07 09:00:00,email,False,,False,
3178,11,191,50063197,new_users,2026-03-11 11:00:00,push,False,,False,
3179,11,482,50063197,new_users,2026-03-09 19:00:00,in_app,False,,False,
3180,11,112,50063197,new_users,2026-03-12 17:00:00,push,True,2026-03-12 17:55:00,False,
3181,11,959,50063197,new_users,2026-03-12 17:00:00,push,True,2026-03-12 19:45:00,False,
3182,11,324,50063197,new_users,2026-03-10 18:00:00,push,False,,False,
3183,11,711,50063197,new_users,2026-03-09 19:00:00,email,False,,False,
3184,11,336,50063197,new_users,2026-03-06 12:00:00,in_app,False,,False,
3185,11,127,50063197,new_users,2026-03-11 18:00:00,push,False,,False,
3186,11,820,50063197,new_users,2026-03-09 12:00:00,push,False,,False,
3187,11,83,50063197,new_users,2026-03-09 09:00:00,email,False,,False,
3188,11,895,50063197,new_users,2026-03-11 15:00:00,push,True,2026-03-11 16:52:00,False,
3189,11,822,50063197,new_users,2026-03-08 12:00:00,push,False,,False,
3190,11,183,50063197,new_users,2026-03-12 17:00:00,push,False,,False,
3191,11,143,50063197,new_users,2026-03-10 19:00:00,push,False,,False,
3192,11,370,50063197,new_users,2026-03-07 20:00:00,push,True,2026-03-07 20:54:00,False,
3193,11,284,50063197,new_users,2026-03-09 20:00:00,email,False,,False,
3194,11,873,50063197,new_users,2026-03-05 19:00:00,push,True,2026-03-05 19:57:00,False,
3195,11,468,50063197,new_users,2026-03-08 18:00:00,in_app,False,,False,
3196,11,920,50063197,new_users,2026-03-09 17:00:00,push,False,,False,
3197,11,950,50063197,new_users,2026-03-12 19:00:00,push,True,2026-03-12 19:21:00,False,
3198,11,231,50063197,new_users,2026-03-09 18:00:00,email,False,,False,
3199,11,28,50063197,new_users,2026-03-09 12:00:00,push,False,,False,
3200,11,881,50063197,new_users,2026-03-09 16:00:00,push,False,,False,
3201,11,637,50063197,new_users,2026-03-07 18:00:00,push,False,,False,
3202,11,173,50063197,new_users,2026-03-10 10:00:00,push,False,,False,
3203,11,907,50063197,new_users,2026-03-06 15:00:00,push,True,2026-03-06 17:12:00,False,
3204,11,211,50063197,new_users,2026-03-05 19:00:00,push,False,,False,
3205,11,185,50063197,new_users,2026-03-11 13:00:00,email,False,,False,
3206,11,4,50063197,new_users,2026-03-08 19:00:00,email,True,2026-03-08 19:06:00,False,
3207,11,152,50063197,new_users,2026-03-05 15:00:00,email,False,,False,
3208,11,611,50063197,new_users,2026-03-07 14:00:00,push,True,2026-03-07 16:49:00,False,
3209,11,187,50063197,new_users,2026-03-11 12:00:00,push,False,,False,
3210,11,372,50063197,new_users,2026-03-09 09:00:00,push,False,,False,
3211,11,186,50063197,new_users,2026-03-12 11:00:00,in_app,False,,False,
3212,11,922,50063197,new_users,2026-03-10 12:00:00,in_app,False,,False,
3213,11,181,50063197,new_users,2026-03-06 20:00:00,email,False,,False,
3214,11,40,50063197,new_users,2026-03-11 09:00:00,push,False,,False,
3215,11,48,50063197,new_users,2026-03-10 14:00:00,push,False,,False,
3216,11,924,50063197,new_users,2026-03-10 09:00:00,email,False,,False,
3217,11,561,50063197,new_users,2026-03-10 10:00:00,push,True,2026-03-10 11:38:00,False,
3218,11,972,50063197,new_users,2026-03-05 12:00:00,push,False,,False,
3219,11,778,50063197,new_users,2026-03-10 15:00:00,push,False,,False,
3220,11,657,50063197,new_users,2026-03-11 18:00:00,in_app,False,,False,
3221,11,150,50063197,new_users,2026-03-09 12:00:00,push,False,,False,
3222,11,23,50063197,new_users,2026-03-08 10:00:00,in_app,False,,False,
3223,11,122,50063197,new_users,2026-03-09 10:00:00,in_app,False,,False,
3224,11,962,50063197,new_users,2026-03-06 12:00:00,in_app,False,,False,
3225,11,202,50063197,new_users,2026-03-06 17:00:00,email,False,,False,
3226,11,602,50063197,new_users,2026-03-10 19:00:00,push,True,2026-03-10 21:13:00,False,
3227,11,604,50063197,new_users,2026-03-08 19:00:00,push,False,,False,
3228,11,209,50063197,new_users,2026-03-07 16:00:00,push,True,2026-03-07 17:38:00,False,
3229,11,540,50063197,new_users,2026-03-07 12:00:00,push,False,,False,
3230,11,565,50063197,new_users,2026-03-10 14:00:00,push,False,,False,
3231,11,145,50063197,new_users,2026-03-10 18:00:00,in_app,False,,False,
3232,11,224,50063197,new_users,2026-03-11 13:00:00,push,True,2026-03-11 13:48:00,False,
3233,11,415,50063197,new_users,2026-03-09 17:00:00,email,False,,False,
3234,11,429,50063197,new_users,2026-03-06 11:00:00,push,False,,False,
3235,11,570,50063197,new_users,2026-03-12 16:00:00,in_app,False,,False,
3236,11,444,50063197,new_users,2026-03-10 17:00:00,push,False,,False,
3237,11,338,50063197,new_users,2026-03-08 15:00:00,in_app,False,,False,
3238,11,638,50063197,new_users,2026-03-11 19:00:00,email,False,,False,
3239,11,737,50063197,new_users,2026-03-05 18:00:00,in_app,False,,False,
3240,11,897,50063197,new_users,2026-03-11 18:00:00,push,False,,False,
3241,11,935,50063197,new_users,2026-03-10 11:00:00,push,True,2026-03-10 11:41:00,False,
3242,11,75,50063197,new_users,2026-03-08 18:00:00,email,False,,False,
3243,11,966,50063197,new_users,2026-03-06 11:00:00,push,True,2026-03-06 11:34:00,False,
3244,11,442,50063197,new_users,2026-03-10 13:00:00,email,False,,False,
3245,11,989,50063197,new_users,2026-03-08 17:00:00,push,False,,False,
3246,11,574,50063197,new_users,2026-03-08 12:00:00,in_app,True,2026-03-08 12:42:00,False,
3247,11,130,50063197,new_users,2026-03-07 17:00:00,push,False,,False,
3248,11,481,50063197,new_users,2026-03-12 17:00:00,push,False,,False,
3249,11,273,50063197,new_users,2026-03-09 10:00:00,push,False,,False,
3250,11,45,50063197,new_users,2026-03-09 12:00:00,push,False,,False,
3251,11,188,50063197,new_users,2026-03-05 17:00:00,push,False,,False,
3252,11,114,50063197,new_users,2026-03-11 17:00:00,in_app,False,,False,
3253,11,272,50063197,new_users,2026-03-05 14:00:00,email,True,2026-03-05 14:50:00,False,
3254,11,707,50063197,new_users,2026-03-05 10:00:00,email,False,,False,
3255,11,940,50063197,new_users,2026-03-10 15:00:00,email,False,,False,
3256,11,693,50063197,new_users,2026-03-06 18:00:00,push,True,2026-03-06 20:49:00,False,
3257,11,774,50063197,new_users,2026-03-11 20:00:00,push,False,,False,
3258,11,389,50063197,new_users,2026-03-07 10:00:00,push,False,,False,
3259,11,128,50063197,new_users,2026-03-12 14:00:00,push,False,,False,
3260,11,787,50063197,new_users,2026-03-06 10:00:00,email,False,,False,
3261,11,983,50063197,new_users,2026-03-05 20:00:00,in_app,False,,False,
3262,11,992,50063197,new_users,2026-03-12 14:00:00,push,True,2026-03-12 14:07:00,False,
3263,11,740,50063197,new_users,2026-03-09 19:00:00,email,False,,False,
3264,11,448,50063197,new_users,2026-03-08 15:00:00,push,False,,False,
3265,11,954,50063197,new_users,2026-03-12 16:00:00,push,False,,False,
3266,11,558,50063197,new_users,2026-03-08 20:00:00,email,False,,False,
3267,11,399,50063197,new_users,2026-03-08 16:00:00,push,False,,False,
3268,11,614,50063197,new_users,2026-03-11 14:00:00,in_app,False,,False,
3269,11,455,50063197,new_users,2026-03-10 10:00:00,push,True,2026-03-10 11:41:00,False,
3270,11,645,50063197,new_users,2026-03-10 19:00:00,email,False,,False,
3271,11,884,50063197,new_users,2026-03-09 14:00:00,email,False,,False,
3272,11,294,50063197,new_users,2026-03-10 10:00:00,in_app,False,,False,
3273,11,710,50063197,new_users,2026-03-08 09:00:00,push,False,,False,
3274,11,754,50063197,new_users,2026-03-11 15:00:00,push,False,,False,
3275,11,678,50063197,new_users,2026-03-06 09:00:00,in_app,False,,False,
3276,11,930,50063197,new_users,2026-03-05 13:00:00,push,False,,False,
3277,11,653,50063197,new_users,2026-03-10 18:00:00,push,True,2026-03-10 20:39:00,False,
3278,11,239,50063197,new_users,2026-03-10 14:00:00,push,False,,False,
3279,11,790,50063197,new_users,2026-03-09 15:00:00,in_app,False,,False,
3280,11,742,50063197,new_users,2026-03-12 17:00:00,push,True,2026-03-12 19:52:00,False,
3281,11,117,50063197,new_users,2026-03-07 11:00:00,push,True,2026-03-07 13:09:00,False,
3282,11,509,50063197,new_users,2026-03-09 13:00:00,email,False,,False,
3283,11,71,50063197,new_users,2026-03-05 19:00:00,email,False,,False,
3284,11,730,50063197,new_users,2026-03-09 14:00:00,push,False,,False,
3285,11,61,50063197,new_users,2026-03-06 12:00:00,email,True,2026-03-06 12:09:00,False,
3286,11,988,50063197,new_users,2026-03-10 20:00:00,push,False,,False,
3287,11,441,50063197,new_users,2026-03-11 13:00:00,push,False,,False,
3288,11,341,50063197,new_users,2026-03-07 09:00:00,email,True,2026-03-07 10:42:00,False,
3289,11,661,50063197,new_users,2026-03-06 19:00:00,push,False,,False,
3290,11,240,50063197,new_users,2026-03-07 15:00:00,push,False,,False,
3291,11,66,50063197,new_users,2026-03-11 11:00:00,push,False,,False,
3292,11,524,50063197,new_users,2026-03-07 11:00:00,push,False,,False,
3293,11,257,50063197,new_users,2026-03-11 19:00:00,push,False,,False,
3294,11,159,50063197,new_users,2026-03-06 17:00:00,push,False,,False,
3295,11,286,50063197,new_users,2026-03-10 12:00:00,in_app,True,2026-03-10 13:28:00,False,
3296,11,335,50063197,new_users,2026-03-07 14:00:00,push,True,2026-03-07 14:58:00,False,
3297,11,134,50063197,new_users,2026-03-12 16:00:00,push,False,,False,
3298,11,844,50063197,new_users,2026-03-09 17:00:00,push,False,,False,
3299,11,282,50063197,new_users,2026-03-09 09:00:00,push,False,,False,
3300,11,212,50063197,new_users,2026-03-09 13:00:00,push,False,,False,
3301,11,879,50063197,new_users,2026-03-07 20:00:00,push,False,,False,
3302,11,10,50063197,new_users,2026-03-09 12:00:00,email,True,2026-03-09 13:50:00,False,
3303,11,726,50063197,new_users,2026-03-07 15:00:00,push,False,,False,
3304,11,674,50063197,new_users,2026-03-05 19:00:00,push,False,,False,
3305,11,763,50063197,new_users,2026-03-12 15:00:00,push,False,,False,
3306,11,633,50063197,new_users,2026-03-08 09:00:00,in_app,False,,False,
3307,11,46,50063197,new_users,2026-03-10 13:00:00,in_app,False,,False,
3308,11,22,50063197,new_users,2026-03-09 15:00:00,in_app,False,,False,
3309,11,569,50063197,new_users,2026-03-09 09:00:00,in_app,True,2026-03-09 10:10:00,False,
3310,11,292,50063197,new_users,2026-03-10 14:00:00,push,False,,False,
3311,11,957,50063197,new_users,2026-03-12 17:00:00,push,False,,False,
3312,11,519,50063197,new_users,2026-03-07 12:00:00,email,True,2026-03-07 14:40:00,False,
3313,11,905,50063197,new_users,2026-03-10 14:00:00,email,True,2026-03-10 15:11:00,False,
3314,11,903,50063197,new_users,2026-03-06 19:00:00,in_app,False,,False,
3315,11,859,50063197,new_users,2026-03-05 09:00:00,in_app,True,2026-03-05 09:15:00,False,
3316,11,811,50063197,new_users,2026-03-10 10:00:00,email,True,2026-03-10 10:03:00,False,
3317,11,786,50063197,new_users,2026-03-08 13:00:00,in_app,True,2026-03-08 15:24:00,False,
3318,11,800,50063197,new_users,2026-03-11 16:00:00,push,False,,False,
3319,11,236,50063197,new_users,2026-03-09 09:00:00,push,True,2026-03-09 10:03:00,False,
3320,11,431,50063197,new_users,2026-03-10 14:00:00,push,False,,False,
3321,11,898,50063197,new_users,2026-03-12 16:00:00,email,False,,False,
3322,11,644,50063197,new_users,2026-03-05 18:00:00,in_app,False,,False,
3323,11,385,50063197,new_users,2026-03-11 12:00:00,push,True,2026-03-11 13:51:00,False,
3324,11,57,50063197,new_users,2026-03-10 15:00:00,in_app,False,,False,
3325,11,647,50063197,new_users,2026-03-11 12:00:00,in_app,False,,False,
3326,11,437,50063197,new_users,2026-03-05 15:00:00,push,False,,False,
3327,11,829,50063197,new_users,2026-03-06 09:00:00,push,False,,False,
3328,11,149,50063197,new_users,2026-03-10 09:00:00,push,False,,False,
3329,11,911,50063197,new_users,2026-03-12 12:00:00,push,False,,False,
3330,11,320,50063197,new_users,2026-03-10 13:00:00,email,False,,False,
3331,11,326,50063197,new_users,2026-03-05 10:00:00,push,False,,False,
3332,11,225,50063197,new_users,2026-03-09 13:00:00,in_app,True,2026-03-09 13:15:00,False,
3333,11,635,50063197,new_users,2026-03-05 13:00:00,in_app,True,2026-03-05 13:21:00,False,
3334,11,155,50063197,new_users,2026-03-09 18:00:00,email,False,,False,
3335,11,796,50063197,new_users,2026-03-05 15:00:00,push,False,,False,
3336,11,49,50063197,new_users,2026-03-10 14:00:00,push,False,,False,
3337,11,869,50063197,new_users,2026-03-09 20:00:00,push,False,,False,
3338,11,107,50063197,new_users,2026-03-12 13:00:00,email,False,,False,
3339,11,713,50063197,new_users,2026-03-06 14:00:00,push,False,,False,
3340,11,463,50063197,new_users,2026-03-11 16:00:00,push,True,2026-03-11 17:14:00,False,
3341,11,522,50063197,new_users,2026-03-07 12:00:00,push,False,,False,
3342,11,677,50063197,new_users,2026-03-10 17:00:00,email,True,2026-03-10 17:41:00,False,
3343,11,596,50063197,new_users,2026-03-06 16:00:00,in_app,False,,False,
3344,11,998,50063197,new_users,2026-03-05 14:00:00,push,True,2026-03-05 14:22:00,False,
3345,11,662,50063197,new_users,2026-03-12 18:00:00,in_app,True,2026-03-12 19:55:00,False,
3346,11,683,50063197,new_users,2026-03-08 17:00:00,push,False,,False,
3347,11,175,50063197,new_users,2026-03-08 10:00:00,email,True,2026-03-08 12:58:00,False,
3348,11,346,50063197,new_users,2026-03-06 14:00:00,push,False,,False,
3349,11,7,50063197,new_users,2026-03-05 09:00:00,push,False,,False,
3350,11,594,50063197,new_users,2026-03-12 14:00:00,email,False,,False,
3351,11,163,50063197,new_users,2026-03-09 12:00:00,push,False,,False,
3352,11,41,50063197,new_users,2026-03-06 13:00:00,email,False,,False,
3353,11,166,50063197,new_users,2026-03-06 13:00:00,email,False,,False,
3354,11,13,50063197,new_users,2026-03-12 15:00:00,push,False,,False,
3355,11,123,50063197,new_users,2026-03-05 16:00:00,push,False,,False,
3356,11,306,50063197,new_users,2026-03-08 15:00:00,email,False,,False,
3357,11,332,50063197,new_users,2026-03-06 09:00:00,in_app,False,,False,
3358,11,928,50063197,new_users,2026-03-11 16:00:00,push,False,,False,
3359,11,900,50063197,new_users,2026-03-12 12:00:00,email,False,,False,
3360,11,756,50063197,new_users,2026-03-12 14:00:00,in_app,False,,False,
3361,11,887,50063197,new_users,2026-03-05 17:00:00,push,True,2026-03-05 19:12:00,False,
3362,11,492,50063197,new_users,2026-03-07 09:00:00,push,True,2026-03-07 09:40:00,False,
3363,11,425,50063197,new_users,2026-03-07 11:00:00,push,False,,False,
3364,11,847,50063197,new_users,2026-03-07 20:00:00,email,False,,False,
3365,11,843,50063197,new_users,2026-03-05 18:00:00,email,False,,False,
3366,11,29,50063197,new_users,2026-03-08 18:00:00,email,False,,False,
3367,11,266,50063197,new_users,2026-03-12 18:00:00,email,False,,False,
3368,11,474,50063197,new_users,2026-03-10 11:00:00,email,False,,False,
3369,11,328,50063197,new_users,2026-03-06 09:00:00,email,True,2026-03-06 11:25:00,False,
3370,11,154,50063197,new_users,2026-03-06 09:00:00,in_app,True,2026-03-06 09:20:00,False,
3371,11,58,50063197,new_users,2026-03-05 17:00:00,email,False,,False,
3372,11,317,50063197,new_users,2026-03-08 20:00:00,email,False,,False,
3373,11,74,50063197,new_users,2026-03-11 13:00:00,email,False,,False,
3374,11,817,50063197,new_users,2026-03-10 19:00:00,in_app,False,,False,
3375,11,960,50063197,new_users,2026-03-11 12:00:00,email,False,,False,
3376,11,366,50063197,new_users,2026-03-11 13:00:00,push,False,,False,
3377,11,118,50063197,new_users,2026-03-11 10:00:00,in_app,False,,False,
3378,11,453,50063197,new_users,2026-03-12 14:00:00,email,False,,False,
3379,11,227,50063197,new_users,2026-03-11 19:00:00,push,False,,False,
3380,11,571,50063197,new_users,2026-03-11 16:00:00,push,False,,False,
3381,11,955,50063197,new_users,2026-03-11 09:00:00,push,False,,False,
3382,11,762,50063197,new_users,2026-03-05 20:00:00,in_app,False,,False,
3383,11,546,50063197,new_users,2026-03-08 10:00:00,in_app,False,,False,
3384,11,556,50063197,new_users,2026-03-07 15:00:00,email,True,2026-03-07 15:28:00,False,
3385,11,259,50063197,new_users,2026-03-10 09:00:00,push,False,,False,
3386,11,651,50063197,new_users,2026-03-06 16:00:00,push,False,,False,
3387,11,599,50063197,new_users,2026-03-07 16:00:00,email,False,,False,
3388,11,499,50063197,new_users,2026-03-06 13:00:00,push,False,,False,
3389,11,419,50063197,new_users,2026-03-05 16:00:00,email,False,,False,
3390,11,381,50063197,new_users,2026-03-06 12:00:00,push,False,,False,
3391,11,659,50063197,new_users,2026-03-07 16:00:00,email,True,2026-03-07 18:17:00,False,
3392,11,548,50063197,new_users,2026-03-11 20:00:00,push,True,2026-03-11 20:45:00,False,
3393,11,639,50063197,new_users,2026-03-12 15:00:00,push,False,,False,
3394,11,625,50063197,new_users,2026-03-10 14:00:00,email,False,,False,
3395,11,703,50063197,new_users,2026-03-08 20:00:00,in_app,False,,False,
3396,11,203,50063197,new_users,2026-03-05 10:00:00,push,False,,False,
3397,11,106,50063197,new_users,2026-03-06 10:00:00,push,True,2026-03-06 12:03:00,False,
3398,11,44,50063197,new_users,2026-03-09 13:00:00,push,False,,False,
3399,11,656,50063197,new_users,2026-03-06 11:00:00,email,False,,False,
3400,11,919,50063197,new_users,2026-03-08 16:00:00,push,False,,False,
3401,11,525,50063197,new_users,2026-03-10 20:00:00,push,False,,False,
3402,11,140,50063197,new_users,2026-03-08 11:00:00,push,False,,False,
3403,11,860,50063197,new_users,2026-03-11 11:00:00,push,True,2026-03-11 13:41:00,False,
3404,11,597,50063197,new_users,2026-03-10 14:00:00,email,False,,False,
3405,11,248,50063197,new_users,2026-03-09 16:00:00,push,True,2026-03-09 17:38:00,False,
3406,11,213,50063197,new_users,2026-03-07 17:00:00,email,True,2026-03-07 17:42:00,False,
3407,11,607,50063197,new_users,2026-03-11 19:00:00,in_app,False,,False,
3408,11,25,50063197,new_users,2026-03-05 18:00:00,in_app,False,,False,
3409,11,566,50063197,new_users,2026-03-12 20:00:00,in_app,False,,False,
3410,11,646,50063197,new_users,2026-03-05 18:00:00,email,False,,False,
3411,11,788,50063197,new_users,2026-03-10 12:00:00,in_app,False,,False,
3412,11,466,50063197,new_users,2026-03-08 20:00:00,push,False,,False,
3413,11,765,50063197,new_users,2026-03-05 19:00:00,push,True,2026-03-05 21:46:00,False,
3414,11,316,50063197,new_users,2026-03-12 16:00:00,push,False,,False,
3415,11,749,50063197,new_users,2026-03-06 18:00:00,push,False,,False,
3416,11,806,50063197,new_users,2026-03-07 10:00:00,push,False,,False,
3417,11,578,50063197,new_users,2026-03-07 17:00:00,push,False,,False,
3418,11,747,50063197,new_users,2026-03-12 19:00:00,in_app,False,,False,
3419,11,736,50063197,new_users,2026-03-05 15:00:00,email,True,2026-03-05 17:57:00,False,
3420,11,673,50063197,new_users,2026-03-10 10:00:00,push,False,,False,
3421,11,263,50063197,new_users,2026-03-06 14:00:00,in_app,False,,False,
3422,11,577,50063197,new_users,2026-03-10 12:00:00,in_app,True,2026-03-10 12:53:00,False,
3423,11,875,50063197,new_users,2026-03-06 10:00:00,in_app,True,2026-03-06 11:02:00,False,
3424,11,386,50063197,new_users,2026-03-11 13:00:00,in_app,True,2026-03-11 13:29:00,False,
3425,11,660,50063197,new_users,2026-03-09 10:00:00,push,False,,False,
3426,11,1,50063197,new_users,2026-03-08 15:00:00,email,False,,False,
3427,11,170,50063197,new_users,2026-03-05 16:00:00,in_app,False,,False,
3428,11,995,50063197,new_users,2026-03-05 20:00:00,in_app,False,,False,
3429,11,655,50063197,new_users,2026-03-12 16:00:00,push,False,,False,
3430,11,549,50063197,new_users,2026-03-10 19:00:00,push,False,,False,
3431,11,830,50063197,new_users,2026-03-07 14:00:00,push,False,,False,
3432,11,824,50063197,new_users,2026-03-05 13:00:00,push,True,2026-03-05 15:16:00,False,
3433,11,840,50063197,new_users,2026-03-09 11:00:00,email,False,,False,
3434,11,580,50063197,new_users,2026-03-06 16:00:00,push,False,,False,
3435,11,704,50063197,new_users,2026-03-12 15:00:00,in_app,True,2026-03-12 17:25:00,False,
3436,11,917,50063197,new_users,2026-03-09 16:00:00,push,False,,False,
3437,11,575,50063197,new_users,2026-03-06 19:00:00,push,False,,False,
3438,11,973,50063197,new_users,2026-03-09 17:00:00,email,True,2026-03-09 18:59:00,False,
3439,11,214,50063197,new_users,2026-03-11 16:00:00,push,False,,False,
3440,11,371,50063197,new_users,2026-03-09 18:00:00,push,False,,False,
3441,11,893,50063197,new_users,2026-03-11 17:00:00,in_app,True,2026-03-11 17:52:00,False,
3442,11,94,50063197,new_users,2026-03-06 17:00:00,email,False,,False,
3443,11,133,50063197,new_users,2026-03-11 14:00:00,email,True,2026-03-11 14:23:00,False,
3444,11,101,50063197,new_users,2026-03-10 14:00:00,push,True,2026-03-10 15:01:00,False,
3445,11,171,50063197,new_users,2026-03-10 17:00:00,email,False,,False,
3446,11,792,50063197,new_users,2026-03-10 17:00:00,push,False,,False,
3447,11,205,50063197,new_users,2026-03-07 17:00:00,push,False,,False,
3448,11,642,50063197,new_users,2026-03-10 15:00:00,email,False,,False,
3449,11,902,50063197,new_users,2026-03-12 18:00:00,email,False,,False,
3450,11,547,50063197,new_users,2026-03-05 11:00:00,email,False,,False,
3451,11,165,50063197,new_users,2026-03-08 20:00:00,email,True,2026-03-08 20:51:00,False,
3452,11,668,50063197,new_users,2026-03-09 16:00:00,email,False,,False,
3453,11,457,50063197,new_users,2026-03-08 20:00:00,push,False,,False,
3454,11,738,50063197,new_users,2026-03-09 18:00:00,push,False,,False,
3455,11,846,50063197,new_users,2026-03-05 09:00:00,push,False,,False,
3456,11,391,50063197,new_users,2026-03-09 10:00:00,in_app,True,2026-03-09 10:51:00,False,
3457,11,151,50063197,new_users,2026-03-07 19:00:00,email,False,,False,
3458,11,676,50063197,new_users,2026-03-09 16:00:00,in_app,False,,False,
3459,11,613,50063197,new_users,2026-03-06 15:00:00,email,False,,False,
3460,11,767,50063197,new_users,2026-03-10 09:00:00,email,False,,False,
3461,11,976,50063197,new_users,2026-03-07 09:00:00,push,False,,False,
3462,11,380,50063197,new_users,2026-03-12 19:00:00,push,False,,False,
3463,11,398,50063197,new_users,2026-03-11 17:00:00,push,False,,False,
3464,11,195,50063197,new_users,2026-03-07 15:00:00,push,False,,False,
3465,11,352,50063197,new_users,2026-03-05 14:00:00,email,False,,False,
3466,11,967,50063197,new_users,2026-03-08 20:00:00,push,False,,False,
3467,11,237,50063197,new_users,2026-03-12 19:00:00,email,False,,False,
3468,11,319,50063197,new_users,2026-03-11 11:00:00,email,False,,False,
3469,11,938,50063197,new_users,2026-03-12 15:00:00,push,True,2026-03-12 17:13:00,False,
3470,11,982,50063197,new_users,2026-03-10 10:00:00,push,False,,False,
3471,11,377,50063197,new_users,2026-03-05 17:00:00,push,False,,False,
3472,11,805,50063197,new_users,2026-03-08 16:00:00,push,False,,False,
3473,11,142,50063197,new_users,2026-03-06 15:00:00,email,False,,False,
3474,11,699,50063197,new_users,2026-03-09 12:00:00,push,False,,False,
3475,11,393,50063197,new_users,2026-03-06 19:00:00,push,False,,False,
3476,11,65,50063197,new_users,2026-03-06 18:00:00,push,False,,False,
3477,11,430,50063197,new_users,2026-03-11 18:00:00,push,False,,False,
3478,11,119,50063197,new_users,2026-03-09 16:00:00,push,False,,False,
3479,11,396,50063197,new_users,2026-03-07 17:00:00,email,False,,False,
3480,11,939,50063197,new_users,2026-03-10 11:00:00,push,False,,False,
3481,11,948,50063197,new_users,2026-03-05 13:00:00,in_app,True,2026-03-05 15:19:00,False,
3482,11,664,50063197,new_users,2026-03-12 17:00:00,push,True,2026-03-12 18:08:00,False,
3483,11,93,50063197,new_users,2026-03-05 19:00:00,push,False,,False,
3484,11,277,50063197,new_users,2026-03-11 19:00:00,push,False,,False,
3485,11,986,50063197,new_users,2026-03-10 16:00:00,push,False,,False,
3486,11,414,50063197,new_users,2026-03-05 17:00:00,in_app,True,2026-03-05 18:26:00,False,
3487,11,530,50063197,new_users,2026-03-12 14:00:00,push,False,,False,
3488,11,650,50063197,new_users,2026-03-06 10:00:00,email,False,,False,
3489,11,255,50063197,new_users,2026-03-09 15:00:00,email,True,2026-03-09 15:12:00,False,
3490,11,688,50063197,new_users,2026-03-08 18:00:00,push,False,,False,
3491,11,340,50063197,new_users,2026-03-09 16:00:00,email,False,,False,
3492,11,35,50063197,new_users,2026-03-12 17:00:00,push,True,2026-03-12 17:26:00,False,
3493,11,507,50063197,new_users,2026-03-11 19:00:00,in_app,False,,False,
3494,11,855,50063197,new_users,2026-03-10 13:00:00,push,False,,False,
3495,11,318,50063197,new_users,2026-03-08 18:00:00,push,True,2026-03-08 18:37:00,False,
3496,11,210,50063197,new_users,2026-03-07 20:00:00,push,True,2026-03-07 20:12:00,False,
3497,11,110,50063197,new_users,2026-03-07 20:00:00,in_app,False,,False,
3498,11,889,50063197,new_users,2026-03-06 15:00:00,push,False,,False,
3499,11,512,50063197,new_users,2026-03-11 11:00:00,email,False,,False,
3500,11,387,50063197,new_users,2026-03-10 10:00:00,email,False,,False,
3501,11,388,50063197,new_users,2026-03-10 13:00:00,email,False,,False,
3502,11,576,50063197,new_users,2026-03-12 14:00:00,email,True,2026-03-12 14:23:00,False,
3503,11,810,50063197,new_users,2026-03-08 12:00:00,push,False,,False,
3504,11,330,50063197,new_users,2026-03-10 12:00:00,email,False,,False,
3505,11,438,50063197,new_users,2026-03-10 12:00:00,push,False,,False,
3506,11,21,50063197,new_users,2026-03-06 16:00:00,email,True,2026-03-06 16:56:00,False,
3507,11,487,50063197,new_users,2026-03-11 11:00:00,in_app,False,,False,
3508,11,401,50063197,new_users,2026-03-08 10:00:00,push,True,2026-03-08 11:58:00,False,
3509,11,712,50063197,new_users,2026-03-12 20:00:00,push,False,,False,
3510,11,694,50063197,new_users,2026-03-08 16:00:00,push,False,,False,
3511,11,100,50063197,new_users,2026-03-06 12:00:00,push,False,,False,
3512,11,33,50063197,new_users,2026-03-05 18:00:00,email,True,2026-03-05 20:44:00,False,
3513,11,543,50063197,new_users,2026-03-07 09:00:00,push,False,,False,
3514,11,218,50063197,new_users,2026-03-11 19:00:00,email,False,,False,
3515,11,359,50063197,new_users,2026-03-08 19:00:00,push,False,,False,
3516,11,901,50063197,new_users,2026-03-07 11:00:00,in_app,False,,False,
3517,11,508,50063197,new_users,2026-03-09 09:00:00,push,False,,False,
3518,11,913,50063197,new_users,2026-03-10 14:00:00,push,True,2026-03-10 14:36:00,False,
3519,11,141,50063197,new_users,2026-03-08 17:00:00,in_app,True,2026-03-08 17:53:00,False,
3520,11,750,50063197,new_users,2026-03-07 19:00:00,push,False,,False,
3521,11,941,50063197,new_users,2026-03-08 16:00:00,push,False,,False,
3522,11,861,50063197,new_users,2026-03-11 12:00:00,in_app,True,2026-03-11 12:42:00,False,
3523,11,538,50063197,new_users,2026-03-11 17:00:00,push,False,,False,
3524,11,839,50063197,new_users,2026-03-08 10:00:00,push,False,,False,
3525,11,696,50063197,new_users,2026-03-06 16:00:00,push,False,,False,
3526,11,531,50063197,new_users,2026-03-06 13:00:00,in_app,False,,False,
3527,11,876,50063197,new_users,2026-03-09 18:00:00,in_app,False,,False,
3528,11,464,50063197,new_users,2026-03-12 14:00:00,in_app,False,,False,
3529,11,449,50063197,new_users,2026-03-10 14:00:00,push,False,,False,
3530,11,746,50063197,new_users,2026-03-08 16:00:00,push,False,,False,
3531,11,618,50063197,new_users,2026-03-06 20:00:00,push,False,,False,
3532,11,685,50063197,new_users,2026-03-07 17:00:00,push,True,2026-03-07 17:31:00,False,
3533,11,450,50063197,new_users,2026-03-11 10:00:00,push,False,,False,
3534,11,804,50063197,new_users,2026-03-12 14:00:00,push,False,,False,
3535,11,42,50063197,new_users,2026-03-06 15:00:00,push,False,,False,
3536,11,497,50063197,new_users,2026-03-12 15:00:00,push,True,2026-03-12 15:21:00,False,
3537,11,963,50063197,new_users,2026-03-10 17:00:00,push,False,,False,
3538,11,342,50063197,new_users,2026-03-05 13:00:00,email,True,2026-03-05 13:59:00,False,
3539,11,278,50063197,new_users,2026-03-11 11:00:00,push,False,,False,
3540,11,315,50063197,new_users,2026-03-09 09:00:00,in_app,True,2026-03-09 09:01:00,False,
3541,11,589,50063197,new_users,2026-03-05 16:00:00,push,True,2026-03-05 18:29:00,False,
3542,11,953,50063197,new_users,2026-03-10 11:00:00,push,True,2026-03-10 13:06:00,False,
3543,11,557,50063197,new_users,2026-03-05 09:00:00,in_app,False,,False,
3544,11,947,50063197,new_users,2026-03-10 18:00:00,in_app,False,,False,
3545,11,921,50063197,new_users,2026-03-10 09:00:00,email,False,,False,
3546,11,882,50063197,new_users,2026-03-06 09:00:00,email,False,,False,
3547,11,885,50063197,new_users,2026-03-05 09:00:00,push,True,2026-03-05 11:49:00,False,
3548,11,92,50063197,new_users,2026-03-05 16:00:00,push,False,,False,
3549,11,85,50063197,new_users,2026-03-09 14:00:00,push,False,,False,
3550,11,238,50063197,new_users,2026-03-07 10:00:00,push,False,,False,
3551,11,374,50063197,new_users,2026-03-06 11:00:00,push,False,,False,
3552,11,220,50063197,new_users,2026-03-12 12:00:00,push,True,2026-03-12 14:19:00,False,
3553,11,970,50063197,new_users,2026-03-10 16:00:00,email,False,,False,
3554,11,910,50063197,new_users,2026-03-05 14:00:00,email,False,,False,
3555,11,91,50063197,new_users,2026-03-06 15:00:00,push,False,,False,
3556,11,241,50063197,new_users,2026-03-11 17:00:00,email,True,2026-03-11 17:05:00,False,
3557,11,361,50063197,new_users,2026-03-12 16:00:00,email,False,,False,
3558,11,162,50063197,new_users,2026-03-07 12:00:00,push,False,,False,
3559,11,906,50063197,new_users,2026-03-06 13:00:00,in_app,False,,False,
3560,11,465,50063197,new_users,2026-03-06 12:00:00,push,False,,False,
3561,11,669,50063197,new_users,2026-03-12 10:00:00,push,False,,False,
3562,11,488,50063197,new_users,2026-03-10 09:00:00,push,True,2026-03-10 10:28:00,False,
3563,11,706,50063197,new_users,2026-03-07 19:00:00,push,False,,False,
3564,11,718,50063197,new_users,2026-03-05 13:00:00,email,True,2026-03-05 14:04:00,False,
3565,11,158,50063197,new_users,2026-03-08 13:00:00,push,False,,False,
3566,11,690,50063197,new_users,2026-03-07 13:00:00,email,False,,False,
3567,11,722,50063197,new_users,2026-03-08 13:00:00,email,False,,False,
3568,11,367,50063197,new_users,2026-03-09 19:00:00,push,False,,False,
3569,11,247,50063197,new_users,2026-03-05 10:00:00,push,False,,False,
3570,11,219,50063197,new_users,2026-03-07 10:00:00,push,False,,False,
3571,11,469,50063197,new_users,2026-03-12 09:00:00,push,False,,False,
3572,11,745,50063197,new_users,2026-03-08 10:00:00,email,False,,False,
3573,11,8,50063197,new_users,2026-03-11 11:00:00,in_app,False,,False,
3574,11,968,50063197,new_users,2026-03-12 09:00:00,in_app,True,2026-03-12 09:06:00,False,
3575,11,979,50063197,new_users,2026-03-06 20:00:00,push,False,,False,
3576,11,260,50063197,new_users,2026-03-10 15:00:00,push,False,,False,
3577,11,293,50063197,new_users,2026-03-11 14:00:00,push,False,,False,
3578,11,874,50063197,new_users,2026-03-07 13:00:00,push,False,,False,
3579,11,705,50063197,new_users,2026-03-10 11:00:00,push,False,,False,
3580,11,95,50063197,new_users,2026-03-10 12:00:00,push,True,2026-03-10 14:06:00,False,
3581,11,849,50063197,new_users,2026-03-09 16:00:00,push,False,,False,
3582,11,308,50063197,new_users,2026-03-05 14:00:00,push,False,,False,
3583,11,934,50063197,new_users,2026-03-12 12:00:00,push,True,2026-03-12 14:47:00,False,
3584,11,819,50063197,new_users,2026-03-05 14:00:00,email,False,,False,
3585,11,776,50063197,new_users,2026-03-10 17:00:00,push,True,2026-03-10 18:44:00,False,
3586,11,853,50063197,new_users,2026-03-05 14:00:00,push,True,2026-03-05 15:19:00,False,
3587,11,81,50063197,new_users,2026-03-11 13:00:00,push,False,,False,
3588,11,15,50063197,new_users,2026-03-08 12:00:00,email,True,2026-03-08 12:23:00,False,
3589,11,271,50063197,new_users,2026-03-10 20:00:00,push,False,,False,
3590,11,772,50063197,new_users,2026-03-06 19:00:00,email,False,,False,
3591,11,309,50063197,new_users,2026-03-08 18:00:00,push,True,2026-03-08 19:59:00,False,
3592,11,79,50063197,new_users,2026-03-09 09:00:00,email,True,2026-03-09 10:56:00,False,
3593,11,235,50063197,new_users,2026-03-05 11:00:00,push,False,,False,
3594,11,156,50063197,new_users,2026-03-10 17:00:00,in_app,True,2026-03-10 19:40:00,False,
3595,11,848,50063197,new_users,2026-03-10 14:00:00,in_app,True,2026-03-10 15:11:00,False,
3596,11,38,50063197,new_users,2026-03-12 17:00:00,push,False,,False,
3597,11,379,50063197,new_users,2026-03-07 13:00:00,push,False,,False,
3598,11,489,50063197,new_users,2026-03-05 16:00:00,email,False,,False,
3599,11,997,50063197,new_users,2026-03-12 10:00:00,push,False,,False,
3600,11,103,50063197,new_users,2026-03-11 15:00:00,email,True,2026-03-11 15:53:00,False,
3601,11,732,50063197,new_users,2026-03-07 15:00:00,push,False,,False,
3602,11,709,50063197,new_users,2026-03-08 18:00:00,push,False,,False,
3603,11,73,50063197,new_users,2026-03-10 15:00:00,push,False,,False,
3604,11,808,50063197,new_users,2026-03-06 20:00:00,email,True,2026-03-06 22:18:00,False,
3605,11,9,50063197,new_users,2026-03-05 19:00:00,in_app,False,,False,
3606,11,485,50063197,new_users,2026-03-09 14:00:00,push,False,,False,
3607,11,383,50063197,new_users,2026-03-05 09:00:00,push,False,,False,
3608,11,138,50063197,new_users,2026-03-12 15:00:00,email,False,,False,
3609,11,197,50063197,new_users,2026-03-06 15:00:00,push,False,,False,
3610,11,912,50063197,new_users,2026-03-09 09:00:00,push,False,,False,
3611,11,310,50063197,new_users,2026-03-05 17:00:00,push,True,2026-03-05 19:25:00,False,
3612,11,252,50063197,new_users,2026-03-11 17:00:00,push,False,,False,
3613,11,585,50063197,new_users,2026-03-05 19:00:00,in_app,False,,False,
3614,11,969,50063197,new_users,2026-03-07 20:00:00,email,False,,False,
3615,11,459,50063197,new_users,2026-03-08 10:00:00,push,False,,False,
3616,11,945,50063197,new_users,2026-03-05 16:00:00,push,False,,False,
3617,11,147,50063197,new_users,2026-03-09 13:00:00,in_app,False,,False,
3618,11,87,50063197,new_users,2026-03-10 11:00:00,email,False,,False,
3619,11,230,50063197,new_users,2026-03-08 10:00:00,in_app,False,,False,
3620,11,206,50063197,new_users,2026-03-11 19:00:00,push,False,,False,
3621,11,944,50063197,new_users,2026-03-12 09:00:00,email,False,,False,
3622,11,514,50063197,new_users,2026-03-12 09:00:00,push,True,2026-03-12 09:29:00,False,
3623,11,871,50063197,new_users,2026-03-06 10:00:00,in_app,True,2026-03-06 12:22:00,False,
3624,11,987,50063197,new_users,2026-03-07 11:00:00,push,False,,False,
3625,11,267,50063197,new_users,2026-03-06 14:00:00,email,False,,False,
3626,11,744,50063197,new_users,2026-03-08 18:00:00,email,False,,False,
3627,11,51,50063197,new_users,2026-03-07 19:00:00,push,True,2026-03-07 21:45:00,False,
3628,11,652,50063197,new_users,2026-03-08 10:00:00,push,False,,False,
3629,11,264,50063197,new_users,2026-03-10 16:00:00,push,False,,False,
3630,11,360,50063197,new_users,2026-03-12 17:00:00,in_app,False,,False,
3631,11,472,50063197,new_users,2026-03-05 09:00:00,push,False,,False,
3632,11,37,50063197,new_users,2026-03-08 12:00:00,email,False,,False,
3633,11,462,50063197,new_users,2026-03-05 09:00:00,push,False,,False,
3634,11,686,50063197,new_users,2026-03-09 16:00:00,in_app,False,,False,
3635,11,433,50063197,new_users,2026-03-11 10:00:00,email,False,,False,
3636,11,791,50063197,new_users,2026-03-10 20:00:00,push,False,,False,
3637,11,533,50063197,new_users,2026-03-11 13:00:00,push,False,,False,
3638,12,81,41628657,all_users,2026-03-25 10:00:00,push,False,,False,
3639,12,839,41628657,all_users,2026-03-24 20:00:00,email,False,,False,
3640,12,468,41628657,all_users,2026-03-29 18:00:00,push,False,,False,
3641,12,192,41628657,all_users,2026-03-25 12:00:00,push,False,,False,
3642,12,231,41628657,all_users,2026-03-22 16:00:00,push,True,2026-03-22 16:47:00,False,
3643,12,562,41628657,all_users,2026-03-25 17:00:00,push,False,,False,
3644,12,334,41628657,all_users,2026-03-27 12:00:00,in_app,False,,False,
3645,12,602,41628657,all_users,2026-03-22 19:00:00,push,False,,False,
3646,12,83,41628657,all_users,2026-03-28 11:00:00,push,False,,False,
3647,12,935,41628657,all_users,2026-03-26 15:00:00,push,False,,False,
3648,12,36,41628657,all_users,2026-03-24 13:00:00,in_app,False,,False,
3649,12,379,41628657,all_users,2026-03-25 11:00:00,in_app,False,,False,
3650,12,639,41628657,all_users,2026-03-22 19:00:00,push,True,2026-03-22 21:39:00,False,
3651,12,361,41628657,all_users,2026-03-22 19:00:00,push,False,,False,
3652,12,12,41628657,all_users,2026-03-22 12:00:00,in_app,False,,False,
3653,12,378,41628657,all_users,2026-03-24 14:00:00,push,False,,False,
3654,12,909,41628657,all_users,2026-03-24 20:00:00,in_app,False,,False,
3655,12,457,41628657,all_users,2026-03-24 11:00:00,push,False,,False,
3656,12,655,41628657,all_users,2026-03-23 11:00:00,email,False,,False,
3657,12,60,41628657,all_users,2026-03-29 13:00:00,push,False,,False,
3658,12,807,41628657,all_users,2026-03-27 15:00:00,email,False,,False,
3659,12,328,41628657,all_users,2026-03-27 17:00:00,push,True,2026-03-27 17:26:00,False,
3660,12,662,41628657,all_users,2026-03-29 19:00:00,push,False,,False,
3661,12,673,41628657,all_users,2026-03-27 19:00:00,in_app,False,,False,
3662,12,128,41628657,all_users,2026-03-29 18:00:00,push,True,2026-03-29 18:53:00,False,
3663,12,200,41628657,all_users,2026-03-26 09:00:00,push,False,,False,
3664,12,604,41628657,all_users,2026-03-24 12:00:00,push,False,,False,
3665,12,557,41628657,all_users,2026-03-24 14:00:00,push,False,,False,
3666,12,586,41628657,all_users,2026-03-24 19:00:00,in_app,False,,False,
3667,12,875,41628657,all_users,2026-03-27 09:00:00,push,False,,False,
3668,12,253,41628657,all_users,2026-03-25 12:00:00,push,True,2026-03-25 13:57:00,False,
3669,12,137,41628657,all_users,2026-03-28 20:00:00,email,False,,False,
3670,12,251,41628657,all_users,2026-03-22 11:00:00,push,False,,False,
3671,12,728,41628657,all_users,2026-03-24 18:00:00,push,False,,False,
3672,12,719,41628657,all_users,2026-03-25 17:00:00,push,False,,False,
3673,12,391,41628657,all_users,2026-03-29 18:00:00,push,False,,False,
3674,12,806,41628657,all_users,2026-03-24 09:00:00,push,False,,False,
3675,12,168,41628657,all_users,2026-03-28 12:00:00,push,True,2026-03-28 12:04:00,False,
3676,12,919,41628657,all_users,2026-03-26 18:00:00,in_app,False,,False,
3677,12,987,41628657,all_users,2026-03-26 17:00:00,push,False,,False,
3678,12,422,41628657,all_users,2026-03-22 14:00:00,push,False,,False,
3679,12,272,41628657,all_users,2026-03-25 13:00:00,in_app,False,,False,
3680,12,157,41628657,all_users,2026-03-29 12:00:00,in_app,False,,False,
3681,12,180,41628657,all_users,2026-03-23 19:00:00,push,False,,False,
3682,12,842,41628657,all_users,2026-03-25 18:00:00,email,True,2026-03-25 20:04:00,False,
3683,12,214,41628657,all_users,2026-03-24 19:00:00,push,False,,False,
3684,12,766,41628657,all_users,2026-03-26 19:00:00,push,False,,False,
3685,12,734,41628657,all_users,2026-03-28 10:00:00,push,False,,False,
3686,12,619,41628657,all_users,2026-03-27 10:00:00,push,False,,False,
3687,12,763,41628657,all_users,2026-03-24 11:00:00,push,False,,False,
3688,12,753,41628657,all_users,2026-03-24 11:00:00,in_app,True,2026-03-24 11:57:00,False,
3689,12,724,41628657,all_users,2026-03-29 14:00:00,push,False,,False,
3690,12,80,41628657,all_users,2026-03-29 10:00:00,push,False,,False,
3691,12,120,41628657,all_users,2026-03-24 12:00:00,in_app,True,2026-03-24 13:57:00,False,
3692,12,729,41628657,all_users,2026-03-28 13:00:00,push,False,,False,
3693,12,219,41628657,all_users,2026-03-22 10:00:00,email,False,,False,
3694,12,298,41628657,all_users,2026-03-28 15:00:00,push,True,2026-03-28 17:38:00,False,
3695,12,392,41628657,all_users,2026-03-28 20:00:00,push,True,2026-03-28 22:33:00,False,
3696,12,224,41628657,all_users,2026-03-29 11:00:00,in_app,False,,False,
3697,12,525,41628657,all_users,2026-03-22 19:00:00,push,False,,False,
3698,12,584,41628657,all_users,2026-03-23 09:00:00,push,False,,False,
3699,12,559,41628657,all_users,2026-03-28 15:00:00,in_app,False,,False,
3700,12,439,41628657,all_users,2026-03-23 10:00:00,in_app,False,,False,
3701,12,767,41628657,all_users,2026-03-27 11:00:00,push,False,,False,
3702,12,764,41628657,all_users,2026-03-28 16:00:00,push,True,2026-03-28 16:54:00,False,
3703,12,874,41628657,all_users,2026-03-27 20:00:00,in_app,False,,False,
3704,12,897,41628657,all_users,2026-03-28 18:00:00,email,False,,False,
3705,12,523,41628657,all_users,2026-03-23 10:00:00,push,True,2026-03-23 12:34:00,False,
3706,12,752,41628657,all_users,2026-03-28 13:00:00,push,False,,False,
3707,12,633,41628657,all_users,2026-03-29 09:00:00,push,False,,False,
3708,12,691,41628657,all_users,2026-03-23 09:00:00,push,False,,False,
3709,12,780,41628657,all_users,2026-03-26 14:00:00,push,False,,False,
3710,12,611,41628657,all_users,2026-03-24 14:00:00,push,False,,False,
3711,12,217,41628657,all_users,2026-03-23 11:00:00,push,False,,False,
3712,12,71,41628657,all_users,2026-03-26 09:00:00,push,True,2026-03-26 09:37:00,False,
3713,12,57,41628657,all_users,2026-03-25 10:00:00,email,False,,False,
3714,12,565,41628657,all_users,2026-03-22 12:00:00,in_app,False,,False,
3715,12,819,41628657,all_users,2026-03-24 16:00:00,email,False,,False,
3716,12,306,41628657,all_users,2026-03-27 14:00:00,in_app,True,2026-03-27 15:31:00,False,
3717,12,979,41628657,all_users,2026-03-23 10:00:00,in_app,False,,False,
3718,12,73,41628657,all_users,2026-03-26 20:00:00,in_app,False,,False,
3719,12,934,41628657,all_users,2026-03-24 13:00:00,in_app,False,,False,
3720,12,420,41628657,all_users,2026-03-22 16:00:00,push,False,,False,
3721,12,47,41628657,all_users,2026-03-23 09:00:00,push,False,,False,
3722,12,847,41628657,all_users,2026-03-28 09:00:00,email,False,,False,
3723,12,297,41628657,all_users,2026-03-25 09:00:00,email,False,,False,
3724,12,345,41628657,all_users,2026-03-26 15:00:00,push,True,2026-03-26 15:17:00,False,
3725,12,970,41628657,all_users,2026-03-29 17:00:00,push,False,,False,
3726,12,404,41628657,all_users,2026-03-29 19:00:00,in_app,False,,False,
3727,12,169,41628657,all_users,2026-03-24 09:00:00,email,False,,False,
3728,12,449,41628657,all_users,2026-03-26 20:00:00,push,False,,False,
3729,12,425,41628657,all_users,2026-03-24 09:00:00,email,False,,False,
3730,12,296,41628657,all_users,2026-03-26 14:00:00,email,True,2026-03-26 14:59:00,False,
3731,12,9,41628657,all_users,2026-03-29 13:00:00,push,False,,False,
3732,12,596,41628657,all_users,2026-03-26 18:00:00,in_app,True,2026-03-26 18:05:00,False,
3733,12,740,41628657,all_users,2026-03-26 09:00:00,push,False,,False,
3734,12,269,41628657,all_users,2026-03-28 14:00:00,push,False,,False,
3735,12,74,41628657,all_users,2026-03-23 14:00:00,email,False,,False,
3736,12,347,41628657,all_users,2026-03-25 13:00:00,push,False,,False,
3737,12,279,41628657,all_users,2026-03-28 16:00:00,push,False,,False,
3738,12,526,41628657,all_users,2026-03-23 12:00:00,push,False,,False,
3739,12,362,41628657,all_users,2026-03-22 15:00:00,email,False,,False,
3740,12,220,41628657,all_users,2026-03-28 20:00:00,push,True,2026-03-28 22:35:00,False,
3741,12,789,41628657,all_users,2026-03-26 11:00:00,in_app,False,,False,
3742,12,305,41628657,all_users,2026-03-23 20:00:00,push,False,,False,
3743,12,31,41628657,all_users,2026-03-23 12:00:00,in_app,False,,False,
3744,12,613,41628657,all_users,2026-03-29 13:00:00,push,False,,False,
3745,12,598,41628657,all_users,2026-03-24 09:00:00,push,False,,False,
3746,12,464,41628657,all_users,2026-03-27 13:00:00,push,True,2026-03-27 14:08:00,False,
3747,12,278,41628657,all_users,2026-03-23 09:00:00,email,False,,False,
3748,12,742,41628657,all_users,2026-03-29 12:00:00,push,True,2026-03-29 12:13:00,False,
3749,12,802,41628657,all_users,2026-03-24 09:00:00,push,False,,False,
3750,12,160,41628657,all_users,2026-03-29 10:00:00,in_app,False,,False,
3751,12,796,41628657,all_users,2026-03-22 11:00:00,push,False,,False,
3752,12,617,41628657,all_users,2026-03-23 12:00:00,push,False,,False,
3753,12,614,41628657,all_users,2026-03-23 11:00:00,push,False,,False,
3754,12,618,41628657,all_users,2026-03-27 10:00:00,push,False,,False,
3755,12,716,41628657,all_users,2026-03-24 18:00:00,push,False,,False,
3756,12,954,41628657,all_users,2026-03-26 16:00:00,push,False,,False,
3757,12,91,41628657,all_users,2026-03-29 12:00:00,in_app,False,,False,
3758,12,428,41628657,all_users,2026-03-24 09:00:00,push,True,2026-03-24 09:24:00,False,
3759,12,46,41628657,all_users,2026-03-26 19:00:00,push,False,,False,
3760,12,284,41628657,all_users,2026-03-23 14:00:00,push,True,2026-03-23 14:23:00,False,
3761,12,350,41628657,all_users,2026-03-29 15:00:00,email,False,,False,
3762,12,335,41628657,all_users,2026-03-27 15:00:00,push,True,2026-03-27 16:40:00,False,
3763,12,56,41628657,all_users,2026-03-25 16:00:00,in_app,False,,False,
3764,12,225,41628657,all_users,2026-03-23 12:00:00,email,False,,False,
3765,12,605,41628657,all_users,2026-03-29 09:00:00,push,False,,False,
3766,12,479,41628657,all_users,2026-03-22 16:00:00,push,False,,False,
3767,12,899,41628657,all_users,2026-03-27 20:00:00,in_app,True,2026-03-27 21:56:00,False,
3768,12,436,41628657,all_users,2026-03-28 20:00:00,push,False,,False,
3769,12,44,41628657,all_users,2026-03-23 16:00:00,push,False,,False,
3770,12,830,41628657,all_users,2026-03-28 17:00:00,email,False,,False,
3771,12,975,41628657,all_users,2026-03-25 11:00:00,push,False,,False,
3772,12,108,41628657,all_users,2026-03-26 20:00:00,email,True,2026-03-26 21:06:00,False,
3773,12,538,41628657,all_users,2026-03-29 20:00:00,email,False,,False,
3774,12,601,41628657,all_users,2026-03-25 17:00:00,email,False,,False,
3775,12,311,41628657,all_users,2026-03-28 11:00:00,email,False,,False,
3776,12,156,41628657,all_users,2026-03-28 14:00:00,in_app,True,2026-03-28 16:20:00,False,
3777,12,528,41628657,all_users,2026-03-22 11:00:00,push,False,,False,
3778,12,287,41628657,all_users,2026-03-28 10:00:00,push,False,,False,
3779,12,867,41628657,all_users,2026-03-29 09:00:00,in_app,False,,False,
3780,12,29,41628657,all_users,2026-03-22 12:00:00,push,True,2026-03-22 12:20:00,False,
3781,12,431,41628657,all_users,2026-03-26 13:00:00,email,False,,False,
3782,12,711,41628657,all_users,2026-03-25 12:00:00,email,True,2026-03-25 12:49:00,False,
3783,12,388,41628657,all_users,2026-03-26 20:00:00,in_app,False,,False,
3784,12,512,41628657,all_users,2026-03-24 19:00:00,push,False,,False,
3785,12,183,41628657,all_users,2026-03-22 18:00:00,push,False,,False,
3786,12,375,41628657,all_users,2026-03-26 19:00:00,in_app,False,,False,
3787,12,262,41628657,all_users,2026-03-27 10:00:00,in_app,False,,False,
3788,12,603,41628657,all_users,2026-03-23 15:00:00,push,False,,False,
3789,12,167,41628657,all_users,2026-03-26 15:00:00,email,True,2026-03-26 15:44:00,False,
3790,12,808,41628657,all_users,2026-03-23 17:00:00,push,False,,False,
3791,12,924,41628657,all_users,2026-03-23 15:00:00,push,False,,False,
3792,12,407,41628657,all_users,2026-03-23 15:00:00,in_app,True,2026-03-23 15:15:00,False,
3793,12,649,41628657,all_users,2026-03-25 16:00:00,push,False,,False,
3794,12,294,41628657,all_users,2026-03-29 11:00:00,email,True,2026-03-29 12:57:00,False,
3795,12,641,41628657,all_users,2026-03-29 15:00:00,email,True,2026-03-29 17:05:00,False,
3796,12,27,41628657,all_users,2026-03-28 17:00:00,push,False,,False,
3797,12,97,41628657,all_users,2026-03-28 20:00:00,in_app,False,,False,
3798,12,732,41628657,all_users,2026-03-26 16:00:00,push,False,,False,
3799,12,21,41628657,all_users,2026-03-23 16:00:00,push,True,2026-03-23 17:06:00,False,
3800,12,727,41628657,all_users,2026-03-24 11:00:00,email,False,,False,
3801,12,637,41628657,all_users,2026-03-27 17:00:00,push,False,,False,
3802,12,783,41628657,all_users,2026-03-23 13:00:00,email,False,,False,
3803,12,427,41628657,all_users,2026-03-29 10:00:00,push,False,,False,
3804,12,182,41628657,all_users,2026-03-28 13:00:00,in_app,False,,False,
3805,12,197,41628657,all_users,2026-03-24 14:00:00,email,False,,False,
3806,12,384,41628657,all_users,2026-03-22 17:00:00,push,False,,False,
3807,12,920,41628657,all_users,2026-03-22 14:00:00,in_app,False,,False,
3808,12,599,41628657,all_users,2026-03-27 14:00:00,push,False,,False,
3809,12,62,41628657,all_users,2026-03-25 14:00:00,email,True,2026-03-25 15:07:00,False,
3810,12,486,41628657,all_users,2026-03-28 09:00:00,email,True,2026-03-28 11:55:00,False,
3811,12,95,41628657,all_users,2026-03-29 12:00:00,push,False,,False,
3812,12,126,41628657,all_users,2026-03-28 10:00:00,push,False,,False,
3813,12,241,41628657,all_users,2026-03-25 20:00:00,push,False,,False,
3814,12,89,41628657,all_users,2026-03-22 10:00:00,in_app,True,2026-03-22 10:12:00,False,
3815,12,998,41628657,all_users,2026-03-24 13:00:00,in_app,False,,False,
3816,12,430,41628657,all_users,2026-03-29 15:00:00,push,False,,False,
3817,12,122,41628657,all_users,2026-03-29 13:00:00,email,True,2026-03-29 14:49:00,False,
3818,12,653,41628657,all_users,2026-03-27 16:00:00,email,True,2026-03-27 18:28:00,False,
3819,12,801,41628657,all_users,2026-03-25 20:00:00,in_app,False,,False,
3820,12,595,41628657,all_users,2026-03-24 13:00:00,push,False,,False,
3821,12,743,41628657,all_users,2026-03-28 14:00:00,push,False,,False,
3822,12,230,41628657,all_users,2026-03-24 12:00:00,email,False,,False,
3823,12,19,41628657,all_users,2026-03-28 09:00:00,email,False,,False,
3824,12,571,41628657,all_users,2026-03-27 18:00:00,push,False,,False,
3825,12,984,41628657,all_users,2026-03-29 14:00:00,in_app,False,,False,
3826,12,684,41628657,all_users,2026-03-29 15:00:00,push,True,2026-03-29 17:47:00,False,
3827,12,786,41628657,all_users,2026-03-29 20:00:00,in_app,False,,False,
3828,12,265,41628657,all_users,2026-03-28 19:00:00,email,False,,False,
3829,12,435,41628657,all_users,2026-03-27 11:00:00,email,False,,False,
3830,12,229,41628657,all_users,2026-03-22 14:00:00,push,False,,False,
3831,12,576,41628657,all_users,2026-03-28 13:00:00,push,False,,False,
3832,12,102,41628657,all_users,2026-03-27 10:00:00,push,False,,False,
3833,12,373,41628657,all_users,2026-03-22 13:00:00,push,False,,False,
3834,12,270,41628657,all_users,2026-03-22 19:00:00,push,False,,False,
3835,12,352,41628657,all_users,2026-03-24 13:00:00,push,False,,False,
3836,12,930,41628657,all_users,2026-03-29 14:00:00,email,False,,False,
3837,12,123,41628657,all_users,2026-03-27 09:00:00,email,False,,False,
3838,12,121,41628657,all_users,2026-03-26 12:00:00,email,False,,False,
3839,12,491,41628657,all_users,2026-03-24 13:00:00,in_app,False,,False,
3840,12,423,41628657,all_users,2026-03-23 19:00:00,push,False,,False,
3841,12,77,41628657,all_users,2026-03-24 09:00:00,email,False,,False,
3842,12,400,41628657,all_users,2026-03-29 11:00:00,in_app,True,2026-03-29 12:47:00,False,
3843,12,151,41628657,all_users,2026-03-29 12:00:00,in_app,False,,False,
3844,12,96,41628657,all_users,2026-03-28 19:00:00,email,False,,False,
3845,12,915,41628657,all_users,2026-03-26 20:00:00,in_app,False,,False,
3846,12,320,41628657,all_users,2026-03-25 19:00:00,push,False,,False,
3847,12,749,41628657,all_users,2026-03-25 18:00:00,in_app,False,,False,
3848,12,757,41628657,all_users,2026-03-22 12:00:00,push,False,,False,
3849,12,16,41628657,all_users,2026-03-29 20:00:00,push,False,,False,
3850,12,458,41628657,all_users,2026-03-29 12:00:00,in_app,False,,False,
3851,12,34,41628657,all_users,2026-03-22 16:00:00,in_app,False,,False,
3852,12,244,41628657,all_users,2026-03-26 14:00:00,push,False,,False,
3853,12,342,41628657,all_users,2026-03-24 11:00:00,push,False,,False,
3854,12,540,41628657,all_users,2026-03-23 14:00:00,push,False,,False,
3855,12,739,41628657,all_users,2026-03-22 18:00:00,email,False,,False,
3856,12,712,41628657,all_users,2026-03-23 12:00:00,push,False,,False,
3857,12,359,41628657,all_users,2026-03-24 14:00:00,in_app,True,2026-03-24 16:17:00,False,
3858,12,469,41628657,all_users,2026-03-23 20:00:00,email,True,2026-03-23 21:56:00,False,
3859,12,700,41628657,all_users,2026-03-25 09:00:00,push,False,,False,
3860,12,288,41628657,all_users,2026-03-24 20:00:00,in_app,True,2026-03-24 21:01:00,False,
3861,12,759,41628657,all_users,2026-03-28 14:00:00,push,False,,False,
3862,12,293,41628657,all_users,2026-03-28 17:00:00,email,False,,False,
3863,12,286,41628657,all_users,2026-03-28 09:00:00,push,True,2026-03-28 09:20:00,False,
3864,12,687,41628657,all_users,2026-03-23 18:00:00,email,True,2026-03-23 19:31:00,False,
3865,12,738,41628657,all_users,2026-03-23 14:00:00,push,False,,False,
3866,12,186,41628657,all_users,2026-03-27 20:00:00,email,False,,False,
3867,12,101,41628657,all_users,2026-03-23 10:00:00,push,False,,False,
3868,12,698,41628657,all_users,2026-03-25 09:00:00,in_app,True,2026-03-25 11:11:00,False,
3869,12,792,41628657,all_users,2026-03-29 17:00:00,push,False,,False,
3870,12,302,41628657,all_users,2026-03-28 15:00:00,push,False,,False,
3871,12,1,41628657,all_users,2026-03-27 09:00:00,in_app,True,2026-03-27 11:22:00,False,
3872,12,142,41628657,all_users,2026-03-22 10:00:00,email,True,2026-03-22 12:25:00,False,
3873,12,737,41628657,all_users,2026-03-26 12:00:00,email,False,,False,
3874,12,322,41628657,all_users,2026-03-26 09:00:00,push,False,,False,
3875,12,394,41628657,all_users,2026-03-24 18:00:00,email,False,,False,
3876,12,933,41628657,all_users,2026-03-25 20:00:00,push,False,,False,
3877,12,1000,41628657,all_users,2026-03-29 19:00:00,in_app,False,,False,
3878,12,770,41628657,all_users,2026-03-23 19:00:00,push,False,,False,
3879,12,965,41628657,all_users,2026-03-23 10:00:00,push,False,,False,
3880,12,38,41628657,all_users,2026-03-28 15:00:00,in_app,False,,False,
3881,12,841,41628657,all_users,2026-03-27 19:00:00,email,False,,False,
3882,12,307,41628657,all_users,2026-03-27 12:00:00,in_app,False,,False,
3883,12,239,41628657,all_users,2026-03-27 20:00:00,push,False,,False,
3884,12,969,41628657,all_users,2026-03-23 13:00:00,push,True,2026-03-23 14:42:00,False,
3885,12,3,41628657,all_users,2026-03-23 17:00:00,email,False,,False,
3886,12,18,41628657,all_users,2026-03-27 16:00:00,push,False,,False,
3887,12,159,41628657,all_users,2026-03-22 15:00:00,email,False,,False,
3888,12,675,41628657,all_users,2026-03-23 11:00:00,push,False,,False,
3889,12,793,41628657,all_users,2026-03-29 09:00:00,push,False,,False,
3890,12,198,41628657,all_users,2026-03-23 16:00:00,push,False,,False,
3891,12,590,41628657,all_users,2026-03-25 17:00:00,push,False,,False,
3892,12,291,41628657,all_users,2026-03-26 11:00:00,in_app,False,,False,
3893,12,850,41628657,all_users,2026-03-22 17:00:00,push,False,,False,
3894,12,990,41628657,all_users,2026-03-28 18:00:00,in_app,False,,False,
3895,12,441,41628657,all_users,2026-03-26 18:00:00,push,False,,False,
3896,12,203,41628657,all_users,2026-03-23 13:00:00,push,False,,False,
3897,12,805,41628657,all_users,2026-03-28 18:00:00,email,False,,False,
3898,12,991,41628657,all_users,2026-03-27 14:00:00,push,False,,False,
3899,12,451,41628657,all_users,2026-03-25 16:00:00,email,True,2026-03-25 18:37:00,False,
3900,12,325,41628657,all_users,2026-03-27 19:00:00,email,True,2026-03-27 19:19:00,False,
3901,12,678,41628657,all_users,2026-03-22 09:00:00,push,False,,False,
3902,12,826,41628657,all_users,2026-03-23 10:00:00,email,False,,False,
3903,12,533,41628657,all_users,2026-03-28 15:00:00,push,False,,False,
3904,12,530,41628657,all_users,2026-03-24 12:00:00,in_app,False,,False,
3905,12,176,41628657,all_users,2026-03-24 11:00:00,email,False,,False,
3906,12,823,41628657,all_users,2026-03-26 13:00:00,email,False,,False,
3907,12,460,41628657,all_users,2026-03-25 17:00:00,push,False,,False,
3908,12,514,41628657,all_users,2026-03-23 16:00:00,in_app,False,,False,
3909,12,166,41628657,all_users,2026-03-27 12:00:00,email,True,2026-03-27 14:11:00,False,
3910,12,820,41628657,all_users,2026-03-24 20:00:00,in_app,False,,False,
3911,12,259,41628657,all_users,2026-03-26 20:00:00,in_app,True,2026-03-26 21:43:00,False,
3912,12,39,41628657,all_users,2026-03-25 17:00:00,email,False,,False,
3913,12,951,41628657,all_users,2026-03-29 14:00:00,push,False,,False,
3914,12,790,41628657,all_users,2026-03-29 17:00:00,push,False,,False,
3915,12,518,41628657,all_users,2026-03-28 20:00:00,push,False,,False,
3916,12,543,41628657,all_users,2026-03-24 14:00:00,email,False,,False,
3917,12,715,41628657,all_users,2026-03-28 10:00:00,in_app,False,,False,
3918,12,677,41628657,all_users,2026-03-26 16:00:00,push,True,2026-03-26 18:29:00,False,
3919,12,942,41628657,all_users,2026-03-27 20:00:00,push,False,,False,
3920,12,578,41628657,all_users,2026-03-26 20:00:00,push,False,,False,
3921,12,760,41628657,all_users,2026-03-24 10:00:00,email,False,,False,
3922,12,508,41628657,all_users,2026-03-23 13:00:00,push,False,,False,
3923,12,871,41628657,all_users,2026-03-29 19:00:00,email,True,2026-03-29 19:05:00,False,
3924,12,549,41628657,all_users,2026-03-29 12:00:00,push,False,,False,
3925,12,769,41628657,all_users,2026-03-29 10:00:00,email,False,,False,
3926,12,275,41628657,all_users,2026-03-26 12:00:00,push,False,,False,
3927,12,393,41628657,all_users,2026-03-25 11:00:00,email,True,2026-03-25 11:57:00,False,
3928,12,858,41628657,all_users,2026-03-24 11:00:00,push,False,,False,
3929,12,958,41628657,all_users,2026-03-24 11:00:00,push,False,,False,
3930,12,880,41628657,all_users,2026-03-29 13:00:00,in_app,False,,False,
3931,12,671,41628657,all_users,2026-03-28 18:00:00,push,False,,False,
3932,12,257,41628657,all_users,2026-03-23 19:00:00,push,False,,False,
3933,12,234,41628657,all_users,2026-03-27 17:00:00,email,False,,False,
3934,12,547,41628657,all_users,2026-03-29 12:00:00,email,False,,False,
3935,12,382,41628657,all_users,2026-03-24 13:00:00,email,False,,False,
3936,12,432,41628657,all_users,2026-03-26 09:00:00,in_app,True,2026-03-26 10:47:00,False,
3937,12,721,41628657,all_users,2026-03-22 11:00:00,push,False,,False,
3938,12,285,41628657,all_users,2026-03-29 12:00:00,in_app,False,,False,
3939,12,323,41628657,all_users,2026-03-23 10:00:00,email,False,,False,
3940,12,360,41628657,all_users,2026-03-28 18:00:00,in_app,False,,False,
3941,12,301,41628657,all_users,2026-03-22 17:00:00,push,True,2026-03-22 19:26:00,False,
3942,12,64,41628657,all_users,2026-03-25 19:00:00,in_app,False,,False,
3943,12,134,41628657,all_users,2026-03-24 16:00:00,email,False,,False,
3944,12,462,41628657,all_users,2026-03-25 15:00:00,email,True,2026-03-25 16:33:00,False,
3945,12,936,41628657,all_users,2026-03-27 09:00:00,email,False,,False,
3946,12,94,41628657,all_users,2026-03-22 15:00:00,push,False,,False,
3947,12,615,41628657,all_users,2026-03-29 11:00:00,email,False,,False,
3948,12,448,41628657,all_users,2026-03-26 12:00:00,email,False,,False,
3949,12,986,41628657,all_users,2026-03-27 10:00:00,push,False,,False,
3950,12,612,41628657,all_users,2026-03-29 09:00:00,in_app,True,2026-03-29 09:02:00,False,
3951,12,748,41628657,all_users,2026-03-29 15:00:00,email,False,,False,
3952,12,403,41628657,all_users,2026-03-28 19:00:00,email,False,,False,
3953,12,353,41628657,all_users,2026-03-29 17:00:00,email,False,,False,
3954,12,5,41628657,all_users,2026-03-24 15:00:00,email,False,,False,
3955,12,762,41628657,all_users,2026-03-23 14:00:00,push,True,2026-03-23 15:56:00,False,
3956,12,932,41628657,all_users,2026-03-24 15:00:00,in_app,False,,False,
3957,12,10,41628657,all_users,2026-03-27 14:00:00,email,False,,False,
3958,12,968,41628657,all_users,2026-03-24 11:00:00,push,False,,False,
3959,12,744,41628657,all_users,2026-03-28 12:00:00,push,True,2026-03-28 13:01:00,False,
3960,12,983,41628657,all_users,2026-03-23 20:00:00,in_app,False,,False,
3961,12,438,41628657,all_users,2026-03-22 10:00:00,in_app,False,,False,
3962,12,709,41628657,all_users,2026-03-23 09:00:00,push,False,,False,
3963,12,878,41628657,all_users,2026-03-28 20:00:00,push,False,,False,
3964,12,705,41628657,all_users,2026-03-22 11:00:00,push,False,,False,
3965,12,834,41628657,all_users,2026-03-26 18:00:00,push,False,,False,
3966,12,267,41628657,all_users,2026-03-25 17:00:00,in_app,True,2026-03-25 18:18:00,False,
3967,12,961,41628657,all_users,2026-03-24 15:00:00,in_app,True,2026-03-24 16:32:00,False,
3968,12,416,41628657,all_users,2026-03-29 16:00:00,email,False,,False,
3969,12,853,41628657,all_users,2026-03-24 12:00:00,push,False,,False,
3970,12,717,41628657,all_users,2026-03-22 15:00:00,in_app,False,,False,
3971,12,516,41628657,all_users,2026-03-27 17:00:00,in_app,True,2026-03-27 18:25:00,False,
3972,12,389,41628657,all_users,2026-03-26 16:00:00,push,False,,False,
3973,12,714,41628657,all_users,2026-03-24 16:00:00,push,False,,False,
3974,12,600,41628657,all_users,2026-03-23 11:00:00,push,False,,False,
3975,12,346,41628657,all_users,2026-03-28 15:00:00,push,False,,False,
3976,12,532,41628657,all_users,2026-03-23 13:00:00,email,True,2026-03-23 13:41:00,False,
3977,12,367,41628657,all_users,2026-03-25 13:00:00,push,False,,False,
3978,12,927,41628657,all_users,2026-03-22 12:00:00,push,True,2026-03-22 14:03:00,False,
3979,12,502,41628657,all_users,2026-03-25 16:00:00,email,False,,False,
3980,12,894,41628657,all_users,2026-03-23 17:00:00,in_app,True,2026-03-23 17:40:00,False,
3981,12,529,41628657,all_users,2026-03-22 18:00:00,push,False,,False,
3982,12,720,41628657,all_users,2026-03-27 18:00:00,email,True,2026-03-27 19:02:00,False,
3983,12,594,41628657,all_users,2026-03-28 10:00:00,in_app,False,,False,
3984,12,697,41628657,all_users,2026-03-27 11:00:00,push,False,,False,
3985,12,150,41628657,all_users,2026-03-24 12:00:00,in_app,False,,False,
3986,12,445,41628657,all_users,2026-03-23 12:00:00,push,False,,False,
3987,12,387,41628657,all_users,2026-03-22 16:00:00,push,True,2026-03-22 17:36:00,False,
3988,12,100,41628657,all_users,2026-03-25 11:00:00,push,False,,False,
3989,12,993,41628657,all_users,2026-03-25 13:00:00,in_app,False,,False,
3990,12,412,41628657,all_users,2026-03-26 12:00:00,in_app,False,,False,
3991,12,688,41628657,all_users,2026-03-24 11:00:00,push,False,,False,
3992,12,953,41628657,all_users,2026-03-26 09:00:00,email,False,,False,
3993,12,504,41628657,all_users,2026-03-25 13:00:00,in_app,False,,False,
3994,12,53,41628657,all_users,2026-03-23 20:00:00,email,False,,False,
3995,12,206,41628657,all_users,2026-03-29 18:00:00,email,False,,False,
3996,12,668,41628657,all_users,2026-03-25 18:00:00,email,False,,False,
3997,12,997,41628657,all_users,2026-03-28 17:00:00,in_app,True,2026-03-28 18:17:00,False,
3998,12,995,41628657,all_users,2026-03-22 13:00:00,push,False,,False,
3999,12,657,41628657,all_users,2026-03-28 17:00:00,push,True,2026-03-28 18:42:00,False,
4000,12,527,41628657,all_users,2026-03-27 14:00:00,email,False,,False,
4001,12,640,41628657,all_users,2026-03-28 12:00:00,push,False,,False,
4002,12,775,41628657,all_users,2026-03-28 20:00:00,email,True,2026-03-28 22:49:00,False,
4003,12,606,41628657,all_users,2026-03-26 16:00:00,in_app,True,2026-03-26 16:45:00,False,
4004,12,825,41628657,all_users,2026-03-26 14:00:00,push,False,,False,
4005,12,863,41628657,all_users,2026-03-22 19:00:00,push,False,,False,
4006,12,49,41628657,all_users,2026-03-27 12:00:00,push,False,,False,
4007,12,7,41628657,all_users,2026-03-22 19:00:00,push,False,,False,
4008,12,569,41628657,all_users,2026-03-29 11:00:00,push,False,,False,
4009,12,318,41628657,all_users,2026-03-27 17:00:00,push,False,,False,
4010,12,885,41628657,all_users,2026-03-28 19:00:00,in_app,False,,False,
4011,12,539,41628657,all_users,2026-03-28 12:00:00,in_app,False,,False,
4012,12,591,41628657,all_users,2026-03-26 18:00:00,push,False,,False,
4013,12,554,41628657,all_users,2026-03-24 11:00:00,push,False,,False,
4014,12,829,41628657,all_users,2026-03-22 09:00:00,push,False,,False,
4015,12,575,41628657,all_users,2026-03-26 10:00:00,push,False,,False,
4016,12,90,41628657,all_users,2026-03-27 20:00:00,email,False,,False,
4017,12,493,41628657,all_users,2026-03-25 13:00:00,push,False,,False,
4018,12,629,41628657,all_users,2026-03-23 13:00:00,push,False,,False,
4019,12,636,41628657,all_users,2026-03-24 13:00:00,email,False,,False,
4020,12,836,41628657,all_users,2026-03-23 12:00:00,email,False,,False,
4021,12,136,41628657,all_users,2026-03-22 19:00:00,push,False,,False,
4022,12,989,41628657,all_users,2026-03-26 12:00:00,email,False,,False,
4023,12,772,41628657,all_users,2026-03-25 16:00:00,in_app,False,,False,
4024,12,410,41628657,all_users,2026-03-22 19:00:00,in_app,False,,False,
4025,12,682,41628657,all_users,2026-03-29 10:00:00,push,False,,False,
4026,12,902,41628657,all_users,2026-03-29 19:00:00,email,False,,False,
4027,12,237,41628657,all_users,2026-03-23 19:00:00,push,True,2026-03-23 21:51:00,False,
4028,12,573,41628657,all_users,2026-03-28 15:00:00,push,True,2026-03-28 15:13:00,False,
4029,12,418,41628657,all_users,2026-03-24 10:00:00,push,False,,False,
4030,12,945,41628657,all_users,2026-03-28 09:00:00,in_app,False,,False,
4031,12,88,41628657,all_users,2026-03-25 19:00:00,push,False,,False,
4032,12,581,41628657,all_users,2026-03-25 10:00:00,email,False,,False,
4033,12,911,41628657,all_users,2026-03-29 11:00:00,push,False,,False,
4034,12,882,41628657,all_users,2026-03-26 18:00:00,push,False,,False,
4035,12,659,41628657,all_users,2026-03-22 12:00:00,push,False,,False,
4036,12,833,41628657,all_users,2026-03-25 09:00:00,push,False,,False,
4037,12,413,41628657,all_users,2026-03-25 14:00:00,push,True,2026-03-25 14:04:00,False,
4038,12,303,41628657,all_users,2026-03-29 17:00:00,push,False,,False,
4039,12,872,41628657,all_users,2026-03-23 18:00:00,push,False,,False,
4040,12,405,41628657,all_users,2026-03-29 17:00:00,push,False,,False,
4041,12,694,41628657,all_users,2026-03-24 16:00:00,email,True,2026-03-24 18:23:00,False,
4042,12,478,41628657,all_users,2026-03-26 10:00:00,push,False,,False,
4043,12,475,41628657,all_users,2026-03-29 11:00:00,push,False,,False,
4044,12,50,41628657,all_users,2026-03-25 16:00:00,push,False,,False,
4045,12,511,41628657,all_users,2026-03-28 11:00:00,in_app,False,,False,
4046,12,876,41628657,all_users,2026-03-26 16:00:00,in_app,True,2026-03-26 18:45:00,False,
4047,12,380,41628657,all_users,2026-03-22 17:00:00,push,False,,False,
4048,12,495,41628657,all_users,2026-03-29 18:00:00,push,False,,False,
4049,12,503,41628657,all_users,2026-03-29 14:00:00,in_app,False,,False,
4050,12,487,41628657,all_users,2026-03-27 10:00:00,email,False,,False,
4051,12,887,41628657,all_users,2026-03-27 09:00:00,in_app,False,,False,
4052,12,597,41628657,all_users,2026-03-28 16:00:00,email,False,,False,
4053,12,243,41628657,all_users,2026-03-23 11:00:00,in_app,False,,False,
4054,12,960,41628657,all_users,2026-03-27 13:00:00,in_app,False,,False,
4055,12,555,41628657,all_users,2026-03-26 20:00:00,push,False,,False,
4056,12,215,41628657,all_users,2026-03-28 17:00:00,in_app,False,,False,
4057,12,648,41628657,all_users,2026-03-28 10:00:00,push,False,,False,
4058,12,119,41628657,all_users,2026-03-29 12:00:00,in_app,False,,False,
4059,12,797,41628657,all_users,2026-03-29 11:00:00,email,False,,False,
4060,12,395,41628657,all_users,2026-03-23 09:00:00,push,False,,False,
4061,12,481,41628657,all_users,2026-03-28 17:00:00,push,True,2026-03-28 19:10:00,False,
4062,12,51,41628657,all_users,2026-03-22 12:00:00,push,False,,False,
4063,12,843,41628657,all_users,2026-03-26 19:00:00,email,False,,False,
4064,12,888,41628657,all_users,2026-03-27 17:00:00,email,True,2026-03-27 17:40:00,False,
4065,12,24,41628657,all_users,2026-03-23 11:00:00,in_app,False,,False,
4066,12,45,41628657,all_users,2026-03-27 18:00:00,email,False,,False,
4067,12,567,41628657,all_users,2026-03-28 17:00:00,push,True,2026-03-28 18:07:00,False,
4068,12,638,41628657,all_users,2026-03-28 11:00:00,email,False,,False,
4069,12,233,41628657,all_users,2026-03-29 11:00:00,email,False,,False,
4070,12,535,41628657,all_users,2026-03-28 09:00:00,email,False,,False,
4071,12,553,41628657,all_users,2026-03-24 20:00:00,push,False,,False,
4072,12,369,41628657,all_users,2026-03-28 16:00:00,email,False,,False,
4073,12,340,41628657,all_users,2026-03-22 09:00:00,email,False,,False,
4074,12,574,41628657,all_users,2026-03-22 16:00:00,email,True,2026-03-22 16:54:00,False,
4075,12,652,41628657,all_users,2026-03-28 20:00:00,push,False,,False,
4076,12,531,41628657,all_users,2026-03-24 19:00:00,push,False,,False,
4077,12,733,41628657,all_users,2026-03-29 10:00:00,in_app,False,,False,
4078,12,201,41628657,all_users,2026-03-25 15:00:00,push,False,,False,
4079,12,14,41628657,all_users,2026-03-22 14:00:00,push,True,2026-03-22 16:43:00,False,
4080,12,741,41628657,all_users,2026-03-27 12:00:00,email,False,,False,
4081,12,461,41628657,all_users,2026-03-25 18:00:00,push,False,,False,
4082,12,255,41628657,all_users,2026-03-26 20:00:00,email,True,2026-03-26 21:32:00,False,
4083,12,751,41628657,all_users,2026-03-26 19:00:00,push,False,,False,
4084,12,542,41628657,all_users,2026-03-23 16:00:00,push,False,,False,
4085,12,473,41628657,all_users,2026-03-22 13:00:00,push,True,2026-03-22 14:22:00,False,
4086,12,308,41628657,all_users,2026-03-23 11:00:00,in_app,True,2026-03-23 13:23:00,False,
4087,12,791,41628657,all_users,2026-03-25 14:00:00,push,False,,False,
4088,13,920,50000207,active_users,2026-05-12 17:00:00,in_app,True,2026-05-12 17:47:00,False,
4089,13,122,50000207,active_users,2026-05-11 17:00:00,email,True,2026-05-11 17:14:00,False,
4090,13,350,50000207,active_users,2026-05-14 10:00:00,in_app,True,2026-05-14 12:42:00,False,
4091,13,467,50000207,active_users,2026-05-13 11:00:00,push,False,,False,
4092,13,4,50000207,active_users,2026-05-14 17:00:00,push,False,,False,
4093,13,482,50000207,active_users,2026-05-11 12:00:00,email,False,,False,
4094,13,658,50000207,active_users,2026-05-13 18:00:00,push,False,,False,
4095,13,968,50000207,active_users,2026-05-08 14:00:00,push,False,,False,
4096,13,41,50000207,active_users,2026-05-10 18:00:00,push,False,,False,
4097,13,754,50000207,active_users,2026-05-12 13:00:00,push,False,,False,
4098,13,430,50000207,active_users,2026-05-10 15:00:00,push,False,,False,
4099,13,773,50000207,active_users,2026-05-11 18:00:00,in_app,True,2026-05-11 18:34:00,False,
4100,13,830,50000207,active_users,2026-05-14 14:00:00,push,True,2026-05-14 14:48:00,False,
4101,13,905,50000207,active_users,2026-05-15 17:00:00,in_app,False,,False,
4102,13,856,50000207,active_users,2026-05-08 14:00:00,email,False,,False,
4103,13,901,50000207,active_users,2026-05-11 13:00:00,push,False,,False,
4104,13,223,50000207,active_users,2026-05-12 10:00:00,push,False,,False,
4105,13,910,50000207,active_users,2026-05-09 15:00:00,push,False,,False,
4106,13,974,50000207,active_users,2026-05-13 19:00:00,in_app,False,,False,
4107,13,914,50000207,active_users,2026-05-12 20:00:00,push,True,2026-05-12 22:57:00,False,
4108,13,465,50000207,active_users,2026-05-12 13:00:00,push,False,,False,
4109,13,48,50000207,active_users,2026-05-11 13:00:00,push,True,2026-05-11 14:24:00,False,
4110,13,148,50000207,active_users,2026-05-14 10:00:00,in_app,False,,False,
4111,13,581,50000207,active_users,2026-05-08 11:00:00,push,False,,False,
4112,13,579,50000207,active_users,2026-05-08 18:00:00,email,True,2026-05-08 20:29:00,False,
4113,13,38,50000207,active_users,2026-05-14 15:00:00,push,False,,False,
4114,13,146,50000207,active_users,2026-05-09 19:00:00,push,False,,False,
4115,13,43,50000207,active_users,2026-05-13 14:00:00,push,True,2026-05-13 15:18:00,False,
4116,13,82,50000207,active_users,2026-05-11 17:00:00,push,False,,False,
4117,13,36,50000207,active_users,2026-05-15 15:00:00,push,False,,False,
4118,13,894,50000207,active_users,2026-05-08 11:00:00,in_app,False,,False,
4119,13,733,50000207,active_users,2026-05-13 11:00:00,push,False,,False,
4120,13,460,50000207,active_users,2026-05-12 14:00:00,email,False,,False,
4121,13,862,50000207,active_users,2026-05-15 09:00:00,in_app,False,,False,
4122,13,786,50000207,active_users,2026-05-10 14:00:00,email,False,,False,
4123,13,524,50000207,active_users,2026-05-12 13:00:00,push,False,,False,
4124,13,185,50000207,active_users,2026-05-13 12:00:00,in_app,True,2026-05-13 12:28:00,False,
4125,13,512,50000207,active_users,2026-05-09 13:00:00,push,True,2026-05-09 15:28:00,False,
4126,13,348,50000207,active_users,2026-05-14 20:00:00,push,False,,False,
4127,13,969,50000207,active_users,2026-05-11 09:00:00,push,False,,False,
4128,13,411,50000207,active_users,2026-05-11 19:00:00,push,False,,False,
4129,13,617,50000207,active_users,2026-05-15 17:00:00,push,False,,False,
4130,13,685,50000207,active_users,2026-05-10 09:00:00,email,False,,False,
4131,13,679,50000207,active_users,2026-05-08 13:00:00,push,False,,False,
4132,13,123,50000207,active_users,2026-05-11 12:00:00,in_app,False,,False,
4133,13,23,50000207,active_users,2026-05-11 15:00:00,push,False,,False,
4134,13,226,50000207,active_users,2026-05-12 16:00:00,push,False,,False,
4135,13,628,50000207,active_users,2026-05-13 12:00:00,in_app,True,2026-05-13 14:54:00,False,
4136,13,432,50000207,active_users,2026-05-09 17:00:00,push,False,,False,
4137,13,103,50000207,active_users,2026-05-08 09:00:00,email,False,,False,
4138,13,67,50000207,active_users,2026-05-12 17:00:00,email,False,,False,
4139,13,266,50000207,active_users,2026-05-14 10:00:00,email,False,,False,
4140,13,105,50000207,active_users,2026-05-13 13:00:00,push,False,,False,
4141,13,805,50000207,active_users,2026-05-12 20:00:00,push,False,,False,
4142,13,131,50000207,active_users,2026-05-09 13:00:00,push,False,,False,
4143,13,568,50000207,active_users,2026-05-10 18:00:00,push,False,,False,
4144,13,29,50000207,active_users,2026-05-15 09:00:00,push,False,,False,
4145,13,603,50000207,active_users,2026-05-15 13:00:00,push,False,,False,
4146,13,144,50000207,active_users,2026-05-10 16:00:00,push,False,,False,
4147,13,529,50000207,active_users,2026-05-12 19:00:00,push,False,,False,
4148,13,403,50000207,active_users,2026-05-11 16:00:00,push,False,,False,
4149,13,798,50000207,active_users,2026-05-08 12:00:00,push,False,,False,
4150,13,284,50000207,active_users,2026-05-12 14:00:00,push,False,,False,
4151,13,588,50000207,active_users,2026-05-08 18:00:00,push,True,2026-05-08 18:42:00,False,
4152,13,370,50000207,active_users,2026-05-10 17:00:00,in_app,False,,False,
4153,13,775,50000207,active_users,2026-05-14 14:00:00,in_app,False,,False,
4154,13,20,50000207,active_users,2026-05-10 16:00:00,push,False,,False,
4155,13,497,50000207,active_users,2026-05-12 20:00:00,email,True,2026-05-12 21:50:00,False,
4156,13,68,50000207,active_users,2026-05-11 19:00:00,in_app,False,,False,
4157,13,438,50000207,active_users,2026-05-14 17:00:00,push,False,,False,
4158,13,879,50000207,active_users,2026-05-09 18:00:00,email,False,,False,
4159,13,838,50000207,active_users,2026-05-13 09:00:00,push,True,2026-05-13 10:50:00,False,
4160,13,819,50000207,active_users,2026-05-10 13:00:00,email,True,2026-05-10 13:44:00,False,
4161,13,823,50000207,active_users,2026-05-13 20:00:00,push,False,,False,
4162,13,967,50000207,active_users,2026-05-09 19:00:00,push,True,2026-05-09 19:14:00,False,
4163,13,651,50000207,active_users,2026-05-11 19:00:00,push,False,,False,
4164,13,108,50000207,active_users,2026-05-10 13:00:00,push,False,,False,
4165,13,844,50000207,active_users,2026-05-09 18:00:00,in_app,False,,False,
4166,13,327,50000207,active_users,2026-05-12 17:00:00,email,False,,False,
4167,13,610,50000207,active_users,2026-05-10 14:00:00,in_app,False,,False,
4168,13,566,50000207,active_users,2026-05-09 18:00:00,in_app,False,,False,
4169,13,174,50000207,active_users,2026-05-14 12:00:00,push,True,2026-05-14 13:44:00,False,
4170,13,947,50000207,active_users,2026-05-12 19:00:00,push,False,,False,
4171,13,476,50000207,active_users,2026-05-09 17:00:00,push,False,,False,
4172,13,587,50000207,active_users,2026-05-08 19:00:00,push,False,,False,
4173,13,546,50000207,active_users,2026-05-15 16:00:00,in_app,False,,False,
4174,13,143,50000207,active_users,2026-05-14 10:00:00,email,False,,False,
4175,13,399,50000207,active_users,2026-05-13 18:00:00,push,False,,False,
4176,13,170,50000207,active_users,2026-05-09 09:00:00,push,True,2026-05-09 11:09:00,False,
4177,13,292,50000207,active_users,2026-05-11 20:00:00,push,False,,False,
4178,13,732,50000207,active_users,2026-05-09 09:00:00,in_app,False,,False,
4179,13,472,50000207,active_users,2026-05-12 09:00:00,push,True,2026-05-12 09:09:00,False,
4180,13,613,50000207,active_users,2026-05-13 20:00:00,in_app,False,,False,
4181,13,216,50000207,active_users,2026-05-08 15:00:00,in_app,False,,False,
4182,13,549,50000207,active_users,2026-05-14 17:00:00,push,False,,False,
4183,13,78,50000207,active_users,2026-05-10 12:00:00,push,False,,False,
4184,13,686,50000207,active_users,2026-05-15 10:00:00,push,False,,False,
4185,13,346,50000207,active_users,2026-05-13 15:00:00,in_app,True,2026-05-13 17:27:00,False,
4186,13,948,50000207,active_users,2026-05-10 17:00:00,push,False,,False,
4187,13,507,50000207,active_users,2026-05-09 14:00:00,push,False,,False,
4188,13,373,50000207,active_users,2026-05-12 10:00:00,push,False,,False,
4189,13,282,50000207,active_users,2026-05-14 18:00:00,push,False,,False,
4190,13,909,50000207,active_users,2026-05-09 10:00:00,push,False,,False,
4191,13,418,50000207,active_users,2026-05-15 10:00:00,push,True,2026-05-15 11:28:00,False,
4192,13,183,50000207,active_users,2026-05-11 17:00:00,email,True,2026-05-11 19:22:00,False,
4193,13,585,50000207,active_users,2026-05-10 17:00:00,push,False,,False,
4194,13,925,50000207,active_users,2026-05-11 09:00:00,email,False,,False,
4195,13,817,50000207,active_users,2026-05-14 16:00:00,in_app,False,,False,
4196,13,456,50000207,active_users,2026-05-08 13:00:00,email,True,2026-05-08 14:44:00,False,
4197,13,192,50000207,active_users,2026-05-15 11:00:00,push,False,,False,
4198,13,322,50000207,active_users,2026-05-13 18:00:00,push,False,,False,
4199,13,590,50000207,active_users,2026-05-15 09:00:00,push,False,,False,
4200,13,971,50000207,active_users,2026-05-10 11:00:00,in_app,True,2026-05-10 12:34:00,False,
4201,13,206,50000207,active_users,2026-05-11 20:00:00,push,True,2026-05-11 22:24:00,False,
4202,13,60,50000207,active_users,2026-05-12 12:00:00,push,False,,False,
4203,13,991,50000207,active_users,2026-05-09 09:00:00,email,True,2026-05-09 11:21:00,False,
4204,13,761,50000207,active_users,2026-05-09 12:00:00,in_app,False,,False,
4205,13,916,50000207,active_users,2026-05-10 17:00:00,push,False,,False,
4206,13,902,50000207,active_users,2026-05-12 16:00:00,email,False,,False,
4207,13,737,50000207,active_users,2026-05-12 18:00:00,push,True,2026-05-12 18:17:00,False,
4208,13,554,50000207,active_users,2026-05-13 14:00:00,push,True,2026-05-13 14:24:00,False,
4209,13,417,50000207,active_users,2026-05-09 18:00:00,email,False,,False,
4210,13,742,50000207,active_users,2026-05-10 15:00:00,email,False,,False,
4211,13,89,50000207,active_users,2026-05-08 12:00:00,push,True,2026-05-08 12:13:00,False,
4212,13,758,50000207,active_users,2026-05-09 09:00:00,push,False,,False,
4213,13,215,50000207,active_users,2026-05-15 11:00:00,push,False,,False,
4214,13,387,50000207,active_users,2026-05-12 11:00:00,email,False,,False,
4215,13,127,50000207,active_users,2026-05-11 11:00:00,email,False,,False,
4216,13,133,50000207,active_users,2026-05-10 14:00:00,in_app,False,,False,
4217,13,580,50000207,active_users,2026-05-15 20:00:00,email,True,2026-05-15 20:26:00,False,
4218,13,302,50000207,active_users,2026-05-14 14:00:00,push,False,,False,
4219,13,992,50000207,active_users,2026-05-11 12:00:00,email,False,,False,
4220,13,755,50000207,active_users,2026-05-12 09:00:00,push,False,,False,
4221,13,93,50000207,active_users,2026-05-10 17:00:00,in_app,True,2026-05-10 17:28:00,False,
4222,13,109,50000207,active_users,2026-05-15 11:00:00,email,False,,False,
4223,13,314,50000207,active_users,2026-05-13 20:00:00,push,True,2026-05-13 22:57:00,False,
4224,13,978,50000207,active_users,2026-05-13 09:00:00,in_app,False,,False,
4225,13,422,50000207,active_users,2026-05-15 17:00:00,push,False,,False,
4226,13,379,50000207,active_users,2026-05-09 15:00:00,push,False,,False,
4227,13,62,50000207,active_users,2026-05-13 13:00:00,push,True,2026-05-13 13:36:00,False,
4228,13,631,50000207,active_users,2026-05-13 13:00:00,email,False,,False,
4229,13,804,50000207,active_users,2026-05-08 19:00:00,push,True,2026-05-08 21:16:00,False,
4230,13,791,50000207,active_users,2026-05-08 10:00:00,push,False,,False,
4231,13,988,50000207,active_users,2026-05-10 14:00:00,in_app,False,,False,
4232,13,808,50000207,active_users,2026-05-09 17:00:00,push,False,,False,
4233,13,454,50000207,active_users,2026-05-15 11:00:00,push,True,2026-05-15 13:35:00,False,
4234,13,1000,50000207,active_users,2026-05-12 14:00:00,in_app,True,2026-05-12 16:43:00,False,
4235,13,883,50000207,active_users,2026-05-11 20:00:00,push,True,2026-05-11 21:27:00,False,
4236,13,75,50000207,active_users,2026-05-08 20:00:00,email,False,,False,
4237,13,54,50000207,active_users,2026-05-08 18:00:00,in_app,False,,False,
4238,13,642,50000207,active_users,2026-05-11 17:00:00,push,False,,False,
4239,13,591,50000207,active_users,2026-05-08 14:00:00,push,False,,False,
4240,13,365,50000207,active_users,2026-05-10 11:00:00,push,True,2026-05-10 12:52:00,False,
4241,13,406,50000207,active_users,2026-05-11 09:00:00,push,False,,False,
4242,13,834,50000207,active_users,2026-05-13 18:00:00,push,False,,False,
4243,13,718,50000207,active_users,2026-05-11 15:00:00,email,False,,False,
4244,13,918,50000207,active_users,2026-05-08 20:00:00,in_app,False,,False,
4245,13,412,50000207,active_users,2026-05-13 14:00:00,push,False,,False,
4246,13,839,50000207,active_users,2026-05-11 12:00:00,push,True,2026-05-11 14:05:00,False,
4247,13,382,50000207,active_users,2026-05-15 15:00:00,push,False,,False,
4248,13,936,50000207,active_users,2026-05-09 09:00:00,email,False,,False,
4249,13,637,50000207,active_users,2026-05-11 11:00:00,email,False,,False,
4250,13,31,50000207,active_users,2026-05-09 17:00:00,in_app,False,,False,
4251,13,608,50000207,active_users,2026-05-09 10:00:00,in_app,False,,False,
4252,13,875,50000207,active_users,2026-05-08 14:00:00,push,False,,False,
4253,13,965,50000207,active_users,2026-05-10 13:00:00,in_app,False,,False,
4254,13,932,50000207,active_users,2026-05-13 09:00:00,push,False,,False,
4255,13,116,50000207,active_users,2026-05-13 19:00:00,push,False,,False,
4256,13,606,50000207,active_users,2026-05-13 14:00:00,in_app,False,,False,
4257,13,464,50000207,active_users,2026-05-13 11:00:00,push,False,,False,
4258,13,567,50000207,active_users,2026-05-12 13:00:00,push,False,,False,
4259,13,134,50000207,active_users,2026-05-14 10:00:00,push,True,2026-05-14 11:38:00,False,
4260,13,17,50000207,active_users,2026-05-09 18:00:00,in_app,True,2026-05-09 20:18:00,False,
4261,13,355,50000207,active_users,2026-05-11 11:00:00,email,True,2026-05-11 13:52:00,False,
4262,13,851,50000207,active_users,2026-05-09 18:00:00,push,False,,False,
4263,13,647,50000207,active_users,2026-05-12 14:00:00,email,False,,False,
4264,13,903,50000207,active_users,2026-05-08 10:00:00,push,False,,False,
4265,13,149,50000207,active_users,2026-05-11 14:00:00,push,False,,False,
4266,13,275,50000207,active_users,2026-05-12 16:00:00,email,False,,False,
4267,13,427,50000207,active_users,2026-05-14 16:00:00,push,False,,False,
4268,13,542,50000207,active_users,2026-05-14 18:00:00,in_app,False,,False,
4269,13,255,50000207,active_users,2026-05-12 13:00:00,push,False,,False,
4270,13,88,50000207,active_users,2026-05-15 18:00:00,push,False,,False,
4271,13,429,50000207,active_users,2026-05-12 13:00:00,email,False,,False,
4272,13,821,50000207,active_users,2026-05-08 20:00:00,in_app,False,,False,
4273,13,979,50000207,active_users,2026-05-12 18:00:00,in_app,False,,False,
4274,13,107,50000207,active_users,2026-05-15 13:00:00,email,False,,False,
4275,13,455,50000207,active_users,2026-05-13 19:00:00,push,False,,False,
4276,13,458,50000207,active_users,2026-05-10 09:00:00,push,False,,False,
4277,13,593,50000207,active_users,2026-05-14 14:00:00,in_app,True,2026-05-14 16:56:00,False,
4278,13,646,50000207,active_users,2026-05-09 16:00:00,push,False,,False,
4279,13,243,50000207,active_users,2026-05-13 15:00:00,push,True,2026-05-13 17:26:00,False,
4280,13,694,50000207,active_users,2026-05-13 18:00:00,email,False,,False,
4281,13,439,50000207,active_users,2026-05-14 13:00:00,email,False,,False,
4282,13,484,50000207,active_users,2026-05-14 16:00:00,email,False,,False,
4283,13,598,50000207,active_users,2026-05-11 20:00:00,push,True,2026-05-11 21:07:00,False,
4284,13,97,50000207,active_users,2026-05-13 20:00:00,push,True,2026-05-13 21:18:00,False,
4285,13,500,50000207,active_users,2026-05-11 15:00:00,in_app,False,,False,
4286,13,162,50000207,active_users,2026-05-09 17:00:00,in_app,False,,False,
4287,13,402,50000207,active_users,2026-05-10 14:00:00,email,False,,False,
4288,13,640,50000207,active_users,2026-05-09 09:00:00,email,False,,False,
4289,13,332,50000207,active_users,2026-05-09 17:00:00,push,False,,False,
4290,13,553,50000207,active_users,2026-05-12 19:00:00,email,False,,False,
4291,13,669,50000207,active_users,2026-05-14 11:00:00,push,False,,False,
4292,13,973,50000207,active_users,2026-05-13 13:00:00,push,True,2026-05-13 15:29:00,False,
4293,13,280,50000207,active_users,2026-05-08 19:00:00,push,False,,False,
4294,13,63,50000207,active_users,2026-05-14 12:00:00,push,True,2026-05-14 14:09:00,False,
4295,13,334,50000207,active_users,2026-05-11 10:00:00,push,False,,False,
4296,13,940,50000207,active_users,2026-05-14 18:00:00,push,False,,False,
4297,13,917,50000207,active_users,2026-05-14 17:00:00,in_app,False,,False,
4298,13,882,50000207,active_users,2026-05-10 20:00:00,email,False,,False,
4299,13,440,50000207,active_users,2026-05-10 17:00:00,push,True,2026-05-10 18:46:00,False,
4300,13,268,50000207,active_users,2026-05-13 13:00:00,email,False,,False,
4301,13,483,50000207,active_users,2026-05-11 10:00:00,email,True,2026-05-11 11:16:00,False,
4302,13,420,50000207,active_users,2026-05-12 17:00:00,push,True,2026-05-12 18:35:00,False,
4303,13,575,50000207,active_users,2026-05-12 18:00:00,push,False,,False,
4304,13,104,50000207,active_users,2026-05-11 11:00:00,in_app,False,,False,
4305,13,219,50000207,active_users,2026-05-15 19:00:00,in_app,False,,False,
4306,13,267,50000207,active_users,2026-05-15 12:00:00,push,True,2026-05-15 14:36:00,False,
4307,13,140,50000207,active_users,2026-05-12 14:00:00,push,False,,False,
4308,13,307,50000207,active_users,2026-05-08 11:00:00,email,True,2026-05-08 11:53:00,False,
4309,13,673,50000207,active_users,2026-05-11 11:00:00,push,False,,False,
4310,13,871,50000207,active_users,2026-05-09 10:00:00,email,False,,False,
4311,13,200,50000207,active_users,2026-05-15 20:00:00,push,False,,False,
4312,13,565,50000207,active_users,2026-05-10 19:00:00,email,True,2026-05-10 20:20:00,False,
4313,13,730,50000207,active_users,2026-05-11 19:00:00,push,False,,False,
4314,13,90,50000207,active_users,2026-05-15 10:00:00,in_app,True,2026-05-15 10:32:00,False,
4315,13,623,50000207,active_users,2026-05-08 17:00:00,push,True,2026-05-08 19:35:00,False,
4316,13,898,50000207,active_users,2026-05-14 15:00:00,in_app,False,,False,
4317,13,126,50000207,active_users,2026-05-11 13:00:00,push,False,,False,
4318,13,652,50000207,active_users,2026-05-14 17:00:00,push,False,,False,
4319,13,957,50000207,active_users,2026-05-15 15:00:00,email,False,,False,
4320,13,446,50000207,active_users,2026-05-13 09:00:00,email,True,2026-05-13 11:39:00,False,
4321,13,274,50000207,active_users,2026-05-15 18:00:00,push,False,,False,
4322,13,325,50000207,active_users,2026-05-11 09:00:00,push,False,,False,
4323,13,806,50000207,active_users,2026-05-09 11:00:00,in_app,False,,False,
4324,13,577,50000207,active_users,2026-05-14 11:00:00,email,False,,False,
4325,13,691,50000207,active_users,2026-05-09 20:00:00,push,True,2026-05-09 22:18:00,False,
4326,13,179,50000207,active_users,2026-05-15 19:00:00,push,True,2026-05-15 19:47:00,False,
4327,13,931,50000207,active_users,2026-05-09 15:00:00,email,False,,False,
4328,13,384,50000207,active_users,2026-05-10 10:00:00,in_app,False,,False,
4329,13,633,50000207,active_users,2026-05-12 10:00:00,push,False,,False,
4330,13,714,50000207,active_users,2026-05-09 09:00:00,email,False,,False,
4331,13,366,50000207,active_users,2026-05-15 16:00:00,email,True,2026-05-15 18:03:00,False,
4332,13,778,50000207,active_users,2026-05-12 17:00:00,email,False,,False,
4333,13,616,50000207,active_users,2026-05-12 12:00:00,push,False,,False,
4334,13,709,50000207,active_users,2026-05-11 12:00:00,push,True,2026-05-11 14:18:00,False,
4335,13,436,50000207,active_users,2026-05-10 10:00:00,push,False,,False,
4336,13,435,50000207,active_users,2026-05-09 09:00:00,in_app,False,,False,
4337,13,538,50000207,active_users,2026-05-11 19:00:00,push,True,2026-05-11 20:05:00,False,
4338,13,896,50000207,active_users,2026-05-14 15:00:00,in_app,False,,False,
4339,13,298,50000207,active_users,2026-05-10 17:00:00,push,True,2026-05-10 18:44:00,False,
4340,13,50,50000207,active_users,2026-05-15 16:00:00,email,False,,False,
4341,13,273,50000207,active_users,2026-05-12 20:00:00,push,False,,False,
4342,13,660,50000207,active_users,2026-05-13 09:00:00,email,False,,False,
4343,13,452,50000207,active_users,2026-05-12 16:00:00,email,False,,False,
4344,13,555,50000207,active_users,2026-05-14 14:00:00,push,True,2026-05-14 15:17:00,False,
4345,13,189,50000207,active_users,2026-05-09 20:00:00,email,False,,False,
4346,13,311,50000207,active_users,2026-05-13 12:00:00,push,True,2026-05-13 12:23:00,False,
4347,13,347,50000207,active_users,2026-05-14 12:00:00,push,True,2026-05-14 12:18:00,False,
4348,13,320,50000207,active_users,2026-05-08 17:00:00,email,False,,False,
4349,13,664,50000207,active_users,2026-05-13 10:00:00,in_app,False,,False,
4350,13,437,50000207,active_users,2026-05-11 13:00:00,in_app,False,,False,
4351,13,517,50000207,active_users,2026-05-10 12:00:00,in_app,False,,False,
4352,13,171,50000207,active_users,2026-05-10 13:00:00,push,False,,False,
4353,13,475,50000207,active_users,2026-05-11 13:00:00,in_app,False,,False,
4354,13,813,50000207,active_users,2026-05-11 20:00:00,push,False,,False,
4355,13,626,50000207,active_users,2026-05-10 20:00:00,in_app,False,,False,
4356,13,998,50000207,active_users,2026-05-09 13:00:00,push,False,,False,
4357,13,230,50000207,active_users,2026-05-14 12:00:00,email,True,2026-05-14 13:50:00,False,
4358,13,47,50000207,active_users,2026-05-12 11:00:00,push,False,,False,
4359,13,100,50000207,active_users,2026-05-14 13:00:00,push,False,,False,
4360,13,349,50000207,active_users,2026-05-11 16:00:00,push,True,2026-05-11 18:03:00,False,
4361,13,291,50000207,active_users,2026-05-09 10:00:00,push,False,,False,
4362,13,648,50000207,active_users,2026-05-13 09:00:00,in_app,False,,False,
4363,13,748,50000207,active_users,2026-05-11 13:00:00,in_app,False,,False,
4364,13,863,50000207,active_users,2026-05-13 14:00:00,in_app,False,,False,
4365,13,677,50000207,active_users,2026-05-08 13:00:00,email,False,,False,
4366,13,110,50000207,active_users,2026-05-10 16:00:00,push,False,,False,
4367,13,7,50000207,active_users,2026-05-10 16:00:00,push,True,2026-05-10 17:33:00,False,
4368,13,381,50000207,active_users,2026-05-11 09:00:00,push,False,,False,
4369,13,945,50000207,active_users,2026-05-11 13:00:00,push,False,,False,
4370,13,175,50000207,active_users,2026-05-09 17:00:00,email,False,,False,
4371,13,180,50000207,active_users,2026-05-13 17:00:00,push,False,,False,
4372,13,91,50000207,active_users,2026-05-12 15:00:00,push,False,,False,
4373,13,743,50000207,active_users,2026-05-10 11:00:00,in_app,False,,False,
4374,13,443,50000207,active_users,2026-05-10 19:00:00,in_app,True,2026-05-10 20:48:00,False,
4375,13,578,50000207,active_users,2026-05-13 20:00:00,push,False,,False,
4376,13,868,50000207,active_users,2026-05-13 18:00:00,email,True,2026-05-13 20:19:00,False,
4377,13,397,50000207,active_users,2026-05-12 19:00:00,push,True,2026-05-12 20:02:00,False,
4378,13,665,50000207,active_users,2026-05-14 11:00:00,push,False,,False,
4379,13,867,50000207,active_users,2026-05-10 18:00:00,push,False,,False,
4380,13,824,50000207,active_users,2026-05-10 12:00:00,email,False,,False,
4381,13,559,50000207,active_users,2026-05-10 18:00:00,in_app,False,,False,
4382,13,246,50000207,active_users,2026-05-09 14:00:00,in_app,False,,False,
4383,13,811,50000207,active_users,2026-05-15 11:00:00,push,False,,False,
4384,13,636,50000207,active_users,2026-05-14 16:00:00,email,True,2026-05-14 17:44:00,False,
4385,13,421,50000207,active_users,2026-05-10 19:00:00,push,True,2026-05-10 20:11:00,False,
4386,13,774,50000207,active_users,2026-05-15 12:00:00,email,True,2026-05-15 14:28:00,False,
4387,13,193,50000207,active_users,2026-05-10 20:00:00,push,True,2026-05-10 20:43:00,False,
4388,13,181,50000207,active_users,2026-05-09 12:00:00,in_app,True,2026-05-09 14:56:00,False,
4389,13,371,50000207,active_users,2026-05-11 18:00:00,in_app,False,,False,
4390,13,594,50000207,active_users,2026-05-15 14:00:00,push,True,2026-05-15 14:57:00,False,
4391,13,966,50000207,active_users,2026-05-14 18:00:00,push,False,,False,
4392,13,506,50000207,active_users,2026-05-12 20:00:00,push,False,,False,
4393,13,312,50000207,active_users,2026-05-09 19:00:00,email,True,2026-05-09 21:57:00,False,
4394,13,927,50000207,active_users,2026-05-15 15:00:00,push,False,,False,
4395,13,137,50000207,active_users,2026-05-08 10:00:00,push,False,,False,
4396,13,649,50000207,active_users,2026-05-08 15:00:00,push,True,2026-05-08 15:25:00,False,
4397,13,995,50000207,active_users,2026-05-09 17:00:00,push,True,2026-05-09 17:24:00,False,
4398,13,814,50000207,active_users,2026-05-11 16:00:00,push,False,,False,
4399,13,707,50000207,active_users,2026-05-15 10:00:00,email,False,,False,
4400,13,744,50000207,active_users,2026-05-15 20:00:00,in_app,False,,False,
4401,13,389,50000207,active_users,2026-05-10 12:00:00,push,True,2026-05-10 12:26:00,False,
4402,13,668,50000207,active_users,2026-05-08 10:00:00,push,False,,False,
4403,13,713,50000207,active_users,2026-05-08 13:00:00,push,True,2026-05-08 13:43:00,False,
4404,13,674,50000207,active_users,2026-05-08 09:00:00,in_app,True,2026-05-08 10:54:00,False,
4405,13,997,50000207,active_users,2026-05-09 10:00:00,push,True,2026-05-09 11:08:00,False,
4406,13,98,50000207,active_users,2026-05-10 18:00:00,push,False,,False,
4407,13,717,50000207,active_users,2026-05-10 16:00:00,push,False,,False,
4408,13,423,50000207,active_users,2026-05-12 19:00:00,email,False,,False,
4409,13,61,50000207,active_users,2026-05-12 10:00:00,email,True,2026-05-12 12:51:00,False,
4410,13,820,50000207,active_users,2026-05-08 12:00:00,in_app,True,2026-05-08 13:13:00,False,
4411,13,236,50000207,active_users,2026-05-13 11:00:00,email,False,,False,
4412,13,5,50000207,active_users,2026-05-13 14:00:00,push,False,,False,
4413,13,125,50000207,active_users,2026-05-11 11:00:00,push,True,2026-05-11 11:36:00,False,
4414,13,667,50000207,active_users,2026-05-11 10:00:00,push,False,,False,
4415,13,480,50000207,active_users,2026-05-11 15:00:00,email,False,,False,
4416,13,161,50000207,active_users,2026-05-14 20:00:00,push,False,,False,
4417,13,259,50000207,active_users,2026-05-10 09:00:00,email,False,,False,
4418,13,676,50000207,active_users,2026-05-13 20:00:00,in_app,False,,False,
4419,13,74,50000207,active_users,2026-05-14 12:00:00,push,True,2026-05-14 14:31:00,False,
4420,13,297,50000207,active_users,2026-05-15 11:00:00,push,False,,False,
4421,13,492,50000207,active_users,2026-05-11 18:00:00,in_app,False,,False,
4422,14,42,50047472,new_users,2026-03-29 10:00:00,in_app,False,,False,
4423,14,429,50047472,new_users,2026-03-30 16:00:00,push,False,,False,
4424,14,171,50047472,new_users,2026-03-29 17:00:00,in_app,False,,False,
4425,14,923,50047472,new_users,2026-03-24 19:00:00,push,True,2026-03-24 20:59:00,False,
4426,14,535,50047472,new_users,2026-03-27 17:00:00,push,True,2026-03-27 18:04:00,False,
4427,14,58,50047472,new_users,2026-03-26 18:00:00,in_app,False,,False,
4428,14,254,50047472,new_users,2026-03-30 19:00:00,push,False,,False,
4429,14,955,50047472,new_users,2026-03-25 18:00:00,push,False,,False,
4430,14,413,50047472,new_users,2026-03-24 17:00:00,email,False,,False,
4431,14,878,50047472,new_users,2026-03-26 14:00:00,in_app,True,2026-03-26 15:53:00,False,
4432,14,125,50047472,new_users,2026-03-24 13:00:00,push,False,,False,
4433,14,827,50047472,new_users,2026-03-28 17:00:00,in_app,False,,False,
4434,14,305,50047472,new_users,2026-03-25 09:00:00,push,True,2026-03-25 10:51:00,False,
4435,14,704,50047472,new_users,2026-03-29 19:00:00,in_app,False,,False,
4436,14,475,50047472,new_users,2026-03-23 20:00:00,email,True,2026-03-23 21:35:00,False,
4437,14,69,50047472,new_users,2026-03-23 09:00:00,email,True,2026-03-23 09:35:00,False,
4438,14,433,50047472,new_users,2026-03-30 11:00:00,push,False,,False,
4439,14,993,50047472,new_users,2026-03-27 11:00:00,push,True,2026-03-27 12:22:00,False,
4440,14,6,50047472,new_users,2026-04-02 11:00:00,email,False,,False,
4441,14,807,50047472,new_users,2026-03-29 17:00:00,in_app,True,2026-03-29 17:57:00,False,
4442,14,729,50047472,new_users,2026-04-01 15:00:00,in_app,False,,False,
4443,14,96,50047472,new_users,2026-04-01 12:00:00,in_app,False,,False,
4444,14,916,50047472,new_users,2026-03-29 18:00:00,email,False,,False,
4445,14,371,50047472,new_users,2026-03-23 19:00:00,push,True,2026-03-23 21:52:00,False,
4446,14,496,50047472,new_users,2026-03-24 18:00:00,push,False,,False,
4447,14,229,50047472,new_users,2026-03-25 20:00:00,email,False,,False,
4448,14,276,50047472,new_users,2026-04-02 18:00:00,in_app,False,,False,
4449,14,310,50047472,new_users,2026-03-28 10:00:00,email,False,,False,
4450,14,555,50047472,new_users,2026-03-23 19:00:00,push,False,,False,
4451,14,796,50047472,new_users,2026-03-26 20:00:00,push,False,,False,
4452,14,57,50047472,new_users,2026-04-01 17:00:00,email,False,,False,
4453,14,778,50047472,new_users,2026-03-26 09:00:00,email,False,,False,
4454,14,570,50047472,new_users,2026-04-02 12:00:00,push,False,,False,
4455,14,488,50047472,new_users,2026-04-01 12:00:00,in_app,False,,False,
4456,14,695,50047472,new_users,2026-03-30 09:00:00,email,True,2026-03-30 10:22:00,False,
4457,14,690,50047472,new_users,2026-03-28 09:00:00,email,True,2026-03-28 10:59:00,False,
4458,14,362,50047472,new_users,2026-03-27 17:00:00,in_app,False,,False,
4459,14,110,50047472,new_users,2026-03-29 18:00:00,push,False,,False,
4460,14,699,50047472,new_users,2026-03-30 20:00:00,email,False,,False,
4461,14,121,50047472,new_users,2026-03-31 17:00:00,push,False,,False,
4462,14,936,50047472,new_users,2026-03-29 16:00:00,email,False,,False,
4463,14,693,50047472,new_users,2026-03-25 10:00:00,push,True,2026-03-25 10:32:00,False,
4464,14,854,50047472,new_users,2026-03-26 17:00:00,in_app,False,,False,
4465,14,446,50047472,new_users,2026-03-24 12:00:00,push,False,,False,
4466,14,840,50047472,new_users,2026-03-30 20:00:00,push,False,,False,
4467,14,652,50047472,new_users,2026-03-28 11:00:00,email,True,2026-03-28 13:46:00,False,
4468,14,558,50047472,new_users,2026-03-25 09:00:00,push,True,2026-03-25 11:54:00,False,
4469,14,657,50047472,new_users,2026-03-24 18:00:00,push,False,,False,
4470,14,688,50047472,new_users,2026-04-02 13:00:00,push,True,2026-04-02 15:41:00,False,
4471,14,719,50047472,new_users,2026-04-01 10:00:00,in_app,False,,False,
4472,14,525,50047472,new_users,2026-03-29 09:00:00,email,False,,False,
4473,14,249,50047472,new_users,2026-04-02 19:00:00,in_app,False,,False,
4474,14,819,50047472,new_users,2026-03-28 19:00:00,push,False,,False,
4475,14,907,50047472,new_users,2026-03-26 13:00:00,push,False,,False,
4476,14,22,50047472,new_users,2026-03-31 13:00:00,push,False,,False,
4477,14,698,50047472,new_users,2026-03-26 16:00:00,push,False,,False,
4478,14,307,50047472,new_users,2026-03-31 11:00:00,push,False,,False,
4479,14,674,50047472,new_users,2026-03-26 16:00:00,email,False,,False,
4480,14,924,50047472,new_users,2026-03-25 11:00:00,push,False,,False,
4481,14,789,50047472,new_users,2026-03-24 09:00:00,email,False,,False,
4482,14,893,50047472,new_users,2026-03-29 13:00:00,email,False,,False,
4483,14,961,50047472,new_users,2026-03-28 13:00:00,push,True,2026-03-28 15:54:00,False,
4484,14,571,50047472,new_users,2026-03-31 10:00:00,in_app,False,,False,
4485,14,196,50047472,new_users,2026-03-25 11:00:00,in_app,False,,False,
4486,14,802,50047472,new_users,2026-04-01 20:00:00,push,True,2026-04-01 22:38:00,False,
4487,14,141,50047472,new_users,2026-03-23 15:00:00,email,True,2026-03-23 15:26:00,False,
4488,14,948,50047472,new_users,2026-03-24 17:00:00,push,False,,False,
4489,14,443,50047472,new_users,2026-03-29 10:00:00,email,False,,False,
4490,14,203,50047472,new_users,2026-04-01 20:00:00,email,True,2026-04-01 20:24:00,False,
4491,14,197,50047472,new_users,2026-03-28 16:00:00,email,False,,False,
4492,14,99,50047472,new_users,2026-03-23 10:00:00,in_app,False,,False,
4493,14,957,50047472,new_users,2026-03-30 13:00:00,push,True,2026-03-30 15:31:00,False,
4494,14,453,50047472,new_users,2026-03-27 15:00:00,email,False,,False,
4495,14,887,50047472,new_users,2026-04-02 18:00:00,email,False,,False,
4496,14,51,50047472,new_users,2026-03-25 13:00:00,push,False,,False,
4497,14,742,50047472,new_users,2026-03-23 15:00:00,email,True,2026-03-23 15:43:00,False,
4498,14,322,50047472,new_users,2026-03-29 17:00:00,push,False,,False,
4499,14,468,50047472,new_users,2026-03-31 12:00:00,in_app,True,2026-03-31 12:06:00,False,
4500,14,61,50047472,new_users,2026-03-28 18:00:00,push,False,,False,
4501,14,976,50047472,new_users,2026-03-27 09:00:00,email,False,,False,
4502,14,762,50047472,new_users,2026-04-01 14:00:00,push,False,,False,
4503,14,856,50047472,new_users,2026-03-23 14:00:00,push,True,2026-03-23 15:27:00,False,
4504,14,592,50047472,new_users,2026-03-25 14:00:00,push,False,,False,
4505,14,625,50047472,new_users,2026-03-28 15:00:00,push,True,2026-03-28 15:26:00,False,
4506,14,272,50047472,new_users,2026-03-25 13:00:00,push,False,,False,
4507,14,628,50047472,new_users,2026-04-01 15:00:00,push,False,,False,
4508,14,813,50047472,new_users,2026-03-25 20:00:00,push,True,2026-03-25 22:00:00,False,
4509,14,162,50047472,new_users,2026-03-31 18:00:00,push,False,,False,
4510,14,309,50047472,new_users,2026-03-27 12:00:00,email,False,,False,
4511,14,843,50047472,new_users,2026-03-26 19:00:00,email,False,,False,
4512,14,927,50047472,new_users,2026-03-26 19:00:00,email,False,,False,
4513,14,814,50047472,new_users,2026-03-31 20:00:00,push,False,,False,
4514,14,408,50047472,new_users,2026-03-31 18:00:00,push,False,,False,
4515,14,598,50047472,new_users,2026-03-27 18:00:00,email,True,2026-03-27 20:56:00,False,
4516,14,678,50047472,new_users,2026-03-30 16:00:00,push,True,2026-03-30 18:16:00,False,
4517,14,822,50047472,new_users,2026-03-31 09:00:00,email,False,,False,
4518,14,679,50047472,new_users,2026-03-29 19:00:00,push,True,2026-03-29 20:55:00,False,
4519,14,514,50047472,new_users,2026-03-29 14:00:00,in_app,False,,False,
4520,14,222,50047472,new_users,2026-03-30 11:00:00,email,True,2026-03-30 11:50:00,False,
4521,14,19,50047472,new_users,2026-03-27 14:00:00,email,False,,False,
4522,14,533,50047472,new_users,2026-03-25 09:00:00,email,False,,False,
4523,14,648,50047472,new_users,2026-03-28 14:00:00,in_app,False,,False,
4524,14,341,50047472,new_users,2026-03-29 17:00:00,in_app,True,2026-03-29 18:48:00,False,
4525,14,577,50047472,new_users,2026-04-01 15:00:00,in_app,False,,False,
4526,14,981,50047472,new_users,2026-03-28 13:00:00,email,False,,False,
4527,14,287,50047472,new_users,2026-04-02 20:00:00,push,False,,False,
4528,14,528,50047472,new_users,2026-03-30 20:00:00,in_app,False,,False,
4529,14,826,50047472,new_users,2026-03-26 17:00:00,push,False,,False,
4530,14,780,50047472,new_users,2026-03-23 12:00:00,push,False,,False,
4531,14,393,50047472,new_users,2026-03-30 10:00:00,push,False,,False,
4532,14,389,50047472,new_users,2026-03-28 10:00:00,push,True,2026-03-28 10:42:00,False,
4533,14,797,50047472,new_users,2026-03-27 18:00:00,push,False,,False,
4534,14,166,50047472,new_users,2026-03-27 18:00:00,push,False,,False,
4535,14,512,50047472,new_users,2026-03-28 20:00:00,push,False,,False,
4536,14,428,50047472,new_users,2026-03-27 09:00:00,push,False,,False,
4537,14,342,50047472,new_users,2026-03-26 20:00:00,push,False,,False,
4538,14,482,50047472,new_users,2026-04-01 19:00:00,push,False,,False,
4539,14,444,50047472,new_users,2026-03-26 10:00:00,in_app,False,,False,
4540,14,930,50047472,new_users,2026-03-31 17:00:00,email,True,2026-03-31 18:47:00,False,
4541,14,517,50047472,new_users,2026-03-29 10:00:00,in_app,False,,False,
4542,14,136,50047472,new_users,2026-03-25 15:00:00,in_app,True,2026-03-25 17:29:00,False,
4543,14,388,50047472,new_users,2026-03-24 13:00:00,push,False,,False,
4544,14,547,50047472,new_users,2026-03-30 10:00:00,push,False,,False,
4545,14,404,50047472,new_users,2026-03-25 14:00:00,push,True,2026-03-25 14:36:00,False,
4546,14,855,50047472,new_users,2026-03-25 20:00:00,push,True,2026-03-25 21:32:00,False,
4547,14,169,50047472,new_users,2026-03-23 19:00:00,push,False,,False,
4548,14,253,50047472,new_users,2026-03-26 19:00:00,email,False,,False,
4549,14,543,50047472,new_users,2026-04-02 19:00:00,email,False,,False,
4550,14,263,50047472,new_users,2026-03-24 12:00:00,push,False,,False,
4551,14,587,50047472,new_users,2026-03-30 14:00:00,push,False,,False,
4552,14,529,50047472,new_users,2026-03-23 13:00:00,in_app,False,,False,
4553,14,39,50047472,new_users,2026-03-24 16:00:00,email,True,2026-03-24 16:44:00,False,
4554,14,435,50047472,new_users,2026-03-24 16:00:00,in_app,True,2026-03-24 17:16:00,False,
4555,14,380,50047472,new_users,2026-04-01 12:00:00,push,False,,False,
4556,14,349,50047472,new_users,2026-03-29 09:00:00,email,False,,False,
4557,14,101,50047472,new_users,2026-04-02 16:00:00,in_app,False,,False,
4558,14,437,50047472,new_users,2026-03-24 17:00:00,push,False,,False,
4559,14,208,50047472,new_users,2026-03-29 19:00:00,push,False,,False,
4560,14,133,50047472,new_users,2026-03-30 10:00:00,in_app,False,,False,
4561,14,211,50047472,new_users,2026-03-24 17:00:00,in_app,True,2026-03-24 18:10:00,False,
4562,14,934,50047472,new_users,2026-03-29 11:00:00,push,False,,False,
4563,14,189,50047472,new_users,2026-03-24 18:00:00,push,False,,False,
4564,14,330,50047472,new_users,2026-03-24 17:00:00,push,False,,False,
4565,14,359,50047472,new_users,2026-03-31 09:00:00,in_app,False,,False,
4566,14,969,50047472,new_users,2026-03-24 19:00:00,push,False,,False,
4567,14,256,50047472,new_users,2026-03-25 18:00:00,in_app,False,,False,
4568,14,584,50047472,new_users,2026-03-24 15:00:00,push,False,,False,
4569,14,15,50047472,new_users,2026-03-26 18:00:00,in_app,False,,False,
4570,14,576,50047472,new_users,2026-04-02 19:00:00,email,True,2026-04-02 21:00:00,False,
4571,14,48,50047472,new_users,2026-04-01 12:00:00,push,False,,False,
4572,14,964,50047472,new_users,2026-03-31 20:00:00,push,False,,False,
4573,14,144,50047472,new_users,2026-03-30 13:00:00,push,True,2026-03-30 13:52:00,False,
4574,14,935,50047472,new_users,2026-04-01 20:00:00,push,False,,False,
4575,14,694,50047472,new_users,2026-03-27 14:00:00,push,False,,False,
4576,14,436,50047472,new_users,2026-03-29 13:00:00,push,False,,False,
4577,14,591,50047472,new_users,2026-04-01 20:00:00,in_app,True,2026-04-01 21:29:00,False,
4578,14,876,50047472,new_users,2026-04-02 10:00:00,push,False,,False,
4579,14,736,50047472,new_users,2026-03-25 15:00:00,email,False,,False,
4580,14,317,50047472,new_users,2026-03-26 19:00:00,email,False,,False,
4581,14,800,50047472,new_users,2026-03-24 18:00:00,push,True,2026-03-24 18:36:00,False,
4582,14,377,50047472,new_users,2026-04-02 14:00:00,push,False,,False,
4583,14,869,50047472,new_users,2026-03-25 14:00:00,in_app,True,2026-03-25 14:16:00,False,
4584,14,874,50047472,new_users,2026-03-26 18:00:00,push,False,,False,
4585,14,647,50047472,new_users,2026-04-02 20:00:00,email,False,,False,
4586,14,519,50047472,new_users,2026-03-24 10:00:00,push,False,,False,
4587,14,251,50047472,new_users,2026-03-25 10:00:00,email,False,,False,
4588,14,640,50047472,new_users,2026-03-25 18:00:00,push,False,,False,
4589,14,681,50047472,new_users,2026-03-30 13:00:00,email,True,2026-03-30 15:27:00,False,
4590,14,585,50047472,new_users,2026-03-23 15:00:00,email,False,,False,
4591,14,820,50047472,new_users,2026-03-24 17:00:00,push,False,,False,
4592,14,859,50047472,new_users,2026-03-23 12:00:00,email,False,,False,
4593,14,264,50047472,new_users,2026-03-26 17:00:00,email,False,,False,
4594,14,65,50047472,new_users,2026-03-29 18:00:00,push,True,2026-03-29 18:33:00,False,
4595,14,895,50047472,new_users,2026-03-27 15:00:00,push,False,,False,
4596,14,106,50047472,new_users,2026-03-30 18:00:00,email,True,2026-03-30 20:53:00,False,
4597,14,459,50047472,new_users,2026-03-28 09:00:00,in_app,False,,False,
4598,14,891,50047472,new_users,2026-03-31 17:00:00,push,False,,False,
4599,14,655,50047472,new_users,2026-03-31 14:00:00,email,False,,False,
4600,14,809,50047472,new_users,2026-04-01 09:00:00,in_app,False,,False,
4601,14,1,50047472,new_users,2026-04-01 14:00:00,push,False,,False,
4602,14,860,50047472,new_users,2026-04-02 14:00:00,in_app,False,,False,
4603,14,227,50047472,new_users,2026-03-26 12:00:00,push,False,,False,
4604,14,890,50047472,new_users,2026-03-30 12:00:00,email,True,2026-03-30 12:28:00,False,
4605,14,315,50047472,new_users,2026-04-01 17:00:00,push,False,,False,
4606,14,40,50047472,new_users,2026-03-30 12:00:00,in_app,True,2026-03-30 14:21:00,False,
4607,14,154,50047472,new_users,2026-03-28 15:00:00,email,True,2026-03-28 15:30:00,False,
4608,14,932,50047472,new_users,2026-03-30 11:00:00,push,False,,False,
4609,14,650,50047472,new_users,2026-03-26 18:00:00,email,False,,False,
4610,14,9,50047472,new_users,2026-04-02 11:00:00,email,True,2026-04-02 13:32:00,False,
4611,14,104,50047472,new_users,2026-03-24 17:00:00,email,True,2026-03-24 19:04:00,False,
4612,14,10,50047472,new_users,2026-03-29 10:00:00,in_app,False,,False,
4613,14,303,50047472,new_users,2026-03-23 12:00:00,push,False,,False,
4614,14,975,50047472,new_users,2026-03-31 14:00:00,email,False,,False,
4615,14,708,50047472,new_users,2026-03-23 20:00:00,push,False,,False,
4616,14,239,50047472,new_users,2026-03-29 19:00:00,push,False,,False,
4617,14,217,50047472,new_users,2026-03-27 19:00:00,push,False,,False,
4618,14,238,50047472,new_users,2026-03-24 10:00:00,push,False,,False,
4619,14,530,50047472,new_users,2026-03-26 17:00:00,push,False,,False,
4620,14,861,50047472,new_users,2026-03-30 13:00:00,push,False,,False,
4621,14,950,50047472,new_users,2026-03-29 18:00:00,push,False,,False,
4622,14,228,50047472,new_users,2026-03-24 13:00:00,push,False,,False,
4623,14,649,50047472,new_users,2026-03-27 14:00:00,push,True,2026-03-27 14:36:00,False,
4624,14,763,50047472,new_users,2026-04-01 18:00:00,push,True,2026-04-01 19:22:00,False,
4625,14,760,50047472,new_users,2026-03-27 18:00:00,push,False,,False,
4626,14,363,50047472,new_users,2026-03-28 10:00:00,email,False,,False,
4627,14,418,50047472,new_users,2026-03-30 14:00:00,email,True,2026-03-30 14:57:00,False,
4628,14,915,50047472,new_users,2026-03-30 11:00:00,push,False,,False,
4629,14,714,50047472,new_users,2026-04-02 10:00:00,email,True,2026-04-02 11:15:00,False,
4630,14,50,50047472,new_users,2026-03-28 18:00:00,in_app,True,2026-03-28 18:38:00,False,
4631,14,283,50047472,new_users,2026-03-30 11:00:00,push,False,,False,
4632,14,358,50047472,new_users,2026-03-29 16:00:00,push,False,,False,
4633,14,644,50047472,new_users,2026-03-27 19:00:00,in_app,False,,False,
4634,14,24,50047472,new_users,2026-03-26 13:00:00,in_app,False,,False,
4635,14,8,50047472,new_users,2026-04-02 16:00:00,push,False,,False,
4636,14,16,50047472,new_users,2026-03-27 16:00:00,email,True,2026-03-27 17:04:00,False,
4637,14,153,50047472,new_users,2026-03-30 13:00:00,push,True,2026-03-30 14:48:00,False,
4638,14,434,50047472,new_users,2026-03-28 09:00:00,push,False,,False,
4639,14,949,50047472,new_users,2026-03-29 09:00:00,email,False,,False,
4640,14,225,50047472,new_users,2026-04-01 12:00:00,push,False,,False,
4641,14,881,50047472,new_users,2026-03-29 20:00:00,push,False,,False,
4642,14,844,50047472,new_users,2026-03-24 14:00:00,email,False,,False,
4643,14,520,50047472,new_users,2026-03-25 14:00:00,push,False,,False,
4644,14,894,50047472,new_users,2026-03-28 12:00:00,email,False,,False,
4645,14,877,50047472,new_users,2026-03-28 11:00:00,push,False,,False,
4646,14,716,50047472,new_users,2026-03-31 19:00:00,email,True,2026-03-31 20:07:00,False,
4647,14,294,50047472,new_users,2026-03-25 12:00:00,push,False,,False,
4648,14,27,50047472,new_users,2026-03-30 09:00:00,in_app,True,2026-03-30 09:33:00,False,
4649,14,235,50047472,new_users,2026-03-24 14:00:00,email,True,2026-03-24 16:25:00,False,
4650,14,607,50047472,new_users,2026-03-31 13:00:00,push,False,,False,
4651,14,710,50047472,new_users,2026-04-02 17:00:00,push,False,,False,
4652,14,828,50047472,new_users,2026-04-02 11:00:00,push,False,,False,
4653,14,745,50047472,new_users,2026-04-01 13:00:00,push,False,,False,
4654,14,143,50047472,new_users,2026-03-24 15:00:00,push,True,2026-03-24 17:53:00,False,
4655,14,316,50047472,new_users,2026-03-29 09:00:00,email,False,,False,
4656,14,705,50047472,new_users,2026-03-28 14:00:00,push,False,,False,
4657,14,989,50047472,new_users,2026-03-29 15:00:00,push,False,,False,
4658,14,531,50047472,new_users,2026-04-01 09:00:00,push,False,,False,
4659,14,129,50047472,new_users,2026-03-27 12:00:00,in_app,False,,False,
4660,14,401,50047472,new_users,2026-03-26 19:00:00,push,False,,False,
4661,14,148,50047472,new_users,2026-04-02 14:00:00,push,False,,False,
4662,14,340,50047472,new_users,2026-04-02 18:00:00,in_app,False,,False,
4663,14,163,50047472,new_users,2026-03-29 17:00:00,push,False,,False,
4664,14,481,50047472,new_users,2026-03-29 16:00:00,push,False,,False,
4665,14,623,50047472,new_users,2026-03-26 20:00:00,push,False,,False,
4666,14,193,50047472,new_users,2026-03-28 17:00:00,push,False,,False,
4667,14,29,50047472,new_users,2026-04-02 13:00:00,in_app,True,2026-04-02 15:21:00,False,
4668,14,818,50047472,new_users,2026-03-29 16:00:00,email,False,,False,
4669,14,346,50047472,new_users,2026-03-24 10:00:00,push,False,,False,
4670,14,605,50047472,new_users,2026-04-01 16:00:00,push,False,,False,
4671,14,741,50047472,new_users,2026-03-24 14:00:00,push,False,,False,
4672,14,473,50047472,new_users,2026-03-28 15:00:00,push,False,,False,
4673,14,850,50047472,new_users,2026-03-23 13:00:00,email,False,,False,
4674,14,452,50047472,new_users,2026-03-23 11:00:00,push,False,,False,
4675,14,921,50047472,new_users,2026-03-31 11:00:00,push,False,,False,
4676,14,23,50047472,new_users,2026-03-28 09:00:00,email,False,,False,
4677,14,842,50047472,new_users,2026-03-26 15:00:00,email,False,,False,
4678,15,678,50053408,all_users,2026-04-02 09:00:00,email,False,,False,
4679,15,767,50053408,all_users,2026-03-28 09:00:00,push,False,,False,
4680,15,63,50053408,all_users,2026-04-02 12:00:00,push,False,,False,
4681,15,710,50053408,all_users,2026-04-02 12:00:00,push,True,2026-04-02 12:39:00,False,
4682,15,558,50053408,all_users,2026-03-31 15:00:00,email,False,,False,
4683,15,830,50053408,all_users,2026-03-28 18:00:00,in_app,False,,False,
4684,15,855,50053408,all_users,2026-04-01 10:00:00,push,True,2026-04-01 11:53:00,False,
4685,15,418,50053408,all_users,2026-03-31 12:00:00,in_app,False,,False,
4686,15,480,50053408,all_users,2026-04-01 14:00:00,push,False,,False,
4687,15,215,50053408,all_users,2026-03-28 19:00:00,push,False,,False,
4688,15,463,50053408,all_users,2026-04-02 19:00:00,push,False,,False,
4689,15,572,50053408,all_users,2026-04-02 16:00:00,push,False,,False,
4690,15,643,50053408,all_users,2026-04-02 19:00:00,push,False,,False,
4691,15,156,50053408,all_users,2026-04-01 20:00:00,in_app,False,,False,
4692,15,856,50053408,all_users,2026-03-30 20:00:00,push,False,,False,
4693,15,718,50053408,all_users,2026-03-29 17:00:00,push,False,,False,
4694,15,505,50053408,all_users,2026-03-29 16:00:00,push,False,,False,
4695,15,582,50053408,all_users,2026-03-28 09:00:00,push,True,2026-03-28 09:44:00,False,
4696,15,983,50053408,all_users,2026-03-29 13:00:00,push,True,2026-03-29 14:33:00,False,
4697,15,937,50053408,all_users,2026-03-29 13:00:00,email,True,2026-03-29 13:11:00,False,
4698,15,799,50053408,all_users,2026-04-01 17:00:00,push,False,,False,
4699,15,931,50053408,all_users,2026-04-01 17:00:00,push,False,,False,
4700,15,451,50053408,all_users,2026-04-01 18:00:00,in_app,True,2026-04-01 20:46:00,False,
4701,15,714,50053408,all_users,2026-04-02 09:00:00,push,False,,False,
4702,15,439,50053408,all_users,2026-03-31 09:00:00,email,False,,False,
4703,15,770,50053408,all_users,2026-04-02 18:00:00,push,False,,False,
4704,15,886,50053408,all_users,2026-03-30 13:00:00,in_app,True,2026-03-30 13:23:00,False,
4705,15,244,50053408,all_users,2026-03-31 10:00:00,push,False,,False,
4706,15,665,50053408,all_users,2026-04-02 15:00:00,push,False,,False,
4707,15,660,50053408,all_users,2026-03-31 11:00:00,email,False,,False,
4708,15,241,50053408,all_users,2026-03-28 17:00:00,email,False,,False,
4709,15,395,50053408,all_users,2026-03-29 10:00:00,email,False,,False,
4710,15,549,50053408,all_users,2026-03-29 12:00:00,email,False,,False,
4711,15,380,50053408,all_users,2026-04-02 12:00:00,email,False,,False,
4712,15,374,50053408,all_users,2026-03-28 09:00:00,push,False,,False,
4713,15,504,50053408,all_users,2026-03-30 14:00:00,email,False,,False,
4714,15,342,50053408,all_users,2026-03-28 20:00:00,push,False,,False,
4715,15,554,50053408,all_users,2026-04-02 18:00:00,in_app,False,,False,
4716,15,28,50053408,all_users,2026-04-01 16:00:00,in_app,False,,False,
4717,15,872,50053408,all_users,2026-04-01 15:00:00,push,False,,False,
4718,15,938,50053408,all_users,2026-03-29 16:00:00,in_app,False,,False,
4719,15,642,50053408,all_users,2026-03-29 20:00:00,in_app,False,,False,
4720,15,968,50053408,all_users,2026-03-29 13:00:00,push,False,,False,
4721,15,506,50053408,all_users,2026-03-30 16:00:00,email,False,,False,
4722,15,652,50053408,all_users,2026-04-02 20:00:00,push,False,,False,
4723,15,113,50053408,all_users,2026-03-29 15:00:00,email,False,,False,
4724,15,951,50053408,all_users,2026-04-02 16:00:00,push,False,,False,
4725,15,578,50053408,all_users,2026-04-01 17:00:00,email,False,,False,
4726,15,679,50053408,all_users,2026-03-28 14:00:00,email,False,,False,
4727,15,923,50053408,all_users,2026-03-31 17:00:00,push,False,,False,
4728,15,809,50053408,all_users,2026-04-01 12:00:00,push,False,,False,
4729,15,552,50053408,all_users,2026-04-01 16:00:00,push,False,,False,
4730,15,918,50053408,all_users,2026-03-31 14:00:00,push,False,,False,
4731,15,813,50053408,all_users,2026-03-29 19:00:00,push,False,,False,
4732,15,220,50053408,all_users,2026-04-01 12:00:00,push,True,2026-04-01 13:06:00,False,
4733,15,10,50053408,all_users,2026-04-02 09:00:00,push,False,,False,
4734,15,972,50053408,all_users,2026-03-28 13:00:00,push,False,,False,
4735,15,775,50053408,all_users,2026-03-29 17:00:00,push,False,,False,
4736,15,836,50053408,all_users,2026-04-01 16:00:00,push,False,,False,
4737,15,35,50053408,all_users,2026-03-28 15:00:00,in_app,False,,False,
4738,15,275,50053408,all_users,2026-04-01 20:00:00,email,False,,False,
4739,15,247,50053408,all_users,2026-03-31 13:00:00,push,False,,False,
4740,15,366,50053408,all_users,2026-04-01 10:00:00,email,False,,False,
4741,15,797,50053408,all_users,2026-03-28 17:00:00,push,False,,False,
4742,15,248,50053408,all_users,2026-03-29 09:00:00,email,False,,False,
4743,15,895,50053408,all_users,2026-04-02 11:00:00,push,True,2026-04-02 13:03:00,False,
4744,15,831,50053408,all_users,2026-03-29 11:00:00,push,False,,False,
4745,15,218,50053408,all_users,2026-03-29 17:00:00,email,False,,False,
4746,15,312,50053408,all_users,2026-04-02 20:00:00,in_app,False,,False,
4747,15,649,50053408,all_users,2026-03-30 18:00:00,push,True,2026-03-30 20:38:00,False,
4748,15,104,50053408,all_users,2026-04-02 10:00:00,push,False,,False,
4749,15,958,50053408,all_users,2026-03-29 17:00:00,email,False,,False,
4750,15,926,50053408,all_users,2026-04-02 16:00:00,push,False,,False,
4751,15,640,50053408,all_users,2026-04-01 12:00:00,in_app,False,,False,
4752,15,136,50053408,all_users,2026-04-01 11:00:00,in_app,False,,False,
4753,15,151,50053408,all_users,2026-04-01 12:00:00,email,False,,False,
4754,15,23,50053408,all_users,2026-04-02 15:00:00,push,False,,False,
4755,15,349,50053408,all_users,2026-03-30 15:00:00,push,True,2026-03-30 16:13:00,False,
4756,15,985,50053408,all_users,2026-03-29 09:00:00,push,False,,False,
4757,15,837,50053408,all_users,2026-03-29 10:00:00,email,False,,False,
4758,15,791,50053408,all_users,2026-03-28 14:00:00,push,False,,False,
4759,15,590,50053408,all_users,2026-03-30 09:00:00,push,False,,False,
4760,15,57,50053408,all_users,2026-03-31 10:00:00,in_app,False,,False,
4761,15,666,50053408,all_users,2026-04-02 10:00:00,push,False,,False,
4762,15,316,50053408,all_users,2026-03-29 15:00:00,push,False,,False,
4763,15,927,50053408,all_users,2026-03-28 18:00:00,email,False,,False,
4764,15,541,50053408,all_users,2026-03-31 19:00:00,in_app,False,,False,
4765,15,336,50053408,all_users,2026-03-29 11:00:00,email,False,,False,
4766,15,236,50053408,all_users,2026-04-02 16:00:00,in_app,False,,False,
4767,15,943,50053408,all_users,2026-03-30 19:00:00,push,False,,False,
4768,15,672,50053408,all_users,2026-03-29 12:00:00,email,False,,False,
4769,15,819,50053408,all_users,2026-04-02 13:00:00,push,True,2026-04-02 15:00:00,False,
4770,15,436,50053408,all_users,2026-04-02 09:00:00,email,False,,False,
4771,15,544,50053408,all_users,2026-03-31 18:00:00,email,False,,False,
4772,15,174,50053408,all_users,2026-03-28 17:00:00,push,False,,False,
4773,15,577,50053408,all_users,2026-03-31 14:00:00,email,False,,False,
4774,15,930,50053408,all_users,2026-03-28 18:00:00,in_app,True,2026-03-28 18:40:00,False,
4775,15,730,50053408,all_users,2026-04-02 10:00:00,in_app,False,,False,
4776,15,327,50053408,all_users,2026-04-01 15:00:00,in_app,False,,False,
4777,15,183,50053408,all_users,2026-04-02 16:00:00,push,False,,False,
4778,15,760,50053408,all_users,2026-03-31 16:00:00,push,False,,False,
4779,15,945,50053408,all_users,2026-03-29 12:00:00,in_app,False,,False,
4780,15,85,50053408,all_users,2026-03-28 16:00:00,push,False,,False,
4781,15,76,50053408,all_users,2026-04-01 20:00:00,in_app,False,,False,
4782,15,999,50053408,all_users,2026-03-31 13:00:00,in_app,True,2026-03-31 13:11:00,False,
4783,15,385,50053408,all_users,2026-04-01 09:00:00,push,False,,False,
4784,15,472,50053408,all_users,2026-03-28 17:00:00,email,False,,False,
4785,15,201,50053408,all_users,2026-03-28 20:00:00,email,False,,False,
4786,15,264,50053408,all_users,2026-03-28 19:00:00,in_app,True,2026-03-28 19:46:00,False,
4787,15,465,50053408,all_users,2026-03-29 14:00:00,push,False,,False,
4788,15,96,50053408,all_users,2026-03-30 19:00:00,push,False,,False,
4789,15,397,50053408,all_users,2026-04-01 12:00:00,push,False,,False,
4790,15,814,50053408,all_users,2026-04-02 18:00:00,push,True,2026-04-02 20:31:00,False,
4791,15,551,50053408,all_users,2026-03-28 13:00:00,email,False,,False,
4792,15,344,50053408,all_users,2026-04-01 18:00:00,push,False,,False,
4793,15,187,50053408,all_users,2026-03-28 12:00:00,push,False,,False,
4794,15,370,50053408,all_users,2026-03-30 17:00:00,push,True,2026-03-30 19:00:00,False,
4795,15,379,50053408,all_users,2026-03-28 19:00:00,email,False,,False,
4796,15,135,50053408,all_users,2026-03-28 11:00:00,in_app,False,,False,
4797,15,402,50053408,all_users,2026-03-29 16:00:00,in_app,False,,False,
4798,15,291,50053408,all_users,2026-03-28 18:00:00,email,True,2026-03-28 20:32:00,False,
4799,15,365,50053408,all_users,2026-03-31 17:00:00,push,False,,False,
4800,15,255,50053408,all_users,2026-04-01 14:00:00,push,False,,False,
4801,15,150,50053408,all_users,2026-03-29 19:00:00,in_app,False,,False,
4802,15,392,50053408,all_users,2026-04-01 19:00:00,email,False,,False,
4803,15,233,50053408,all_users,2026-03-29 14:00:00,in_app,False,,False,
4804,15,462,50053408,all_users,2026-03-31 15:00:00,push,False,,False,
4805,15,835,50053408,all_users,2026-03-28 09:00:00,in_app,True,2026-03-28 10:22:00,False,
4806,15,696,50053408,all_users,2026-03-31 20:00:00,push,True,2026-03-31 21:57:00,False,
4807,15,460,50053408,all_users,2026-04-01 18:00:00,push,False,,False,
4808,15,457,50053408,all_users,2026-04-02 10:00:00,email,False,,False,
4809,15,144,50053408,all_users,2026-04-02 15:00:00,email,False,,False,
4810,15,4,50053408,all_users,2026-03-30 18:00:00,email,False,,False,
4811,15,557,50053408,all_users,2026-03-31 11:00:00,push,False,,False,
4812,15,300,50053408,all_users,2026-03-29 19:00:00,email,False,,False,
4813,15,204,50053408,all_users,2026-03-31 16:00:00,push,False,,False,
4814,15,502,50053408,all_users,2026-03-29 17:00:00,in_app,False,,False,
4815,15,584,50053408,all_users,2026-04-02 19:00:00,email,False,,False,
4816,15,802,50053408,all_users,2026-03-29 12:00:00,push,False,,False,
4817,15,976,50053408,all_users,2026-04-01 19:00:00,email,False,,False,
4818,15,346,50053408,all_users,2026-04-01 10:00:00,in_app,False,,False,
4819,15,217,50053408,all_users,2026-03-29 17:00:00,push,False,,False,
4820,15,811,50053408,all_users,2026-03-30 20:00:00,email,False,,False,
4821,15,483,50053408,all_users,2026-03-30 15:00:00,push,False,,False,
4822,15,95,50053408,all_users,2026-04-01 09:00:00,in_app,False,,False,
4823,15,469,50053408,all_users,2026-03-29 18:00:00,push,False,,False,
4824,15,356,50053408,all_users,2026-03-30 11:00:00,push,False,,False,
4825,15,194,50053408,all_users,2026-04-01 15:00:00,push,False,,False,
4826,15,161,50053408,all_users,2026-03-28 16:00:00,email,True,2026-03-28 17:32:00,False,
4827,15,929,50053408,all_users,2026-03-28 15:00:00,push,True,2026-03-28 15:27:00,False,
4828,15,169,50053408,all_users,2026-03-28 10:00:00,push,False,,False,
4829,15,277,50053408,all_users,2026-03-31 13:00:00,push,False,,False,
4830,15,738,50053408,all_users,2026-03-30 13:00:00,push,False,,False,
4831,15,941,50053408,all_users,2026-03-30 09:00:00,push,False,,False,
4832,15,728,50053408,all_users,2026-03-29 15:00:00,push,False,,False,
4833,15,933,50053408,all_users,2026-04-01 17:00:00,in_app,False,,False,
4834,15,853,50053408,all_users,2026-03-28 10:00:00,push,True,2026-03-28 11:04:00,False,
4835,15,289,50053408,all_users,2026-03-28 14:00:00,push,False,,False,
4836,15,603,50053408,all_users,2026-03-30 13:00:00,push,False,,False,
4837,15,1000,50053408,all_users,2026-04-02 09:00:00,push,False,,False,
4838,15,523,50053408,all_users,2026-04-02 12:00:00,push,False,,False,
4839,15,684,50053408,all_users,2026-04-01 19:00:00,email,False,,False,
4840,15,414,50053408,all_users,2026-03-30 18:00:00,in_app,False,,False,
4841,15,940,50053408,all_users,2026-04-02 13:00:00,push,False,,False,
4842,15,687,50053408,all_users,2026-04-01 17:00:00,push,False,,False,
4843,15,629,50053408,all_users,2026-04-01 09:00:00,push,True,2026-04-01 09:56:00,False,
4844,15,956,50053408,all_users,2026-04-02 11:00:00,in_app,False,,False,
4845,15,882,50053408,all_users,2026-03-28 14:00:00,email,False,,False,
4846,15,961,50053408,all_users,2026-03-31 15:00:00,in_app,False,,False,
4847,15,205,50053408,all_users,2026-03-28 10:00:00,push,False,,False,
4848,15,492,50053408,all_users,2026-03-28 14:00:00,push,False,,False,
4849,15,580,50053408,all_users,2026-03-31 18:00:00,push,False,,False,
4850,15,70,50053408,all_users,2026-03-29 15:00:00,push,False,,False,
4851,15,596,50053408,all_users,2026-04-02 16:00:00,email,False,,False,
4852,15,296,50053408,all_users,2026-03-31 11:00:00,push,False,,False,
4853,15,909,50053408,all_users,2026-04-01 20:00:00,email,False,,False,
4854,15,271,50053408,all_users,2026-03-28 12:00:00,email,True,2026-03-28 14:53:00,False,
4855,15,739,50053408,all_users,2026-03-29 17:00:00,push,True,2026-03-29 17:53:00,False,
4856,15,431,50053408,all_users,2026-03-31 12:00:00,email,False,,False,
4857,15,569,50053408,all_users,2026-03-31 14:00:00,push,True,2026-03-31 16:15:00,False,
4858,15,375,50053408,all_users,2026-04-01 12:00:00,in_app,False,,False,
4859,15,134,50053408,all_users,2026-03-28 09:00:00,email,False,,False,
4860,15,957,50053408,all_users,2026-03-31 12:00:00,in_app,False,,False,
4861,15,14,50053408,all_users,2026-03-29 20:00:00,push,False,,False,
4862,15,17,50053408,all_users,2026-04-02 20:00:00,in_app,False,,False,
4863,15,5,50053408,all_users,2026-04-01 13:00:00,push,False,,False,
4864,15,110,50053408,all_users,2026-04-02 12:00:00,in_app,False,,False,
4865,15,459,50053408,all_users,2026-03-31 16:00:00,in_app,True,2026-03-31 16:15:00,False,
4866,15,482,50053408,all_users,2026-04-01 15:00:00,email,False,,False,
4867,15,181,50053408,all_users,2026-04-02 18:00:00,email,False,,False,
4868,15,382,50053408,all_users,2026-03-30 13:00:00,push,False,,False,
4869,15,914,50053408,all_users,2026-04-02 09:00:00,push,False,,False,
4870,15,311,50053408,all_users,2026-03-28 14:00:00,push,False,,False,
4871,15,996,50053408,all_users,2026-03-31 17:00:00,push,False,,False,
4872,15,273,50053408,all_users,2026-03-29 20:00:00,push,False,,False,
4873,15,987,50053408,all_users,2026-03-29 16:00:00,email,True,2026-03-29 18:16:00,False,
4874,15,776,50053408,all_users,2026-04-01 19:00:00,email,False,,False,
4875,15,897,50053408,all_users,2026-03-29 17:00:00,push,False,,False,
4876,15,766,50053408,all_users,2026-03-28 16:00:00,in_app,False,,False,
4877,15,478,50053408,all_users,2026-03-31 20:00:00,push,False,,False,
4878,15,743,50053408,all_users,2026-03-31 14:00:00,push,False,,False,
4879,15,565,50053408,all_users,2026-03-28 14:00:00,email,False,,False,
4880,15,622,50053408,all_users,2026-03-29 12:00:00,in_app,False,,False,
4881,15,883,50053408,all_users,2026-04-02 16:00:00,push,False,,False,
4882,15,149,50053408,all_users,2026-03-28 13:00:00,email,False,,False,
4883,15,602,50053408,all_users,2026-03-29 15:00:00,email,False,,False,
4884,15,172,50053408,all_users,2026-04-01 18:00:00,push,False,,False,
4885,15,560,50053408,all_users,2026-04-02 16:00:00,push,True,2026-04-02 16:11:00,False,
4886,15,148,50053408,all_users,2026-04-02 12:00:00,push,False,,False,
4887,15,128,50053408,all_users,2026-03-29 12:00:00,push,False,,False,
4888,15,471,50053408,all_users,2026-03-31 19:00:00,push,False,,False,
4889,15,806,50053408,all_users,2026-03-31 12:00:00,push,False,,False,
4890,15,712,50053408,all_users,2026-03-28 18:00:00,push,False,,False,
4891,15,286,50053408,all_users,2026-03-28 12:00:00,push,False,,False,
4892,15,32,50053408,all_users,2026-03-28 12:00:00,push,False,,False,
4893,15,735,50053408,all_users,2026-04-02 14:00:00,email,False,,False,
4894,15,685,50053408,all_users,2026-03-28 14:00:00,in_app,False,,False,
4895,15,87,50053408,all_users,2026-03-29 15:00:00,push,False,,False,
4896,15,733,50053408,all_users,2026-03-29 16:00:00,email,False,,False,
4897,15,764,50053408,all_users,2026-03-30 09:00:00,email,False,,False,
4898,15,330,50053408,all_users,2026-04-02 12:00:00,push,False,,False,
4899,15,727,50053408,all_users,2026-03-29 12:00:00,email,True,2026-03-29 12:40:00,False,
4900,15,788,50053408,all_users,2026-03-29 15:00:00,in_app,False,,False,
4901,15,388,50053408,all_users,2026-03-30 17:00:00,push,True,2026-03-30 17:30:00,False,
4902,15,579,50053408,all_users,2026-04-02 12:00:00,in_app,False,,False,
4903,15,610,50053408,all_users,2026-03-29 17:00:00,push,True,2026-03-29 18:18:00,False,
4904,15,197,50053408,all_users,2026-03-30 17:00:00,push,False,,False,
4905,15,686,50053408,all_users,2026-03-28 18:00:00,email,False,,False,
4906,15,253,50053408,all_users,2026-04-01 15:00:00,push,False,,False,
4907,15,668,50053408,all_users,2026-03-30 10:00:00,push,False,,False,
4908,15,794,50053408,all_users,2026-03-30 11:00:00,push,True,2026-03-30 12:32:00,False,
4909,15,990,50053408,all_users,2026-04-02 19:00:00,push,False,,False,
4910,15,398,50053408,all_users,2026-04-01 16:00:00,push,False,,False,
4911,15,761,50053408,all_users,2026-04-01 19:00:00,push,False,,False,
4912,15,354,50053408,all_users,2026-04-02 09:00:00,email,True,2026-04-02 09:01:00,False,
4913,15,785,50053408,all_users,2026-03-29 20:00:00,push,False,,False,
4914,15,412,50053408,all_users,2026-04-02 11:00:00,email,True,2026-04-02 12:26:00,False,
4915,15,351,50053408,all_users,2026-04-01 14:00:00,in_app,True,2026-04-01 15:14:00,False,
4916,15,768,50053408,all_users,2026-03-28 17:00:00,push,False,,False,
4917,15,556,50053408,all_users,2026-03-30 18:00:00,push,False,,False,
4918,15,838,50053408,all_users,2026-03-28 14:00:00,push,False,,False,
4919,15,810,50053408,all_users,2026-03-30 17:00:00,email,False,,False,
4920,15,413,50053408,all_users,2026-03-31 17:00:00,push,False,,False,
4921,15,47,50053408,all_users,2026-03-31 19:00:00,email,False,,False,
4922,15,45,50053408,all_users,2026-03-29 13:00:00,email,False,,False,
4923,15,947,50053408,all_users,2026-03-30 16:00:00,push,False,,False,
4924,15,230,50053408,all_users,2026-03-30 16:00:00,email,True,2026-03-30 16:19:00,False,
4925,15,338,50053408,all_users,2026-03-30 14:00:00,push,False,,False,
4926,15,44,50053408,all_users,2026-04-02 14:00:00,push,False,,False,
4927,15,90,50053408,all_users,2026-03-29 13:00:00,push,False,,False,
4928,15,965,50053408,all_users,2026-03-28 16:00:00,push,False,,False,
4929,15,7,50053408,all_users,2026-04-02 11:00:00,push,False,,False,
4930,15,870,50053408,all_users,2026-03-28 19:00:00,in_app,False,,False,
4931,15,37,50053408,all_users,2026-03-28 18:00:00,push,True,2026-03-28 18:25:00,False,
4932,15,846,50053408,all_users,2026-03-29 19:00:00,in_app,False,,False,
4933,15,279,50053408,all_users,2026-03-30 12:00:00,in_app,False,,False,
4934,15,251,50053408,all_users,2026-03-30 17:00:00,push,False,,False,
4935,15,38,50053408,all_users,2026-03-30 17:00:00,email,False,,False,
4936,15,583,50053408,all_users,2026-04-01 11:00:00,email,False,,False,
4937,15,100,50053408,all_users,2026-04-01 14:00:00,push,False,,False,
4938,15,182,50053408,all_users,2026-03-29 18:00:00,in_app,False,,False,
4939,15,79,50053408,all_users,2026-04-01 14:00:00,push,False,,False,
4940,15,81,50053408,all_users,2026-03-29 16:00:00,push,False,,False,
4941,15,195,50053408,all_users,2026-03-29 16:00:00,push,False,,False,
4942,15,55,50053408,all_users,2026-03-29 12:00:00,push,False,,False,
4943,15,309,50053408,all_users,2026-03-29 12:00:00,push,False,,False,
4944,15,807,50053408,all_users,2026-03-31 12:00:00,push,False,,False,
4945,15,120,50053408,all_users,2026-03-30 11:00:00,email,False,,False,
4946,15,801,50053408,all_users,2026-04-02 20:00:00,push,False,,False,
4947,15,880,50053408,all_users,2026-03-28 14:00:00,push,False,,False,
4948,15,588,50053408,all_users,2026-03-28 16:00:00,push,False,,False,
4949,15,608,50053408,all_users,2026-03-28 14:00:00,push,False,,False,
4950,15,967,50053408,all_users,2026-03-30 20:00:00,push,False,,False,
4951,15,260,50053408,all_users,2026-04-01 10:00:00,in_app,False,,False,
4952,15,226,50053408,all_users,2026-03-28 20:00:00,email,False,,False,
4953,15,890,50053408,all_users,2026-03-30 20:00:00,push,False,,False,
4954,15,424,50053408,all_users,2026-03-30 11:00:00,push,False,,False,
4955,15,515,50053408,all_users,2026-03-28 17:00:00,push,False,,False,
4956,15,456,50053408,all_users,2026-03-28 12:00:00,push,False,,False,
4957,15,716,50053408,all_users,2026-03-29 18:00:00,in_app,False,,False,
4958,15,42,50053408,all_users,2026-03-28 14:00:00,in_app,False,,False,
4959,15,955,50053408,all_users,2026-03-29 12:00:00,push,False,,False,
4960,15,36,50053408,all_users,2026-03-29 12:00:00,in_app,False,,False,
4961,15,862,50053408,all_users,2026-03-29 18:00:00,email,False,,False,
4962,15,525,50053408,all_users,2026-04-02 09:00:00,push,False,,False,
4963,15,697,50053408,all_users,2026-04-01 19:00:00,push,False,,False,
4964,15,203,50053408,all_users,2026-03-31 14:00:00,push,False,,False,
4965,15,971,50053408,all_users,2026-04-02 16:00:00,push,False,,False,
4966,15,30,50053408,all_users,2026-04-02 20:00:00,push,False,,False,
4967,15,644,50053408,all_users,2026-04-02 10:00:00,in_app,False,,False,
4968,15,262,50053408,all_users,2026-03-30 20:00:00,push,False,,False,
4969,15,125,50053408,all_users,2026-03-29 11:00:00,push,False,,False,
4970,15,115,50053408,all_users,2026-03-30 15:00:00,email,True,2026-03-30 15:24:00,False,
4971,15,842,50053408,all_users,2026-03-29 15:00:00,in_app,False,,False,
4972,15,22,50053408,all_users,2026-03-31 19:00:00,in_app,False,,False,
4973,15,647,50053408,all_users,2026-03-29 13:00:00,push,True,2026-03-29 14:58:00,False,
4974,15,826,50053408,all_users,2026-03-30 12:00:00,in_app,True,2026-03-30 12:46:00,False,
4975,15,942,50053408,all_users,2026-04-02 14:00:00,in_app,False,,False,
4976,15,646,50053408,all_users,2026-03-29 09:00:00,push,False,,False,
4977,15,12,50053408,all_users,2026-04-02 09:00:00,push,False,,False,
4978,15,168,50053408,all_users,2026-03-29 20:00:00,in_app,False,,False,
4979,15,604,50053408,all_users,2026-03-30 14:00:00,email,False,,False,
4980,15,953,50053408,all_users,2026-03-29 20:00:00,in_app,True,2026-03-29 20:49:00,False,
4981,15,376,50053408,all_users,2026-03-28 09:00:00,in_app,False,,False,
4982,15,406,50053408,all_users,2026-04-02 14:00:00,in_app,False,,False,
4983,15,756,50053408,all_users,2026-04-01 09:00:00,push,False,,False,
4984,15,470,50053408,all_users,2026-04-01 12:00:00,push,False,,False,
4985,15,839,50053408,all_users,2026-03-30 13:00:00,email,False,,False,
4986,15,777,50053408,all_users,2026-03-30 16:00:00,push,True,2026-03-30 17:31:00,False,
4987,15,335,50053408,all_users,2026-04-02 19:00:00,push,True,2026-04-02 20:03:00,False,
4988,15,132,50053408,all_users,2026-03-29 12:00:00,in_app,False,,False,
4989,15,674,50053408,all_users,2026-04-01 14:00:00,push,False,,False,
4990,15,101,50053408,all_users,2026-03-29 19:00:00,push,False,,False,
4991,15,43,50053408,all_users,2026-03-30 09:00:00,email,True,2026-03-30 10:20:00,False,
4992,15,59,50053408,all_users,2026-04-02 20:00:00,in_app,False,,False,
4993,15,803,50053408,all_users,2026-03-29 11:00:00,push,False,,False,
4994,15,521,50053408,all_users,2026-04-02 17:00:00,email,False,,False,
4995,15,118,50053408,all_users,2026-04-01 13:00:00,push,False,,False,
4996,15,936,50053408,all_users,2026-04-01 18:00:00,push,False,,False,
4997,15,713,50053408,all_users,2026-03-30 13:00:00,push,False,,False,
4998,15,899,50053408,all_users,2026-03-30 13:00:00,in_app,False,,False,
4999,15,690,50053408,all_users,2026-04-02 13:00:00,in_app,False,,False,
5000,15,19,50053408,all_users,2026-03-30 12:00:00,email,False,,False,
5001,15,586,50053408,all_users,2026-03-28 09:00:00,push,False,,False,
5002,15,488,50053408,all_users,2026-03-28 16:00:00,push,False,,False,
5003,15,103,50053408,all_users,2026-04-02 19:00:00,in_app,False,,False,
5004,15,393,50053408,all_users,2026-04-02 09:00:00,push,True,2026-04-02 10:50:00,False,
5005,15,200,50053408,all_users,2026-03-30 20:00:00,push,True,2026-03-30 22:30:00,False,
5006,15,474,50053408,all_users,2026-04-02 18:00:00,push,False,,False,
5007,15,817,50053408,all_users,2026-03-28 11:00:00,push,True,2026-03-28 13:16:00,False,
5008,15,458,50053408,all_users,2026-04-02 16:00:00,in_app,False,,False,
5009,15,72,50053408,all_users,2026-03-31 11:00:00,in_app,False,,False,
5010,15,989,50053408,all_users,2026-03-28 09:00:00,email,False,,False,
5011,15,340,50053408,all_users,2026-04-01 17:00:00,push,True,2026-04-01 19:13:00,False,
5012,15,611,50053408,all_users,2026-03-28 20:00:00,push,True,2026-03-28 20:21:00,False,
5013,15,843,50053408,all_users,2026-03-31 18:00:00,push,False,,False,
5014,15,288,50053408,all_users,2026-04-01 11:00:00,push,False,,False,
5015,15,747,50053408,all_users,2026-03-29 17:00:00,in_app,False,,False,
5016,15,548,50053408,all_users,2026-03-28 17:00:00,push,False,,False,
5017,15,176,50053408,all_users,2026-04-01 19:00:00,email,True,2026-04-01 20:09:00,False,
5018,15,447,50053408,all_users,2026-03-31 16:00:00,email,False,,False,
5019,15,320,50053408,all_users,2026-03-31 17:00:00,email,False,,False,
5020,15,154,50053408,all_users,2026-04-01 17:00:00,push,False,,False,
5021,15,876,50053408,all_users,2026-03-29 18:00:00,email,False,,False,
5022,15,448,50053408,all_users,2026-03-30 16:00:00,email,False,,False,
5023,15,13,50053408,all_users,2026-03-28 18:00:00,push,False,,False,
5024,15,994,50053408,all_users,2026-03-30 09:00:00,push,False,,False,
5025,15,269,50053408,all_users,2026-03-28 18:00:00,push,False,,False,
5026,15,403,50053408,all_users,2026-04-01 09:00:00,push,False,,False,
5027,15,594,50053408,all_users,2026-03-29 11:00:00,push,False,,False,
5028,15,780,50053408,all_users,2026-04-02 19:00:00,push,False,,False,
5029,15,630,50053408,all_users,2026-03-31 15:00:00,push,False,,False,
5030,15,114,50053408,all_users,2026-03-29 09:00:00,in_app,False,,False,
5031,15,147,50053408,all_users,2026-04-01 20:00:00,email,False,,False,
5032,15,138,50053408,all_users,2026-04-02 16:00:00,push,False,,False,
5033,15,841,50053408,all_users,2026-04-01 10:00:00,push,False,,False,
5034,15,259,50053408,all_users,2026-03-31 20:00:00,email,False,,False,
5035,15,637,50053408,all_users,2026-03-30 12:00:00,push,True,2026-03-30 12:39:00,False,
5036,15,619,50053408,all_users,2026-03-29 11:00:00,in_app,False,,False,
5037,15,800,50053408,all_users,2026-03-30 18:00:00,email,True,2026-03-30 18:25:00,False,
5038,15,653,50053408,all_users,2026-04-02 12:00:00,email,False,,False,
5039,15,237,50053408,all_users,2026-03-31 09:00:00,push,True,2026-03-31 10:15:00,False,
5040,15,606,50053408,all_users,2026-04-02 10:00:00,in_app,False,,False,
5041,15,670,50053408,all_users,2026-03-28 09:00:00,in_app,True,2026-03-28 10:39:00,False,
5042,15,227,50053408,all_users,2026-03-30 09:00:00,in_app,True,2026-03-30 11:53:00,False,
5043,15,198,50053408,all_users,2026-03-30 18:00:00,in_app,False,,False,
5044,15,746,50053408,all_users,2026-04-02 12:00:00,push,True,2026-04-02 13:36:00,False,
5045,15,984,50053408,all_users,2026-04-01 18:00:00,push,True,2026-04-01 20:19:00,False,
5046,15,510,50053408,all_users,2026-03-29 20:00:00,email,False,,False,
5047,15,461,50053408,all_users,2026-03-29 10:00:00,in_app,False,,False,
5048,15,705,50053408,all_users,2026-03-28 17:00:00,email,False,,False,
5049,15,946,50053408,all_users,2026-04-01 10:00:00,push,False,,False,
5050,15,123,50053408,all_users,2026-03-30 12:00:00,push,False,,False,
5051,15,689,50053408,all_users,2026-04-02 10:00:00,push,False,,False,
5052,15,530,50053408,all_users,2026-03-31 11:00:00,in_app,True,2026-03-31 13:24:00,False,
5053,15,753,50053408,all_users,2026-04-02 17:00:00,email,False,,False,
5054,15,959,50053408,all_users,2026-04-01 12:00:00,in_app,True,2026-04-01 12:12:00,False,
5055,15,905,50053408,all_users,2026-03-28 15:00:00,push,True,2026-03-28 17:50:00,False,
5056,15,219,50053408,all_users,2026-03-30 14:00:00,push,True,2026-03-30 16:25:00,False,
5057,15,550,50053408,all_users,2026-03-29 16:00:00,in_app,False,,False,
5058,15,265,50053408,all_users,2026-03-29 15:00:00,in_app,False,,False,
5059,15,568,50053408,all_users,2026-03-30 19:00:00,push,False,,False,
5060,15,304,50053408,all_users,2026-04-02 09:00:00,push,False,,False,
5061,15,970,50053408,all_users,2026-04-01 18:00:00,push,False,,False,
5062,15,695,50053408,all_users,2026-03-29 15:00:00,email,False,,False,
5063,15,89,50053408,all_users,2026-03-31 11:00:00,push,False,,False,
5064,15,571,50053408,all_users,2026-03-29 10:00:00,in_app,False,,False,
5065,15,426,50053408,all_users,2026-04-01 17:00:00,push,False,,False,
5066,15,361,50053408,all_users,2026-03-28 10:00:00,email,True,2026-03-28 10:05:00,False,
5067,15,82,50053408,all_users,2026-03-28 12:00:00,email,False,,False,
5068,15,102,50053408,all_users,2026-04-01 12:00:00,push,False,,False,
5069,15,206,50053408,all_users,2026-03-29 12:00:00,email,True,2026-03-29 14:51:00,False,
5070,15,214,50053408,all_users,2026-03-30 18:00:00,push,False,,False,
5071,15,664,50053408,all_users,2026-04-02 13:00:00,email,False,,False,
5072,15,407,50053408,all_users,2026-03-28 14:00:00,push,True,2026-03-28 15:54:00,False,
5073,15,501,50053408,all_users,2026-03-30 19:00:00,push,False,,False,
5074,15,112,50053408,all_users,2026-03-31 18:00:00,push,False,,False,
5075,15,524,50053408,all_users,2026-04-02 20:00:00,email,False,,False,
5076,15,245,50053408,all_users,2026-03-29 12:00:00,push,False,,False,
5077,15,771,50053408,all_users,2026-03-29 14:00:00,push,False,,False,
5078,15,257,50053408,all_users,2026-04-01 15:00:00,email,False,,False,
5079,15,553,50053408,all_users,2026-04-01 19:00:00,push,True,2026-04-01 21:17:00,False,
5080,15,185,50053408,all_users,2026-04-02 09:00:00,push,False,,False,
5081,15,21,50053408,all_users,2026-03-28 20:00:00,in_app,True,2026-03-28 20:05:00,False,
5082,15,910,50053408,all_users,2026-04-01 15:00:00,in_app,True,2026-04-01 16:45:00,False,
5083,15,387,50053408,all_users,2026-04-01 09:00:00,in_app,False,,False,
5084,15,625,50053408,all_users,2026-04-01 15:00:00,push,False,,False,
5085,15,208,50053408,all_users,2026-04-01 10:00:00,email,False,,False,
5086,15,782,50053408,all_users,2026-04-02 13:00:00,push,False,,False,
5087,15,736,50053408,all_users,2026-04-01 15:00:00,email,True,2026-04-01 16:39:00,False,
5088,15,428,50053408,all_users,2026-03-30 18:00:00,email,True,2026-03-30 20:30:00,False,
5089,15,924,50053408,all_users,2026-03-30 12:00:00,email,False,,False,
5090,15,441,50053408,all_users,2026-03-29 18:00:00,push,False,,False,
5091,15,473,50053408,all_users,2026-04-02 17:00:00,email,True,2026-04-02 17:08:00,False,
5092,15,401,50053408,all_users,2026-04-02 19:00:00,push,False,,False,
5093,15,574,50053408,all_users,2026-03-30 19:00:00,email,False,,False,
5094,15,884,50053408,all_users,2026-03-28 09:00:00,email,True,2026-03-28 10:44:00,False,
5095,15,613,50053408,all_users,2026-03-28 17:00:00,push,False,,False,
5096,15,834,50053408,all_users,2026-03-28 09:00:00,push,False,,False,
5097,15,864,50053408,all_users,2026-04-02 09:00:00,in_app,False,,False,
5098,15,916,50053408,all_users,2026-04-01 20:00:00,email,False,,False,
5099,15,868,50053408,all_users,2026-03-30 19:00:00,push,False,,False,
5100,15,188,50053408,all_users,2026-03-30 18:00:00,email,False,,False,
5101,15,867,50053408,all_users,2026-03-28 18:00:00,push,False,,False,
5102,15,769,50053408,all_users,2026-04-01 09:00:00,push,False,,False,
5103,15,137,50053408,all_users,2026-03-29 12:00:00,email,False,,False,
5104,15,15,50053408,all_users,2026-03-30 17:00:00,push,False,,False,
5105,15,877,50053408,all_users,2026-03-31 14:00:00,push,True,2026-03-31 16:58:00,False,
5106,15,254,50053408,all_users,2026-03-31 13:00:00,push,True,2026-03-31 14:29:00,False,
5107,15,425,50053408,all_users,2026-03-29 19:00:00,in_app,True,2026-03-29 19:55:00,False,
5108,15,121,50053408,all_users,2026-04-01 10:00:00,email,False,,False,
5109,15,391,50053408,all_users,2026-03-29 11:00:00,push,False,,False,
5110,15,537,50053408,all_users,2026-04-01 10:00:00,push,False,,False,
5111,15,333,50053408,all_users,2026-04-01 19:00:00,push,False,,False,
5112,15,960,50053408,all_users,2026-03-29 15:00:00,push,True,2026-03-29 15:29:00,False,
5113,15,627,50053408,all_users,2026-04-01 12:00:00,in_app,False,,False,
5114,15,449,50053408,all_users,2026-03-30 16:00:00,push,False,,False,
5115,15,982,50053408,all_users,2026-03-29 13:00:00,push,False,,False,
5116,15,297,50053408,all_users,2026-03-31 17:00:00,in_app,True,2026-03-31 19:23:00,False,
5117,15,68,50053408,all_users,2026-03-29 17:00:00,push,False,,False,
5118,15,667,50053408,all_users,2026-03-31 19:00:00,in_app,False,,False,
5119,15,186,50053408,all_users,2026-04-01 17:00:00,push,False,,False,
5120,15,529,50053408,all_users,2026-03-28 18:00:00,email,True,2026-03-28 20:44:00,False,
5121,15,159,50053408,all_users,2026-04-01 19:00:00,email,False,,False,
5122,15,56,50053408,all_users,2026-03-28 09:00:00,push,False,,False,
5123,15,455,50053408,all_users,2026-03-31 16:00:00,push,False,,False,
5124,15,824,50053408,all_users,2026-04-01 09:00:00,push,False,,False,
5125,15,562,50053408,all_users,2026-04-01 11:00:00,in_app,False,,False,
5126,15,823,50053408,all_users,2026-03-30 11:00:00,push,False,,False,
5127,15,190,50053408,all_users,2026-03-28 09:00:00,email,False,,False,
5128,16,671,40557912,new_users,2026-03-02 11:00:00,push,False,,False,
5129,16,348,40557912,new_users,2026-03-01 18:00:00,push,False,,False,
5130,16,930,40557912,new_users,2026-03-03 13:00:00,in_app,False,,False,
5131,16,531,40557912,new_users,2026-03-02 14:00:00,email,False,,False,
5132,16,645,40557912,new_users,2026-03-01 18:00:00,in_app,False,,False,
5133,16,435,40557912,new_users,2026-03-03 13:00:00,push,False,,False,
5134,16,688,40557912,new_users,2026-03-01 16:00:00,email,False,,False,
5135,16,276,40557912,new_users,2026-03-01 09:00:00,push,False,,False,
5136,16,487,40557912,new_users,2026-03-02 20:00:00,in_app,False,,False,
5137,16,511,40557912,new_users,2026-03-01 20:00:00,push,False,,False,
5138,16,592,40557912,new_users,2026-03-02 19:00:00,email,False,,False,
5139,16,74,40557912,new_users,2026-03-02 16:00:00,push,False,,False,
5140,16,111,40557912,new_users,2026-03-03 13:00:00,push,False,,False,
5141,16,222,40557912,new_users,2026-03-02 16:00:00,email,False,,False,
5142,16,829,40557912,new_users,2026-03-02 09:00:00,push,False,,False,
5143,16,828,40557912,new_users,2026-03-02 18:00:00,in_app,False,,False,
5144,16,884,40557912,new_users,2026-03-02 10:00:00,push,False,,False,
5145,16,727,40557912,new_users,2026-03-04 19:00:00,push,False,,False,
5146,16,463,40557912,new_users,2026-03-01 10:00:00,push,False,,False,
5147,16,914,40557912,new_users,2026-03-03 09:00:00,in_app,False,,False,
5148,16,206,40557912,new_users,2026-03-04 09:00:00,push,False,,False,
5149,16,612,40557912,new_users,2026-03-02 11:00:00,push,False,,False,
5150,16,969,40557912,new_users,2026-03-04 20:00:00,email,False,,False,
5151,16,537,40557912,new_users,2026-03-02 13:00:00,email,False,,False,
5152,16,299,40557912,new_users,2026-03-02 20:00:00,email,False,,False,
5153,16,413,40557912,new_users,2026-03-03 17:00:00,push,False,,False,
5154,16,452,40557912,new_users,2026-03-01 20:00:00,email,False,,False,
5155,16,365,40557912,new_users,2026-03-01 18:00:00,email,False,,False,
5156,16,336,40557912,new_users,2026-03-03 14:00:00,push,False,,False,
5157,16,657,40557912,new_users,2026-03-04 14:00:00,push,False,,False,
5158,16,664,40557912,new_users,2026-03-01 13:00:00,push,True,2026-03-01 13:38:00,False,
5159,16,718,40557912,new_users,2026-03-04 18:00:00,email,False,,False,
5160,16,896,40557912,new_users,2026-03-03 14:00:00,email,True,2026-03-03 16:19:00,False,
5161,16,883,40557912,new_users,2026-03-03 11:00:00,email,False,,False,
5162,16,241,40557912,new_users,2026-03-02 12:00:00,push,False,,False,
5163,16,48,40557912,new_users,2026-03-02 12:00:00,in_app,False,,False,
5164,16,189,40557912,new_users,2026-03-04 13:00:00,in_app,True,2026-03-04 13:04:00,False,
5165,16,838,40557912,new_users,2026-03-04 16:00:00,email,False,,False,
5166,16,583,40557912,new_users,2026-03-03 13:00:00,push,False,,False,
5167,16,779,40557912,new_users,2026-03-03 20:00:00,in_app,True,2026-03-03 20:56:00,False,
5168,16,177,40557912,new_users,2026-03-03 18:00:00,email,False,,False,
5169,16,943,40557912,new_users,2026-03-02 09:00:00,push,False,,False,
5170,16,756,40557912,new_users,2026-03-02 19:00:00,email,False,,False,
5171,16,870,40557912,new_users,2026-03-02 16:00:00,push,False,,False,
5172,16,865,40557912,new_users,2026-03-02 14:00:00,push,False,,False,
5173,16,323,40557912,new_users,2026-03-04 20:00:00,push,False,,False,
5174,16,977,40557912,new_users,2026-03-02 14:00:00,push,True,2026-03-02 15:18:00,False,
5175,16,647,40557912,new_users,2026-03-02 20:00:00,email,True,2026-03-02 20:14:00,False,
5176,16,920,40557912,new_users,2026-03-02 13:00:00,in_app,False,,False,
5177,16,554,40557912,new_users,2026-03-01 15:00:00,email,False,,False,
5178,16,786,40557912,new_users,2026-03-02 10:00:00,push,False,,False,
5179,16,115,40557912,new_users,2026-03-02 19:00:00,email,False,,False,
5180,16,88,40557912,new_users,2026-03-02 12:00:00,push,False,,False,
5181,16,632,40557912,new_users,2026-03-04 12:00:00,email,False,,False,
5182,16,976,40557912,new_users,2026-03-04 16:00:00,push,False,,False,
5183,16,59,40557912,new_users,2026-03-03 09:00:00,push,True,2026-03-03 09:08:00,False,
5184,16,625,40557912,new_users,2026-03-02 17:00:00,email,False,,False,
5185,16,564,40557912,new_users,2026-03-01 13:00:00,email,True,2026-03-01 15:18:00,False,
5186,16,439,40557912,new_users,2026-03-01 18:00:00,in_app,True,2026-03-01 18:31:00,False,
5187,16,904,40557912,new_users,2026-03-04 12:00:00,in_app,False,,False,
5188,16,654,40557912,new_users,2026-03-04 15:00:00,push,False,,False,
5189,16,568,40557912,new_users,2026-03-02 15:00:00,push,False,,False,
5190,16,312,40557912,new_users,2026-03-04 13:00:00,in_app,False,,False,
5191,16,746,40557912,new_users,2026-03-03 15:00:00,push,False,,False,
5192,16,120,40557912,new_users,2026-03-02 14:00:00,email,False,,False,
5193,16,601,40557912,new_users,2026-03-02 17:00:00,email,False,,False,
5194,16,707,40557912,new_users,2026-03-04 17:00:00,push,True,2026-03-04 19:20:00,False,
5195,16,478,40557912,new_users,2026-03-01 15:00:00,email,True,2026-03-01 17:35:00,False,
5196,16,54,40557912,new_users,2026-03-04 19:00:00,push,False,,False,
5197,16,142,40557912,new_users,2026-03-02 14:00:00,in_app,False,,False,
5198,16,559,40557912,new_users,2026-03-02 17:00:00,push,False,,False,
5199,16,147,40557912,new_users,2026-03-02 10:00:00,in_app,False,,False,
5200,16,159,40557912,new_users,2026-03-04 11:00:00,push,False,,False,
5201,16,711,40557912,new_users,2026-03-02 16:00:00,push,True,2026-03-02 16:14:00,False,
5202,16,552,40557912,new_users,2026-03-02 14:00:00,email,False,,False,
5203,16,421,40557912,new_users,2026-03-04 18:00:00,push,False,,False,
5204,16,719,40557912,new_users,2026-03-02 15:00:00,email,False,,False,
5205,16,999,40557912,new_users,2026-03-03 09:00:00,in_app,False,,False,
5206,16,644,40557912,new_users,2026-03-04 12:00:00,push,False,,False,
5207,16,196,40557912,new_users,2026-03-04 14:00:00,in_app,True,2026-03-04 16:38:00,False,
5208,16,420,40557912,new_users,2026-03-04 11:00:00,email,False,,False,
5209,16,519,40557912,new_users,2026-03-03 10:00:00,email,False,,False,
5210,16,197,40557912,new_users,2026-03-03 11:00:00,push,False,,False,
5211,16,998,40557912,new_users,2026-03-02 10:00:00,in_app,False,,False,
5212,16,327,40557912,new_users,2026-03-04 09:00:00,push,False,,False,
5213,16,840,40557912,new_users,2026-03-02 19:00:00,in_app,True,2026-03-02 21:16:00,False,
5214,16,947,40557912,new_users,2026-03-01 18:00:00,push,False,,False,
5215,16,368,40557912,new_users,2026-03-03 11:00:00,email,False,,False,
5216,16,325,40557912,new_users,2026-03-03 11:00:00,in_app,False,,False,
5217,16,899,40557912,new_users,2026-03-02 16:00:00,push,False,,False,
5218,16,626,40557912,new_users,2026-03-03 15:00:00,push,False,,False,
5219,16,207,40557912,new_users,2026-03-01 20:00:00,push,True,2026-03-01 22:25:00,False,
5220,16,396,40557912,new_users,2026-03-02 19:00:00,email,False,,False,
5221,16,295,40557912,new_users,2026-03-01 19:00:00,in_app,False,,False,
5222,16,613,40557912,new_users,2026-03-02 14:00:00,push,False,,False,
5223,16,604,40557912,new_users,2026-03-02 12:00:00,email,True,2026-03-02 12:23:00,False,
5224,16,242,40557912,new_users,2026-03-01 19:00:00,email,False,,False,
5225,16,158,40557912,new_users,2026-03-01 10:00:00,in_app,False,,False,
5226,16,373,40557912,new_users,2026-03-04 09:00:00,email,False,,False,
5227,16,742,40557912,new_users,2026-03-04 13:00:00,push,False,,False,
5228,16,995,40557912,new_users,2026-03-04 17:00:00,email,False,,False,
5229,16,259,40557912,new_users,2026-03-03 16:00:00,push,False,,False,
5230,16,525,40557912,new_users,2026-03-04 19:00:00,email,False,,False,
5231,16,285,40557912,new_users,2026-03-04 18:00:00,in_app,False,,False,
5232,16,257,40557912,new_users,2026-03-01 09:00:00,in_app,False,,False,
5233,16,827,40557912,new_users,2026-03-01 16:00:00,push,False,,False,
5234,16,924,40557912,new_users,2026-03-04 14:00:00,email,False,,False,
5235,16,75,40557912,new_users,2026-03-01 17:00:00,push,False,,False,
5236,16,668,40557912,new_users,2026-03-02 18:00:00,in_app,False,,False,
5237,16,966,40557912,new_users,2026-03-01 18:00:00,in_app,False,,False,
5238,16,667,40557912,new_users,2026-03-01 14:00:00,push,False,,False,
5239,16,401,40557912,new_users,2026-03-04 09:00:00,push,False,,False,
5240,16,50,40557912,new_users,2026-03-02 19:00:00,email,False,,False,
5241,16,131,40557912,new_users,2026-03-03 15:00:00,in_app,False,,False,
5242,16,971,40557912,new_users,2026-03-03 20:00:00,push,True,2026-03-03 22:04:00,False,
5243,16,570,40557912,new_users,2026-03-02 14:00:00,email,False,,False,
5244,16,596,40557912,new_users,2026-03-01 17:00:00,push,True,2026-03-01 18:39:00,False,
5245,16,761,40557912,new_users,2026-03-01 14:00:00,push,True,2026-03-01 16:50:00,False,
5246,16,690,40557912,new_users,2026-03-04 19:00:00,email,False,,False,
5247,16,467,40557912,new_users,2026-03-01 11:00:00,push,False,,False,
5248,16,854,40557912,new_users,2026-03-03 15:00:00,push,False,,False,
5249,16,184,40557912,new_users,2026-03-03 10:00:00,in_app,True,2026-03-03 12:22:00,False,
5250,16,680,40557912,new_users,2026-03-03 15:00:00,push,False,,False,
5251,16,237,40557912,new_users,2026-03-01 10:00:00,email,False,,False,
5252,16,599,40557912,new_users,2026-03-04 14:00:00,email,False,,False,
5253,16,710,40557912,new_users,2026-03-02 12:00:00,in_app,False,,False,
5254,16,380,40557912,new_users,2026-03-04 17:00:00,in_app,True,2026-03-04 17:14:00,False,
5255,16,752,40557912,new_users,2026-03-01 19:00:00,push,False,,False,
5256,16,755,40557912,new_users,2026-03-04 14:00:00,in_app,False,,False,
5257,16,692,40557912,new_users,2026-03-03 11:00:00,push,False,,False,
5258,16,333,40557912,new_users,2026-03-02 19:00:00,push,False,,False,
5259,16,13,40557912,new_users,2026-03-03 12:00:00,push,False,,False,
5260,16,846,40557912,new_users,2026-03-04 20:00:00,push,True,2026-03-04 21:00:00,False,
5261,16,55,40557912,new_users,2026-03-03 10:00:00,push,False,,False,
5262,16,859,40557912,new_users,2026-03-02 19:00:00,push,True,2026-03-02 19:06:00,False,
5263,16,345,40557912,new_users,2026-03-03 09:00:00,push,False,,False,
5264,16,376,40557912,new_users,2026-03-02 14:00:00,email,False,,False,
5265,16,6,40557912,new_users,2026-03-04 20:00:00,email,False,,False,
5266,16,135,40557912,new_users,2026-03-03 12:00:00,push,False,,False,
5267,16,424,40557912,new_users,2026-03-04 16:00:00,push,False,,False,
5268,16,92,40557912,new_users,2026-03-01 13:00:00,email,False,,False,
5269,16,646,40557912,new_users,2026-03-04 20:00:00,email,True,2026-03-04 20:11:00,False,
5270,16,453,40557912,new_users,2026-03-03 09:00:00,push,False,,False,
5271,16,98,40557912,new_users,2026-03-03 17:00:00,email,False,,False,
5272,16,740,40557912,new_users,2026-03-04 09:00:00,email,False,,False,
5273,16,510,40557912,new_users,2026-03-02 17:00:00,push,True,2026-03-02 18:11:00,False,
5274,16,82,40557912,new_users,2026-03-03 17:00:00,push,False,,False,
5275,16,620,40557912,new_users,2026-03-03 20:00:00,in_app,False,,False,
5276,16,876,40557912,new_users,2026-03-02 14:00:00,push,False,,False,
5277,16,576,40557912,new_users,2026-03-01 14:00:00,in_app,True,2026-03-01 16:26:00,False,
5278,16,240,40557912,new_users,2026-03-02 13:00:00,in_app,False,,False,
5279,16,122,40557912,new_users,2026-03-02 14:00:00,in_app,False,,False,
5280,16,855,40557912,new_users,2026-03-04 16:00:00,push,False,,False,
5281,16,539,40557912,new_users,2026-03-03 19:00:00,push,False,,False,
5282,16,714,40557912,new_users,2026-03-03 12:00:00,push,True,2026-03-03 14:07:00,False,
5283,16,882,40557912,new_users,2026-03-02 14:00:00,push,False,,False,
5284,16,302,40557912,new_users,2026-03-04 20:00:00,push,True,2026-03-04 21:49:00,False,
5285,16,334,40557912,new_users,2026-03-01 09:00:00,in_app,True,2026-03-01 09:07:00,False,
5286,16,925,40557912,new_users,2026-03-03 10:00:00,in_app,False,,False,
5287,16,484,40557912,new_users,2026-03-03 13:00:00,push,False,,False,
5288,16,186,40557912,new_users,2026-03-02 16:00:00,push,False,,False,
5289,16,282,40557912,new_users,2026-03-01 14:00:00,email,True,2026-03-01 14:27:00,False,
5290,16,642,40557912,new_users,2026-03-01 12:00:00,in_app,False,,False,
5291,16,527,40557912,new_users,2026-03-02 19:00:00,email,False,,False,
5292,16,848,40557912,new_users,2026-03-01 18:00:00,push,False,,False,
5293,16,587,40557912,new_users,2026-03-01 18:00:00,push,False,,False,
5294,16,749,40557912,new_users,2026-03-03 15:00:00,in_app,False,,False,
5295,16,265,40557912,new_users,2026-03-03 17:00:00,email,True,2026-03-03 19:25:00,False,
5296,16,407,40557912,new_users,2026-03-03 18:00:00,email,True,2026-03-03 20:34:00,False,
5297,16,415,40557912,new_users,2026-03-04 14:00:00,push,False,,False,
5298,16,793,40557912,new_users,2026-03-03 19:00:00,email,False,,False,
5299,16,861,40557912,new_users,2026-03-02 12:00:00,push,False,,False,
5300,16,528,40557912,new_users,2026-03-01 20:00:00,in_app,False,,False,
5301,16,553,40557912,new_users,2026-03-04 18:00:00,push,True,2026-03-04 19:03:00,False,
5302,16,670,40557912,new_users,2026-03-01 17:00:00,in_app,False,,False,
5303,16,470,40557912,new_users,2026-03-03 14:00:00,email,False,,False,
5304,16,252,40557912,new_users,2026-03-01 14:00:00,in_app,True,2026-03-01 16:49:00,False,
5305,16,500,40557912,new_users,2026-03-03 11:00:00,email,True,2026-03-03 11:27:00,False,
5306,16,118,40557912,new_users,2026-03-03 15:00:00,push,False,,False,
5307,16,651,40557912,new_users,2026-03-02 13:00:00,push,True,2026-03-02 15:37:00,False,
5308,16,11,40557912,new_users,2026-03-03 18:00:00,push,False,,False,
5309,16,877,40557912,new_users,2026-03-03 20:00:00,push,False,,False,
5310,16,784,40557912,new_users,2026-03-02 11:00:00,push,False,,False,
5311,16,616,40557912,new_users,2026-03-02 14:00:00,push,False,,False,
5312,16,623,40557912,new_users,2026-03-03 12:00:00,push,False,,False,
5313,16,472,40557912,new_users,2026-03-04 16:00:00,in_app,True,2026-03-04 17:04:00,False,
5314,16,73,40557912,new_users,2026-03-01 19:00:00,push,False,,False,
5315,16,673,40557912,new_users,2026-03-01 13:00:00,push,False,,False,
5316,16,369,40557912,new_users,2026-03-01 17:00:00,email,False,,False,
5317,16,988,40557912,new_users,2026-03-01 16:00:00,push,True,2026-03-01 16:41:00,False,
5318,16,354,40557912,new_users,2026-03-04 19:00:00,push,False,,False,
5319,16,154,40557912,new_users,2026-03-04 13:00:00,push,False,,False,
5320,16,262,40557912,new_users,2026-03-03 09:00:00,in_app,False,,False,
5321,16,560,40557912,new_users,2026-03-03 13:00:00,push,False,,False,
5322,16,901,40557912,new_users,2026-03-02 09:00:00,email,True,2026-03-02 10:28:00,False,
5323,16,488,40557912,new_users,2026-03-03 18:00:00,email,False,,False,
5324,16,236,40557912,new_users,2026-03-03 16:00:00,push,False,,False,
5325,16,58,40557912,new_users,2026-03-01 15:00:00,push,True,2026-03-01 15:18:00,False,
5326,16,324,40557912,new_users,2026-03-02 18:00:00,in_app,True,2026-03-02 20:09:00,False,
5327,16,942,40557912,new_users,2026-03-02 09:00:00,in_app,False,,False,
5328,16,99,40557912,new_users,2026-03-01 17:00:00,email,False,,False,
5329,16,4,40557912,new_users,2026-03-03 19:00:00,push,False,,False,
5330,16,34,40557912,new_users,2026-03-04 10:00:00,push,False,,False,
5331,16,579,40557912,new_users,2026-03-02 09:00:00,in_app,False,,False,
5332,16,491,40557912,new_users,2026-03-02 17:00:00,in_app,True,2026-03-02 18:26:00,False,
5333,16,964,40557912,new_users,2026-03-04 19:00:00,push,True,2026-03-04 19:50:00,False,
5334,16,422,40557912,new_users,2026-03-02 12:00:00,push,False,,False,
5335,16,191,40557912,new_users,2026-03-02 19:00:00,in_app,False,,False,
5336,16,339,40557912,new_users,2026-03-03 11:00:00,email,True,2026-03-03 13:14:00,False,
5337,16,837,40557912,new_users,2026-03-03 10:00:00,in_app,False,,False,
5338,16,960,40557912,new_users,2026-03-01 20:00:00,push,False,,False,
5339,16,965,40557912,new_users,2026-03-03 09:00:00,push,False,,False,
5340,16,433,40557912,new_users,2026-03-01 13:00:00,email,False,,False,
5341,16,110,40557912,new_users,2026-03-03 12:00:00,in_app,False,,False,
5342,16,87,40557912,new_users,2026-03-02 10:00:00,in_app,True,2026-03-02 11:43:00,False,
5343,16,466,40557912,new_users,2026-03-04 11:00:00,push,False,,False,
5344,16,247,40557912,new_users,2026-03-02 09:00:00,in_app,False,,False,
5345,16,167,40557912,new_users,2026-03-04 20:00:00,in_app,False,,False,
5346,16,134,40557912,new_users,2026-03-03 16:00:00,in_app,False,,False,
5347,16,841,40557912,new_users,2026-03-02 10:00:00,push,False,,False,
5348,16,418,40557912,new_users,2026-03-01 15:00:00,push,True,2026-03-01 16:04:00,False,
5349,16,458,40557912,new_users,2026-03-03 13:00:00,in_app,True,2026-03-03 14:36:00,False,
5350,16,744,40557912,new_users,2026-03-03 12:00:00,push,False,,False,
5351,16,211,40557912,new_users,2026-03-04 14:00:00,in_app,False,,False,
5352,16,766,40557912,new_users,2026-03-01 11:00:00,email,True,2026-03-01 12:54:00,False,
5353,16,807,40557912,new_users,2026-03-01 19:00:00,in_app,False,,False,
5354,16,730,40557912,new_users,2026-03-04 13:00:00,push,False,,False,
5355,16,863,40557912,new_users,2026-03-04 12:00:00,in_app,True,2026-03-04 14:57:00,False,
5356,16,455,40557912,new_users,2026-03-03 09:00:00,push,False,,False,
5357,16,950,40557912,new_users,2026-03-01 13:00:00,email,False,,False,
5358,16,305,40557912,new_users,2026-03-02 19:00:00,in_app,False,,False,
5359,16,821,40557912,new_users,2026-03-03 12:00:00,push,True,2026-03-03 13:00:00,False,
5360,16,24,40557912,new_users,2026-03-02 17:00:00,push,False,,False,
5361,16,114,40557912,new_users,2026-03-02 14:00:00,email,True,2026-03-02 14:22:00,False,
5362,16,996,40557912,new_users,2026-03-04 14:00:00,push,False,,False,
5363,16,168,40557912,new_users,2026-03-03 10:00:00,push,False,,False,
5364,16,32,40557912,new_users,2026-03-03 15:00:00,push,False,,False,
5365,16,182,40557912,new_users,2026-03-01 16:00:00,email,False,,False,
5366,16,304,40557912,new_users,2026-03-01 10:00:00,email,False,,False,
5367,16,404,40557912,new_users,2026-03-04 14:00:00,in_app,True,2026-03-04 15:52:00,False,
5368,16,344,40557912,new_users,2026-03-02 11:00:00,push,True,2026-03-02 11:21:00,False,
5369,16,301,40557912,new_users,2026-03-02 14:00:00,in_app,False,,False,
5370,16,33,40557912,new_users,2026-03-02 14:00:00,push,False,,False,
5371,16,546,40557912,new_users,2026-03-02 09:00:00,email,False,,False,
5372,16,437,40557912,new_users,2026-03-02 11:00:00,push,False,,False,
5373,16,748,40557912,new_users,2026-03-03 13:00:00,push,False,,False,
5374,16,57,40557912,new_users,2026-03-02 17:00:00,push,False,,False,
5375,16,192,40557912,new_users,2026-03-04 16:00:00,push,False,,False,
5376,16,351,40557912,new_users,2026-03-02 11:00:00,push,False,,False,
5377,16,83,40557912,new_users,2026-03-03 13:00:00,push,False,,False,
5378,16,90,40557912,new_users,2026-03-04 13:00:00,email,False,,False,
5379,16,287,40557912,new_users,2026-03-03 09:00:00,push,False,,False,
5380,16,321,40557912,new_users,2026-03-01 15:00:00,in_app,False,,False,
5381,16,36,40557912,new_users,2026-03-02 20:00:00,push,True,2026-03-02 20:48:00,False,
5382,16,918,40557912,new_users,2026-03-02 17:00:00,push,False,,False,
5383,16,773,40557912,new_users,2026-03-04 11:00:00,push,False,,False,
5384,16,973,40557912,new_users,2026-03-01 09:00:00,push,False,,False,
5385,16,22,40557912,new_users,2026-03-03 18:00:00,push,True,2026-03-03 20:18:00,False,
5386,16,852,40557912,new_users,2026-03-01 16:00:00,in_app,False,,False,
5387,16,289,40557912,new_users,2026-03-03 19:00:00,in_app,False,,False,
5388,16,18,40557912,new_users,2026-03-01 10:00:00,push,True,2026-03-01 11:23:00,False,
5389,16,953,40557912,new_users,2026-03-01 14:00:00,push,False,,False,
5390,16,959,40557912,new_users,2026-03-01 20:00:00,push,False,,False,
5391,16,682,40557912,new_users,2026-03-04 18:00:00,push,False,,False,
5392,16,573,40557912,new_users,2026-03-02 11:00:00,push,False,,False,
5393,16,425,40557912,new_users,2026-03-01 13:00:00,email,False,,False,
5394,16,590,40557912,new_users,2026-03-04 10:00:00,in_app,False,,False,
5395,16,378,40557912,new_users,2026-03-01 13:00:00,push,True,2026-03-01 14:16:00,False,
5396,16,390,40557912,new_users,2026-03-01 14:00:00,push,False,,False,
5397,16,818,40557912,new_users,2026-03-03 09:00:00,email,False,,False,
5398,16,880,40557912,new_users,2026-03-02 16:00:00,push,False,,False,
5399,16,955,40557912,new_users,2026-03-04 16:00:00,email,False,,False,
5400,16,691,40557912,new_users,2026-03-03 18:00:00,push,True,2026-03-03 19:00:00,False,
5401,16,586,40557912,new_users,2026-03-04 09:00:00,email,False,,False,
5402,16,760,40557912,new_users,2026-03-01 09:00:00,email,False,,False,
5403,16,789,40557912,new_users,2026-03-01 18:00:00,push,False,,False,
5404,16,402,40557912,new_users,2026-03-01 10:00:00,email,False,,False,
5405,16,294,40557912,new_users,2026-03-01 16:00:00,push,False,,False,
5406,16,431,40557912,new_users,2026-03-03 17:00:00,in_app,False,,False,
5407,16,512,40557912,new_users,2026-03-04 19:00:00,push,False,,False,
5408,16,362,40557912,new_users,2026-03-02 19:00:00,push,True,2026-03-02 21:02:00,False,
5409,16,878,40557912,new_users,2026-03-01 17:00:00,push,False,,False,
5410,16,364,40557912,new_users,2026-03-04 12:00:00,push,False,,False,
5411,16,379,40557912,new_users,2026-03-01 14:00:00,push,False,,False,
5412,16,25,40557912,new_users,2026-03-03 12:00:00,in_app,False,,False,
5413,16,385,40557912,new_users,2026-03-03 18:00:00,push,False,,False,
5414,16,805,40557912,new_users,2026-03-03 18:00:00,in_app,False,,False,
5415,16,529,40557912,new_users,2026-03-04 09:00:00,email,True,2026-03-04 09:47:00,False,
5416,16,84,40557912,new_users,2026-03-02 09:00:00,push,True,2026-03-02 09:37:00,False,
5417,16,468,40557912,new_users,2026-03-03 19:00:00,email,False,,False,
5418,16,550,40557912,new_users,2026-03-02 12:00:00,push,False,,False,
5419,16,166,40557912,new_users,2026-03-03 09:00:00,email,False,,False,
5420,16,605,40557912,new_users,2026-03-03 17:00:00,in_app,False,,False,
5421,16,173,40557912,new_users,2026-03-04 11:00:00,in_app,False,,False,
5422,16,410,40557912,new_users,2026-03-03 12:00:00,in_app,False,,False,
5423,16,394,40557912,new_users,2026-03-03 19:00:00,in_app,False,,False,
5424,16,40,40557912,new_users,2026-03-03 15:00:00,push,False,,False,
5425,16,14,40557912,new_users,2026-03-02 18:00:00,email,False,,False,
5426,16,983,40557912,new_users,2026-03-01 14:00:00,email,True,2026-03-01 14:18:00,False,
5427,16,444,40557912,new_users,2026-03-04 17:00:00,push,True,2026-03-04 17:17:00,False,
5428,16,248,40557912,new_users,2026-03-01 19:00:00,email,False,,False,
5429,16,303,40557912,new_users,2026-03-04 15:00:00,email,False,,False,
5430,16,563,40557912,new_users,2026-03-03 10:00:00,in_app,False,,False,
5431,16,919,40557912,new_users,2026-03-04 16:00:00,push,False,,False,
5432,16,946,40557912,new_users,2026-03-03 14:00:00,email,False,,False,
5433,16,391,40557912,new_users,2026-03-02 17:00:00,in_app,False,,False,
5434,16,624,40557912,new_users,2026-03-01 09:00:00,in_app,True,2026-03-01 09:16:00,False,
5435,16,313,40557912,new_users,2026-03-01 16:00:00,push,False,,False,
5436,16,641,40557912,new_users,2026-03-03 16:00:00,push,False,,False,
5437,16,21,40557912,new_users,2026-03-01 12:00:00,in_app,True,2026-03-01 13:49:00,False,
5438,16,954,40557912,new_users,2026-03-04 10:00:00,push,False,,False,
5439,16,785,40557912,new_users,2026-03-02 11:00:00,push,False,,False,
5440,16,699,40557912,new_users,2026-03-03 19:00:00,push,True,2026-03-03 21:46:00,False,
5441,16,715,40557912,new_users,2026-03-03 10:00:00,push,False,,False,
5442,16,346,40557912,new_users,2026-03-03 20:00:00,email,False,,False,
5443,16,733,40557912,new_users,2026-03-03 16:00:00,in_app,True,2026-03-03 17:49:00,False,
5444,16,912,40557912,new_users,2026-03-03 13:00:00,in_app,True,2026-03-03 15:36:00,False,
5445,16,81,40557912,new_users,2026-03-01 16:00:00,push,False,,False,
5446,16,984,40557912,new_users,2026-03-01 17:00:00,push,False,,False,
5447,16,350,40557912,new_users,2026-03-01 20:00:00,in_app,False,,False,
5448,16,133,40557912,new_users,2026-03-03 18:00:00,push,False,,False,
5449,16,720,40557912,new_users,2026-03-01 19:00:00,push,False,,False,
5450,16,234,40557912,new_users,2026-03-02 09:00:00,in_app,False,,False,
5451,16,662,40557912,new_users,2026-03-03 15:00:00,push,True,2026-03-03 17:30:00,False,
5452,16,831,40557912,new_users,2026-03-02 19:00:00,push,False,,False,
5453,16,594,40557912,new_users,2026-03-03 16:00:00,push,False,,False,
5454,16,411,40557912,new_users,2026-03-01 15:00:00,push,False,,False,
5455,16,31,40557912,new_users,2026-03-04 11:00:00,push,True,2026-03-04 12:46:00,False,
5456,16,274,40557912,new_users,2026-03-02 13:00:00,in_app,False,,False,
5457,16,803,40557912,new_users,2026-03-04 12:00:00,in_app,False,,False,
5458,16,150,40557912,new_users,2026-03-02 13:00:00,email,False,,False,
5459,16,764,40557912,new_users,2026-03-01 16:00:00,push,True,2026-03-01 16:30:00,False,
5460,16,476,40557912,new_users,2026-03-01 18:00:00,in_app,False,,False,
5461,16,249,40557912,new_users,2026-03-02 09:00:00,email,False,,False,
5462,16,461,40557912,new_users,2026-03-01 12:00:00,push,True,2026-03-01 14:53:00,False,
5463,16,45,40557912,new_users,2026-03-02 11:00:00,push,False,,False,
5464,16,909,40557912,new_users,2026-03-03 14:00:00,push,True,2026-03-03 14:07:00,False,
5465,16,597,40557912,new_users,2026-03-04 20:00:00,push,False,,False,
5466,16,864,40557912,new_users,2026-03-03 11:00:00,push,True,2026-03-03 13:24:00,False,
5467,16,518,40557912,new_users,2026-03-04 09:00:00,in_app,True,2026-03-04 11:33:00,False,
5468,16,723,40557912,new_users,2026-03-03 12:00:00,in_app,True,2026-03-03 12:35:00,False,
5469,16,219,40557912,new_users,2026-03-01 19:00:00,email,True,2026-03-01 21:52:00,False,
5470,16,163,40557912,new_users,2026-03-03 10:00:00,push,False,,False,
5471,16,469,40557912,new_users,2026-03-02 19:00:00,push,False,,False,
5472,16,548,40557912,new_users,2026-03-02 11:00:00,email,False,,False,
5473,16,384,40557912,new_users,2026-03-03 18:00:00,push,False,,False,
5474,16,307,40557912,new_users,2026-03-03 16:00:00,push,False,,False,
5475,16,277,40557912,new_users,2026-03-04 12:00:00,email,False,,False,
5476,16,448,40557912,new_users,2026-03-01 13:00:00,push,True,2026-03-01 13:13:00,False,
5477,16,618,40557912,new_users,2026-03-01 11:00:00,push,False,,False,
5478,16,716,40557912,new_users,2026-03-01 12:00:00,push,False,,False,
5479,16,806,40557912,new_users,2026-03-03 19:00:00,email,True,2026-03-03 21:28:00,False,
5480,16,987,40557912,new_users,2026-03-01 19:00:00,push,False,,False,
5481,16,830,40557912,new_users,2026-03-04 17:00:00,email,True,2026-03-04 18:59:00,False,
5482,16,658,40557912,new_users,2026-03-03 15:00:00,push,False,,False,
5483,16,19,40557912,new_users,2026-03-03 15:00:00,in_app,False,,False,
5484,16,659,40557912,new_users,2026-03-04 20:00:00,push,False,,False,
5485,16,887,40557912,new_users,2026-03-01 20:00:00,push,False,,False,
5486,16,108,40557912,new_users,2026-03-01 12:00:00,push,False,,False,
5487,16,910,40557912,new_users,2026-03-02 14:00:00,email,False,,False,
5488,16,777,40557912,new_users,2026-03-04 14:00:00,push,False,,False,
5489,16,814,40557912,new_users,2026-03-04 20:00:00,email,False,,False,
5490,16,615,40557912,new_users,2026-03-01 16:00:00,push,False,,False,
5491,16,69,40557912,new_users,2026-03-01 10:00:00,push,False,,False,
5492,16,875,40557912,new_users,2026-03-02 11:00:00,push,False,,False,
5493,16,436,40557912,new_users,2026-03-01 09:00:00,email,False,,False,
5494,16,683,40557912,new_users,2026-03-01 10:00:00,email,False,,False,
5495,16,91,40557912,new_users,2026-03-03 11:00:00,push,True,2026-03-03 11:55:00,False,
5496,16,538,40557912,new_users,2026-03-01 12:00:00,email,False,,False,
5497,16,95,40557912,new_users,2026-03-01 12:00:00,push,True,2026-03-01 12:37:00,False,
5498,16,726,40557912,new_users,2026-03-03 14:00:00,push,False,,False,
5499,16,652,40557912,new_users,2026-03-04 09:00:00,push,False,,False,
5500,16,126,40557912,new_users,2026-03-03 17:00:00,push,False,,False,
5501,16,188,40557912,new_users,2026-03-03 12:00:00,push,False,,False,
5502,16,459,40557912,new_users,2026-03-02 17:00:00,push,False,,False,
5503,16,160,40557912,new_users,2026-03-02 12:00:00,email,False,,False,
5504,16,164,40557912,new_users,2026-03-01 17:00:00,push,True,2026-03-01 17:02:00,False,
5505,16,713,40557912,new_users,2026-03-02 13:00:00,push,False,,False,
5506,16,791,40557912,new_users,2026-03-04 15:00:00,in_app,False,,False,
5507,16,367,40557912,new_users,2026-03-02 17:00:00,push,False,,False,
5508,16,383,40557912,new_users,2026-03-03 16:00:00,push,False,,False,
5509,16,851,40557912,new_users,2026-03-04 15:00:00,push,False,,False,
5510,16,311,40557912,new_users,2026-03-04 18:00:00,in_app,True,2026-03-04 18:08:00,False,
5511,16,372,40557912,new_users,2026-03-03 17:00:00,push,False,,False,
5512,16,816,40557912,new_users,2026-03-03 15:00:00,push,False,,False,
5513,16,907,40557912,new_users,2026-03-03 19:00:00,in_app,False,,False,
5514,16,501,40557912,new_users,2026-03-02 09:00:00,push,False,,False,
5515,16,922,40557912,new_users,2026-03-01 16:00:00,push,False,,False,
5516,16,215,40557912,new_users,2026-03-03 13:00:00,email,True,2026-03-03 14:05:00,False,
5517,16,844,40557912,new_users,2026-03-01 12:00:00,push,False,,False,
5518,16,417,40557912,new_users,2026-03-01 15:00:00,push,True,2026-03-01 15:30:00,False,
5519,16,771,40557912,new_users,2026-03-01 18:00:00,push,False,,False,
5520,16,822,40557912,new_users,2026-03-03 15:00:00,push,False,,False,
5521,16,46,40557912,new_users,2026-03-02 13:00:00,push,False,,False,
5522,16,284,40557912,new_users,2026-03-03 12:00:00,push,True,2026-03-03 12:18:00,False,
5523,16,1,40557912,new_users,2026-03-03 19:00:00,push,False,,False,
5524,16,235,40557912,new_users,2026-03-03 15:00:00,push,False,,False,
5525,16,144,40557912,new_users,2026-03-04 09:00:00,email,True,2026-03-04 10:08:00,False,
5526,16,360,40557912,new_users,2026-03-02 16:00:00,push,False,,False,
5527,16,778,40557912,new_users,2026-03-04 19:00:00,in_app,False,,False,
5528,16,862,40557912,new_users,2026-03-01 17:00:00,push,False,,False,
5529,16,352,40557912,new_users,2026-03-01 16:00:00,in_app,True,2026-03-01 17:00:00,False,
5530,16,406,40557912,new_users,2026-03-04 12:00:00,push,False,,False,
5531,16,516,40557912,new_users,2026-03-04 20:00:00,push,False,,False,
5532,16,343,40557912,new_users,2026-03-01 11:00:00,email,False,,False,
5533,16,739,40557912,new_users,2026-03-01 11:00:00,push,False,,False,
5534,16,78,40557912,new_users,2026-03-04 09:00:00,in_app,False,,False,
5535,16,609,40557912,new_users,2026-03-01 10:00:00,push,True,2026-03-01 11:16:00,False,
5536,16,105,40557912,new_users,2026-03-02 20:00:00,push,True,2026-03-02 22:20:00,False,
5537,16,619,40557912,new_users,2026-03-03 17:00:00,push,False,,False,
5538,16,661,40557912,new_users,2026-03-04 09:00:00,push,False,,False,
5539,16,768,40557912,new_users,2026-03-03 19:00:00,push,False,,False,
5540,16,939,40557912,new_users,2026-03-01 14:00:00,in_app,False,,False,
5541,16,676,40557912,new_users,2026-03-03 15:00:00,email,True,2026-03-03 16:44:00,False,
5542,16,169,40557912,new_users,2026-03-03 13:00:00,push,True,2026-03-03 13:03:00,False,
5543,16,700,40557912,new_users,2026-03-04 15:00:00,email,True,2026-03-04 15:15:00,False,
5544,16,741,40557912,new_users,2026-03-04 14:00:00,in_app,True,2026-03-04 16:31:00,False,
5545,16,933,40557912,new_users,2026-03-04 15:00:00,in_app,True,2026-03-04 16:20:00,False,
5546,16,485,40557912,new_users,2026-03-04 17:00:00,in_app,True,2026-03-04 17:31:00,False,
5547,16,916,40557912,new_users,2026-03-04 15:00:00,push,False,,False,
5548,16,103,40557912,new_users,2026-03-03 15:00:00,push,False,,False,
5549,16,722,40557912,new_users,2026-03-03 18:00:00,push,True,2026-03-03 19:56:00,False,
5550,16,765,40557912,new_users,2026-03-03 14:00:00,in_app,False,,False,
5551,16,429,40557912,new_users,2026-03-04 12:00:00,email,False,,False,
5552,16,504,40557912,new_users,2026-03-03 16:00:00,push,False,,False,
5553,16,37,40557912,new_users,2026-03-02 16:00:00,in_app,False,,False,
5554,16,499,40557912,new_users,2026-03-04 15:00:00,push,True,2026-03-04 15:16:00,False,
5555,16,44,40557912,new_users,2026-03-01 18:00:00,push,False,,False,
5556,16,892,40557912,new_users,2026-03-01 10:00:00,email,False,,False,
5557,16,195,40557912,new_users,2026-03-01 11:00:00,in_app,False,,False,
5558,16,41,40557912,new_users,2026-03-02 13:00:00,push,True,2026-03-02 15:13:00,False,
5559,16,555,40557912,new_users,2026-03-03 16:00:00,push,False,,False,
5560,16,788,40557912,new_users,2026-03-03 19:00:00,push,True,2026-03-03 19:50:00,False,
5561,16,542,40557912,new_users,2026-03-02 12:00:00,push,False,,False,
5562,16,681,40557912,new_users,2026-03-01 17:00:00,email,False,,False,
5563,16,153,40557912,new_users,2026-03-04 14:00:00,in_app,False,,False,
5564,16,255,40557912,new_users,2026-03-01 20:00:00,push,False,,False,
5565,16,190,40557912,new_users,2026-03-02 13:00:00,in_app,True,2026-03-02 15:44:00,False,
5566,16,76,40557912,new_users,2026-03-02 13:00:00,push,True,2026-03-02 15:17:00,False,
5567,16,162,40557912,new_users,2026-03-04 19:00:00,push,False,,False,
5568,16,985,40557912,new_users,2026-03-03 17:00:00,email,False,,False,
5569,16,495,40557912,new_users,2026-03-01 15:00:00,email,False,,False,
5570,16,810,40557912,new_users,2026-03-03 15:00:00,email,False,,False,
5571,16,157,40557912,new_users,2026-03-01 11:00:00,in_app,False,,False,
5572,16,963,40557912,new_users,2026-03-02 14:00:00,push,False,,False,
5573,16,489,40557912,new_users,2026-03-02 15:00:00,push,False,,False,
5574,16,226,40557912,new_users,2026-03-01 16:00:00,push,False,,False,
5575,16,581,40557912,new_users,2026-03-03 11:00:00,email,False,,False,
5576,16,357,40557912,new_users,2026-03-03 15:00:00,push,True,2026-03-03 15:52:00,False,
5577,16,663,40557912,new_users,2026-03-01 19:00:00,push,True,2026-03-01 19:28:00,False,
5578,16,675,40557912,new_users,2026-03-03 12:00:00,email,False,,False,
5579,16,42,40557912,new_users,2026-03-02 13:00:00,push,False,,False,
5580,16,845,40557912,new_users,2026-03-03 11:00:00,push,False,,False,
5581,16,296,40557912,new_users,2026-03-02 13:00:00,email,True,2026-03-02 15:54:00,False,
5582,16,171,40557912,new_users,2026-03-02 10:00:00,push,False,,False,
5583,16,906,40557912,new_users,2026-03-03 13:00:00,in_app,False,,False,
5584,16,836,40557912,new_users,2026-03-03 12:00:00,push,False,,False,
5585,16,183,40557912,new_users,2026-03-03 17:00:00,push,True,2026-03-03 18:21:00,False,
5586,16,72,40557912,new_users,2026-03-01 10:00:00,push,False,,False,
5587,16,517,40557912,new_users,2026-03-04 17:00:00,push,False,,False,
5588,16,223,40557912,new_users,2026-03-02 11:00:00,email,False,,False,
5589,16,316,40557912,new_users,2026-03-01 16:00:00,push,False,,False,
5590,16,258,40557912,new_users,2026-03-04 19:00:00,push,True,2026-03-04 21:38:00,False,
5591,16,460,40557912,new_users,2026-03-04 09:00:00,in_app,False,,False,
5592,16,507,40557912,new_users,2026-03-03 11:00:00,push,False,,False,
5593,16,61,40557912,new_users,2026-03-02 12:00:00,push,False,,False,
5594,16,754,40557912,new_users,2026-03-02 11:00:00,push,False,,False,
5595,16,893,40557912,new_users,2026-03-02 14:00:00,email,False,,False,
5596,16,584,40557912,new_users,2026-03-01 19:00:00,in_app,True,2026-03-01 21:22:00,False,
5597,16,817,40557912,new_users,2026-03-02 16:00:00,push,False,,False,
5598,16,813,40557912,new_users,2026-03-02 18:00:00,push,False,,False,
5599,16,915,40557912,new_users,2026-03-03 15:00:00,push,False,,False,
5600,16,152,40557912,new_users,2026-03-01 14:00:00,push,False,,False,
5601,16,56,40557912,new_users,2026-03-03 17:00:00,in_app,False,,False,
5602,16,717,40557912,new_users,2026-03-03 15:00:00,push,False,,False,
5603,16,268,40557912,new_users,2026-03-04 18:00:00,push,False,,False,
5604,16,139,40557912,new_users,2026-03-03 20:00:00,in_app,True,2026-03-03 20:09:00,False,
5605,16,366,40557912,new_users,2026-03-03 12:00:00,email,True,2026-03-03 13:58:00,False,
5606,16,850,40557912,new_users,2026-03-03 19:00:00,push,False,,False,
5607,16,440,40557912,new_users,2026-03-01 14:00:00,email,False,,False,
5608,16,582,40557912,new_users,2026-03-03 09:00:00,push,False,,False,
5609,16,175,40557912,new_users,2026-03-03 17:00:00,in_app,False,,False,
5610,16,49,40557912,new_users,2026-03-04 14:00:00,email,False,,False,
5611,16,180,40557912,new_users,2026-03-04 11:00:00,email,False,,False,
5612,16,811,40557912,new_users,2026-03-01 11:00:00,push,True,2026-03-01 13:47:00,False,
5613,16,577,40557912,new_users,2026-03-04 11:00:00,push,False,,False,
5614,16,574,40557912,new_users,2026-03-04 12:00:00,push,False,,False,
5615,16,751,40557912,new_users,2026-03-04 18:00:00,push,True,2026-03-04 19:46:00,False,
5616,16,589,40557912,new_users,2026-03-01 19:00:00,push,True,2026-03-01 21:12:00,False,
5617,16,695,40557912,new_users,2026-03-03 18:00:00,email,False,,False,
5618,16,112,40557912,new_users,2026-03-03 19:00:00,in_app,False,,False,
5619,16,244,40557912,new_users,2026-03-04 17:00:00,push,False,,False,
5620,16,513,40557912,new_users,2026-03-02 14:00:00,push,False,,False,
5621,16,709,40557912,new_users,2026-03-02 18:00:00,push,True,2026-03-02 19:17:00,False,
5622,16,486,40557912,new_users,2026-03-01 14:00:00,in_app,False,,False,
5623,16,62,40557912,new_users,2026-03-01 12:00:00,push,False,,False,
5624,16,932,40557912,new_users,2026-03-04 10:00:00,push,True,2026-03-04 11:20:00,False,
5625,16,736,40557912,new_users,2026-03-01 18:00:00,push,True,2026-03-01 18:30:00,False,
5626,16,178,40557912,new_users,2026-03-03 12:00:00,email,False,,False,
5627,16,725,40557912,new_users,2026-03-04 12:00:00,push,False,,False,
5628,16,639,40557912,new_users,2026-03-02 17:00:00,push,False,,False,
5629,16,823,40557912,new_users,2026-03-02 09:00:00,push,True,2026-03-02 10:44:00,False,
5630,16,614,40557912,new_users,2026-03-01 16:00:00,push,False,,False,
5631,16,306,40557912,new_users,2026-03-01 09:00:00,push,True,2026-03-01 11:40:00,False,
5632,16,27,40557912,new_users,2026-03-03 14:00:00,push,True,2026-03-03 15:57:00,False,
5633,16,908,40557912,new_users,2026-03-02 11:00:00,in_app,False,,False,
5634,16,462,40557912,new_users,2026-03-03 12:00:00,push,False,,False,
5635,16,757,40557912,new_users,2026-03-01 13:00:00,push,False,,False,
5636,16,572,40557912,new_users,2026-03-03 20:00:00,email,False,,False,
5637,16,701,40557912,new_users,2026-03-02 20:00:00,email,False,,False,
5638,16,52,40557912,new_users,2026-03-04 10:00:00,email,True,2026-03-04 10:58:00,False,
5639,16,656,40557912,new_users,2026-03-02 10:00:00,push,True,2026-03-02 12:58:00,False,
5640,16,728,40557912,new_users,2026-03-01 11:00:00,email,False,,False,
5641,16,77,40557912,new_users,2026-03-03 12:00:00,push,True,2026-03-03 14:45:00,False,
5642,16,674,40557912,new_users,2026-03-03 17:00:00,push,False,,False,
5643,16,47,40557912,new_users,2026-03-03 11:00:00,email,False,,False,
5644,16,338,40557912,new_users,2026-03-03 09:00:00,push,False,,False,
5645,16,382,40557912,new_users,2026-03-04 15:00:00,push,False,,False,
5646,16,208,40557912,new_users,2026-03-02 20:00:00,email,True,2026-03-02 22:50:00,False,
5647,16,588,40557912,new_users,2026-03-01 18:00:00,push,False,,False,
5648,16,109,40557912,new_users,2026-03-03 15:00:00,push,False,,False,
5649,16,16,40557912,new_users,2026-03-01 19:00:00,push,False,,False,
5650,16,593,40557912,new_users,2026-03-04 11:00:00,email,False,,False,
5651,16,213,40557912,new_users,2026-03-04 14:00:00,push,True,2026-03-04 14:05:00,False,
5652,16,496,40557912,new_users,2026-03-04 14:00:00,push,False,,False,
5653,16,419,40557912,new_users,2026-03-03 12:00:00,in_app,True,2026-03-03 14:21:00,False,
5654,16,28,40557912,new_users,2026-03-02 13:00:00,push,False,,False,
5655,16,678,40557912,new_users,2026-03-01 09:00:00,push,False,,False,
5656,16,443,40557912,new_users,2026-03-02 15:00:00,in_app,False,,False,
5657,16,721,40557912,new_users,2026-03-02 18:00:00,email,False,,False,
5658,16,225,40557912,new_users,2026-03-04 14:00:00,in_app,True,2026-03-04 15:35:00,False,
5659,16,945,40557912,new_users,2026-03-01 15:00:00,push,False,,False,
5660,16,482,40557912,new_users,2026-03-01 19:00:00,in_app,False,,False,
5661,16,622,40557912,new_users,2026-03-01 16:00:00,email,True,2026-03-01 18:28:00,False,
5662,16,602,40557912,new_users,2026-03-02 13:00:00,push,True,2026-03-02 15:45:00,False,
5663,16,288,40557912,new_users,2026-03-03 13:00:00,in_app,False,,False,
5664,16,556,40557912,new_users,2026-03-04 12:00:00,in_app,False,,False,
5665,16,123,40557912,new_users,2026-03-02 09:00:00,push,False,,False,
5666,16,763,40557912,new_users,2026-03-04 19:00:00,in_app,False,,False,
5667,16,929,40557912,new_users,2026-03-02 10:00:00,email,False,,False,
5668,16,449,40557912,new_users,2026-03-03 19:00:00,push,False,,False,
5669,16,426,40557912,new_users,2026-03-02 16:00:00,email,False,,False,
5670,16,1000,40557912,new_users,2026-03-03 19:00:00,push,False,,False,
5671,16,993,40557912,new_users,2026-03-03 15:00:00,push,False,,False,
5672,16,871,40557912,new_users,2026-03-04 20:00:00,email,True,2026-03-04 21:23:00,False,
5673,16,571,40557912,new_users,2026-03-03 19:00:00,push,False,,False,
5674,16,414,40557912,new_users,2026-03-02 20:00:00,email,True,2026-03-02 22:59:00,False,
5675,16,894,40557912,new_users,2026-03-01 20:00:00,in_app,False,,False,
5676,16,256,40557912,new_users,2026-03-03 09:00:00,email,True,2026-03-03 11:21:00,False,
5677,16,329,40557912,new_users,2026-03-01 17:00:00,email,False,,False,
5678,16,860,40557912,new_users,2026-03-03 15:00:00,email,False,,False,
5679,16,975,40557912,new_users,2026-03-04 18:00:00,push,True,2026-03-04 18:25:00,False,
5680,16,388,40557912,new_users,2026-03-01 17:00:00,email,False,,False,
5681,16,3,40557912,new_users,2026-03-04 09:00:00,push,True,2026-03-04 10:14:00,False,
5682,16,783,40557912,new_users,2026-03-01 19:00:00,push,True,2026-03-01 19:26:00,False,
5683,16,759,40557912,new_users,2026-03-02 18:00:00,email,False,,False,
5684,16,917,40557912,new_users,2026-03-04 12:00:00,email,False,,False,
5685,16,121,40557912,new_users,2026-03-04 14:00:00,email,True,2026-03-04 16:27:00,False,
5686,16,649,40557912,new_users,2026-03-01 17:00:00,email,False,,False,
5687,16,889,40557912,new_users,2026-03-02 09:00:00,push,False,,False,
5688,16,107,40557912,new_users,2026-03-04 19:00:00,email,True,2026-03-04 19:04:00,False,
5689,16,124,40557912,new_users,2026-03-04 15:00:00,push,False,,False,
5690,16,198,40557912,new_users,2026-03-01 09:00:00,push,False,,False,
5691,16,94,40557912,new_users,2026-03-04 16:00:00,push,False,,False,
5692,16,356,40557912,new_users,2026-03-02 09:00:00,push,False,,False,
5693,16,812,40557912,new_users,2026-03-02 10:00:00,push,False,,False,
5694,16,272,40557912,new_users,2026-03-03 13:00:00,email,False,,False,
5695,16,200,40557912,new_users,2026-03-02 15:00:00,push,False,,False,
5696,16,39,40557912,new_users,2026-03-01 18:00:00,push,False,,False,
5697,16,203,40557912,new_users,2026-03-04 10:00:00,in_app,False,,False,
5698,16,238,40557912,new_users,2026-03-01 11:00:00,email,False,,False,
5699,16,464,40557912,new_users,2026-03-02 10:00:00,email,False,,False,
5700,16,534,40557912,new_users,2026-03-04 20:00:00,push,True,2026-03-04 20:30:00,False,
5701,16,141,40557912,new_users,2026-03-01 16:00:00,email,True,2026-03-01 16:26:00,False,
5702,16,498,40557912,new_users,2026-03-03 18:00:00,push,True,2026-03-03 18:18:00,False,
5703,16,239,40557912,new_users,2026-03-02 11:00:00,email,False,,False,
5704,16,712,40557912,new_users,2026-03-02 11:00:00,push,False,,False,
5705,16,672,40557912,new_users,2026-03-02 15:00:00,push,False,,False,
5706,16,607,40557912,new_users,2026-03-02 09:00:00,push,False,,False,
5707,16,331,40557912,new_users,2026-03-01 15:00:00,push,False,,False,
5708,16,341,40557912,new_users,2026-03-04 17:00:00,push,True,2026-03-04 17:11:00,False,
5709,16,660,40557912,new_users,2026-03-03 20:00:00,push,False,,False,
5710,16,561,40557912,new_users,2026-03-01 20:00:00,push,True,2026-03-01 22:50:00,False,
5711,16,447,40557912,new_users,2026-03-02 19:00:00,in_app,False,,False,
5712,16,797,40557912,new_users,2026-03-04 20:00:00,push,False,,False,
5713,16,319,40557912,new_users,2026-03-02 19:00:00,in_app,False,,False,
5714,16,377,40557912,new_users,2026-03-02 18:00:00,push,False,,False,
5715,16,530,40557912,new_users,2026-03-02 17:00:00,in_app,False,,False,
5716,16,794,40557912,new_users,2026-03-03 11:00:00,in_app,False,,False,
5717,16,493,40557912,new_users,2026-03-03 10:00:00,email,False,,False,
5718,16,297,40557912,new_users,2026-03-01 19:00:00,email,True,2026-03-01 19:39:00,False,
5719,16,991,40557912,new_users,2026-03-01 18:00:00,push,False,,False,
5720,16,283,40557912,new_users,2026-03-02 14:00:00,email,True,2026-03-02 14:41:00,False,
5721,16,643,40557912,new_users,2026-03-03 10:00:00,in_app,True,2026-03-03 11:14:00,False,
5722,16,161,40557912,new_users,2026-03-04 17:00:00,email,True,2026-03-04 17:55:00,False,
5723,16,927,40557912,new_users,2026-03-03 13:00:00,email,False,,False,
5724,16,826,40557912,new_users,2026-03-02 11:00:00,in_app,True,2026-03-02 12:18:00,False,
5725,16,547,40557912,new_users,2026-03-04 18:00:00,push,True,2026-03-04 18:25:00,False,
5726,16,15,40557912,new_users,2026-03-02 16:00:00,in_app,False,,False,
5727,16,395,40557912,new_users,2026-03-04 20:00:00,email,False,,False,
5728,17,660,41177892,dormant_users,2026-04-11 14:00:00,push,False,,False,
5729,17,273,41177892,dormant_users,2026-04-14 14:00:00,push,False,,False,
5730,17,665,41177892,dormant_users,2026-04-11 11:00:00,push,False,,False,
5731,17,908,41177892,dormant_users,2026-04-15 16:00:00,in_app,True,2026-04-15 18:10:00,False,
5732,17,491,41177892,dormant_users,2026-04-14 12:00:00,push,False,,False,
5733,17,156,41177892,dormant_users,2026-04-16 20:00:00,email,False,,False,
5734,17,702,41177892,dormant_users,2026-04-13 18:00:00,email,False,,False,
5735,17,406,41177892,dormant_users,2026-04-17 18:00:00,push,False,,False,
5736,17,333,41177892,dormant_users,2026-04-12 10:00:00,push,True,2026-04-12 12:03:00,False,
5737,17,671,41177892,dormant_users,2026-04-15 17:00:00,push,False,,False,
5738,17,717,41177892,dormant_users,2026-04-17 09:00:00,push,False,,False,
5739,17,627,41177892,dormant_users,2026-04-11 15:00:00,email,False,,False,
5740,17,410,41177892,dormant_users,2026-04-15 16:00:00,push,False,,False,
5741,17,31,41177892,dormant_users,2026-04-16 12:00:00,in_app,False,,False,
5742,17,368,41177892,dormant_users,2026-04-17 17:00:00,in_app,False,,False,
5743,17,237,41177892,dormant_users,2026-04-12 17:00:00,push,False,,False,
5744,17,479,41177892,dormant_users,2026-04-13 11:00:00,push,False,,False,
5745,17,724,41177892,dormant_users,2026-04-15 16:00:00,in_app,True,2026-04-15 18:45:00,False,
5746,17,361,41177892,dormant_users,2026-04-16 11:00:00,push,False,,False,
5747,17,516,41177892,dormant_users,2026-04-11 20:00:00,in_app,False,,False,
5748,17,601,41177892,dormant_users,2026-04-12 12:00:00,push,False,,False,
5749,17,374,41177892,dormant_users,2026-04-13 17:00:00,email,False,,False,
5750,17,149,41177892,dormant_users,2026-04-12 16:00:00,email,False,,False,
5751,17,344,41177892,dormant_users,2026-04-16 14:00:00,push,False,,False,
5752,17,373,41177892,dormant_users,2026-04-12 15:00:00,email,False,,False,
5753,17,241,41177892,dormant_users,2026-04-17 14:00:00,in_app,False,,False,
5754,17,180,41177892,dormant_users,2026-04-14 09:00:00,email,False,,False,
5755,17,806,41177892,dormant_users,2026-04-17 17:00:00,push,False,,False,
5756,17,701,41177892,dormant_users,2026-04-15 14:00:00,push,False,,False,
5757,17,953,41177892,dormant_users,2026-04-18 16:00:00,push,False,,False,
5758,17,17,41177892,dormant_users,2026-04-17 18:00:00,push,False,,False,
5759,17,135,41177892,dormant_users,2026-04-17 20:00:00,push,False,,False,
5760,17,550,41177892,dormant_users,2026-04-14 13:00:00,push,False,,False,
5761,17,960,41177892,dormant_users,2026-04-12 19:00:00,push,False,,False,
5762,17,963,41177892,dormant_users,2026-04-11 15:00:00,push,False,,False,
5763,17,522,41177892,dormant_users,2026-04-17 10:00:00,in_app,False,,False,
5764,17,190,41177892,dormant_users,2026-04-11 15:00:00,in_app,False,,False,
5765,17,232,41177892,dormant_users,2026-04-12 11:00:00,push,True,2026-04-12 12:03:00,False,
5766,17,74,41177892,dormant_users,2026-04-17 17:00:00,push,False,,False,
5767,17,387,41177892,dormant_users,2026-04-15 19:00:00,in_app,False,,False,
5768,17,626,41177892,dormant_users,2026-04-18 18:00:00,push,False,,False,
5769,17,680,41177892,dormant_users,2026-04-16 11:00:00,in_app,False,,False,
5770,17,312,41177892,dormant_users,2026-04-16 16:00:00,in_app,False,,False,
5771,17,687,41177892,dormant_users,2026-04-15 18:00:00,email,False,,False,
5772,17,454,41177892,dormant_users,2026-04-16 19:00:00,push,False,,False,
5773,17,370,41177892,dormant_users,2026-04-15 11:00:00,push,False,,False,
5774,17,440,41177892,dormant_users,2026-04-18 09:00:00,in_app,False,,False,
5775,17,661,41177892,dormant_users,2026-04-13 12:00:00,push,False,,False,
5776,17,663,41177892,dormant_users,2026-04-12 20:00:00,push,False,,False,
5777,17,120,41177892,dormant_users,2026-04-12 14:00:00,push,False,,False,
5778,17,939,41177892,dormant_users,2026-04-17 16:00:00,push,False,,False,
5779,17,350,41177892,dormant_users,2026-04-14 10:00:00,in_app,False,,False,
5780,17,386,41177892,dormant_users,2026-04-12 16:00:00,push,False,,False,
5781,17,173,41177892,dormant_users,2026-04-12 15:00:00,in_app,True,2026-04-12 17:09:00,False,
5782,17,556,41177892,dormant_users,2026-04-16 18:00:00,email,False,,False,
5783,17,542,41177892,dormant_users,2026-04-12 17:00:00,push,False,,False,
5784,17,14,41177892,dormant_users,2026-04-11 18:00:00,in_app,False,,False,
5785,17,608,41177892,dormant_users,2026-04-16 20:00:00,push,False,,False,
5786,17,896,41177892,dormant_users,2026-04-13 10:00:00,push,False,,False,
5787,17,177,41177892,dormant_users,2026-04-14 15:00:00,push,False,,False,
5788,17,808,41177892,dormant_users,2026-04-12 09:00:00,in_app,False,,False,
5789,17,76,41177892,dormant_users,2026-04-16 17:00:00,push,False,,False,
5790,17,658,41177892,dormant_users,2026-04-16 15:00:00,email,False,,False,
5791,18,197,50107938,new_users,2026-04-06 18:00:00,in_app,False,,False,
5792,18,603,50107938,new_users,2026-04-10 12:00:00,email,False,,False,
5793,18,317,50107938,new_users,2026-04-13 19:00:00,push,False,,False,
5794,18,340,50107938,new_users,2026-04-13 16:00:00,push,True,2026-04-13 17:37:00,False,
5795,18,857,50107938,new_users,2026-04-11 10:00:00,push,False,,False,
5796,18,859,50107938,new_users,2026-04-06 15:00:00,push,False,,False,
5797,18,136,50107938,new_users,2026-04-11 10:00:00,push,False,,False,
5798,18,42,50107938,new_users,2026-04-13 10:00:00,email,False,,False,
5799,18,228,50107938,new_users,2026-04-11 15:00:00,push,False,,False,
5800,18,415,50107938,new_users,2026-04-06 12:00:00,push,True,2026-04-06 12:15:00,False,
5801,18,9,50107938,new_users,2026-04-09 10:00:00,in_app,False,,False,
5802,18,569,50107938,new_users,2026-04-09 11:00:00,push,True,2026-04-09 12:00:00,False,
5803,18,249,50107938,new_users,2026-04-16 16:00:00,push,False,,False,
5804,18,678,50107938,new_users,2026-04-15 18:00:00,push,False,,False,
5805,18,19,50107938,new_users,2026-04-15 10:00:00,push,False,,False,
5806,18,463,50107938,new_users,2026-04-12 12:00:00,push,False,,False,
5807,18,435,50107938,new_users,2026-04-15 19:00:00,in_app,True,2026-04-15 21:40:00,False,
5808,18,744,50107938,new_users,2026-04-06 11:00:00,email,False,,False,
5809,18,492,50107938,new_users,2026-04-15 16:00:00,email,False,,False,
5810,18,418,50107938,new_users,2026-04-06 18:00:00,email,False,,False,
5811,18,165,50107938,new_users,2026-04-11 13:00:00,push,False,,False,
5812,18,810,50107938,new_users,2026-04-12 18:00:00,email,True,2026-04-12 19:09:00,False,
5813,18,734,50107938,new_users,2026-04-14 12:00:00,push,False,,False,
5814,18,488,50107938,new_users,2026-04-09 16:00:00,push,True,2026-04-09 18:20:00,False,
5815,18,384,50107938,new_users,2026-04-16 13:00:00,in_app,False,,False,
5816,18,872,50107938,new_users,2026-04-15 19:00:00,email,True,2026-04-15 20:08:00,False,
5817,18,422,50107938,new_users,2026-04-16 11:00:00,push,False,,False,
5818,18,893,50107938,new_users,2026-04-16 18:00:00,email,False,,False,
5819,18,767,50107938,new_users,2026-04-16 19:00:00,push,False,,False,
5820,18,490,50107938,new_users,2026-04-07 18:00:00,push,False,,False,
5821,18,449,50107938,new_users,2026-04-09 20:00:00,in_app,False,,False,
5822,18,448,50107938,new_users,2026-04-13 20:00:00,email,False,,False,
5823,18,800,50107938,new_users,2026-04-08 10:00:00,push,False,,False,
5824,18,439,50107938,new_users,2026-04-13 12:00:00,push,True,2026-04-13 12:12:00,False,
5825,18,128,50107938,new_users,2026-04-06 20:00:00,email,False,,False,
5826,18,637,50107938,new_users,2026-04-07 12:00:00,push,True,2026-04-07 13:52:00,False,
5827,18,285,50107938,new_users,2026-04-15 18:00:00,push,True,2026-04-15 20:43:00,False,
5828,18,339,50107938,new_users,2026-04-09 15:00:00,email,True,2026-04-09 17:32:00,False,
5829,18,50,50107938,new_users,2026-04-09 14:00:00,push,False,,False,
5830,18,299,50107938,new_users,2026-04-14 10:00:00,push,False,,False,
5831,18,512,50107938,new_users,2026-04-14 15:00:00,email,False,,False,
5832,18,644,50107938,new_users,2026-04-06 20:00:00,push,False,,False,
5833,18,835,50107938,new_users,2026-04-16 17:00:00,push,False,,False,
5834,18,749,50107938,new_users,2026-04-13 09:00:00,push,False,,False,
5835,18,742,50107938,new_users,2026-04-15 09:00:00,push,True,2026-04-15 10:07:00,False,
5836,18,189,50107938,new_users,2026-04-09 09:00:00,push,False,,False,
5837,18,15,50107938,new_users,2026-04-11 10:00:00,in_app,True,2026-04-11 11:47:00,False,
5838,18,921,50107938,new_users,2026-04-09 13:00:00,push,True,2026-04-09 14:18:00,False,
5839,18,735,50107938,new_users,2026-04-06 19:00:00,push,True,2026-04-06 20:51:00,False,
5840,18,870,50107938,new_users,2026-04-09 10:00:00,in_app,False,,False,
5841,18,727,50107938,new_users,2026-04-11 18:00:00,push,True,2026-04-11 19:10:00,False,
5842,18,704,50107938,new_users,2026-04-15 15:00:00,email,False,,False,
5843,18,191,50107938,new_users,2026-04-06 14:00:00,in_app,False,,False,
5844,18,891,50107938,new_users,2026-04-14 10:00:00,push,False,,False,
5845,18,283,50107938,new_users,2026-04-06 16:00:00,email,True,2026-04-06 16:24:00,False,
5846,18,878,50107938,new_users,2026-04-08 19:00:00,email,False,,False,
5847,18,854,50107938,new_users,2026-04-12 20:00:00,email,True,2026-04-12 20:42:00,False,
5848,18,935,50107938,new_users,2026-04-10 09:00:00,push,False,,False,
5849,18,536,50107938,new_users,2026-04-16 15:00:00,in_app,True,2026-04-16 15:49:00,False,
5850,18,95,50107938,new_users,2026-04-10 19:00:00,email,False,,False,
5851,18,884,50107938,new_users,2026-04-08 14:00:00,email,False,,False,
5852,18,885,50107938,new_users,2026-04-16 10:00:00,push,True,2026-04-16 10:15:00,False,
5853,18,52,50107938,new_users,2026-04-07 18:00:00,push,True,2026-04-07 19:05:00,False,
5854,18,877,50107938,new_users,2026-04-07 18:00:00,in_app,False,,False,
5855,18,217,50107938,new_users,2026-04-15 12:00:00,push,False,,False,
5856,18,305,50107938,new_users,2026-04-09 09:00:00,push,False,,False,
5857,18,640,50107938,new_users,2026-04-12 17:00:00,push,False,,False,
5858,18,101,50107938,new_users,2026-04-16 14:00:00,push,False,,False,
5859,18,843,50107938,new_users,2026-04-10 12:00:00,email,False,,False,
5860,18,493,50107938,new_users,2026-04-13 17:00:00,email,False,,False,
5861,18,113,50107938,new_users,2026-04-11 12:00:00,email,False,,False,
5862,18,840,50107938,new_users,2026-04-11 17:00:00,email,False,,False,
5863,18,783,50107938,new_users,2026-04-09 16:00:00,push,False,,False,
5864,18,650,50107938,new_users,2026-04-06 13:00:00,email,False,,False,
5865,18,571,50107938,new_users,2026-04-11 18:00:00,push,False,,False,
5866,18,529,50107938,new_users,2026-04-13 16:00:00,push,True,2026-04-13 17:53:00,False,
5867,18,584,50107938,new_users,2026-04-15 17:00:00,in_app,True,2026-04-15 17:53:00,False,
5868,18,792,50107938,new_users,2026-04-09 11:00:00,push,False,,False,
5869,18,503,50107938,new_users,2026-04-06 12:00:00,push,True,2026-04-06 13:30:00,False,
5870,18,8,50107938,new_users,2026-04-13 13:00:00,email,False,,False,
5871,18,99,50107938,new_users,2026-04-08 10:00:00,push,False,,False,
5872,18,162,50107938,new_users,2026-04-12 10:00:00,push,False,,False,
5873,18,363,50107938,new_users,2026-04-11 20:00:00,email,False,,False,
5874,18,354,50107938,new_users,2026-04-15 17:00:00,push,False,,False,
5875,18,534,50107938,new_users,2026-04-12 12:00:00,in_app,True,2026-04-12 13:32:00,False,
5876,18,277,50107938,new_users,2026-04-12 09:00:00,push,True,2026-04-12 11:46:00,False,
5877,18,90,50107938,new_users,2026-04-14 19:00:00,email,False,,False,
5878,18,585,50107938,new_users,2026-04-11 12:00:00,push,False,,False,
5879,18,310,50107938,new_users,2026-04-08 18:00:00,push,True,2026-04-08 19:30:00,False,
5880,18,211,50107938,new_users,2026-04-12 13:00:00,push,False,,False,
5881,18,295,50107938,new_users,2026-04-11 17:00:00,in_app,False,,False,
5882,18,989,50107938,new_users,2026-04-07 14:00:00,email,False,,False,
5883,18,65,50107938,new_users,2026-04-09 14:00:00,push,False,,False,
5884,18,411,50107938,new_users,2026-04-06 15:00:00,push,True,2026-04-06 17:58:00,False,
5885,18,975,50107938,new_users,2026-04-10 14:00:00,email,False,,False,
5886,18,224,50107938,new_users,2026-04-12 16:00:00,push,False,,False,
5887,18,713,50107938,new_users,2026-04-10 18:00:00,push,False,,False,
5888,18,51,50107938,new_users,2026-04-15 17:00:00,push,True,2026-04-15 17:19:00,False,
5889,18,294,50107938,new_users,2026-04-16 10:00:00,in_app,False,,False,
5890,18,699,50107938,new_users,2026-04-10 11:00:00,push,False,,False,
5891,18,547,50107938,new_users,2026-04-11 15:00:00,push,False,,False,
5892,18,681,50107938,new_users,2026-04-07 20:00:00,email,False,,False,
5893,18,993,50107938,new_users,2026-04-14 09:00:00,email,False,,False,
5894,18,388,50107938,new_users,2026-04-08 19:00:00,push,False,,False,
5895,18,652,50107938,new_users,2026-04-07 12:00:00,push,False,,False,
5896,18,869,50107938,new_users,2026-04-06 11:00:00,push,False,,False,
5897,18,453,50107938,new_users,2026-04-15 13:00:00,in_app,False,,False,
5898,18,22,50107938,new_users,2026-04-14 09:00:00,in_app,False,,False,
5899,18,936,50107938,new_users,2026-04-07 09:00:00,push,False,,False,
5900,18,40,50107938,new_users,2026-04-09 10:00:00,in_app,False,,False,
5901,18,576,50107938,new_users,2026-04-12 18:00:00,email,False,,False,
5902,18,655,50107938,new_users,2026-04-10 10:00:00,in_app,True,2026-04-10 10:03:00,False,
5903,18,473,50107938,new_users,2026-04-14 12:00:00,in_app,False,,False,
5904,18,434,50107938,new_users,2026-04-07 14:00:00,push,False,,False,
5905,18,861,50107938,new_users,2026-04-14 16:00:00,email,False,,False,
5906,18,910,50107938,new_users,2026-04-08 18:00:00,in_app,False,,False,
5907,18,141,50107938,new_users,2026-04-09 14:00:00,push,True,2026-04-09 16:59:00,False,
5908,18,955,50107938,new_users,2026-04-06 20:00:00,push,True,2026-04-06 22:53:00,False,
5909,18,389,50107938,new_users,2026-04-15 12:00:00,in_app,False,,False,
5910,18,468,50107938,new_users,2026-04-16 19:00:00,push,False,,False,
5911,18,649,50107938,new_users,2026-04-12 10:00:00,push,False,,False,
5912,18,494,50107938,new_users,2026-04-12 15:00:00,email,True,2026-04-12 17:43:00,False,
5913,18,932,50107938,new_users,2026-04-16 19:00:00,push,False,,False,
5914,18,227,50107938,new_users,2026-04-06 17:00:00,in_app,False,,False,
5915,18,745,50107938,new_users,2026-04-10 15:00:00,push,False,,False,
5916,18,496,50107938,new_users,2026-04-11 14:00:00,push,False,,False,
5917,18,16,50107938,new_users,2026-04-13 12:00:00,push,False,,False,
5918,18,850,50107938,new_users,2026-04-14 16:00:00,push,False,,False,
5919,18,969,50107938,new_users,2026-04-09 14:00:00,push,False,,False,
5920,18,362,50107938,new_users,2026-04-14 19:00:00,push,False,,False,
5921,18,459,50107938,new_users,2026-04-08 14:00:00,in_app,False,,False,
5922,18,202,50107938,new_users,2026-04-06 17:00:00,push,False,,False,
5923,18,255,50107938,new_users,2026-04-14 16:00:00,push,False,,False,
5924,18,252,50107938,new_users,2026-04-07 09:00:00,push,False,,False,
5925,18,164,50107938,new_users,2026-04-12 20:00:00,email,False,,False,
5926,18,153,50107938,new_users,2026-04-11 13:00:00,email,True,2026-04-11 15:32:00,False,
5927,18,253,50107938,new_users,2026-04-08 13:00:00,email,False,,False,
5928,18,598,50107938,new_users,2026-04-07 13:00:00,push,False,,False,
5929,18,617,50107938,new_users,2026-04-08 14:00:00,push,False,,False,
5930,18,950,50107938,new_users,2026-04-16 19:00:00,in_app,True,2026-04-16 21:58:00,False,
5931,18,718,50107938,new_users,2026-04-13 20:00:00,in_app,False,,False,
5932,18,276,50107938,new_users,2026-04-13 20:00:00,push,False,,False,
5933,18,300,50107938,new_users,2026-04-09 17:00:00,in_app,False,,False,
5934,18,428,50107938,new_users,2026-04-16 19:00:00,in_app,False,,False,
5935,18,79,50107938,new_users,2026-04-07 09:00:00,in_app,False,,False,
5936,18,545,50107938,new_users,2026-04-16 14:00:00,email,True,2026-04-16 14:29:00,False,
5937,18,293,50107938,new_users,2026-04-16 17:00:00,in_app,False,,False,
5938,18,256,50107938,new_users,2026-04-08 09:00:00,in_app,False,,False,
5939,18,674,50107938,new_users,2026-04-14 16:00:00,push,False,,False,
5940,18,267,50107938,new_users,2026-04-12 10:00:00,in_app,False,,False,
5941,18,239,50107938,new_users,2026-04-11 18:00:00,push,False,,False,
5942,18,973,50107938,new_users,2026-04-07 15:00:00,push,True,2026-04-07 17:11:00,False,
5943,18,922,50107938,new_users,2026-04-06 13:00:00,push,False,,False,
5944,18,643,50107938,new_users,2026-04-07 15:00:00,push,False,,False,
5945,18,166,50107938,new_users,2026-04-14 10:00:00,in_app,False,,False,
5946,18,940,50107938,new_users,2026-04-11 18:00:00,push,False,,False,
5947,18,446,50107938,new_users,2026-04-08 16:00:00,email,False,,False,
5948,18,816,50107938,new_users,2026-04-13 20:00:00,push,False,,False,
5949,18,648,50107938,new_users,2026-04-16 16:00:00,push,False,,False,
5950,18,828,50107938,new_users,2026-04-14 09:00:00,push,False,,False,
5951,18,349,50107938,new_users,2026-04-16 16:00:00,email,False,,False,
5952,18,330,50107938,new_users,2026-04-06 17:00:00,push,True,2026-04-06 17:44:00,False,
5953,18,145,50107938,new_users,2026-04-10 14:00:00,in_app,True,2026-04-10 15:32:00,False,
5954,18,520,50107938,new_users,2026-04-10 18:00:00,push,True,2026-04-10 18:26:00,False,
5955,18,169,50107938,new_users,2026-04-07 13:00:00,in_app,False,,False,
5956,18,45,50107938,new_users,2026-04-14 16:00:00,push,False,,False,
5957,18,698,50107938,new_users,2026-04-09 12:00:00,push,False,,False,
5958,18,760,50107938,new_users,2026-04-06 12:00:00,push,True,2026-04-06 14:40:00,False,
5959,19,704,50082539,all_users,2026-04-12 09:00:00,in_app,False,,False,
5960,19,368,50082539,all_users,2026-04-12 17:00:00,in_app,False,,False,
5961,19,610,50082539,all_users,2026-04-11 11:00:00,email,False,,False,
5962,19,471,50082539,all_users,2026-04-10 18:00:00,email,False,,False,
5963,19,655,50082539,all_users,2026-04-13 18:00:00,in_app,False,,False,
5964,19,17,50082539,all_users,2026-04-12 19:00:00,in_app,False,,False,
5965,19,858,50082539,all_users,2026-04-13 09:00:00,in_app,True,2026-04-13 11:55:00,False,
5966,19,265,50082539,all_users,2026-04-10 20:00:00,push,False,,False,
5967,19,318,50082539,all_users,2026-04-10 11:00:00,push,False,,False,
5968,19,570,50082539,all_users,2026-04-12 12:00:00,push,False,,False,
5969,19,253,50082539,all_users,2026-04-10 10:00:00,push,True,2026-04-10 10:55:00,False,
5970,19,153,50082539,all_users,2026-04-12 11:00:00,in_app,False,,False,
5971,19,924,50082539,all_users,2026-04-13 12:00:00,push,False,,False,
5972,19,506,50082539,all_users,2026-04-10 19:00:00,in_app,False,,False,
5973,19,965,50082539,all_users,2026-04-11 13:00:00,push,False,,False,
5974,19,991,50082539,all_users,2026-04-11 16:00:00,in_app,False,,False,
5975,19,125,50082539,all_users,2026-04-12 13:00:00,push,False,,False,
5976,19,947,50082539,all_users,2026-04-13 10:00:00,push,False,,False,
5977,19,906,50082539,all_users,2026-04-10 15:00:00,in_app,False,,False,
5978,19,975,50082539,all_users,2026-04-12 13:00:00,push,False,,False,
5979,19,380,50082539,all_users,2026-04-12 15:00:00,email,True,2026-04-12 17:37:00,False,
5980,19,163,50082539,all_users,2026-04-11 11:00:00,push,False,,False,
5981,19,817,50082539,all_users,2026-04-13 15:00:00,email,False,,False,
5982,19,936,50082539,all_users,2026-04-11 20:00:00,push,False,,False,
5983,19,247,50082539,all_users,2026-04-13 10:00:00,in_app,False,,False,
5984,19,352,50082539,all_users,2026-04-11 10:00:00,push,False,,False,
5985,19,776,50082539,all_users,2026-04-11 13:00:00,push,True,2026-04-11 13:47:00,False,
5986,19,446,50082539,all_users,2026-04-10 12:00:00,push,False,,False,
5987,19,310,50082539,all_users,2026-04-12 12:00:00,in_app,False,,False,
5988,19,544,50082539,all_users,2026-04-11 17:00:00,email,False,,False,
5989,19,187,50082539,all_users,2026-04-12 13:00:00,in_app,False,,False,
5990,19,804,50082539,all_users,2026-04-10 11:00:00,push,True,2026-04-10 13:47:00,False,
5991,19,973,50082539,all_users,2026-04-12 16:00:00,push,False,,False,
5992,19,59,50082539,all_users,2026-04-10 20:00:00,push,False,,False,
5993,19,505,50082539,all_users,2026-04-13 19:00:00,push,False,,False,
5994,19,771,50082539,all_users,2026-04-13 11:00:00,push,False,,False,
5995,19,895,50082539,all_users,2026-04-13 10:00:00,push,False,,False,
5996,19,381,50082539,all_users,2026-04-11 17:00:00,push,False,,False,
5997,19,453,50082539,all_users,2026-04-11 12:00:00,push,False,,False,
5998,19,552,50082539,all_users,2026-04-13 13:00:00,push,False,,False,
5999,19,40,50082539,all_users,2026-04-11 14:00:00,push,False,,False,
6000,19,948,50082539,all_users,2026-04-11 16:00:00,push,True,2026-04-11 18:14:00,False,
6001,19,930,50082539,all_users,2026-04-10 16:00:00,push,False,,False,
6002,19,396,50082539,all_users,2026-04-12 20:00:00,in_app,False,,False,
6003,19,567,50082539,all_users,2026-04-12 14:00:00,push,False,,False,
6004,19,121,50082539,all_users,2026-04-13 16:00:00,push,False,,False,
6005,19,34,50082539,all_users,2026-04-12 09:00:00,push,False,,False,
6006,19,156,50082539,all_users,2026-04-11 15:00:00,email,False,,False,
6007,19,76,50082539,all_users,2026-04-12 09:00:00,push,False,,False,
6008,19,520,50082539,all_users,2026-04-13 11:00:00,push,False,,False,
6009,19,941,50082539,all_users,2026-04-12 13:00:00,push,False,,False,
6010,19,442,50082539,all_users,2026-04-12 17:00:00,email,False,,False,
6011,19,966,50082539,all_users,2026-04-12 19:00:00,email,False,,False,
6012,19,963,50082539,all_users,2026-04-12 17:00:00,email,False,,False,
6013,19,728,50082539,all_users,2026-04-11 19:00:00,in_app,False,,False,
6014,19,171,50082539,all_users,2026-04-10 09:00:00,in_app,False,,False,
6015,19,133,50082539,all_users,2026-04-11 09:00:00,email,False,,False,
6016,19,423,50082539,all_users,2026-04-12 20:00:00,in_app,False,,False,
6017,19,521,50082539,all_users,2026-04-12 09:00:00,email,False,,False,
6018,19,283,50082539,all_users,2026-04-10 12:00:00,push,False,,False,
6019,19,216,50082539,all_users,2026-04-11 16:00:00,push,False,,False,
6020,19,883,50082539,all_users,2026-04-13 18:00:00,push,False,,False,
6021,19,275,50082539,all_users,2026-04-12 15:00:00,push,False,,False,
6022,19,150,50082539,all_users,2026-04-10 09:00:00,push,False,,False,
6023,19,460,50082539,all_users,2026-04-10 19:00:00,push,False,,False,
6024,19,383,50082539,all_users,2026-04-10 17:00:00,push,False,,False,
6025,19,659,50082539,all_users,2026-04-13 18:00:00,email,True,2026-04-13 19:08:00,False,
6026,19,115,50082539,all_users,2026-04-12 20:00:00,in_app,False,,False,
6027,19,157,50082539,all_users,2026-04-13 11:00:00,push,True,2026-04-13 13:29:00,False,
6028,19,961,50082539,all_users,2026-04-13 11:00:00,in_app,False,,False,
6029,19,631,50082539,all_users,2026-04-13 18:00:00,push,False,,False,
6030,19,289,50082539,all_users,2026-04-11 14:00:00,push,True,2026-04-11 15:47:00,False,
6031,19,145,50082539,all_users,2026-04-10 20:00:00,push,False,,False,
6032,19,954,50082539,all_users,2026-04-12 20:00:00,email,False,,False,
6033,19,221,50082539,all_users,2026-04-10 18:00:00,in_app,False,,False,
6034,19,337,50082539,all_users,2026-04-11 09:00:00,in_app,False,,False,
6035,19,372,50082539,all_users,2026-04-13 13:00:00,push,False,,False,
6036,19,878,50082539,all_users,2026-04-13 20:00:00,in_app,False,,False,
6037,19,859,50082539,all_users,2026-04-11 15:00:00,in_app,False,,False,
6038,19,662,50082539,all_users,2026-04-10 15:00:00,in_app,False,,False,
6039,19,674,50082539,all_users,2026-04-10 11:00:00,push,False,,False,
6040,19,96,50082539,all_users,2026-04-11 17:00:00,push,False,,False,
6041,19,987,50082539,all_users,2026-04-11 19:00:00,push,False,,False,
6042,19,534,50082539,all_users,2026-04-10 10:00:00,in_app,False,,False,
6043,19,573,50082539,all_users,2026-04-13 09:00:00,email,False,,False,
6044,19,809,50082539,all_users,2026-04-13 13:00:00,in_app,False,,False,
6045,19,277,50082539,all_users,2026-04-10 16:00:00,in_app,False,,False,
6046,19,873,50082539,all_users,2026-04-11 13:00:00,push,False,,False,
6047,19,669,50082539,all_users,2026-04-10 20:00:00,email,False,,False,
6048,19,306,50082539,all_users,2026-04-10 14:00:00,email,False,,False,
6049,19,215,50082539,all_users,2026-04-11 16:00:00,email,False,,False,
6050,19,680,50082539,all_users,2026-04-13 20:00:00,email,True,2026-04-13 20:05:00,False,
6051,19,18,50082539,all_users,2026-04-12 16:00:00,push,False,,False,
6052,19,151,50082539,all_users,2026-04-10 13:00:00,push,False,,False,
6053,19,596,50082539,all_users,2026-04-13 16:00:00,in_app,False,,False,
6054,19,550,50082539,all_users,2026-04-12 14:00:00,email,False,,False,
6055,19,737,50082539,all_users,2026-04-13 14:00:00,email,False,,False,
6056,19,270,50082539,all_users,2026-04-12 10:00:00,push,False,,False,
6057,19,687,50082539,all_users,2026-04-12 09:00:00,email,False,,False,
6058,19,469,50082539,all_users,2026-04-10 11:00:00,in_app,False,,False,
6059,19,206,50082539,all_users,2026-04-13 15:00:00,push,False,,False,
6060,19,903,50082539,all_users,2026-04-12 18:00:00,in_app,False,,False,
6061,19,212,50082539,all_users,2026-04-12 13:00:00,email,False,,False,
6062,19,562,50082539,all_users,2026-04-12 16:00:00,push,False,,False,
6063,19,314,50082539,all_users,2026-04-13 19:00:00,push,False,,False,
6064,19,448,50082539,all_users,2026-04-13 17:00:00,email,False,,False,
6065,19,382,50082539,all_users,2026-04-12 15:00:00,in_app,False,,False,
6066,19,280,50082539,all_users,2026-04-10 09:00:00,push,False,,False,
6067,19,542,50082539,all_users,2026-04-12 13:00:00,push,False,,False,
6068,19,334,50082539,all_users,2026-04-13 09:00:00,push,False,,False,
6069,19,499,50082539,all_users,2026-04-13 11:00:00,in_app,False,,False,
6070,19,779,50082539,all_users,2026-04-10 14:00:00,email,False,,False,
6071,19,597,50082539,all_users,2026-04-13 16:00:00,push,False,,False,
6072,19,399,50082539,all_users,2026-04-10 09:00:00,push,False,,False,
6073,19,173,50082539,all_users,2026-04-13 17:00:00,email,False,,False,
6074,19,988,50082539,all_users,2026-04-13 18:00:00,email,False,,False,
6075,19,539,50082539,all_users,2026-04-13 15:00:00,in_app,False,,False,
6076,19,49,50082539,all_users,2026-04-13 10:00:00,email,True,2026-04-13 12:06:00,False,
6077,19,508,50082539,all_users,2026-04-13 13:00:00,in_app,False,,False,
6078,19,634,50082539,all_users,2026-04-13 09:00:00,push,False,,False,
6079,19,980,50082539,all_users,2026-04-11 10:00:00,push,False,,False,
6080,19,114,50082539,all_users,2026-04-13 12:00:00,push,True,2026-04-13 12:28:00,False,
6081,19,307,50082539,all_users,2026-04-10 13:00:00,email,True,2026-04-10 13:41:00,False,
6082,19,511,50082539,all_users,2026-04-11 14:00:00,push,True,2026-04-11 15:40:00,False,
6083,19,351,50082539,all_users,2026-04-13 13:00:00,in_app,False,,False,
6084,19,642,50082539,all_users,2026-04-10 15:00:00,in_app,False,,False,
6085,19,70,50082539,all_users,2026-04-12 09:00:00,in_app,False,,False,
6086,19,326,50082539,all_users,2026-04-10 13:00:00,email,False,,False,
6087,19,602,50082539,all_users,2026-04-12 14:00:00,push,False,,False,
6088,19,422,50082539,all_users,2026-04-13 16:00:00,email,True,2026-04-13 16:38:00,False,
6089,19,691,50082539,all_users,2026-04-11 20:00:00,push,False,,False,
6090,19,302,50082539,all_users,2026-04-12 20:00:00,in_app,False,,False,
6091,19,546,50082539,all_users,2026-04-11 16:00:00,push,False,,False,
6092,19,983,50082539,all_users,2026-04-13 13:00:00,push,True,2026-04-13 13:37:00,False,
6093,19,762,50082539,all_users,2026-04-11 11:00:00,in_app,True,2026-04-11 12:56:00,False,
6094,19,620,50082539,all_users,2026-04-11 16:00:00,push,False,,False,
6095,19,415,50082539,all_users,2026-04-11 15:00:00,push,False,,False,
6096,19,104,50082539,all_users,2026-04-10 10:00:00,push,False,,False,
6097,19,526,50082539,all_users,2026-04-13 11:00:00,push,False,,False,
6098,19,848,50082539,all_users,2026-04-11 10:00:00,push,False,,False,
6099,19,684,50082539,all_users,2026-04-11 11:00:00,push,False,,False,
6100,19,293,50082539,all_users,2026-04-12 11:00:00,email,False,,False,
6101,19,690,50082539,all_users,2026-04-10 09:00:00,email,False,,False,
6102,19,82,50082539,all_users,2026-04-13 10:00:00,in_app,False,,False,
6103,19,823,50082539,all_users,2026-04-11 11:00:00,push,False,,False,
6104,19,75,50082539,all_users,2026-04-10 17:00:00,in_app,True,2026-04-10 18:52:00,False,
6105,19,931,50082539,all_users,2026-04-12 18:00:00,push,False,,False,
6106,19,725,50082539,all_users,2026-04-12 10:00:00,push,False,,False,
6107,19,8,50082539,all_users,2026-04-10 14:00:00,in_app,False,,False,
6108,19,177,50082539,all_users,2026-04-13 09:00:00,push,False,,False,
6109,19,755,50082539,all_users,2026-04-13 11:00:00,email,False,,False,
6110,19,85,50082539,all_users,2026-04-10 12:00:00,push,False,,False,
6111,19,726,50082539,all_users,2026-04-10 15:00:00,push,True,2026-04-10 16:42:00,False,
6112,19,875,50082539,all_users,2026-04-13 19:00:00,push,True,2026-04-13 20:06:00,False,
6113,19,281,50082539,all_users,2026-04-11 19:00:00,email,False,,False,
6114,19,350,50082539,all_users,2026-04-13 14:00:00,email,True,2026-04-13 14:40:00,False,
6115,19,603,50082539,all_users,2026-04-11 20:00:00,in_app,False,,False,
6116,19,805,50082539,all_users,2026-04-10 19:00:00,in_app,False,,False,
6117,19,512,50082539,all_users,2026-04-11 19:00:00,push,False,,False,
6118,19,300,50082539,all_users,2026-04-11 19:00:00,push,False,,False,
6119,19,102,50082539,all_users,2026-04-12 18:00:00,email,False,,False,
6120,19,746,50082539,all_users,2026-04-11 12:00:00,push,False,,False,
6121,19,251,50082539,all_users,2026-04-10 16:00:00,in_app,True,2026-04-10 16:35:00,False,
6122,19,214,50082539,all_users,2026-04-12 13:00:00,push,False,,False,
6123,19,244,50082539,all_users,2026-04-11 13:00:00,in_app,True,2026-04-11 15:07:00,False,
6124,19,103,50082539,all_users,2026-04-12 13:00:00,push,False,,False,
6125,19,254,50082539,all_users,2026-04-13 12:00:00,push,False,,False,
6126,19,217,50082539,all_users,2026-04-13 17:00:00,in_app,False,,False,
6127,19,113,50082539,all_users,2026-04-13 11:00:00,push,False,,False,
6128,19,624,50082539,all_users,2026-04-10 19:00:00,push,False,,False,
6129,19,162,50082539,all_users,2026-04-10 16:00:00,push,False,,False,
6130,19,360,50082539,all_users,2026-04-13 11:00:00,email,True,2026-04-13 13:09:00,False,
6131,19,870,50082539,all_users,2026-04-13 20:00:00,in_app,True,2026-04-13 21:59:00,False,
6132,19,91,50082539,all_users,2026-04-11 15:00:00,email,True,2026-04-11 17:38:00,False,
6133,19,117,50082539,all_users,2026-04-10 13:00:00,push,False,,False,
6134,19,37,50082539,all_users,2026-04-13 15:00:00,in_app,False,,False,
6135,19,743,50082539,all_users,2026-04-11 15:00:00,push,False,,False,
6136,19,850,50082539,all_users,2026-04-12 10:00:00,push,False,,False,
6137,19,421,50082539,all_users,2026-04-13 18:00:00,push,True,2026-04-13 19:41:00,False,
6138,19,483,50082539,all_users,2026-04-11 12:00:00,email,False,,False,
6139,19,290,50082539,all_users,2026-04-11 17:00:00,push,False,,False,
6140,19,31,50082539,all_users,2026-04-10 10:00:00,push,True,2026-04-10 12:23:00,False,
6141,19,560,50082539,all_users,2026-04-13 10:00:00,push,False,,False,
6142,19,51,50082539,all_users,2026-04-11 14:00:00,push,False,,False,
6143,19,409,50082539,all_users,2026-04-12 11:00:00,email,False,,False,
6144,19,420,50082539,all_users,2026-04-12 15:00:00,push,False,,False,
6145,19,783,50082539,all_users,2026-04-11 11:00:00,email,False,,False,
6146,19,339,50082539,all_users,2026-04-10 19:00:00,push,False,,False,
6147,19,952,50082539,all_users,2026-04-11 15:00:00,email,False,,False,
6148,19,46,50082539,all_users,2026-04-13 16:00:00,push,True,2026-04-13 17:33:00,False,
6149,19,744,50082539,all_users,2026-04-11 13:00:00,in_app,False,,False,
6150,19,426,50082539,all_users,2026-04-13 10:00:00,email,False,,False,
6151,19,196,50082539,all_users,2026-04-11 10:00:00,push,False,,False,
6152,19,541,50082539,all_users,2026-04-12 10:00:00,email,False,,False,
6153,19,718,50082539,all_users,2026-04-11 15:00:00,in_app,True,2026-04-11 17:46:00,False,
6154,19,361,50082539,all_users,2026-04-11 20:00:00,email,False,,False,
6155,19,910,50082539,all_users,2026-04-10 18:00:00,push,False,,False,
6156,19,20,50082539,all_users,2026-04-12 10:00:00,email,False,,False,
6157,19,105,50082539,all_users,2026-04-10 18:00:00,email,False,,False,
6158,19,748,50082539,all_users,2026-04-10 13:00:00,push,False,,False,
6159,19,958,50082539,all_users,2026-04-13 17:00:00,email,True,2026-04-13 19:02:00,False,
6160,19,406,50082539,all_users,2026-04-12 17:00:00,push,False,,False,
6161,19,431,50082539,all_users,2026-04-10 19:00:00,email,False,,False,
6162,19,256,50082539,all_users,2026-04-10 16:00:00,push,False,,False,
6163,19,26,50082539,all_users,2026-04-12 16:00:00,push,False,,False,
6164,19,397,50082539,all_users,2026-04-13 17:00:00,in_app,False,,False,
6165,19,462,50082539,all_users,2026-04-13 11:00:00,push,False,,False,
6166,19,235,50082539,all_users,2026-04-13 19:00:00,email,False,,False,
6167,19,48,50082539,all_users,2026-04-13 20:00:00,email,True,2026-04-13 22:00:00,False,
6168,19,147,50082539,all_users,2026-04-11 10:00:00,email,False,,False,
6169,19,84,50082539,all_users,2026-04-12 09:00:00,push,False,,False,
6170,19,907,50082539,all_users,2026-04-12 16:00:00,in_app,True,2026-04-12 16:39:00,False,
6171,19,168,50082539,all_users,2026-04-13 13:00:00,in_app,False,,False,
6172,19,932,50082539,all_users,2026-04-10 15:00:00,email,False,,False,
6173,19,708,50082539,all_users,2026-04-13 19:00:00,push,False,,False,
6174,19,128,50082539,all_users,2026-04-11 14:00:00,push,False,,False,
6175,19,211,50082539,all_users,2026-04-12 10:00:00,push,True,2026-04-12 12:25:00,False,
6176,19,503,50082539,all_users,2026-04-13 18:00:00,email,False,,False,
6177,19,6,50082539,all_users,2026-04-10 11:00:00,email,False,,False,
6178,19,190,50082539,all_users,2026-04-13 20:00:00,in_app,False,,False,
6179,19,252,50082539,all_users,2026-04-10 19:00:00,email,False,,False,
6180,19,666,50082539,all_users,2026-04-12 11:00:00,push,False,,False,
6181,19,444,50082539,all_users,2026-04-13 14:00:00,push,False,,False,
6182,19,612,50082539,all_users,2026-04-13 09:00:00,push,False,,False,
6183,19,577,50082539,all_users,2026-04-11 14:00:00,email,False,,False,
6184,19,701,50082539,all_users,2026-04-11 13:00:00,email,False,,False,
6185,19,443,50082539,all_users,2026-04-10 12:00:00,email,False,,False,
6186,19,813,50082539,all_users,2026-04-11 10:00:00,email,False,,False,
6187,19,346,50082539,all_users,2026-04-10 17:00:00,push,False,,False,
6188,19,312,50082539,all_users,2026-04-11 16:00:00,email,True,2026-04-11 17:17:00,False,
6189,19,937,50082539,all_users,2026-04-10 10:00:00,in_app,False,,False,
6190,19,696,50082539,all_users,2026-04-10 19:00:00,push,True,2026-04-10 21:01:00,False,
6191,19,747,50082539,all_users,2026-04-13 20:00:00,push,False,,False,
6192,19,535,50082539,all_users,2026-04-10 15:00:00,in_app,True,2026-04-10 16:36:00,False,
6193,19,440,50082539,all_users,2026-04-11 13:00:00,push,False,,False,
6194,19,192,50082539,all_users,2026-04-11 16:00:00,in_app,True,2026-04-11 17:35:00,False,
6195,19,2,50082539,all_users,2026-04-10 16:00:00,push,False,,False,
6196,19,951,50082539,all_users,2026-04-12 10:00:00,in_app,False,,False,
6197,19,832,50082539,all_users,2026-04-12 10:00:00,push,False,,False,
6198,19,122,50082539,all_users,2026-04-12 11:00:00,push,False,,False,
6199,19,672,50082539,all_users,2026-04-10 19:00:00,push,False,,False,
6200,19,760,50082539,all_users,2026-04-10 17:00:00,in_app,False,,False,
6201,19,920,50082539,all_users,2026-04-13 11:00:00,email,False,,False,
6202,19,774,50082539,all_users,2026-04-11 13:00:00,in_app,False,,False,
6203,19,231,50082539,all_users,2026-04-11 15:00:00,push,False,,False,
6204,19,81,50082539,all_users,2026-04-11 15:00:00,push,False,,False,
6205,19,308,50082539,all_users,2026-04-12 13:00:00,push,False,,False,
6206,19,336,50082539,all_users,2026-04-11 12:00:00,push,False,,False,
6207,19,788,50082539,all_users,2026-04-12 19:00:00,push,True,2026-04-12 20:30:00,False,
6208,19,795,50082539,all_users,2026-04-13 11:00:00,push,False,,False,
6209,19,305,50082539,all_users,2026-04-10 12:00:00,push,True,2026-04-10 14:01:00,False,
6210,19,158,50082539,all_users,2026-04-11 20:00:00,email,False,,False,
6211,19,637,50082539,all_users,2026-04-11 18:00:00,in_app,True,2026-04-11 18:45:00,False,
6212,19,58,50082539,all_users,2026-04-12 15:00:00,push,False,,False,
6213,19,955,50082539,all_users,2026-04-11 17:00:00,push,False,,False,
6214,19,928,50082539,all_users,2026-04-11 18:00:00,in_app,False,,False,
6215,19,412,50082539,all_users,2026-04-11 19:00:00,push,True,2026-04-11 20:48:00,False,
6216,19,124,50082539,all_users,2026-04-10 14:00:00,push,False,,False,
6217,19,12,50082539,all_users,2026-04-11 18:00:00,email,False,,False,
6218,19,536,50082539,all_users,2026-04-13 20:00:00,email,False,,False,
6219,19,476,50082539,all_users,2026-04-12 09:00:00,in_app,False,,False,
6220,19,479,50082539,all_users,2026-04-10 18:00:00,push,False,,False,
6221,19,146,50082539,all_users,2026-04-11 16:00:00,in_app,False,,False,
6222,19,77,50082539,all_users,2026-04-13 17:00:00,push,False,,False,
6223,19,849,50082539,all_users,2026-04-13 12:00:00,push,False,,False,
6224,19,322,50082539,all_users,2026-04-10 16:00:00,in_app,False,,False,
6225,19,525,50082539,all_users,2026-04-12 14:00:00,in_app,False,,False,
6226,19,999,50082539,all_users,2026-04-13 19:00:00,email,False,,False,
6227,19,129,50082539,all_users,2026-04-10 17:00:00,in_app,False,,False,
6228,19,605,50082539,all_users,2026-04-11 18:00:00,push,False,,False,
6229,19,720,50082539,all_users,2026-04-12 15:00:00,in_app,False,,False,
6230,19,815,50082539,all_users,2026-04-12 12:00:00,email,False,,False,
6231,19,553,50082539,all_users,2026-04-12 11:00:00,push,False,,False,
6232,19,25,50082539,all_users,2026-04-12 16:00:00,push,False,,False,
6233,19,587,50082539,all_users,2026-04-10 18:00:00,in_app,False,,False,
6234,19,494,50082539,all_users,2026-04-10 12:00:00,in_app,False,,False,
6235,19,299,50082539,all_users,2026-04-12 20:00:00,push,True,2026-04-12 21:44:00,False,
6236,19,88,50082539,all_users,2026-04-10 17:00:00,email,True,2026-04-10 17:23:00,False,
6237,19,851,50082539,all_users,2026-04-12 14:00:00,push,True,2026-04-12 15:22:00,False,
6238,19,565,50082539,all_users,2026-04-12 13:00:00,push,False,,False,
6239,19,599,50082539,all_users,2026-04-13 13:00:00,push,False,,False,
6240,19,694,50082539,all_users,2026-04-10 17:00:00,email,False,,False,
6241,19,584,50082539,all_users,2026-04-10 09:00:00,push,False,,False,
6242,19,641,50082539,all_users,2026-04-10 14:00:00,push,False,,False,
6243,19,304,50082539,all_users,2026-04-10 10:00:00,push,False,,False,
6244,19,940,50082539,all_users,2026-04-11 16:00:00,email,False,,False,
6245,19,654,50082539,all_users,2026-04-11 12:00:00,push,False,,False,
6246,19,439,50082539,all_users,2026-04-11 10:00:00,in_app,False,,False,
6247,19,861,50082539,all_users,2026-04-13 15:00:00,push,False,,False,
6248,19,333,50082539,all_users,2026-04-10 12:00:00,push,False,,False,
6249,19,877,50082539,all_users,2026-04-12 20:00:00,in_app,False,,False,
6250,19,613,50082539,all_users,2026-04-10 10:00:00,in_app,False,,False,
6251,19,681,50082539,all_users,2026-04-13 18:00:00,push,False,,False,
6252,19,716,50082539,all_users,2026-04-11 09:00:00,push,False,,False,
6253,19,71,50082539,all_users,2026-04-10 15:00:00,in_app,False,,False,
6254,19,143,50082539,all_users,2026-04-13 16:00:00,email,True,2026-04-13 18:07:00,False,
6255,19,54,50082539,all_users,2026-04-10 14:00:00,push,False,,False,
6256,19,677,50082539,all_users,2026-04-10 11:00:00,push,False,,False,
6257,19,905,50082539,all_users,2026-04-10 10:00:00,push,False,,False,
6258,19,374,50082539,all_users,2026-04-11 09:00:00,email,False,,False,
6259,19,41,50082539,all_users,2026-04-13 19:00:00,push,False,,False,
6260,19,537,50082539,all_users,2026-04-12 09:00:00,in_app,False,,False,
6261,19,673,50082539,all_users,2026-04-12 10:00:00,push,False,,False,
6262,19,801,50082539,all_users,2026-04-10 09:00:00,push,False,,False,
6263,19,142,50082539,all_users,2026-04-10 18:00:00,email,False,,False,
6264,19,763,50082539,all_users,2026-04-13 12:00:00,email,False,,False,
6265,19,871,50082539,all_users,2026-04-12 12:00:00,push,True,2026-04-12 13:25:00,False,
6266,19,296,50082539,all_users,2026-04-13 12:00:00,push,False,,False,
6267,19,730,50082539,all_users,2026-04-11 13:00:00,push,False,,False,
6268,19,794,50082539,all_users,2026-04-12 13:00:00,push,True,2026-04-12 15:02:00,False,
6269,19,110,50082539,all_users,2026-04-11 14:00:00,push,False,,False,
6270,19,441,50082539,all_users,2026-04-13 09:00:00,push,True,2026-04-13 10:42:00,False,
6271,19,55,50082539,all_users,2026-04-13 11:00:00,push,False,,False,
6272,19,843,50082539,all_users,2026-04-12 14:00:00,push,False,,False,
6273,19,343,50082539,all_users,2026-04-10 14:00:00,push,False,,False,
6274,19,74,50082539,all_users,2026-04-11 09:00:00,push,False,,False,
6275,19,715,50082539,all_users,2026-04-13 19:00:00,email,False,,False,
6276,19,777,50082539,all_users,2026-04-10 18:00:00,email,False,,False,
6277,19,47,50082539,all_users,2026-04-11 13:00:00,in_app,False,,False,
6278,19,507,50082539,all_users,2026-04-13 17:00:00,email,True,2026-04-13 18:13:00,False,
6279,19,739,50082539,all_users,2026-04-11 20:00:00,push,False,,False,
6280,19,402,50082539,all_users,2026-04-10 14:00:00,push,False,,False,
6281,19,609,50082539,all_users,2026-04-12 15:00:00,push,True,2026-04-12 17:18:00,False,
6282,19,976,50082539,all_users,2026-04-13 13:00:00,push,False,,False,
6283,19,900,50082539,all_users,2026-04-10 18:00:00,push,False,,False,
6284,19,984,50082539,all_users,2026-04-11 14:00:00,email,False,,False,
6285,19,309,50082539,all_users,2026-04-12 20:00:00,push,False,,False,
6286,19,16,50082539,all_users,2026-04-11 19:00:00,email,False,,False,
6287,19,79,50082539,all_users,2026-04-11 18:00:00,push,False,,False,
6288,19,901,50082539,all_users,2026-04-13 15:00:00,in_app,True,2026-04-13 16:51:00,False,
6289,19,522,50082539,all_users,2026-04-11 09:00:00,email,True,2026-04-11 11:40:00,False,
6290,19,14,50082539,all_users,2026-04-13 15:00:00,push,False,,False,
6291,19,207,50082539,all_users,2026-04-13 09:00:00,push,False,,False,
6292,19,287,50082539,all_users,2026-04-13 16:00:00,email,False,,False,
6293,19,108,50082539,all_users,2026-04-10 13:00:00,push,False,,False,
6294,19,327,50082539,all_users,2026-04-10 14:00:00,push,False,,False,
6295,19,810,50082539,all_users,2026-04-13 11:00:00,push,True,2026-04-13 11:27:00,False,
6296,19,197,50082539,all_users,2026-04-10 11:00:00,push,False,,False,
6297,19,295,50082539,all_users,2026-04-12 19:00:00,push,False,,False,
6298,19,348,50082539,all_users,2026-04-11 11:00:00,push,False,,False,
6299,19,358,50082539,all_users,2026-04-13 18:00:00,email,False,,False,
6300,19,174,50082539,all_users,2026-04-12 14:00:00,push,False,,False,
6301,19,643,50082539,all_users,2026-04-13 19:00:00,push,True,2026-04-13 19:20:00,False,
6302,19,282,50082539,all_users,2026-04-13 12:00:00,push,False,,False,
6303,19,120,50082539,all_users,2026-04-12 11:00:00,push,False,,False,
6304,19,202,50082539,all_users,2026-04-10 15:00:00,email,True,2026-04-10 17:26:00,False,
6305,19,530,50082539,all_users,2026-04-13 17:00:00,push,False,,False,
6306,19,83,50082539,all_users,2026-04-10 15:00:00,email,False,,False,
6307,19,695,50082539,all_users,2026-04-11 12:00:00,push,False,,False,
6308,19,592,50082539,all_users,2026-04-13 18:00:00,email,False,,False,
6309,19,485,50082539,all_users,2026-04-12 10:00:00,email,False,,False,
6310,19,995,50082539,all_users,2026-04-13 17:00:00,push,False,,False,
6311,19,10,50082539,all_users,2026-04-12 15:00:00,push,True,2026-04-12 16:36:00,False,
6312,19,390,50082539,all_users,2026-04-12 19:00:00,push,False,,False,
6313,19,945,50082539,all_users,2026-04-11 09:00:00,push,False,,False,
6314,19,32,50082539,all_users,2026-04-11 18:00:00,in_app,False,,False,
6315,19,578,50082539,all_users,2026-04-13 17:00:00,push,False,,False,
6316,19,250,50082539,all_users,2026-04-10 09:00:00,push,False,,False,
6317,19,733,50082539,all_users,2026-04-13 13:00:00,email,False,,False,
6318,19,11,50082539,all_users,2026-04-11 10:00:00,in_app,False,,False,
6319,19,745,50082539,all_users,2026-04-10 10:00:00,push,False,,False,
6320,19,857,50082539,all_users,2026-04-10 16:00:00,push,False,,False,
6321,19,778,50082539,all_users,2026-04-10 10:00:00,in_app,False,,False,
6322,19,385,50082539,all_users,2026-04-13 20:00:00,push,False,,False,
6323,19,278,50082539,all_users,2026-04-12 19:00:00,push,False,,False,
6324,19,496,50082539,all_users,2026-04-13 19:00:00,push,False,,False,
6325,19,298,50082539,all_users,2026-04-13 20:00:00,push,False,,False,
6326,19,731,50082539,all_users,2026-04-13 15:00:00,email,False,,False,
6327,19,798,50082539,all_users,2026-04-12 13:00:00,push,True,2026-04-12 13:09:00,False,
6328,19,551,50082539,all_users,2026-04-11 11:00:00,push,False,,False,
6329,19,962,50082539,all_users,2026-04-10 17:00:00,push,False,,False,
6330,19,864,50082539,all_users,2026-04-13 20:00:00,email,False,,False,
6331,19,210,50082539,all_users,2026-04-11 16:00:00,in_app,False,,False,
6332,19,621,50082539,all_users,2026-04-13 20:00:00,push,False,,False,
6333,19,139,50082539,all_users,2026-04-12 14:00:00,push,False,,False,
6334,19,582,50082539,all_users,2026-04-11 09:00:00,in_app,True,2026-04-11 09:48:00,False,
6335,19,227,50082539,all_users,2026-04-11 10:00:00,in_app,False,,False,
6336,19,161,50082539,all_users,2026-04-12 15:00:00,push,False,,False,
6337,19,922,50082539,all_users,2026-04-11 17:00:00,email,False,,False,
6338,19,656,50082539,all_users,2026-04-10 09:00:00,email,False,,False,
6339,19,538,50082539,all_users,2026-04-11 09:00:00,push,False,,False,
6340,19,400,50082539,all_users,2026-04-10 15:00:00,push,False,,False,
6341,19,455,50082539,all_users,2026-04-11 20:00:00,in_app,False,,False,
6342,19,709,50082539,all_users,2026-04-11 12:00:00,push,False,,False,
6343,19,301,50082539,all_users,2026-04-12 20:00:00,in_app,True,2026-04-12 21:15:00,False,
6344,19,414,50082539,all_users,2026-04-10 10:00:00,push,False,,False,
6345,19,365,50082539,all_users,2026-04-11 19:00:00,email,False,,False,
6346,19,36,50082539,all_users,2026-04-12 18:00:00,email,False,,False,
6347,19,665,50082539,all_users,2026-04-10 16:00:00,push,False,,False,
6348,19,430,50082539,all_users,2026-04-10 20:00:00,email,True,2026-04-10 20:33:00,False,
6349,19,790,50082539,all_users,2026-04-13 09:00:00,in_app,False,,False,
6350,19,159,50082539,all_users,2026-04-12 10:00:00,in_app,False,,False,
6351,19,752,50082539,all_users,2026-04-12 20:00:00,in_app,False,,False,
6352,19,912,50082539,all_users,2026-04-10 19:00:00,push,True,2026-04-10 21:15:00,False,
6353,19,141,50082539,all_users,2026-04-13 17:00:00,email,False,,False,
6354,19,232,50082539,all_users,2026-04-11 18:00:00,push,False,,False,
6355,19,591,50082539,all_users,2026-04-12 19:00:00,in_app,True,2026-04-12 21:38:00,False,
6356,19,994,50082539,all_users,2026-04-13 15:00:00,push,False,,False,
6357,19,531,50082539,all_users,2026-04-11 20:00:00,in_app,False,,False,
6358,19,806,50082539,all_users,2026-04-13 19:00:00,push,False,,False,
6359,19,98,50082539,all_users,2026-04-11 14:00:00,push,False,,False,
6360,19,880,50082539,all_users,2026-04-12 09:00:00,push,True,2026-04-12 10:46:00,False,
6361,19,775,50082539,all_users,2026-04-11 14:00:00,push,False,,False,
6362,19,384,50082539,all_users,2026-04-13 15:00:00,push,False,,False,
6363,19,576,50082539,all_users,2026-04-11 16:00:00,push,False,,False,
6364,19,517,50082539,all_users,2026-04-11 16:00:00,in_app,False,,False,
6365,19,166,50082539,all_users,2026-04-13 11:00:00,in_app,True,2026-04-13 12:38:00,False,
6366,19,297,50082539,all_users,2026-04-10 18:00:00,push,False,,False,
6367,19,732,50082539,all_users,2026-04-11 15:00:00,email,False,,False,
6368,19,269,50082539,all_users,2026-04-13 18:00:00,email,False,,False,
6369,19,909,50082539,all_users,2026-04-10 19:00:00,push,False,,False,
6370,19,248,50082539,all_users,2026-04-13 09:00:00,push,False,,False,
6371,19,111,50082539,all_users,2026-04-13 14:00:00,email,False,,False,
6372,19,711,50082539,all_users,2026-04-13 09:00:00,push,False,,False,
6373,19,266,50082539,all_users,2026-04-12 11:00:00,push,True,2026-04-12 12:34:00,False,
6374,19,291,50082539,all_users,2026-04-13 11:00:00,push,False,,False,
6375,19,693,50082539,all_users,2026-04-10 16:00:00,email,False,,False,
6376,19,916,50082539,all_users,2026-04-10 14:00:00,in_app,True,2026-04-10 16:54:00,False,
6377,19,126,50082539,all_users,2026-04-11 12:00:00,in_app,False,,False,
6378,19,205,50082539,all_users,2026-04-10 09:00:00,in_app,False,,False,
6379,19,886,50082539,all_users,2026-04-11 15:00:00,push,False,,False,
6380,19,130,50082539,all_users,2026-04-11 20:00:00,in_app,False,,False,
6381,19,477,50082539,all_users,2026-04-11 12:00:00,push,False,,False,
6382,19,830,50082539,all_users,2026-04-10 19:00:00,push,False,,False,
6383,19,892,50082539,all_users,2026-04-12 17:00:00,push,False,,False,
6384,19,689,50082539,all_users,2026-04-11 09:00:00,push,False,,False,
6385,19,179,50082539,all_users,2026-04-10 16:00:00,push,False,,False,
6386,19,773,50082539,all_users,2026-04-12 12:00:00,email,False,,False,
6387,19,262,50082539,all_users,2026-04-10 14:00:00,email,True,2026-04-10 14:20:00,False,
6388,19,827,50082539,all_users,2026-04-13 14:00:00,push,True,2026-04-13 14:43:00,False,
6389,19,66,50082539,all_users,2026-04-11 20:00:00,email,True,2026-04-11 21:25:00,False,
6390,19,344,50082539,all_users,2026-04-10 10:00:00,in_app,False,,False,
6391,19,64,50082539,all_users,2026-04-13 12:00:00,push,False,,False,
6392,19,408,50082539,all_users,2026-04-11 17:00:00,push,False,,False,
6393,19,487,50082539,all_users,2026-04-12 12:00:00,push,False,,False,
6394,19,203,50082539,all_users,2026-04-13 14:00:00,email,False,,False,
6395,19,971,50082539,all_users,2026-04-10 09:00:00,email,False,,False,
6396,19,614,50082539,all_users,2026-04-13 19:00:00,push,False,,False,
6397,19,78,50082539,all_users,2026-04-12 10:00:00,push,True,2026-04-12 11:43:00,False,
6398,19,586,50082539,all_users,2026-04-13 13:00:00,in_app,True,2026-04-13 14:13:00,False,
6399,19,619,50082539,all_users,2026-04-12 14:00:00,push,False,,False,
6400,19,894,50082539,all_users,2026-04-12 11:00:00,email,True,2026-04-12 13:55:00,False,
6401,19,434,50082539,all_users,2026-04-12 20:00:00,push,True,2026-04-12 22:44:00,False,
6402,19,657,50082539,all_users,2026-04-11 18:00:00,push,False,,False,
6403,19,137,50082539,all_users,2026-04-12 13:00:00,in_app,False,,False,
6404,19,555,50082539,all_users,2026-04-11 20:00:00,in_app,False,,False,
6405,19,904,50082539,all_users,2026-04-10 16:00:00,email,False,,False,
6406,19,741,50082539,all_users,2026-04-10 12:00:00,email,False,,False,
6407,19,395,50082539,all_users,2026-04-10 20:00:00,email,False,,False,
6408,19,509,50082539,all_users,2026-04-12 09:00:00,push,False,,False,
6409,20,477,50013984,dormant_users,2026-05-13 13:00:00,push,False,,False,
6410,20,996,50013984,dormant_users,2026-05-13 14:00:00,push,True,2026-05-13 14:41:00,False,
6411,20,496,50013984,dormant_users,2026-05-15 09:00:00,email,False,,False,
6412,20,942,50013984,dormant_users,2026-05-13 17:00:00,in_app,False,,False,
6413,20,604,50013984,dormant_users,2026-05-14 09:00:00,push,True,2026-05-14 09:50:00,False,
6414,20,700,50013984,dormant_users,2026-05-15 11:00:00,push,True,2026-05-15 12:15:00,False,
6415,20,904,50013984,dormant_users,2026-05-12 15:00:00,in_app,False,,False,
6416,20,30,50013984,dormant_users,2026-05-12 14:00:00,push,False,,False,
6417,20,87,50013984,dormant_users,2026-05-12 16:00:00,push,False,,False,
6418,20,401,50013984,dormant_users,2026-05-10 09:00:00,push,True,2026-05-10 10:18:00,False,
6419,20,689,50013984,dormant_users,2026-05-11 15:00:00,email,False,,False,
6420,20,527,50013984,dormant_users,2026-05-14 11:00:00,push,False,,False,
6421,20,572,50013984,dormant_users,2026-05-15 18:00:00,in_app,False,,False,
6422,20,260,50013984,dormant_users,2026-05-10 12:00:00,push,False,,False,
6423,20,378,50013984,dormant_users,2026-05-10 15:00:00,push,False,,False,
6424,20,680,50013984,dormant_users,2026-05-15 18:00:00,push,False,,False,
6425,20,237,50013984,dormant_users,2026-05-13 15:00:00,push,False,,False,
6426,20,82,50013984,dormant_users,2026-05-14 13:00:00,push,False,,False,
6427,20,58,50013984,dormant_users,2026-05-15 15:00:00,push,False,,False,
6428,20,396,50013984,dormant_users,2026-05-12 11:00:00,in_app,False,,False,
6429,20,361,50013984,dormant_users,2026-05-13 18:00:00,push,False,,False,
6430,20,874,50013984,dormant_users,2026-05-13 13:00:00,email,False,,False,
6431,20,933,50013984,dormant_users,2026-05-12 10:00:00,email,False,,False,
6432,20,759,50013984,dormant_users,2026-05-14 12:00:00,in_app,True,2026-05-14 14:07:00,False,
6433,20,535,50013984,dormant_users,2026-05-12 20:00:00,push,False,,False,
6434,20,654,50013984,dormant_users,2026-05-12 11:00:00,push,False,,False,
6435,20,233,50013984,dormant_users,2026-05-15 14:00:00,push,True,2026-05-15 16:19:00,False,
6436,20,671,50013984,dormant_users,2026-05-13 10:00:00,push,True,2026-05-13 12:34:00,False,
6437,20,596,50013984,dormant_users,2026-05-15 09:00:00,push,False,,False,
6438,20,393,50013984,dormant_users,2026-05-14 14:00:00,push,False,,False,
6439,20,875,50013984,dormant_users,2026-05-10 19:00:00,in_app,False,,False,
6440,20,156,50013984,dormant_users,2026-05-11 14:00:00,in_app,False,,False,
6441,20,120,50013984,dormant_users,2026-05-10 13:00:00,push,False,,False,
6442,20,656,50013984,dormant_users,2026-05-10 16:00:00,email,False,,False,
6443,20,983,50013984,dormant_users,2026-05-14 13:00:00,in_app,False,,False,
6444,20,281,50013984,dormant_users,2026-05-14 14:00:00,push,False,,False,
6445,20,522,50013984,dormant_users,2026-05-11 19:00:00,push,False,,False,
6446,20,563,50013984,dormant_users,2026-05-13 16:00:00,email,False,,False,
6447,20,638,50013984,dormant_users,2026-05-15 10:00:00,push,False,,False,
6448,20,619,50013984,dormant_users,2026-05-12 13:00:00,push,False,,False,
6449,20,400,50013984,dormant_users,2026-05-10 19:00:00,push,False,,False,
6450,20,269,50013984,dormant_users,2026-05-13 09:00:00,in_app,False,,False,
6451,20,787,50013984,dormant_users,2026-05-10 10:00:00,in_app,False,,False,
6452,20,183,50013984,dormant_users,2026-05-14 17:00:00,push,False,,False,
6453,20,662,50013984,dormant_users,2026-05-14 16:00:00,push,False,,False,
6454,20,369,50013984,dormant_users,2026-05-12 20:00:00,push,False,,False,
6455,20,771,50013984,dormant_users,2026-05-13 11:00:00,email,True,2026-05-13 11:38:00,False,
6456,20,934,50013984,dormant_users,2026-05-15 11:00:00,in_app,False,,False,
6457,20,627,50013984,dormant_users,2026-05-15 20:00:00,push,False,,False,
6458,20,470,50013984,dormant_users,2026-05-14 14:00:00,push,False,,False,
6459,20,728,50013984,dormant_users,2026-05-12 19:00:00,push,False,,False,
6460,20,28,50013984,dormant_users,2026-05-14 20:00:00,email,False,,False,
6461,20,264,50013984,dormant_users,2026-05-13 15:00:00,email,False,,False,
6462,20,616,50013984,dormant_users,2026-05-15 19:00:00,email,False,,False,
6463,20,353,50013984,dormant_users,2026-05-12 12:00:00,email,False,,False,
6464,20,556,50013984,dormant_users,2026-05-12 18:00:00,email,False,,False,
6465,20,271,50013984,dormant_users,2026-05-13 20:00:00,email,True,2026-05-13 20:26:00,False,
6466,20,451,50013984,dormant_users,2026-05-13 09:00:00,push,True,2026-05-13 10:35:00,False,
6467,20,71,50013984,dormant_users,2026-05-10 15:00:00,push,True,2026-05-10 15:48:00,False,
6468,20,380,50013984,dormant_users,2026-05-14 09:00:00,push,False,,False,
6469,20,337,50013984,dormant_users,2026-05-15 19:00:00,email,False,,False,
6470,20,635,50013984,dormant_users,2026-05-13 19:00:00,in_app,False,,False,
6471,20,358,50013984,dormant_users,2026-05-12 14:00:00,in_app,False,,False,
6472,20,589,50013984,dormant_users,2026-05-10 13:00:00,email,False,,False,
6473,20,766,50013984,dormant_users,2026-05-11 14:00:00,push,True,2026-05-11 16:21:00,False,
6474,20,803,50013984,dormant_users,2026-05-10 17:00:00,email,False,,False,
6475,20,533,50013984,dormant_users,2026-05-15 13:00:00,push,False,,False,
6476,20,159,50013984,dormant_users,2026-05-12 10:00:00,email,False,,False,
6477,20,376,50013984,dormant_users,2026-05-13 18:00:00,push,False,,False,
6478,20,531,50013984,dormant_users,2026-05-12 11:00:00,email,False,,False,
6479,20,630,50013984,dormant_users,2026-05-13 15:00:00,push,False,,False,
6480,20,446,50013984,dormant_users,2026-05-14 16:00:00,in_app,False,,False,
6481,20,670,50013984,dormant_users,2026-05-10 18:00:00,email,False,,False,
6482,20,395,50013984,dormant_users,2026-05-13 12:00:00,email,False,,False,
6483,20,251,50013984,dormant_users,2026-05-14 20:00:00,push,False,,False,
6484,20,13,50013984,dormant_users,2026-05-10 12:00:00,push,False,,False,
6485,20,960,50013984,dormant_users,2026-05-13 20:00:00,in_app,True,2026-05-13 21:42:00,False,
6486,20,915,50013984,dormant_users,2026-05-15 17:00:00,push,False,,False,
6487,20,776,50013984,dormant_users,2026-05-12 17:00:00,push,False,,False,
6488,20,532,50013984,dormant_users,2026-05-11 18:00:00,push,False,,False,
6489,20,926,50013984,dormant_users,2026-05-10 15:00:00,email,False,,False,
6490,20,195,50013984,dormant_users,2026-05-14 20:00:00,email,False,,False,
6491,20,306,50013984,dormant_users,2026-05-12 14:00:00,push,False,,False,
6492,20,229,50013984,dormant_users,2026-05-13 09:00:00,push,False,,False,
6493,20,539,50013984,dormant_users,2026-05-15 19:00:00,email,False,,False,
6494,20,964,50013984,dormant_users,2026-05-14 20:00:00,in_app,False,,False,
6495,20,210,50013984,dormant_users,2026-05-14 20:00:00,email,False,,False,
6496,20,221,50013984,dormant_users,2026-05-11 20:00:00,in_app,True,2026-05-11 22:44:00,False,
6497,20,311,50013984,dormant_users,2026-05-11 19:00:00,email,False,,False,
6498,20,768,50013984,dormant_users,2026-05-13 12:00:00,push,False,,False,
6499,20,888,50013984,dormant_users,2026-05-12 19:00:00,push,True,2026-05-12 20:00:00,False,
6500,20,738,50013984,dormant_users,2026-05-11 14:00:00,push,False,,False,
6501,20,866,50013984,dormant_users,2026-05-10 18:00:00,email,False,,False,
6502,20,822,50013984,dormant_users,2026-05-12 20:00:00,push,False,,False,
6503,20,357,50013984,dormant_users,2026-05-13 11:00:00,push,False,,False,
6504,20,513,50013984,dormant_users,2026-05-14 15:00:00,push,False,,False,
6505,20,852,50013984,dormant_users,2026-05-12 16:00:00,push,False,,False,
6506,20,324,50013984,dormant_users,2026-05-13 18:00:00,email,False,,False,
6507,20,265,50013984,dormant_users,2026-05-10 17:00:00,push,False,,False,
6508,20,70,50013984,dormant_users,2026-05-11 11:00:00,email,False,,False,
6509,20,152,50013984,dormant_users,2026-05-10 13:00:00,in_app,False,,False,
6510,20,666,50013984,dormant_users,2026-05-14 10:00:00,email,False,,False,
6511,20,913,50013984,dormant_users,2026-05-11 16:00:00,email,True,2026-05-11 16:57:00,False,
6512,20,558,50013984,dormant_users,2026-05-15 17:00:00,push,False,,False,
6513,20,561,50013984,dormant_users,2026-05-10 19:00:00,push,True,2026-05-10 19:59:00,False,
6514,20,543,50013984,dormant_users,2026-05-13 12:00:00,email,False,,False,
6515,20,731,50013984,dormant_users,2026-05-14 09:00:00,email,False,,False,
6516,20,703,50013984,dormant_users,2026-05-15 18:00:00,email,False,,False,
6517,20,799,50013984,dormant_users,2026-05-10 17:00:00,push,False,,False,
6518,20,199,50013984,dormant_users,2026-05-14 10:00:00,email,False,,False,
6519,20,232,50013984,dormant_users,2026-05-13 16:00:00,push,False,,False,
6520,20,847,50013984,dormant_users,2026-05-15 19:00:00,push,False,,False,
6521,20,209,50013984,dormant_users,2026-05-13 17:00:00,push,False,,False,
6522,20,416,50013984,dormant_users,2026-05-11 15:00:00,in_app,False,,False,
6523,20,548,50013984,dormant_users,2026-05-14 12:00:00,email,False,,False,
6524,20,963,50013984,dormant_users,2026-05-15 19:00:00,in_app,False,,False,
6525,20,304,50013984,dormant_users,2026-05-15 12:00:00,in_app,False,,False,
6526,20,447,50013984,dormant_users,2026-05-15 14:00:00,push,False,,False,
6527,20,990,50013984,dormant_users,2026-05-15 10:00:00,email,False,,False,
6528,20,354,50013984,dormant_users,2026-05-12 17:00:00,push,False,,False,
6529,20,943,50013984,dormant_users,2026-05-12 14:00:00,push,False,,False,
6530,20,83,50013984,dormant_users,2026-05-12 13:00:00,email,False,,False,
6531,20,158,50013984,dormant_users,2026-05-14 13:00:00,push,False,,False,
6532,20,620,50013984,dormant_users,2026-05-15 16:00:00,in_app,False,,False,
6533,20,562,50013984,dormant_users,2026-05-15 17:00:00,in_app,True,2026-05-15 17:04:00,False,
6534,20,639,50013984,dormant_users,2026-05-10 18:00:00,push,False,,False,
6535,20,958,50013984,dormant_users,2026-05-14 11:00:00,email,False,,False,
6536,20,597,50013984,dormant_users,2026-05-11 20:00:00,push,False,,False,
6537,20,899,50013984,dormant_users,2026-05-10 09:00:00,push,False,,False,
6538,20,186,50013984,dormant_users,2026-05-15 14:00:00,push,False,,False,
6539,20,32,50013984,dormant_users,2026-05-13 10:00:00,in_app,True,2026-05-13 12:37:00,False,
6540,20,980,50013984,dormant_users,2026-05-15 16:00:00,push,False,,False,
6541,20,592,50013984,dormant_users,2026-05-12 10:00:00,push,False,,False,
6542,20,519,50013984,dormant_users,2026-05-10 15:00:00,in_app,False,,False,
6543,20,502,50013984,dormant_users,2026-05-13 19:00:00,push,True,2026-05-13 19:06:00,False,
6544,20,461,50013984,dormant_users,2026-05-15 19:00:00,in_app,False,,False,
6545,20,343,50013984,dormant_users,2026-05-12 13:00:00,push,False,,False,
6546,20,433,50013984,dormant_users,2026-05-12 18:00:00,push,False,,False,
6547,20,908,50013984,dormant_users,2026-05-13 13:00:00,email,False,,False,
6548,20,182,50013984,dormant_users,2026-05-13 20:00:00,push,False,,False,
6549,20,505,50013984,dormant_users,2026-05-11 12:00:00,push,False,,False,
6550,20,449,50013984,dormant_users,2026-05-14 10:00:00,email,False,,False,
6551,20,374,50013984,dormant_users,2026-05-12 12:00:00,push,False,,False,
6552,20,972,50013984,dormant_users,2026-05-15 14:00:00,push,True,2026-05-15 14:45:00,False,
